// Generated by tools/generate_bookish_fonts.py; font license: assets/fonts.
#pragma once
#include "epd_driver.h"
const uint8_t BookishArimo18Bitmaps[17569] = {
    0x78, 0x9C, 0x03, 0x00, 0x00, 0x00, 0x00, 0x01, 0x78, 0x9C, 0x4B, 0x62, 0xFA, 0xCA, 0xFA, 0x95,
    0xF5, 0x0B, 0xCB, 0x17, 0x96, 0xCF, 0xCC, 0x20, 0xF8, 0x89, 0xA9, 0x91, 0x91, 0x81, 0xE1, 0x08,
    0xCB, 0x37, 0x56, 0x00, 0x96, 0xDF, 0x0A, 0x64, 0x78, 0x9C, 0x4B, 0x64, 0x32, 0xFB, 0xCC, 0x3A,
    0xFF, 0x13, 0x4B, 0xDF, 0x47, 0xE6, 0xDA, 0x06, 0x46, 0x33, 0x00, 0x30, 0x4E, 0x05, 0xDD, 0x78,
    0x9C, 0x01, 0x41, 0x00, 0xBE, 0xFF, 0x00, 0x10, 0x03, 0x00, 0x04, 0x00, 0x70, 0x08, 0x40, 0x0A,
    0x00, 0xA0, 0x04, 0x80, 0x07, 0x00, 0xE0, 0x01, 0xB0, 0x03, 0xB5, 0xFB, 0xBB, 0xFB, 0xAC, 0x31,
    0xB7, 0x33, 0xD5, 0x33, 0x00, 0x78, 0x00, 0x95, 0x00, 0x00, 0x3B, 0x00, 0x69, 0x00, 0x87, 0x9F,
    0x88, 0xAD, 0x38, 0x85, 0x6D, 0x76, 0x6F, 0x36, 0x60, 0x09, 0x30, 0x0C, 0x00, 0x90, 0x06, 0x70,
    0x08, 0x00, 0xC0, 0x02, 0xA0, 0x05, 0x00, 0x6A, 0x26, 0x13, 0x39, 0x78, 0x9C, 0x63, 0x60, 0x30,
    0x62, 0x00, 0x82, 0x1D, 0x8C, 0x0C, 0x0A, 0xBF, 0xFF, 0x9F, 0x67, 0xBA, 0xE0, 0xBB, 0xE2, 0x0A,
    0xDF, 0x27, 0xD6, 0xE5, 0x06, 0xB6, 0x9F, 0xD8, 0x97, 0x33, 0x30, 0x6C, 0x98, 0xBF, 0x0A, 0x28,
    0xF9, 0xFC, 0x7F, 0x0D, 0x90, 0x3C, 0xF1, 0x4B, 0x8E, 0x81, 0x61, 0xB9, 0x41, 0x7F, 0x29, 0xC3,
    0x72, 0x86, 0xBD, 0xDF, 0x59, 0x96, 0x2B, 0xF4, 0x1F, 0xD8, 0x7F, 0xFB, 0xA7, 0x2C, 0xC3, 0xB2,
    0x77, 0x55, 0x40, 0xD9, 0xE5, 0x20, 0x53, 0x14, 0x19, 0x18, 0x00, 0x86, 0x3C, 0x1C, 0x3A, 0x78,
    0x9C, 0x63, 0x48, 0x61, 0x66, 0x60, 0x70, 0x60, 0x66, 0x98, 0xD0, 0x5B, 0xC7, 0xC0, 0xF0, 0x99,
    0x89, 0xE1, 0x23, 0xF3, 0x53, 0x06, 0x86, 0x5E, 0x06, 0x86, 0x2F, 0x0C, 0x9F, 0x18, 0x1B, 0x78,
    0x19, 0x18, 0xBE, 0x02, 0x45, 0x3E, 0x33, 0x43, 0xF8, 0x3D, 0x0D, 0xB3, 0x19, 0x3F, 0xB2, 0x5C,
    0x2B, 0xE0, 0x3D, 0xB5, 0x84, 0xA7, 0x61, 0x5D, 0xFC, 0x27, 0x66, 0x7F, 0x01, 0x7D, 0x86, 0x60,
    0xA6, 0x39, 0x0A, 0xF2, 0x0C, 0xFE, 0x0C, 0x0C, 0x05, 0xBC, 0x40, 0x3A, 0x9E, 0x81, 0xE1, 0x13,
    0x8B, 0x80, 0x3D, 0x83, 0x3D, 0x03, 0xC3, 0x6C, 0x06, 0x86, 0x9E, 0x04, 0x3E, 0x06, 0x20, 0x62,
    0xB8, 0xF4, 0x8E, 0x85, 0x01, 0x0C, 0x18, 0x19, 0x00, 0x2F, 0x9B, 0x1D, 0x3B, 0x78, 0x9C, 0x01,
    0x54, 0x00, 0xAB, 0xFF, 0x00, 0x00, 0x62, 0x26, 0x00, 0x00, 0x00, 0x60, 0xBF, 0xFB, 0x05, 0x00,
    0x00, 0xE0, 0x07, 0x80, 0x0D, 0x00, 0x00, 0xF0, 0x05, 0x70, 0x0E, 0x00, 0x00, 0xD0, 0x08, 0xF5,
    0x07, 0x00, 0x00, 0x80, 0xDE, 0x6E, 0x00, 0x00, 0x00, 0xE5, 0xAF, 0x00, 0x40, 0x02, 0x70, 0x7F,
    0xE9, 0x01, 0xD0, 0x08, 0xF1, 0x07, 0xE0, 0x0A, 0xF3, 0x02, 0xF5, 0x02, 0x40, 0x7F, 0xBB, 0x00,
    0xF4, 0x04, 0x00, 0xF7, 0x2F, 0x00, 0xE0, 0x3D, 0x20, 0xF9, 0x8F, 0x23, 0x20, 0xFB, 0xFF, 0x4C,
    0xF7, 0xBF, 0x00, 0x00, 0x12, 0x00, 0x00, 0x01, 0x3F, 0x44, 0x1C, 0x33, 0x78, 0x9C, 0x4B, 0x60,
    0xFE, 0xC0, 0x0E, 0x84, 0x6C, 0x05, 0x4C, 0x00, 0x16, 0x0D, 0x03, 0xBA, 0x78, 0x9C, 0x63, 0x60,
    0x60, 0x60, 0x78, 0xC4, 0xCE, 0xB0, 0x97, 0xA1, 0x40, 0x9F, 0xE1, 0x01, 0x17, 0xC3, 0x57, 0x16,
    0x86, 0x9F, 0x0C, 0x0C, 0x77, 0x18, 0x18, 0xCE, 0x32, 0x30, 0xEC, 0x03, 0x93, 0xAF, 0x19, 0x18,
    0x7E, 0x30, 0x32, 0x7C, 0x66, 0x65, 0xB8, 0xC0, 0xC3, 0xE0, 0xE0, 0xCF, 0xC0, 0x70, 0x8B, 0x81,
    0x61, 0x01, 0x3B, 0x00, 0x7E, 0xF4, 0x0E, 0x1E, 0x78, 0x9C, 0x63, 0x60, 0x60, 0x78, 0xCE, 0xC4,
    0xB0, 0x81, 0x97, 0x41, 0xA1, 0x9E, 0x81, 0xE1, 0x15, 0x03, 0xC3, 0x17, 0x16, 0x86, 0x0F, 0x9C,
    0x0C, 0x17, 0xB8, 0x19, 0x0E, 0xF0, 0x82, 0x44, 0x0F, 0xF0, 0x30, 0x3C, 0xE0, 0x66, 0xF8, 0xC8,
    0xCE, 0xF0, 0x95, 0x99, 0xE1, 0x0C, 0x83, 0x83, 0x3F, 0xC3, 0x05, 0x2E, 0x86, 0x65, 0x0C, 0x0C,
    0x00, 0x76, 0x8A, 0x0E, 0x08, 0x78, 0x9C, 0x63, 0x48, 0x60, 0x60, 0x60, 0xF8, 0xC0, 0xC8, 0x90,
    0xF2, 0x21, 0x91, 0xE5, 0xE8, 0xBF, 0x73, 0xAC, 0x0C, 0x2F, 0x39, 0x19, 0x02, 0xF4, 0xFC, 0x18,
    0x0A, 0xD8, 0xCA, 0x18, 0x00, 0x7A, 0x00, 0x08, 0x4B, 0x78, 0x9C, 0x63, 0x60, 0x08, 0x62, 0x00,
    0x82, 0x67, 0xC8, 0xC4, 0xC2, 0x55, 0x7F, 0x56, 0x65, 0x81, 0x09, 0x34, 0x09, 0x06, 0x86, 0x24,
    0x06, 0x06, 0x00, 0x46, 0x3A, 0x0C, 0xCF, 0x78, 0x9C, 0x7B, 0xC2, 0xFA, 0x95, 0x6D, 0x01, 0xEB,
    0x03, 0x46, 0x43, 0x06, 0x00, 0x18, 0xAF, 0x03, 0x9C, 0x78, 0x9C, 0x2B, 0x2C, 0x17, 0x7F, 0xF4,
    0x4E, 0x0F, 0x00, 0x0A, 0x0B, 0x02, 0xFE, 0x78, 0x9C, 0x7B, 0xCA, 0xFA, 0x95, 0x15, 0x00, 0x05,
    0x96, 0x01, 0xE5, 0x78, 0x9C, 0x63, 0x60, 0x60, 0x60, 0x68, 0xE0, 0x65, 0xB8, 0xC0, 0xC9, 0xF0,
    0x91, 0x85, 0xE1, 0x2B, 0x03, 0xC3, 0x29, 0x06, 0x86, 0x3A, 0x06, 0x05, 0x7B, 0x86, 0x02, 0x7E,
    0x86, 0x0D, 0x5C, 0x0C, 0x1F, 0xD8, 0x18, 0xBE, 0x30, 0x31, 0xDC, 0x60, 0x60, 0x98, 0xCB, 0xC0,
    0x20, 0xC4, 0xC0, 0x00, 0x00, 0xE0, 0x20, 0x09, 0xA4, 0x78, 0x9C, 0x63, 0x70, 0xE8, 0x60, 0x61,
    0x60, 0xF8, 0x7D, 0x66, 0x3F, 0x43, 0x83, 0x3F, 0xC3, 0x17, 0xF6, 0x07, 0xDC, 0x0C, 0x1B, 0xF8,
    0x3E, 0xB2, 0x33, 0x14, 0xC8, 0x7F, 0x66, 0x65, 0x08, 0xB0, 0xFF, 0xC2, 0xC2, 0xE0, 0xE0, 0xFF,
    0x05, 0xC8, 0xF2, 0xFF, 0xCC, 0xC6, 0x90, 0x60, 0xFF, 0x81, 0x83, 0x61, 0x02, 0xFF, 0x06, 0x3E,
    0x86, 0x07, 0xDC, 0x06, 0xEB, 0x95, 0x7F, 0x31, 0x33, 0x3C, 0xFD, 0xEF, 0xC7, 0xC0, 0xC0, 0x20,
    0xC8, 0xC0, 0x00, 0x00, 0x33, 0x55, 0x16, 0x0D, 0x78, 0x9C, 0x63, 0x30, 0x60, 0x63, 0x60, 0x60,
    0xF8, 0xA9, 0xCF, 0xC0, 0x70, 0x71, 0x2D, 0x90, 0x98, 0x52, 0x00, 0x24, 0x18, 0x08, 0x13, 0xC1,
    0x4B, 0xF3, 0x43, 0x19, 0x7E, 0xFD, 0xFF, 0xFF, 0x9F, 0x09, 0x00, 0x81, 0x98, 0x0E, 0x4D, 0x78,
    0x9C, 0x63, 0x70, 0x28, 0x67, 0x65, 0x10, 0xF8, 0x73, 0xF6, 0x3E, 0xE3, 0x02, 0x7F, 0x86, 0xCF,
    0x5C, 0x0B, 0x38, 0x19, 0x0E, 0xF0, 0x32, 0x30, 0x30, 0x5C, 0xE0, 0x01, 0x12, 0x5F, 0xD8, 0x18,
    0x18, 0x0C, 0xF6, 0x01, 0x19, 0x5F, 0xB9, 0x19, 0x18, 0x0A, 0xE6, 0x03, 0x19, 0xDF, 0x81, 0x22,
    0x0E, 0xF9, 0x20, 0xF9, 0xB8, 0xD0, 0x50, 0xD6, 0x8F, 0xFF, 0xFF, 0xFF, 0x97, 0x07, 0x00, 0x4F,
    0xB1, 0x13, 0x41, 0x78, 0x9C, 0x63, 0x08, 0x28, 0x67, 0x65, 0x10, 0xF8, 0x7B, 0xE7, 0x3E, 0xD3,
    0x06, 0x3D, 0x86, 0x2F, 0x5C, 0x1B, 0xD8, 0x19, 0x2E, 0xF0, 0x32, 0x30, 0x30, 0x3C, 0xE0, 0x66,
    0x60, 0x10, 0xF8, 0xC9, 0xC2, 0x10, 0xF0, 0xDF, 0x96, 0x81, 0x41, 0xA1, 0xEC, 0x2D, 0x0B, 0x50,
    0xEC, 0x00, 0x9F, 0x03, 0x23, 0x43, 0x81, 0xFE, 0x47, 0x4E, 0x86, 0x05, 0xF2, 0x0B, 0xFA, 0x8D,
    0x7F, 0x70, 0x33, 0xFC, 0xFC, 0x3F, 0x1F, 0x28, 0x2E, 0xC8, 0xC0, 0x00, 0x00, 0xE9, 0xB8, 0x14,
    0x86, 0x78, 0x9C, 0x63, 0x60, 0x60, 0x70, 0x63, 0x60, 0x60, 0x68, 0x38, 0x0F, 0x24, 0x3E, 0x9F,
    0x03, 0x12, 0x73, 0x4F, 0x33, 0x30, 0x4C, 0xE0, 0x3B, 0x03, 0xE4, 0xB1, 0x00, 0x89, 0x5E, 0x86,
    0x33, 0x0C, 0x13, 0x78, 0x81, 0xC4, 0x17, 0x16, 0x20, 0xF1, 0xF3, 0xFF, 0xFF, 0xFF, 0xF5, 0x86,
    0xC6, 0xC6, 0x67, 0x84, 0x81, 0x0A, 0x81, 0xB2, 0x20, 0x02, 0x00, 0x63, 0xBF, 0x13, 0xF5, 0x78,
    0x9C, 0x33, 0x48, 0x4B, 0x4B, 0x63, 0x6E, 0xF8, 0xFF, 0xFF, 0x3F, 0xC7, 0x04, 0x3E, 0x06, 0x06,
    0x86, 0x05, 0xBC, 0x40, 0x62, 0x03, 0x0F, 0x90, 0xB8, 0xD0, 0x73, 0xC7, 0x9B, 0xE1, 0xC1, 0xFE,
    0xF2, 0xBF, 0x6C, 0x0E, 0xCC, 0x0C, 0x17, 0x40, 0x72, 0x05, 0xF6, 0x60, 0xE2, 0x22, 0x07, 0xC3,
    0x01, 0xFE, 0x0D, 0xF5, 0x46, 0x3F, 0x39, 0x18, 0x7E, 0xFE, 0xAF, 0x03, 0x0A, 0x09, 0x31, 0x30,
    0x00, 0x00, 0x2A, 0xC4, 0x15, 0x9F, 0x78, 0x9C, 0x63, 0x50, 0x68, 0x67, 0x63, 0x60, 0xF8, 0x7A,
    0xEE, 0x3D, 0x93, 0xC2, 0x7C, 0x86, 0x87, 0x5C, 0x0D, 0xFC, 0x0C, 0x02, 0x0C, 0x17, 0xB8, 0x19,
    0x18, 0x18, 0x3E, 0x64, 0xFC, 0xAD, 0x65, 0xF8, 0x70, 0xD6, 0xF5, 0x17, 0xC7, 0x07, 0x3E, 0x86,
    0x0D, 0xFC, 0x1F, 0xB8, 0x18, 0x0A, 0xF4, 0x81, 0x12, 0x05, 0xFA, 0x0D, 0xF2, 0x40, 0xAE, 0xC0,
    0x39, 0xE5, 0x1F, 0x1C, 0x0C, 0x87, 0xFF, 0xF7, 0x03, 0x55, 0x2A, 0x32, 0x30, 0x00, 0x00, 0x46,
    0x55, 0x16, 0xFD, 0x78, 0x9C, 0x4B, 0x48, 0x4B, 0x4B, 0x63, 0xFB, 0xF8, 0xFF, 0xFF, 0x7F, 0x79,
    0x06, 0x06, 0x86, 0x03, 0xDC, 0x40, 0xE2, 0x1B, 0x13, 0x03, 0x83, 0x40, 0x3D, 0x90, 0x31, 0x81,
    0x0F, 0x48, 0x7C, 0x62, 0x03, 0x12, 0x2F, 0x81, 0x98, 0x61, 0x1E, 0x10, 0x3B, 0xF8, 0x03, 0x89,
    0x06, 0x90, 0xD2, 0x05, 0xFC, 0x40, 0x62, 0x03, 0x50, 0x05, 0x00, 0x3B, 0x37, 0x0D, 0xB0, 0x78,
    0x9C, 0x63, 0x08, 0x28, 0x67, 0x65, 0x50, 0x78, 0xBB, 0xEA, 0x3E, 0xD3, 0x06, 0x79, 0x86, 0x8F,
    0xDC, 0x0F, 0xB8, 0x19, 0x0E, 0xF0, 0x1D, 0xE0, 0x65, 0xB8, 0xC0, 0xE3, 0x30, 0x5F, 0xE9, 0x27,
    0x0B, 0xC3, 0xB7, 0xFF, 0xF9, 0x0C, 0x09, 0xF5, 0x4A, 0xDF, 0xD9, 0x3F, 0x70, 0x31, 0x4C, 0x90,
    0xFF, 0xC4, 0xCE, 0x50, 0x60, 0xFF, 0x11, 0xC4, 0xDA, 0x90, 0x2F, 0xF8, 0x8D, 0x9B, 0xE1, 0xC7,
    0xFF, 0xF9, 0x0C, 0x0C, 0x0C, 0x82, 0x0C, 0x0C, 0x00, 0x8B, 0x22, 0x18, 0xC6, 0x78, 0x9C, 0x63,
    0x08, 0xE8, 0x60, 0x61, 0x10, 0xF8, 0x7B, 0x67, 0x3D, 0xC3, 0x06, 0x7B, 0x86, 0xEF, 0x6C, 0x1F,
    0xB8, 0x18, 0x2E, 0xF0, 0x7C, 0x62, 0x67, 0x58, 0xC0, 0xFF, 0x91, 0x93, 0x61, 0x81, 0xFC, 0x01,
    0x39, 0x86, 0x4F, 0xFA, 0x06, 0xEF, 0x67, 0xEC, 0x93, 0x67, 0x98, 0x34, 0xBB, 0x99, 0x9F, 0x81,
    0x81, 0x61, 0x03, 0x6F, 0x02, 0x3B, 0xC3, 0x27, 0xF6, 0x86, 0x7A, 0xA7, 0xBB, 0x0C, 0x0C, 0x3F,
    0xFF, 0x6B, 0x03, 0x85, 0x84, 0x18, 0x18, 0x00, 0x76, 0x96, 0x17, 0x5A, 0x78, 0x9C, 0x6B, 0x62,
    0xFA, 0xCA, 0x1A, 0xC8, 0xC8, 0x00, 0x07, 0x57, 0x58, 0xBE, 0xB2, 0x02, 0x00, 0x26, 0x5B, 0x03,
    0xA3, 0x78, 0x9C, 0x6B, 0x62, 0xFE, 0xCA, 0x16, 0xC8, 0xC8, 0x00, 0x07, 0x57, 0x58, 0xBF, 0xB2,
    0x2D, 0x60, 0x7D, 0xC0, 0x68, 0xC8, 0x00, 0x00, 0x44, 0x2B, 0x05, 0x5E, 0x78, 0x9C, 0x63, 0x60,
    0x60, 0x60, 0x30, 0x04, 0xE2, 0x49, 0xF3, 0x19, 0x18, 0x8E, 0x9E, 0x67, 0x15, 0x78, 0xB1, 0x9E,
    0x99, 0xE1, 0x63, 0x1D, 0x23, 0x03, 0xC3, 0xC7, 0x18, 0xA0, 0xA8, 0xC1, 0x2F, 0x10, 0x53, 0xE0,
    0xF9, 0x7C, 0x66, 0x20, 0x67, 0x6B, 0x3F, 0x90, 0x60, 0x08, 0x02, 0x00, 0x35, 0x19, 0x0C, 0x3B,
    0x78, 0x9C, 0xBB, 0x78, 0xF7, 0xEE, 0xDD, 0xDE, 0x82, 0xF2, 0xF2, 0x72, 0x77, 0x06, 0x38, 0x08,
    0x08, 0x0D, 0x0D, 0x35, 0xFD, 0xF8, 0xFF, 0xFF, 0xFF, 0xF9, 0x00, 0xBA, 0xE9, 0x0C, 0x23, 0x78,
    0x9C, 0x33, 0x60, 0x00, 0x82, 0x8F, 0xB9, 0x40, 0x42, 0xE1, 0xC5, 0x7C, 0x26, 0x20, 0x75, 0x6D,
    0x3F, 0x0B, 0x90, 0x5C, 0x32, 0x1F, 0x48, 0x34, 0xAE, 0x63, 0x60, 0x58, 0x7C, 0x5F, 0x1C, 0x2C,
    0xF4, 0xB0, 0x0F, 0x28, 0x99, 0x08, 0x52, 0x0C, 0x00, 0x36, 0xBF, 0x0C, 0x47, 0x78, 0x9C, 0x63,
    0x70, 0x68, 0x17, 0x63, 0x10, 0xF8, 0xFB, 0xEE, 0x3F, 0xEB, 0x06, 0x7F, 0x86, 0x4B, 0xF2, 0x1F,
    0x39, 0x18, 0x02, 0xFC, 0x05, 0x18, 0x80, 0x04, 0x03, 0x03, 0xC3, 0x01, 0x3E, 0x06, 0x06, 0x85,
    0x37, 0xCC, 0x0C, 0x0C, 0x8F, 0x64, 0x80, 0xBC, 0x3B, 0x40, 0xCC, 0x10, 0xC5, 0x00, 0x05, 0x02,
    0x39, 0x40, 0x42, 0x61, 0x3E, 0x03, 0x03, 0x00, 0x31, 0xEE, 0x0D, 0x60, 0x78, 0x9C, 0x63, 0x60,
    0x80, 0x81, 0x80, 0xD7, 0xFF, 0xE7, 0x31, 0x33, 0x30, 0x28, 0xDC, 0x35, 0x57, 0x9C, 0x32, 0x9F,
    0x81, 0xE1, 0x33, 0x07, 0x50, 0xEC, 0x11, 0x87, 0x40, 0x1D, 0xC3, 0xE4, 0xAC, 0x04, 0x17, 0xF9,
    0x09, 0xDC, 0x0D, 0xF3, 0x8F, 0xFF, 0x64, 0xAD, 0xF9, 0xC8, 0xF2, 0x95, 0x85, 0xE1, 0x2F, 0xE3,
    0xCC, 0xA7, 0x0C, 0x6B, 0x19, 0x18, 0x5E, 0x31, 0xEC, 0x38, 0x2E, 0x10, 0xCF, 0xC0, 0xB0, 0x86,
    0x61, 0xE5, 0x0A, 0x03, 0x7B, 0x06, 0x85, 0x7A, 0x86, 0x9C, 0xED, 0x0A, 0xF1, 0x0C, 0x0B, 0xFC,
    0x15, 0xF4, 0x9F, 0x32, 0x9C, 0x55, 0xEA, 0x8E, 0xBF, 0xC4, 0xF1, 0x91, 0xE5, 0xD2, 0x7B, 0xF6,
    0x5F, 0xFD, 0x0C, 0x0D, 0x72, 0x50, 0x6B, 0xDE, 0xB0, 0x30, 0x30, 0x34, 0xF1, 0x32, 0x30, 0x14,
    0xBC, 0x5B, 0xFD, 0x7A, 0x3F, 0x90, 0xCD, 0xE0, 0x50, 0xE6, 0xC6, 0xC8, 0xC0, 0x00, 0x00, 0x29,
    0x74, 0x2A, 0x1B, 0x78, 0x9C, 0x63, 0x60, 0x48, 0x60, 0x63, 0x00, 0x82, 0x2F, 0xF1, 0x20, 0xF2,
    0xD4, 0x19, 0x20, 0x21, 0x50, 0xFF, 0x8D, 0x89, 0x81, 0xA1, 0x40, 0xFE, 0x23, 0x07, 0x03, 0xC3,
    0x03, 0xEE, 0x05, 0x7C, 0x0C, 0x0C, 0x5F, 0x59, 0x1D, 0x80, 0xD2, 0xAF, 0x19, 0x18, 0xCE, 0x32,
    0x28, 0xFC, 0x07, 0x02, 0xA6, 0x86, 0xFC, 0xB4, 0xB4, 0x6F, 0x9C, 0x0F, 0x78, 0x18, 0x18, 0x36,
    0xF0, 0x7D, 0x65, 0x65, 0x60, 0x08, 0x88, 0xFF, 0x03, 0xD2, 0x7E, 0x0E, 0x00, 0x28, 0xA7, 0x17,
    0x3E, 0x78, 0x9C, 0x4B, 0x4E, 0x0B, 0x63, 0x61, 0x60, 0xF8, 0xF1, 0xFF, 0xFF, 0x7F, 0x36, 0x86,
    0x1F, 0x4C, 0x0C, 0x97, 0xF5, 0x41, 0x64, 0x82, 0x3F, 0x88, 0x2C, 0x00, 0xB2, 0x55, 0x94, 0xBE,
    0x71, 0x82, 0x64, 0xD7, 0x33, 0x32, 0xFC, 0x30, 0x35, 0xDE, 0x0A, 0x16, 0x67, 0xB8, 0x0B, 0x26,
    0x7F, 0x83, 0xC9, 0x77, 0x0C, 0x3F, 0xC2, 0x43, 0xAF, 0xE7, 0x83, 0xD4, 0xEC, 0x63, 0x66, 0x00,
    0x00, 0xA0, 0x36, 0x1E, 0xF9, 0x78, 0x9C, 0x63, 0x60, 0x48, 0xEC, 0x10, 0x63, 0x60, 0x60, 0x58,
    0xF0, 0xFF, 0xEE, 0x7F, 0x0E, 0x06, 0x86, 0xDF, 0x1C, 0x0C, 0x13, 0xE7, 0x33, 0x24, 0xF4, 0x03,
    0x45, 0x76, 0x33, 0x1C, 0xE0, 0x67, 0x00, 0x81, 0x0F, 0xDC, 0x10, 0x8A, 0x0B, 0x99, 0xF7, 0x80,
    0x17, 0x4C, 0x4D, 0xB0, 0x07, 0x12, 0xC5, 0x0C, 0x0A, 0xF7, 0x19, 0x19, 0x04, 0xDE, 0x32, 0x30,
    0x7C, 0xAD, 0x73, 0x79, 0x6E, 0xC7, 0xC0, 0x60, 0xF0, 0xFB, 0xFF, 0x7C, 0x26, 0x90, 0xB4, 0x20,
    0x10, 0x03, 0x00, 0x77, 0x64, 0x16, 0x03, 0x78, 0x9C, 0x4B, 0x4E, 0x0B, 0x63, 0x66, 0x60, 0xF8,
    0xF1, 0xFF, 0xFF, 0x7B, 0x76, 0x86, 0x1F, 0x4C, 0x0C, 0x9B, 0xD7, 0x83, 0x48, 0x86, 0x1F, 0x6C,
    0x20, 0xF2, 0x01, 0x2F, 0x88, 0x5C, 0xC0, 0x0F, 0x22, 0x27, 0xC8, 0x23, 0xD8, 0x17, 0xF8, 0x40,
    0xE4, 0x67, 0x4E, 0x20, 0xA9, 0xF0, 0x8E, 0xF1, 0x47, 0x78, 0xEA, 0x4F, 0x3F, 0x90, 0x09, 0xBD,
    0x8C, 0x0C, 0x00, 0x4F, 0x44, 0x1C, 0x9B, 0x78, 0x9C, 0x4B, 0x4E, 0x4B, 0x4B, 0x0B, 0x63, 0xF8,
    0xF1, 0xFF, 0xFF, 0xFF, 0xFB, 0x0C, 0x3F, 0x98, 0x18, 0x80, 0x00, 0x85, 0x64, 0x06, 0x93, 0x40,
    0xD9, 0x78, 0x86, 0x1F, 0x61, 0xA1, 0xA1, 0xA2, 0xD8, 0xD4, 0xA4, 0x03, 0x8D, 0x60, 0x04, 0xA9,
    0xF9, 0xCF, 0x0C, 0x00, 0x2E, 0x19, 0x1B, 0x81, 0x78, 0x9C, 0x4B, 0x4E, 0x4B, 0x4B, 0x13, 0xFB,
    0xF1, 0xFF, 0xFF, 0x7F, 0xFF, 0x1F, 0x4C, 0x0C, 0x0C, 0x0C, 0xE8, 0x44, 0x7A, 0x5A, 0x1A, 0x1B,
    0x48, 0x96, 0x1F, 0xAB, 0x2C, 0x88, 0x00, 0x00, 0x22, 0x07, 0x14, 0xEF, 0x78, 0x9C, 0x63, 0x60,
    0x48, 0xEA, 0x30, 0x63, 0x60, 0x60, 0x58, 0xF0, 0xFF, 0xEE, 0x7F, 0x19, 0x06, 0x86, 0x3F, 0xEC,
    0x0C, 0x09, 0xF7, 0x19, 0x12, 0xEA, 0x81, 0x22, 0xD3, 0x18, 0x0F, 0xF0, 0x31, 0x80, 0xC0, 0x07,
    0x6E, 0x30, 0xF5, 0x91, 0x8B, 0x41, 0xC0, 0xD8, 0x98, 0xE9, 0x03, 0x17, 0xC3, 0x84, 0xFF, 0xFF,
    0xB9, 0x1E, 0xF0, 0x02, 0x79, 0x8F, 0xB9, 0x26, 0xD8, 0x03, 0x65, 0x1E, 0x70, 0x29, 0xDC, 0x67,
    0x64, 0x60, 0xF8, 0xC4, 0xC5, 0xF0, 0xB5, 0xCE, 0x78, 0xEA, 0x7B, 0x66, 0x06, 0x85, 0x5F, 0xFF,
    0xEF, 0xB3, 0x83, 0xF4, 0x28, 0x02, 0x31, 0x00, 0x4C, 0xA6, 0x1B, 0x5D, 0x78, 0x9C, 0x4B, 0x66,
    0x60, 0x60, 0x48, 0x60, 0xFE, 0xC1, 0xC4, 0xC0, 0xF0, 0x89, 0x03, 0x0B, 0xA9, 0xA2, 0xA4, 0xF4,
    0x85, 0xE3, 0xC7, 0x7F, 0x20, 0xE0, 0xF8, 0xE1, 0xE6, 0xE2, 0xF2, 0x15, 0x9B, 0x1A, 0x24, 0x12,
    0x00, 0x45, 0x4F, 0x1C, 0x76, 0x78, 0x9C, 0x4B, 0x62, 0xFA, 0xCA, 0x8A, 0x1D, 0x02, 0x00, 0xA2,
    0x5C, 0x0C, 0x1D, 0x78, 0x9C, 0x63, 0x50, 0x48, 0x73, 0x63, 0x48, 0xF8, 0xBF, 0x9E, 0x81, 0x81,
    0x01, 0x27, 0x76, 0x04, 0xE2, 0x1F, 0xCC, 0x06, 0xF5, 0x9F, 0x7C, 0xAF, 0xC8, 0x3B, 0xFC, 0x7B,
    0xCF, 0xC2, 0x20, 0xC0, 0xC4, 0x00, 0x00, 0x7F, 0xCC, 0x0E, 0xB3, 0x78, 0x9C, 0x4B, 0x66, 0x60,
    0x60, 0x08, 0x63, 0xF8, 0xC1, 0xC4, 0xB0, 0xC1, 0x1F, 0x44, 0xFE, 0x62, 0x01, 0x92, 0x0B, 0xFC,
    0x19, 0x80, 0xE4, 0x4F, 0x56, 0x20, 0x39, 0x29, 0x1E, 0x28, 0xFF, 0xE3, 0x97, 0x3F, 0x88, 0xF4,
    0xFB, 0xC3, 0x04, 0x24, 0x99, 0x1F, 0xCA, 0x82, 0x64, 0x0D, 0xCE, 0x83, 0x48, 0x86, 0xAF, 0x5C,
    0x20, 0xB2, 0xA1, 0x1F, 0x44, 0x32, 0xFC, 0x66, 0x05, 0x00, 0xC3, 0x32, 0x18, 0xE8, 0x78, 0x9C,
    0x4B, 0x66, 0x00, 0x82, 0x1F, 0x4C, 0x24, 0x13, 0xE9, 0x69, 0x69, 0x4C, 0x3F, 0xFE, 0xFF, 0xFF,
    0xCF, 0x06, 0x00, 0xA8, 0xBF, 0x10, 0x50, 0x78, 0x9C, 0x4B, 0x66, 0x61, 0x60, 0x60, 0x48, 0x61,
    0xFE, 0x21, 0x0F, 0xA4, 0xFE, 0x73, 0xFC, 0xC8, 0x67, 0x60, 0x08, 0x00, 0x52, 0xA7, 0x18, 0x18,
    0x36, 0xFC, 0xE2, 0xF8, 0xF1, 0x95, 0x89, 0xE1, 0xE3, 0x57, 0x8E, 0x1F, 0x0F, 0x38, 0x19, 0x9E,
    0x7F, 0xE0, 0xF8, 0x31, 0x81, 0x8F, 0x61, 0x2E, 0x90, 0x52, 0x88, 0x37, 0xB0, 0x07, 0x52, 0x0C,
    0x7B, 0x26, 0xF0, 0x82, 0xA8, 0x6F, 0x1F, 0xD9, 0x40, 0xD4, 0x87, 0x5F, 0x8C, 0x20, 0x6A, 0xC1,
    0x7A, 0x06, 0x10, 0xE5, 0xE0, 0x0F, 0xA4, 0x00, 0xA5, 0x61, 0x27, 0x84, 0x78, 0x9C, 0x4B, 0x66,
    0x66, 0x60, 0x48, 0x60, 0xFE, 0x21, 0xC7, 0xC0, 0xF0, 0x81, 0xE3, 0xC7, 0x7C, 0x10, 0xF9, 0xE2,
    0x3B, 0x33, 0x88, 0x7D, 0x80, 0x17, 0x44, 0x1A, 0xF4, 0x83, 0x48, 0x86, 0x9F, 0x4C, 0x20, 0xF2,
    0x01, 0x0F, 0x88, 0x0C, 0xC8, 0x07, 0x91, 0x0C, 0xAF, 0x3E, 0x82, 0xC8, 0x8F, 0xAF, 0x40, 0x64,
    0xC2, 0x7F, 0x10, 0xC9, 0xF0, 0x87, 0x03, 0x00, 0xCB, 0x80, 0x20, 0x34, 0x78, 0x9C, 0x63, 0x60,
    0x48, 0xEC, 0x10, 0x63, 0x60, 0x60, 0x58, 0xF0, 0xFF, 0xEE, 0x7F, 0x2E, 0x06, 0x86, 0x3F, 0xEC,
    0x0C, 0x0D, 0xE7, 0x19, 0x12, 0xEA, 0x81, 0x22, 0xDF, 0xD9, 0x0E, 0xF0, 0x01, 0xA9, 0x07, 0x3C,
    0x1F, 0x80, 0xE2, 0x0C, 0x1B, 0xF8, 0x3F, 0x72, 0x02, 0xA9, 0x09, 0xF2, 0x1F, 0x41, 0xBC, 0x05,
    0xF2, 0x1F, 0x78, 0x80, 0xD4, 0x01, 0xFE, 0x05, 0xFA, 0x40, 0xEA, 0x13, 0x97, 0xC1, 0x79, 0x20,
    0xF5, 0x9B, 0x89, 0xE1, 0x5B, 0xAE, 0xF1, 0xB5, 0x7C, 0x06, 0x06, 0x83, 0xDF, 0xFF, 0xF7, 0x33,
    0x03, 0x45, 0x18, 0x04, 0x81, 0x18, 0x00, 0x6A, 0x95, 0x1A, 0xF3, 0x78, 0x9C, 0x4B, 0x4E, 0x4B,
    0x13, 0x61, 0x60, 0xF8, 0xF1, 0xFF, 0xFF, 0x7F, 0x4E, 0x86, 0x1F, 0x4C, 0x0C, 0x8D, 0xF3, 0x41,
    0x24, 0xC3, 0x1F, 0x30, 0xF9, 0x0B, 0x4C, 0xDE, 0x65, 0xF8, 0xA1, 0xA2, 0xB4, 0x25, 0x1F, 0xA4,
    0xE6, 0x3D, 0x1B, 0x88, 0xCD, 0xC8, 0x00, 0x16, 0xC7, 0x46, 0x02, 0x00, 0x74, 0x04, 0x18, 0x90,
    0x78, 0x9C, 0x63, 0x60, 0x48, 0xEC, 0x10, 0x63, 0x60, 0x60, 0x58, 0xF0, 0xFF, 0xEE, 0x7F, 0x2E,
    0x06, 0x86, 0x3F, 0xEC, 0x0C, 0x0D, 0xE7, 0x19, 0x12, 0xEA, 0x81, 0x22, 0xDF, 0xD9, 0x0E, 0xF0,
    0x01, 0xA9, 0x07, 0x3C, 0x1F, 0x80, 0xE2, 0x0C, 0x1B, 0xF8, 0x3F, 0x72, 0x02, 0xA9, 0x09, 0xF2,
    0x1F, 0x41, 0xBC, 0x05, 0xF2, 0x1F, 0x78, 0x80, 0xD4, 0x01, 0xFE, 0x05, 0xFA, 0x40, 0xEA, 0x13,
    0x97, 0xC1, 0x79, 0x20, 0xF5, 0x9B, 0x89, 0xE1, 0x5B, 0xAE, 0xF1, 0xB5, 0x78, 0x06, 0x06, 0x87,
    0xDF, 0xFF, 0xF7, 0x33, 0x33, 0x80, 0xCC, 0x60, 0x05, 0x91, 0x0C, 0x0F, 0xF5, 0xC0, 0x94, 0xC3,
    0xFF, 0x3E, 0x30, 0x1D, 0xA8, 0xCA, 0x00, 0x00, 0xDD, 0x31, 0x1F, 0x30, 0x78, 0x9C, 0x4B, 0x4E,
    0x4B, 0x33, 0x65, 0x60, 0xF8, 0xF1, 0xFF, 0xFF, 0xFF, 0x3C, 0x86, 0x1F, 0x4C, 0x0C, 0x06, 0x7F,
    0x58, 0x80, 0x24, 0xC3, 0x27, 0x4E, 0x10, 0xF9, 0x11, 0x4C, 0x7E, 0x67, 0xFB, 0x51, 0x51, 0xBE,
    0x63, 0x3F, 0xC3, 0x8F, 0x7B, 0x77, 0xDF, 0xB3, 0x81, 0xD4, 0xFC, 0x64, 0x06, 0x91, 0x0F, 0x78,
    0x41, 0x64, 0x40, 0x3F, 0x88, 0x64, 0xF8, 0xCD, 0x0C, 0x56, 0xCF, 0x0B, 0x00, 0xFC, 0x15, 0x1E,
    0x7E, 0x78, 0x9C, 0x63, 0x50, 0x68, 0xAB, 0x60, 0x66, 0x60, 0xF8, 0x79, 0xEE, 0xF5, 0x7E, 0x86,
    0x80, 0x7E, 0x06, 0x86, 0x6F, 0x1C, 0x13, 0xE4, 0x19, 0x18, 0x0A, 0x58, 0x0A, 0xE2, 0x19, 0x80,
    0x40, 0xE0, 0x5F, 0x14, 0x23, 0x90, 0x9A, 0xF8, 0xFF, 0xBE, 0x26, 0x90, 0x32, 0xD8, 0xFE, 0x9F,
    0x0D, 0x24, 0xFA, 0x88, 0x5F, 0x80, 0x89, 0x81, 0xA1, 0x41, 0xFF, 0x03, 0x0F, 0x03, 0xC3, 0x06,
    0xFE, 0x84, 0xF3, 0xA6, 0x4E, 0xBF, 0x38, 0x18, 0x8E, 0xFE, 0xFF, 0x9F, 0x0B, 0xD2, 0x01, 0x94,
    0x01, 0x00, 0x07, 0xF1, 0x17, 0xA6, 0x78, 0x9C, 0x4B, 0x4E, 0x03, 0x02, 0xE6, 0x9F, 0xFF, 0x81,
    0x80, 0x93, 0x81, 0xE1, 0x2B, 0x2B, 0x03, 0x03, 0x25, 0x24, 0x00, 0x62, 0x26, 0x11, 0xBB, 0x78,
    0x9C, 0x4B, 0x66, 0x60, 0x60, 0x48, 0x60, 0xFE, 0xC9, 0xC8, 0xC0, 0xF0, 0x91, 0x93, 0x78, 0xF2,
    0x3B, 0x33, 0x03, 0xC3, 0x17, 0xF6, 0xCF, 0x5C, 0x0C, 0x0C, 0xBF, 0x99, 0x26, 0xEC, 0x37, 0x3D,
    0xDA, 0xCF, 0xC0, 0x70, 0xED, 0xFF, 0x7D, 0x56, 0xA0, 0x59, 0x8A, 0x40, 0x79, 0x00, 0x46, 0x63,
    0x1A, 0x09, 0x78, 0x9C, 0x0B, 0x65, 0x00, 0x82, 0xD0, 0x1F, 0xCC, 0x0C, 0x0C, 0x06, 0xFD, 0x9F,
    0x38, 0x19, 0x18, 0x26, 0xE8, 0x6F, 0xE0, 0x67, 0x60, 0xF8, 0xC0, 0x1D, 0x90, 0xCF, 0xC0, 0xF0,
    0x95, 0x95, 0xE1, 0x1C, 0x03, 0xC3, 0x1B, 0x06, 0x86, 0x1F, 0x4C, 0x0A, 0xFD, 0x0C, 0x0C, 0x1F,
    0x39, 0x1A, 0xE4, 0x19, 0x18, 0x36, 0xF0, 0x3D, 0xE0, 0x66, 0x60, 0x70, 0x88, 0xFF, 0xC2, 0x02,
    0xD4, 0xB8, 0xF6, 0x15, 0x48, 0xFB, 0xF7, 0x7A, 0x10, 0xF9, 0x11, 0x28, 0x09, 0x00, 0x18, 0x7B,
    0x13, 0xEA, 0x78, 0x9C, 0x0D, 0x8C, 0xB1, 0x0D, 0x83, 0x30, 0x00, 0xC0, 0x9C, 0xAA, 0x41, 0x6A,
    0x2A, 0xC1, 0x0B, 0x4C, 0xCC, 0x7C, 0x90, 0x17, 0x58, 0xD8, 0xF9, 0xA0, 0x7C, 0x40, 0x2E, 0x28,
    0xAF, 0x70, 0x41, 0xC5, 0xC0, 0xC4, 0x80, 0xF8, 0x80, 0x17, 0x12, 0x04, 0xA8, 0x61, 0x81, 0x48,
    0x1E, 0xEC, 0xC5, 0x25, 0xA4, 0x19, 0x14, 0xF2, 0x14, 0x98, 0x16, 0x9C, 0xDA, 0x25, 0xF3, 0x02,
    0xBB, 0x74, 0x0A, 0xE7, 0x05, 0xA7, 0xE8, 0x63, 0x0E, 0x17, 0x31, 0x51, 0x6B, 0xC6, 0x5E, 0xA5,
    0x0D, 0x81, 0xAF, 0x49, 0x42, 0x32, 0xE5, 0x3A, 0xD7, 0x5D, 0x0C, 0xDE, 0x24, 0xB4, 0xF6, 0x05,
    0xDB, 0xF0, 0x66, 0xDC, 0x9E, 0x60, 0x7D, 0xC4, 0xF1, 0x07, 0xBA, 0xEB, 0xC1, 0xFA, 0x0B, 0x52,
    0x85, 0xEF, 0xFC, 0x81, 0x1B, 0xBD, 0x05, 0x27, 0x0B, 0x78, 0x9C, 0x4B, 0x60, 0x61, 0x60, 0x70,
    0x60, 0x9B, 0xE0, 0xCF, 0xC0, 0xF0, 0x99, 0x8B, 0xE1, 0x2D, 0x23, 0xC3, 0x5D, 0x06, 0x86, 0x4F,
    0x5C, 0x13, 0xEC, 0x19, 0x18, 0x12, 0xF2, 0xBF, 0xB0, 0x33, 0x30, 0x30, 0xFC, 0xDA, 0x07, 0x24,
    0x18, 0x3E, 0xDA, 0x83, 0xC8, 0x9F, 0x20, 0xB6, 0x03, 0x58, 0xFC, 0x21, 0xF7, 0x04, 0x7D, 0x06,
    0x86, 0x37, 0x8C, 0x0C, 0xF7, 0x18, 0x0A, 0xE2, 0x19, 0x18, 0xBE, 0x70, 0x7E, 0xE6, 0x64, 0x60,
    0x98, 0xE0, 0x0F, 0x00, 0x28, 0xF3, 0x15, 0x4D, 0x78, 0x9C, 0x4B, 0x66, 0x62, 0x60, 0x50, 0x30,
    0x7B, 0xC8, 0xC3, 0xC0, 0x70, 0x40, 0x2E, 0xA0, 0x9E, 0x81, 0xE1, 0x3B, 0x2B, 0xC3, 0x6F, 0x26,
    0x81, 0xFD, 0x0C, 0x0C, 0x1F, 0xB9, 0x37, 0xC8, 0x31, 0x30, 0x24, 0xC4, 0x7F, 0x65, 0x63, 0x60,
    0x60, 0x78, 0xBD, 0x0F, 0x48, 0x30, 0x7C, 0x92, 0x07, 0x91, 0x17, 0x78, 0x71, 0x93, 0x00, 0xE5,
    0x47, 0x10, 0xAD, 0x78, 0x9C, 0x73, 0x48, 0x03, 0x02, 0x86, 0x03, 0xFF, 0x81, 0x80, 0x01, 0x08,
    0x1C, 0xFA, 0x41, 0xE4, 0x23, 0x6E, 0x10, 0xF9, 0x86, 0x11, 0x48, 0x4C, 0xB0, 0x07, 0x31, 0xBF,
    0xB2, 0x01, 0x09, 0x85, 0xF5, 0x20, 0xE6, 0x05, 0x5E, 0x10, 0xF9, 0x8B, 0x09, 0x48, 0x14, 0xC4,
    0x83, 0x98, 0x9F, 0x73, 0x81, 0x26, 0x30, 0x7D, 0x03, 0x99, 0xC0, 0x0E, 0x00, 0x41, 0xBB, 0x16,
    0x0C, 0x78, 0x9C, 0x63, 0x60, 0xF8, 0x7D, 0xFF, 0xB6, 0xE0, 0x6D, 0x06, 0x5C, 0xF0, 0x75, 0xD8,
    0x8E, 0xD5, 0x00, 0x2A, 0xAE, 0x10, 0x8A, 0x78, 0x9C, 0x63, 0x60, 0x60, 0xE8, 0x65, 0x60, 0xB8,
    0xC9, 0xC0, 0xF0, 0x95, 0x91, 0xE1, 0x03, 0x2B, 0xC3, 0x01, 0x2E, 0x86, 0x06, 0x3E, 0x06, 0x03,
    0x7D, 0x06, 0x86, 0x7A, 0x06, 0x86, 0xDD, 0x0C, 0x0C, 0xDF, 0x18, 0x18, 0x3E, 0xB1, 0x30, 0x3C,
    0xE0, 0x60, 0x98, 0xC0, 0xCB, 0x20, 0xC0, 0x04, 0x00, 0xE2, 0x83, 0x09, 0xC6, 0x78, 0x9C, 0x63,
    0x60, 0xF8, 0xBB, 0x5F, 0x70, 0x2F, 0x03, 0x4E, 0x98, 0xBA, 0x6F, 0x57, 0x37, 0x00, 0xFC, 0x56,
    0x0E, 0x8C, 0x78, 0x9C, 0x63, 0x70, 0x10, 0x63, 0x60, 0x60, 0xF8, 0xD4, 0x07, 0x24, 0x76, 0x7E,
    0x65, 0x64, 0x50, 0xB0, 0xBF, 0xC0, 0xC1, 0x30, 0x81, 0x27, 0x40, 0x9E, 0xE1, 0x13, 0x0B, 0xC3,
    0x5C, 0x86, 0x93, 0x0C, 0x0C, 0x5F, 0x19, 0x19, 0x19, 0x18, 0x04, 0x18, 0x00, 0xC4, 0x2F, 0x09,
    0x2B, 0x78, 0x9C, 0x9B, 0x34, 0x13, 0x08, 0x24, 0x27, 0x81, 0x48, 0x4D, 0x00, 0x2A, 0x3C, 0x06,
    0x2F, 0x78, 0x9C, 0x73, 0x60, 0x66, 0x28, 0x88, 0x67, 0x60, 0x78, 0xCA, 0xC4, 0x60, 0xC0, 0x02,
    0x00, 0x0E, 0xFA, 0x02, 0x2E, 0x78, 0x9C, 0x63, 0x28, 0x9C, 0xC5, 0xCE, 0xC0, 0x60, 0x70, 0x7F,
    0xC6, 0x3B, 0x06, 0x86, 0x09, 0xF2, 0x0C, 0x5F, 0xD8, 0x18, 0x80, 0xE0, 0x03, 0x27, 0x03, 0xC3,
    0xD4, 0xD3, 0x7F, 0x38, 0x19, 0x26, 0xAC, 0x0F, 0xFB, 0xCA, 0xC9, 0xF0, 0x91, 0x13, 0x24, 0xF2,
    0x99, 0x8D, 0xE1, 0x1B, 0x90, 0x21, 0x93, 0xF8, 0x9A, 0x87, 0x21, 0xE0, 0xFF, 0xFE, 0xC6, 0xFF,
    0x0C, 0x0C, 0x0A, 0x8C, 0x40, 0xC5, 0x00, 0xC3, 0x83, 0x15, 0x40, 0x78, 0x9C, 0x63, 0x60, 0x00,
    0x82, 0x33, 0x68, 0x44, 0xE1, 0x2C, 0x16, 0x86, 0x33, 0x7B, 0x6F, 0xC6, 0x33, 0xFC, 0x61, 0x17,
    0xB8, 0xC7, 0xF0, 0x87, 0x81, 0xE1, 0x27, 0xE3, 0x1D, 0x06, 0x86, 0xEF, 0xCC, 0x40, 0xE2, 0x1B,
    0xF3, 0x1B, 0x20, 0x8B, 0xE9, 0x0F, 0x13, 0xC3, 0x6F, 0x86, 0x37, 0x3A, 0x09, 0xF3, 0x19, 0xF6,
    0x7E, 0xFB, 0xCF, 0x0D, 0xD4, 0x23, 0xC4, 0xC0, 0x00, 0x00, 0x1D, 0xD8, 0x17, 0x57, 0x78, 0x9C,
    0x63, 0x28, 0x9C, 0xC5, 0xCA, 0xA0, 0xF0, 0x6E, 0xE5, 0x7A, 0x86, 0x0D, 0x72, 0x0C, 0xDF, 0x99,
    0x3F, 0x70, 0x32, 0x18, 0x30, 0x7E, 0x66, 0x67, 0x60, 0x60, 0x00, 0x13, 0x9F, 0x38, 0x80, 0xC4,
    0x03, 0x5E, 0x86, 0xC7, 0xAC, 0x05, 0xF3, 0x8D, 0xFE, 0x30, 0x32, 0x7C, 0xFF, 0x6F, 0x0B, 0x14,
    0x10, 0x62, 0x60, 0x00, 0x00, 0xD1, 0x84, 0x0F, 0xAF, 0x78, 0x9C, 0x63, 0x60, 0x80, 0x80, 0x03,
    0x3C, 0x48, 0xC4, 0xE4, 0xAA, 0x83, 0x3C, 0x0E, 0xF7, 0x57, 0xDC, 0xE5, 0xB9, 0xC0, 0xC7, 0xF0,
    0x95, 0xE7, 0x23, 0x27, 0xC3, 0x07, 0x9E, 0xCF, 0xEC, 0x0C, 0x17, 0x78, 0x3E, 0xB3, 0x01, 0x65,
    0x3F, 0xB1, 0x33, 0x3C, 0xE0, 0xF9, 0xC0, 0xCD, 0xF0, 0x89, 0x67, 0x41, 0xBE, 0xE1, 0x1B, 0x1E,
    0x81, 0xDF, 0xFF, 0xB7, 0xF1, 0x32, 0x08, 0x30, 0x31, 0x30, 0x00, 0x00, 0x09, 0xEF, 0x17, 0x54,
    0x78, 0x9C, 0x63, 0x28, 0x58, 0x25, 0xCE, 0xA0, 0xF0, 0x6E, 0xE6, 0x3B, 0xA6, 0x0D, 0xF2, 0x0C,
    0x0F, 0xB9, 0x3F, 0x70, 0x32, 0x4C, 0xE0, 0xFF, 0xBC, 0x66, 0xD5, 0x29, 0xFD, 0xCF, 0x73, 0x66,
    0xCE, 0x94, 0xFC, 0xC4, 0xC1, 0xC0, 0xC0, 0xF0, 0x80, 0x87, 0xC1, 0x80, 0x39, 0x61, 0x3E, 0xE3,
    0x57, 0x4E, 0x86, 0xE7, 0xFF, 0xE7, 0x03, 0x05, 0x94, 0x18, 0x18, 0x00, 0x60, 0xD0, 0x13, 0xF6,
    0x78, 0x9C, 0x63, 0x60, 0x60, 0x60, 0xF8, 0xC5, 0xEF, 0x30, 0x9F, 0x39, 0xC1, 0x9E, 0x61, 0xDB,
    0x7C, 0x8E, 0xE3, 0xFB, 0xB9, 0x12, 0xF4, 0x19, 0xB0, 0x22, 0x00, 0xE7, 0x44, 0x09, 0xF0, 0x78,
    0x9C, 0x63, 0x68, 0xCE, 0x0C, 0x60, 0x73, 0xB8, 0xBF, 0x73, 0x0F, 0xCF, 0x05, 0x39, 0x86, 0x9F,
    0x3C, 0x1F, 0x39, 0x18, 0x3E, 0xF2, 0x7C, 0x66, 0x63, 0xB8, 0x00, 0x21, 0x3E, 0xB1, 0x33, 0x3C,
    0xE0, 0xF9, 0xC0, 0xC5, 0xF0, 0x85, 0x67, 0x41, 0x7D, 0xD0, 0x5D, 0x1E, 0x81, 0x5F, 0xE7, 0x0F,
    0xF3, 0x30, 0x30, 0x30, 0x5C, 0xE0, 0x2A, 0xE0, 0x66, 0xF8, 0xCC, 0xEE, 0x70, 0x7F, 0xC6, 0x7D,
    0x06, 0x86, 0x49, 0xAB, 0xC5, 0x19, 0x00, 0xC5, 0x4A, 0x1A, 0x90, 0x78, 0x9C, 0x63, 0x60, 0x60,
    0x60, 0xB8, 0x83, 0x8C, 0x0B, 0x66, 0xB1, 0x9C, 0xD9, 0x7D, 0xD3, 0xFF, 0x0F, 0x9B, 0xC0, 0xFE,
    0x3F, 0x40, 0xEE, 0x1D, 0x1C, 0x18, 0x00, 0x0D, 0xE9, 0x15, 0x27, 0x78, 0x9C, 0x63, 0x38, 0x13,
    0xCA, 0x90, 0x76, 0x06, 0x06, 0x00, 0x36, 0x3E, 0x08, 0xB4, 0x78, 0x9C, 0x63, 0x60, 0x60, 0x38,
    0xC3, 0x10, 0xCA, 0xC0, 0xC0, 0x90, 0x06, 0xA4, 0x31, 0xE1, 0xDE, 0xC9, 0xFD, 0x5B, 0x38, 0x00,
    0xB8, 0x17, 0x0C, 0x1B, 0x78, 0x9C, 0x63, 0x60, 0x00, 0x82, 0x33, 0xE8, 0x84, 0x82, 0x07, 0x90,
    0xB8, 0xC8, 0x03, 0x24, 0xEE, 0x30, 0x32, 0x9C, 0xD9, 0x20, 0x0B, 0x14, 0xFB, 0xC5, 0xCC, 0xC0,
    0xF0, 0xE7, 0x1F, 0x17, 0x03, 0xC3, 0x9B, 0xC4, 0x7C, 0x90, 0x12, 0x20, 0xFF, 0x0C, 0xC3, 0x43,
    0x5E, 0x20, 0x61, 0xB0, 0x9E, 0x01, 0x00, 0x40, 0xE1, 0x13, 0x3B, 0x78, 0x9C, 0x63, 0x38, 0x83,
    0x0C, 0x00, 0x48, 0x92, 0x0A, 0x5D, 0x78, 0x9C, 0x0B, 0x2B, 0xE8, 0x62, 0x9C, 0x12, 0xC9, 0x70,
    0x66, 0xCD, 0xCF, 0xDC, 0xB9, 0x7F, 0x58, 0xFF, 0xB0, 0x16, 0x9C, 0x67, 0xF8, 0xC0, 0xF5, 0x87,
    0xC1, 0x21, 0x9F, 0xE1, 0x00, 0xCF, 0x1D, 0x06, 0x87, 0x78, 0x86, 0x03, 0xBC, 0x44, 0x50, 0x00,
    0xF3, 0xAE, 0x1A, 0x1C, 0x78, 0x9C, 0x0B, 0x2B, 0x98, 0xC5, 0x72, 0x66, 0xCF, 0x4D, 0xFF, 0x3F,
    0x6C, 0x0C, 0xFB, 0xFF, 0x30, 0x30, 0xDC, 0xB9, 0x83, 0x03, 0x03, 0x00, 0x7B, 0x5D, 0x11, 0xFE,
    0x78, 0x9C, 0x63, 0x28, 0x5C, 0x25, 0xCE, 0xA0, 0xF0, 0x6E, 0xE6, 0x3F, 0xE6, 0x0D, 0x72, 0x0C,
    0x0F, 0x79, 0x3E, 0x72, 0x32, 0x4C, 0x90, 0xFF, 0xCC, 0xCE, 0x50, 0x60, 0x0F, 0x24, 0x12, 0xEC,
    0x3F, 0x71, 0x30, 0x14, 0xE8, 0x3F, 0xE0, 0x61, 0x38, 0xC0, 0x57, 0xD0, 0x2F, 0xF8, 0x83, 0x9D,
    0xE1, 0xF9, 0xFF, 0x3A, 0x06, 0x06, 0x06, 0x25, 0x06, 0x06, 0x00, 0x25, 0x63, 0x12, 0x69, 0x78,
    0x9C, 0x0B, 0x2B, 0x9C, 0xC5, 0xCC, 0x70, 0x66, 0xCF, 0xCD, 0x78, 0x86, 0x3F, 0xEC, 0x02, 0xF7,
    0x18, 0xFE, 0x30, 0x30, 0xFC, 0x64, 0xBC, 0xC3, 0xC0, 0xF0, 0x9D, 0x19, 0x48, 0x7C, 0x63, 0x7E,
    0x03, 0x64, 0x31, 0xFD, 0x61, 0x62, 0xF8, 0xCD, 0xF0, 0x46, 0x27, 0x61, 0x3E, 0xC3, 0x99, 0x6F,
    0xFF, 0xB9, 0x19, 0xCE, 0x30, 0x08, 0x31, 0x00, 0x09, 0x06, 0x28, 0x31, 0x13, 0x44, 0x00, 0x00,
    0xC4, 0x26, 0x17, 0x87, 0x78, 0x9C, 0x63, 0x98, 0x5C, 0x55, 0xC8, 0xE1, 0x70, 0x7F, 0xC5, 0x59,
    0x9E, 0x0B, 0x7C, 0x0C, 0xDF, 0x78, 0x3E, 0x72, 0x32, 0x7C, 0xE0, 0xF9, 0xCC, 0xCE, 0x70, 0x81,
    0xE7, 0x33, 0x1B, 0x90, 0xF8, 0xC4, 0xCE, 0xF0, 0x80, 0xE7, 0x03, 0x37, 0xC3, 0x67, 0x9E, 0x05,
    0xF5, 0x86, 0x6F, 0x79, 0x04, 0x7E, 0xFF, 0x3F, 0xC6, 0xC3, 0x20, 0xC0, 0x74, 0x80, 0x87, 0x81,
    0x81, 0x01, 0x41, 0x4C, 0xE0, 0x04, 0x00, 0xB9, 0xE3, 0x17, 0xBB, 0x78, 0x9C, 0x0B, 0x9B, 0xC4,
    0xBE, 0xE7, 0x2E, 0xE7, 0x1F, 0x0E, 0x86, 0x3F, 0x0C, 0x0C, 0x6F, 0x18, 0x18, 0xEE, 0xA0, 0x22,
    0x00, 0xAA, 0xEF, 0x09, 0xCA, 0x78, 0x9C, 0x63, 0x68, 0xE9, 0x62, 0x61, 0x98, 0xB0, 0x7E, 0xC5,
    0x7C, 0x86, 0x0F, 0x1C, 0x0C, 0xDB, 0x18, 0x3E, 0x70, 0x31, 0x30, 0x30, 0x14, 0xBC, 0xCF, 0x62,
    0x64, 0x60, 0x68, 0xFA, 0x9B, 0x0F, 0x64, 0x0B, 0xFC, 0x66, 0x4A, 0x62, 0x60, 0xF8, 0xCC, 0xFA,
    0x49, 0x53, 0xE1, 0x17, 0x63, 0xC0, 0xDF, 0xFF, 0xBE, 0x40, 0x21, 0x21, 0x06, 0x06, 0x00, 0xFA,
    0xD9, 0x11, 0x51, 0x78, 0x9C, 0x13, 0xE0, 0x64, 0x08, 0xE0, 0x67, 0x38, 0xD6, 0xCF, 0x7A, 0x7D,
    0x3D, 0xFB, 0x02, 0x7E, 0x06, 0x34, 0xD4, 0xE0, 0xCF, 0x64, 0xF0, 0x9F, 0x97, 0x41, 0x80, 0x01,
    0x00, 0xC8, 0x1A, 0x09, 0x97, 0x78, 0x9C, 0x4B, 0x63, 0x60, 0x48, 0x3B, 0xCB, 0xC0, 0x70, 0x16,
    0x0B, 0x3E, 0x77, 0x87, 0x41, 0xE1, 0xFC, 0x4F, 0xB1, 0xC3, 0xE7, 0x0E, 0xFE, 0x8F, 0x3B, 0xCD,
    0xA0, 0xC8, 0xC0, 0x00, 0x00, 0x7D, 0x14, 0x11, 0xDF, 0x78, 0x9C, 0x4B, 0x63, 0x60, 0x48, 0x60,
    0xFB, 0xC9, 0xC8, 0xF0, 0x91, 0xE3, 0x33, 0x1B, 0xC3, 0x77, 0xA6, 0x0B, 0x3C, 0x0C, 0x67, 0x18,
    0x0A, 0xE4, 0x15, 0xEA, 0x19, 0x04, 0xEA, 0x0B, 0xE4, 0x19, 0x18, 0xCE, 0x5C, 0xE0, 0x66, 0x60,
    0xF8, 0xF6, 0x85, 0x95, 0x81, 0xE1, 0xC3, 0x5B, 0x06, 0x06, 0x86, 0x05, 0xF3, 0x19, 0x18, 0x00,
    0x86, 0x8B, 0x0F, 0x58, 0x78, 0x9C, 0x2B, 0x60, 0x61, 0x68, 0x66, 0x66, 0x28, 0x61, 0xD8, 0xC0,
    0xC3, 0xF0, 0x93, 0x93, 0xE1, 0x0C, 0x43, 0x01, 0x3F, 0xC3, 0x3E, 0x5E, 0x86, 0x7A, 0x06, 0x03,
    0x7F, 0x05, 0x7B, 0x79, 0x07, 0x7D, 0x06, 0x86, 0xBE, 0x04, 0xBE, 0xDC, 0x06, 0x3E, 0x06, 0x86,
    0x53, 0x0B, 0x38, 0x57, 0x1D, 0xE0, 0x64, 0x60, 0xF8, 0xFA, 0x80, 0xF5, 0xD9, 0x47, 0x56, 0x06,
    0x86, 0x8F, 0xDF, 0x19, 0x3F, 0x7D, 0x67, 0x60, 0x60, 0x38, 0x70, 0x8F, 0xE1, 0xC1, 0x3E, 0x20,
    0xDD, 0x30, 0x9F, 0x61, 0x41, 0x3D, 0x03, 0x03, 0x00, 0x8A, 0x46, 0x19, 0x0D, 0x78, 0x9C, 0x6B,
    0x66, 0x62, 0x68, 0x62, 0x7E, 0xC0, 0xC3, 0x70, 0x87, 0xC1, 0x20, 0xBF, 0xC0, 0x9E, 0x81, 0xE1,
    0xC7, 0x67, 0x76, 0x06, 0x86, 0x03, 0xE7, 0x19, 0x18, 0x18, 0x16, 0xAC, 0x07, 0x12, 0x5F, 0xBF,
    0xB3, 0x32, 0x08, 0xF4, 0x4F, 0x90, 0x67, 0x38, 0xC0, 0xCB, 0x70, 0x8E, 0xE1, 0x3B, 0x33, 0xC3,
    0x17, 0x76, 0x00, 0x88, 0x5A, 0x0F, 0xC0, 0x78, 0x9C, 0x4B, 0x67, 0x60, 0x48, 0x60, 0xFF, 0xC1,
    0xC4, 0xF0, 0x91, 0xF3, 0x13, 0x3B, 0xC3, 0x37, 0xE6, 0x03, 0xBC, 0x0C, 0xA7, 0x19, 0x02, 0xFC,
    0x05, 0xF2, 0x19, 0x18, 0xD6, 0x25, 0xC8, 0x33, 0x30, 0xFC, 0x3C, 0xC0, 0xC5, 0xC0, 0xF0, 0xE9,
    0x3B, 0x0B, 0x03, 0xC3, 0x81, 0xF7, 0x0C, 0x0C, 0x0C, 0x01, 0xFD, 0x40, 0x02, 0x24, 0xCE, 0xF0,
    0x10, 0x28, 0xDE, 0xFC, 0x8E, 0x91, 0x81, 0x61, 0x8B, 0x24, 0x90, 0x07, 0x00, 0xD3, 0xD5, 0x12,
    0x7F, 0x78, 0x9C, 0x2B, 0xE8, 0xE8, 0xA8, 0x60, 0xD8, 0xB0, 0x7B, 0xF7, 0x7B, 0x06, 0x06, 0x86,
    0x86, 0x78, 0x20, 0xF1, 0x85, 0x83, 0x81, 0x41, 0xE0, 0x1C, 0x90, 0x71, 0x40, 0x0F, 0x48, 0xFC,
    0x60, 0x61, 0x60, 0x70, 0xE8, 0x07, 0x32, 0x1E, 0xDA, 0x19, 0x1B, 0x33, 0x7C, 0xF9, 0xFF, 0xFF,
    0x3F, 0x23, 0x00, 0x8F, 0x00, 0x0F, 0xF7, 0x78, 0x9C, 0x63, 0x60, 0x60, 0x60, 0xB8, 0xB4, 0x9F,
    0xE1, 0x97, 0x08, 0xC3, 0x1E, 0x06, 0x86, 0xB5, 0x30, 0x34, 0x8F, 0x61, 0xB1, 0x3D, 0xC3, 0x2F,
    0x0E, 0x86, 0x80, 0x7C, 0x06, 0x86, 0x75, 0x48, 0xE2, 0x67, 0x18, 0x18, 0x7E, 0x78, 0x32, 0x14,
    0x74, 0x03, 0x00, 0x7F, 0x15, 0x0E, 0x61, 0x78, 0x9C, 0x63, 0x60, 0xF8, 0xC6, 0x88, 0x1F, 0x5E,
    0x65, 0x00, 0x00, 0x27, 0x1D, 0x10, 0x46, 0x78, 0x9C, 0x63, 0x60, 0x60, 0xF8, 0x2D, 0xC3, 0xE0,
    0x38, 0x9F, 0x81, 0xE1, 0x34, 0x03, 0xC3, 0x29, 0x18, 0x7A, 0xC9, 0xC0, 0xF0, 0xD9, 0x92, 0xA1,
    0x61, 0x3D, 0xC3, 0x37, 0x56, 0x86, 0x5B, 0x48, 0xE2, 0x7B, 0x18, 0xA6, 0xD4, 0x33, 0xEC, 0x60,
    0x67, 0x00, 0x00, 0x91, 0xAE, 0x0F, 0x26, 0x78, 0x9C, 0x63, 0x60, 0x00, 0x82, 0x8D, 0xFF, 0xE7,
    0x89, 0x94, 0x34, 0x19, 0x6F, 0xFB, 0x5F, 0x0F, 0xE4, 0x08, 0x30, 0x00, 0x00, 0x3C, 0xF9, 0x05,
    0xD0, 0x78, 0x9C, 0x03, 0x00, 0x00, 0x00, 0x00, 0x01, 0x78, 0x9C, 0x2B, 0x7B, 0x6B, 0xCC, 0xB0,
    0x6A, 0xF5, 0xEE, 0xDD, 0x7B, 0xCE, 0x9C, 0x3D, 0xBB, 0x07, 0x00, 0x33, 0xC2, 0x08, 0x40, 0x78,
    0x9C, 0x63, 0x10, 0x60, 0x65, 0x60, 0x70, 0xE0, 0x65, 0x50, 0xF8, 0x7D, 0x9F, 0xED, 0x41, 0xEC,
    0xE4, 0xF8, 0x6F, 0xCC, 0x0C, 0x6B, 0x5E, 0x31, 0x30, 0x30, 0xDC, 0x01, 0xE2, 0xD7, 0x40, 0xFC,
    0x8B, 0x81, 0xC1, 0xF8, 0x2B, 0x1B, 0xC3, 0xBE, 0x03, 0xF3, 0xAF, 0xDB, 0x33, 0x1C, 0x5F, 0xCF,
    0x04, 0x52, 0xCB, 0x20, 0xC0, 0xCC, 0x00, 0x00, 0xD6, 0x67, 0x10, 0x1B, 0x78, 0x9C, 0x63, 0x60,
    0x68, 0x53, 0x67, 0x60, 0x78, 0x78, 0xFE, 0x1F, 0x1B, 0xC3, 0x4F, 0xA6, 0x0D, 0x9C, 0x0C, 0x67,
    0x18, 0x80, 0x60, 0x2F, 0x8C, 0x58, 0xF2, 0x7E, 0x95, 0x15, 0x43, 0xF3, 0xBD, 0x0E, 0x0D, 0xA8,
    0xD8, 0x3C, 0x20, 0x76, 0xF0, 0x67, 0x60, 0xA8, 0x7E, 0x1C, 0x13, 0xBA, 0xD4, 0xFF, 0xDB, 0xFF,
    0xFF, 0xEF, 0xD9, 0x00, 0x62, 0xBB, 0x14, 0xBA, 0x78, 0x9C, 0x63, 0x60, 0x00, 0x82, 0xCA, 0xE3,
    0x35, 0xD3, 0x19, 0xBE, 0xCD, 0x7F, 0x59, 0xCF, 0xF0, 0x9D, 0x59, 0xA1, 0x8F, 0x61, 0x35, 0x03,
    0xC3, 0x49, 0x08, 0xF1, 0x9D, 0xD9, 0x00, 0x28, 0xB6, 0xFE, 0x57, 0x3D, 0x43, 0xE6, 0xF6, 0xEA,
    0x69, 0x0C, 0x60, 0x00, 0x00, 0xB8, 0xAF, 0x10, 0xDA, 0x78, 0x9C, 0x0B, 0x60, 0x65, 0x60, 0x08,
    0x60, 0x2D, 0xB0, 0x67, 0x60, 0xF8, 0xCC, 0xCE, 0x70, 0x96, 0x81, 0xE1, 0x0E, 0x03, 0xC3, 0x17,
    0xB6, 0x04, 0x7F, 0x06, 0x86, 0x05, 0x7C, 0x0F, 0xB8, 0x19, 0x18, 0x04, 0xFA, 0x7F, 0x30, 0x31,
    0x30, 0x18, 0xFF, 0x5A, 0x6F, 0xCC, 0x20, 0x70, 0xF7, 0xEF, 0xFD, 0xBB, 0x40, 0xCE, 0x01, 0x1E,
    0xA0, 0xF0, 0x99, 0x3F, 0xE7, 0xCF, 0x30, 0x32, 0x84, 0x5E, 0x8D, 0x0D, 0x65, 0x80, 0x88, 0x40,
    0x48, 0x00, 0x60, 0x28, 0x16, 0x43, 0x78, 0x9C, 0x63, 0x60, 0xF8, 0xC6, 0x88, 0x80, 0x47, 0x18,
    0x20, 0x00, 0x59, 0xEC, 0x2A, 0x03, 0x00, 0xEE, 0x96, 0x0D, 0x2E, 0x78, 0x9C, 0x63, 0x60, 0x60,
    0x60, 0x08, 0xF8, 0x73, 0x9F, 0xFD, 0xB3, 0x46, 0x52, 0xFD, 0x37, 0x06, 0x06, 0x93, 0xCF, 0x52,
    0x0C, 0x0C, 0x0E, 0xFF, 0x7B, 0x99, 0x0E, 0x46, 0x5F, 0xCF, 0xBF, 0xC1, 0xC0, 0xF0, 0xEA, 0x25,
    0x03, 0xC3, 0xF3, 0x47, 0xB9, 0xC9, 0x79, 0x02, 0x37, 0xFE, 0x73, 0x32, 0x30, 0x34, 0xF6, 0x03,
    0x95, 0xBF, 0xD8, 0xC3, 0xC0, 0x70, 0xFB, 0xF3, 0xBA, 0x5B, 0x7E, 0x0C, 0xA5, 0xE1, 0x0C, 0x00,
    0x21, 0xDE, 0x19, 0x5C, 0x78, 0x9C, 0x73, 0x66, 0x10, 0xBD, 0xA9, 0xE0, 0x6F, 0xC4, 0x20, 0x02,
    0x00, 0x0A, 0x93, 0x01, 0xE7, 0x78, 0x9C, 0x63, 0x60, 0x48, 0xAA, 0x60, 0x66, 0x60, 0x60, 0x58,
    0x98, 0x9D, 0x72, 0x8A, 0x99, 0x41, 0xC0, 0x97, 0x81, 0x41, 0xC1, 0x87, 0xE1, 0x00, 0xCB, 0xE1,
    0x7B, 0x6C, 0x17, 0x19, 0x97, 0x28, 0xC4, 0x2B, 0xE4, 0x04, 0x70, 0x78, 0x4E, 0xE0, 0x04, 0x2A,
    0xE0, 0xD1, 0xDE, 0xC0, 0x06, 0xA4, 0x78, 0xAD, 0x16, 0xB0, 0x83, 0x78, 0xE9, 0x09, 0x3C, 0x0C,
    0xA1, 0x0A, 0xDC, 0x17, 0x19, 0xF6, 0xB4, 0xE9, 0x4D, 0x60, 0x2D, 0xE0, 0x0C, 0xA8, 0x60, 0xDC,
    0xC2, 0xC0, 0xB0, 0x83, 0x89, 0xA1, 0x51, 0x9A, 0x81, 0xC1, 0xE1, 0xF6, 0xE9, 0x1C, 0x06, 0x10,
    0x60, 0x04, 0x62, 0x00, 0x61, 0xE4, 0x15, 0xB9, 0x78, 0x9C, 0x53, 0x68, 0x67, 0x65, 0xF8, 0x14,
    0x5E, 0xCB, 0x90, 0xC4, 0x70, 0x9C, 0xA1, 0xE0, 0xF4, 0x39, 0x86, 0x1B, 0x4C, 0xC7, 0x19, 0x66,
    0x33, 0xDC, 0x61, 0xF8, 0x76, 0xFB, 0x3B, 0xA7, 0x02, 0x8B, 0x00, 0x23, 0x00, 0xC2, 0xAA, 0x0B,
    0xC3, 0x78, 0x9C, 0x63, 0x10, 0x60, 0x11, 0x10, 0x61, 0x78, 0xC8, 0x7D, 0x91, 0x47, 0xE0, 0x2C,
    0xC3, 0x1D, 0xC6, 0x03, 0xB2, 0x1B, 0xE4, 0x18, 0x3E, 0xB1, 0x7F, 0xE4, 0x64, 0x48, 0x88, 0x0F,
    0xC8, 0x67, 0x60, 0xF8, 0xCE, 0xF2, 0x8D, 0x95, 0xA1, 0x81, 0xBB, 0x40, 0x1A, 0x00, 0xE7, 0x45,
    0x0B, 0xE4, 0x78, 0x9C, 0x5B, 0xB8, 0x6A, 0xD5, 0xAA, 0xAC, 0x85, 0x40, 0x62, 0x1D, 0x03, 0x10,
    0xAC, 0x42, 0x25, 0x5C, 0x00, 0xB7, 0x87, 0x08, 0x99, 0x78, 0x9C, 0x2B, 0x2C, 0x17, 0x7F, 0xF4,
    0x4E, 0x0F, 0x00, 0x0A, 0x0B, 0x02, 0xFE, 0x78, 0x9C, 0x63, 0x60, 0x48, 0xAA, 0x60, 0x66, 0x60,
    0x60, 0x58, 0x98, 0x9D, 0x72, 0x8A, 0x99, 0x41, 0xC0, 0x97, 0x81, 0x41, 0xC1, 0x87, 0xE1, 0x00,
    0xCB, 0x9D, 0xB3, 0xAC, 0x17, 0x19, 0x97, 0x30, 0xD8, 0x19, 0xD8, 0x05, 0x70, 0x78, 0x32, 0xD8,
    0x31, 0xC4, 0x30, 0xF0, 0x68, 0x33, 0xD4, 0xB5, 0xCA, 0x31, 0xF0, 0x5A, 0x31, 0xCC, 0x7B, 0xC9,
    0xC8, 0xC0, 0x93, 0xCE, 0x60, 0x77, 0x80, 0x4D, 0x81, 0xFB, 0x22, 0x50, 0x89, 0xDC, 0x04, 0xD6,
    0x02, 0x4E, 0x31, 0x06, 0xD3, 0x2D, 0x0C, 0x0C, 0x3B, 0x98, 0x18, 0x1A, 0xA5, 0x19, 0x18, 0x1C,
    0x6E, 0x9F, 0xCE, 0x61, 0x00, 0x01, 0x46, 0x20, 0x06, 0x00, 0x67, 0x1A, 0x15, 0x8F, 0x78, 0x9C,
    0x9B, 0x38, 0x13, 0x08, 0x38, 0x0D, 0x8C, 0x81, 0x80, 0x19, 0x00, 0x21, 0xBA, 0x03, 0xFE, 0x78,
    0x9C, 0x73, 0x88, 0x60, 0x38, 0xB6, 0x8D, 0x53, 0x97, 0x41, 0x4E, 0x97, 0x81, 0xEF, 0xCA, 0x09,
    0x76, 0x05, 0x33, 0x06, 0x00, 0x2F, 0x74, 0x04, 0x9D, 0x78, 0x9C, 0x63, 0x60, 0xC8, 0x60, 0x00,
    0x82, 0xD9, 0x50, 0xC2, 0xD1, 0x65, 0x8F, 0x8B, 0xC8, 0xB7, 0xFF, 0xFF, 0xFF, 0xC7, 0x23, 0xC4,
    0xA0, 0x84, 0x2B, 0x48, 0xD6, 0x05, 0x2A, 0x0B, 0x00, 0x5E, 0x85, 0x0F, 0x13, 0x78, 0x9C, 0x13,
    0x48, 0x63, 0x7A, 0xD4, 0x69, 0x5F, 0xC2, 0x50, 0xCD, 0x20, 0xE0, 0xC7, 0x70, 0x89, 0x23, 0x20,
    0x8E, 0xE1, 0x33, 0x33, 0xC3, 0xAF, 0xFF, 0xF3, 0x19, 0x18, 0x18, 0x00, 0x75, 0x7B, 0x08, 0x86,
    0x78, 0x9C, 0x13, 0x48, 0x63, 0xFA, 0x3C, 0x43, 0x3F, 0x85, 0x21, 0x87, 0x21, 0x49, 0x8F, 0xE1,
    0xA6, 0x14, 0x03, 0x43, 0xF7, 0x0C, 0x86, 0xEE, 0x4B, 0x77, 0x65, 0x19, 0x04, 0x19, 0x00, 0x74,
    0x03, 0x08, 0x11, 0x78, 0x9C, 0x63, 0x70, 0x62, 0x14, 0xD8, 0xC7, 0x70, 0x80, 0x83, 0xC1, 0x89,
    0x81, 0x01, 0x00, 0x0E, 0xDA, 0x02, 0x1C, 0x78, 0x9C, 0x4B, 0x63, 0x60, 0x48, 0x63, 0xB8, 0xC3,
    0xC0, 0x70, 0x06, 0x17, 0x71, 0x96, 0xE1, 0x0F, 0x83, 0xC0, 0x79, 0x86, 0x3F, 0x12, 0x9B, 0xDE,
    0x31, 0xBE, 0xF9, 0x97, 0xFF, 0x8D, 0xFF, 0x8E, 0x02, 0x83, 0x00, 0x23, 0x50, 0x82, 0x81, 0x01,
    0x4C, 0xCC, 0x00, 0x11, 0x00, 0x3A, 0x36, 0x16, 0x09, 0x78, 0x9C, 0x63, 0x08, 0x4C, 0x4B, 0x63,
    0x4D, 0xF8, 0xDF, 0xFF, 0x92, 0xFD, 0xE3, 0x7F, 0xBE, 0xC3, 0x0C, 0x9F, 0x41, 0xC4, 0x27, 0x10,
    0x71, 0x01, 0x44, 0x08, 0xDC, 0x04, 0x12, 0x0C, 0x02, 0x44, 0x12, 0x0C, 0x2C, 0x8E, 0x0C, 0x00,
    0xC8, 0xC8, 0x17, 0xEE, 0x78, 0x9C, 0xDB, 0x7D, 0x57, 0x10, 0x00, 0x03, 0xFF, 0x01, 0xAA, 0x78,
    0x9C, 0x3B, 0xC4, 0xB0, 0x44, 0x56, 0x41, 0xFF, 0x0C, 0x1B, 0x00, 0x0D, 0x2C, 0x02, 0xA5, 0x78,
    0x9C, 0x63, 0x70, 0x61, 0x58, 0xB0, 0x8F, 0x21, 0x69, 0x3B, 0x03, 0x03, 0x12, 0x7A, 0xF2, 0xBF,
    0x8F, 0x81, 0x81, 0x01, 0x00, 0x6D, 0xB4, 0x08, 0x09, 0x78, 0x9C, 0x13, 0x68, 0x67, 0x65, 0x78,
    0x98, 0xB9, 0x86, 0xE1, 0x04, 0xC3, 0x27, 0xA6, 0xD9, 0x0C, 0x1F, 0x58, 0x56, 0x01, 0xF1, 0x75,
    0x86, 0x2F, 0x8C, 0x1B, 0xF6, 0xE6, 0x31, 0x30, 0x18, 0x31, 0x32, 0x00, 0x00, 0xC6, 0x9C, 0x0B,
    0x56, 0x78, 0x9C, 0x73, 0x64, 0x74, 0x60, 0x64, 0x38, 0x20, 0xBB, 0x41, 0x8E, 0x41, 0xE0, 0x2C,
    0xC3, 0x1D, 0x46, 0x86, 0x87, 0xDC, 0x17, 0x79, 0x18, 0x26, 0xC8, 0x17, 0xD8, 0x33, 0x7C, 0x63,
    0xF9, 0xCA, 0x16, 0x90, 0xEF, 0x50, 0xCF, 0xB0, 0x91, 0x6D, 0x03, 0x07, 0x03, 0x00, 0xE9, 0xE5,
    0x0B, 0xF2, 0x78, 0x9C, 0x63, 0x30, 0x65, 0x60, 0x60, 0x08, 0x62, 0x60, 0x38, 0x54, 0x07, 0xA4,
    0x6B, 0x18, 0x18, 0x4C, 0xAB, 0x18, 0x18, 0x12, 0x78, 0x81, 0x6C, 0x20, 0xFD, 0x90, 0x19, 0x42,
    0xCF, 0x62, 0x00, 0xD3, 0x0E, 0x72, 0x02, 0x62, 0x20, 0xFA, 0x02, 0xDB, 0x06, 0x7B, 0x86, 0xE7,
    0xFF, 0xE3, 0x4E, 0x30, 0x2C, 0xB3, 0x03, 0x4A, 0x18, 0xE8, 0x2B, 0xC8, 0xDA, 0x03, 0xE9, 0x03,
    0x1C, 0x07, 0x58, 0x40, 0xF4, 0x35, 0x86, 0x67, 0x1D, 0xF3, 0x19, 0x19, 0x04, 0xFC, 0x18, 0x8A,
    0xCB, 0x81, 0xF4, 0x02, 0x2E, 0xA0, 0x18, 0x48, 0x1C, 0x02, 0x00, 0xA5, 0x55, 0x15, 0x5A, 0x78,
    0x9C, 0x63, 0x30, 0x65, 0x60, 0x60, 0x08, 0x62, 0x60, 0x38, 0x54, 0x07, 0xA4, 0x6B, 0x18, 0x18,
    0x4C, 0xAB, 0x18, 0x18, 0x12, 0x78, 0x81, 0x6C, 0x20, 0xFD, 0x90, 0x19, 0x42, 0xCF, 0x62, 0x00,
    0xD3, 0x0E, 0x72, 0x89, 0x62, 0x20, 0xFA, 0x82, 0x59, 0xDF, 0x4F, 0xC6, 0xE7, 0xFF, 0xE3, 0x4E,
    0x04, 0xB0, 0x5D, 0x60, 0x65, 0x60, 0x30, 0xD0, 0x67, 0x60, 0xF8, 0xC4, 0xC4, 0xC0, 0x70, 0x80,
    0x83, 0xC1, 0x20, 0x0F, 0xA8, 0xF0, 0x1A, 0x03, 0xC3, 0x33, 0x16, 0x06, 0x06, 0x01, 0x3F, 0x86,
    0x00, 0x3D, 0x20, 0x77, 0x01, 0x17, 0xC3, 0x81, 0xFF, 0xFF, 0xD9, 0x19, 0xA0, 0x00, 0x00, 0xE3,
    0xF4, 0x17, 0x24, 0x78, 0x9C, 0x63, 0x28, 0x65, 0x61, 0x60, 0x48, 0x64, 0x60, 0x38, 0x50, 0xDD,
    0xCB, 0xC0, 0xB0, 0x92, 0x81, 0x61, 0x02, 0xC3, 0x35, 0x06, 0x03, 0x39, 0x06, 0x06, 0x06, 0xC7,
    0x1A, 0x86, 0x0B, 0x6C, 0x40, 0xFA, 0x88, 0x2F, 0xC3, 0x71, 0x06, 0x10, 0x78, 0xA2, 0xA0, 0x2F,
    0x20, 0xC6, 0xF0, 0x98, 0xF1, 0xCB, 0x06, 0x8E, 0x0D, 0xF6, 0x0C, 0x13, 0xCE, 0xE5, 0x3D, 0x65,
    0x58, 0x66, 0xC7, 0xC0, 0xA0, 0x20, 0xE0, 0xA7, 0x20, 0x6B, 0x0F, 0x94, 0x9F, 0xC0, 0x75, 0x80,
    0x05, 0x44, 0x7F, 0x66, 0x7C, 0xD6, 0x31, 0x9F, 0x91, 0x81, 0x21, 0x97, 0xA1, 0xB8, 0x1C, 0x48,
    0x17, 0xF0, 0x00, 0xC5, 0xEC, 0x19, 0x60, 0x00, 0x00, 0xEA, 0x27, 0x19, 0x23, 0x78, 0x9C, 0x63,
    0x60, 0x88, 0x60, 0x60, 0x60, 0x10, 0x58, 0x0F, 0x24, 0x18, 0x54, 0x40, 0x84, 0x30, 0x10, 0x2B,
    0xD4, 0x03, 0x89, 0x03, 0x72, 0x40, 0xC6, 0x5D, 0x26, 0x06, 0x86, 0x4F, 0xD2, 0x40, 0xDE, 0x2B,
    0x90, 0xDC, 0x59, 0x06, 0x86, 0x09, 0x6C, 0xBF, 0x19, 0x19, 0xBE, 0xB0, 0x7F, 0xA9, 0x9D, 0x76,
    0x9F, 0xC1, 0xE0, 0xF7, 0x7B, 0x49, 0x06, 0x30, 0x00, 0x00, 0x7D, 0x2A, 0x0E, 0x35, 0x78, 0x9C,
    0x63, 0x60, 0xE8, 0x60, 0x00, 0x81, 0x43, 0xDC, 0x60, 0xCA, 0x0D, 0x44, 0x24, 0xB0, 0x81, 0xC8,
    0x2F, 0xF1, 0x20, 0xF2, 0xD4, 0x19, 0x20, 0x21, 0x50, 0xFF, 0x8D, 0x89, 0x81, 0xA1, 0x40, 0xFE,
    0x23, 0x07, 0x03, 0xC3, 0x03, 0xEE, 0x05, 0x7C, 0x0C, 0x0C, 0x5F, 0x59, 0x1D, 0x80, 0xD2, 0xAF,
    0x19, 0x18, 0xCE, 0x32, 0x28, 0xFC, 0x07, 0x02, 0xA6, 0x86, 0xFC, 0xB4, 0xB4, 0x6F, 0x9C, 0x0F,
    0x78, 0x18, 0x18, 0x36, 0xF0, 0x7D, 0x65, 0x65, 0x60, 0x08, 0x88, 0xFF, 0x03, 0xD2, 0x7E, 0x0E,
    0x00, 0xB7, 0x3C, 0x18, 0xD9, 0x78, 0x9C, 0x63, 0x60, 0x60, 0x98, 0xCA, 0xCC, 0xC0, 0xC0, 0x10,
    0x10, 0x07, 0x24, 0x18, 0x1A, 0x18, 0x41, 0x64, 0x02, 0x1B, 0x88, 0xFC, 0x12, 0x0F, 0x22, 0x4F,
    0x9D, 0x01, 0x12, 0x02, 0xF5, 0xDF, 0x98, 0x18, 0x18, 0x0A, 0xE4, 0x3F, 0x72, 0x30, 0x30, 0x3C,
    0xE0, 0x5E, 0xC0, 0xC7, 0xC0, 0xF0, 0x95, 0xD5, 0x01, 0x28, 0xFD, 0x9A, 0x81, 0xE1, 0x2C, 0x83,
    0xC2, 0x7F, 0x20, 0x60, 0x6A, 0xC8, 0x4F, 0x4B, 0xFB, 0xC6, 0xF9, 0x80, 0x87, 0x81, 0x61, 0x03,
    0xDF, 0x57, 0x56, 0xA0, 0x79, 0xF1, 0x7F, 0x40, 0xDA, 0xCF, 0x01, 0x00, 0xC4, 0xB1, 0x19, 0x05,
    0x78, 0x9C, 0x63, 0x60, 0xD8, 0x64, 0xCD, 0xC0, 0xC0, 0xA0, 0xB0, 0xEE, 0x25, 0x13, 0x03, 0x43,
    0x02, 0x8B, 0x01, 0x1B, 0x90, 0x93, 0x00, 0x22, 0x18, 0xBE, 0xC4, 0x83, 0xC8, 0x53, 0x67, 0x80,
    0x84, 0x40, 0xFD, 0x37, 0xA0, 0x6C, 0x81, 0xFC, 0x47, 0x0E, 0x06, 0x86, 0x07, 0xDC, 0x0B, 0xF8,
    0x18, 0x18, 0xBE, 0xB2, 0x3A, 0x00, 0xA5, 0x5F, 0x33, 0x30, 0x9C, 0x65, 0x50, 0xF8, 0x0F, 0x04,
    0x4C, 0x0D, 0xF9, 0x69, 0x69, 0xDF, 0x38, 0x1F, 0xF0, 0x30, 0x30, 0x6C, 0xE0, 0xFB, 0xCA, 0xCA,
    0xC0, 0x10, 0x10, 0xFF, 0x07, 0xA4, 0xFD, 0x1C, 0x00, 0x47, 0xD6, 0x1A, 0x7E, 0x78, 0x9C, 0x63,
    0x70, 0xE8, 0x66, 0x94, 0x62, 0x60, 0x78, 0x70, 0xF2, 0x3E, 0x2F, 0x03, 0x43, 0x02, 0x43, 0x09,
    0x13, 0x03, 0x90, 0x62, 0x03, 0x12, 0x0C, 0x5F, 0xE2, 0x41, 0xE4, 0xA9, 0x33, 0x40, 0x42, 0xA0,
    0xFE, 0x1B, 0x50, 0xBC, 0x40, 0xFE, 0x23, 0x07, 0x50, 0x25, 0xF7, 0x02, 0x3E, 0x06, 0x86, 0xAF,
    0xAC, 0x0E, 0x40, 0xE9, 0xD7, 0x0C, 0x0C, 0x67, 0x19, 0x14, 0xFE, 0x03, 0x01, 0x53, 0x43, 0x7E,
    0x5A, 0xDA, 0x37, 0xCE, 0x07, 0x3C, 0x0C, 0x0C, 0x1B, 0xF8, 0xBE, 0xB2, 0x32, 0x30, 0x04, 0xC4,
    0xFF, 0x01, 0x69, 0x3F, 0x07, 0x00, 0xA4, 0xDA, 0x1B, 0x8F, 0x78, 0x9C, 0x63, 0x60, 0x60, 0x64,
    0x00, 0x82, 0x04, 0xFE, 0x0F, 0x1C, 0x0C, 0x0C, 0x06, 0x1C, 0x0D, 0x2C, 0x20, 0x0E, 0x1B, 0x48,
    0xE8, 0x4B, 0x3C, 0x88, 0x3C, 0x75, 0x06, 0x48, 0x08, 0xD4, 0x7F, 0x63, 0x62, 0x60, 0x28, 0x90,
    0xFF, 0x08, 0x54, 0xF3, 0x80, 0x7B, 0x01, 0x1F, 0x03, 0xC3, 0x57, 0x56, 0x07, 0xA0, 0xF4, 0x6B,
    0x06, 0x86, 0xB3, 0x0C, 0x0A, 0xFF, 0x81, 0x80, 0xA9, 0x21, 0x3F, 0x2D, 0xED, 0x1B, 0xE7, 0x03,
    0x1E, 0x06, 0x86, 0x0D, 0x7C, 0x5F, 0x59, 0x19, 0x18, 0x02, 0xE2, 0xFF, 0x80, 0xB4, 0x9F, 0x03,
    0x00, 0xDF, 0xBF, 0x19, 0x62, 0x78, 0x9C, 0x63, 0x60, 0x48, 0x60, 0x63, 0x00, 0x82, 0xD9, 0x27,
    0x41, 0x24, 0xDF, 0x05, 0x46, 0x20, 0x79, 0xF6, 0x35, 0x88, 0xFD, 0xAD, 0x1E, 0x44, 0x9E, 0x3A,
    0x03, 0x24, 0x04, 0xEA, 0xBF, 0x31, 0x31, 0x30, 0x14, 0xC8, 0x7F, 0xE4, 0x60, 0x60, 0x78, 0xC0,
    0xBD, 0x80, 0x8F, 0x81, 0xE1, 0x2B, 0xAB, 0x43, 0x3C, 0x03, 0x03, 0x50, 0xDD, 0x59, 0x06, 0x85,
    0xFF, 0x40, 0xC0, 0xD4, 0x90, 0x9F, 0x96, 0xF6, 0x8D, 0xF3, 0x01, 0x0F, 0x03, 0xC3, 0x06, 0xBE,
    0xAF, 0xAC, 0x0C, 0x0C, 0x01, 0xF1, 0x7F, 0x40, 0xDA, 0xCF, 0x01, 0x00, 0x7B, 0x08, 0x1B, 0x5B,
    0x78, 0x9C, 0x63, 0x60, 0x60, 0x48, 0x4D, 0x03, 0x02, 0x56, 0x06, 0x06, 0x83, 0xF7, 0xFF, 0x81,
    0x80, 0x97, 0x81, 0x61, 0x01, 0xDF, 0x77, 0x66, 0x06, 0x10, 0xF8, 0xC4, 0x0E, 0x65, 0xBC, 0x62,
    0x80, 0x30, 0x14, 0xFA, 0xA1, 0x8C, 0x05, 0xF2, 0x0C, 0xDF, 0x81, 0x8A, 0x59, 0x19, 0x3E, 0x71,
    0x32, 0x7C, 0x0F, 0x0F, 0x0D, 0x65, 0x64, 0xF8, 0x09, 0xE4, 0x82, 0xA4, 0x04, 0xF6, 0xA7, 0xA5,
    0xFD, 0x02, 0x31, 0x26, 0xE8, 0x33, 0x40, 0x14, 0x7F, 0xE4, 0x02, 0x32, 0x32, 0xD2, 0xD2, 0xC4,
    0x7E, 0x00, 0x79, 0x20, 0x5D, 0xF6, 0x00, 0x59, 0x32, 0x26, 0xB3, 0x78, 0x9C, 0x63, 0x60, 0x48,
    0xEC, 0x10, 0x63, 0x60, 0x60, 0x58, 0xF0, 0xFF, 0xEE, 0x7F, 0x0E, 0x06, 0x86, 0xDF, 0x1C, 0x0C,
    0x13, 0xE7, 0x33, 0x24, 0xF4, 0x03, 0x45, 0x76, 0x33, 0x1C, 0xE0, 0x67, 0x00, 0x81, 0x0F, 0xDC,
    0x10, 0x8A, 0x0B, 0x99, 0xF7, 0x80, 0x17, 0x4C, 0x4D, 0xB0, 0x07, 0x12, 0xC5, 0x0C, 0x0A, 0xF7,
    0x19, 0x19, 0x04, 0xDE, 0x32, 0x30, 0x7C, 0xAD, 0x73, 0x79, 0x6E, 0xC7, 0xC0, 0x60, 0xF0, 0xFB,
    0xFF, 0x7C, 0x26, 0x90, 0x74, 0x2E, 0x58, 0x11, 0xC3, 0x4B, 0x36, 0x88, 0x62, 0xB0, 0x09, 0x01,
    0x6B, 0x80, 0x52, 0x00, 0x6A, 0x5F, 0x18, 0xE6, 0x78, 0x9C, 0x63, 0x98, 0xC8, 0xC1, 0x00, 0x04,
    0x06, 0x73, 0x41, 0x24, 0x43, 0x01, 0x13, 0x03, 0x43, 0x72, 0x5A, 0x5A, 0x5A, 0x18, 0xC3, 0x8F,
    0xFF, 0xFF, 0xFF, 0xDF, 0x67, 0xF8, 0xC1, 0x04, 0x12, 0x45, 0x21, 0x99, 0xC1, 0x24, 0x50, 0x36,
    0x9E, 0xE1, 0x47, 0x58, 0x68, 0xA8, 0x28, 0x36, 0x35, 0xE9, 0x40, 0x23, 0x18, 0x41, 0x6A, 0xFE,
    0x33, 0x03, 0x00, 0xD2, 0x14, 0x1D, 0x59, 0x78, 0x9C, 0x63, 0x60, 0x08, 0xF0, 0x64, 0x00, 0x82,
    0xA7, 0x6C, 0x20, 0x52, 0x03, 0x88, 0x93, 0xD3, 0xD2, 0xD2, 0xC2, 0x18, 0x7E, 0xFC, 0xFF, 0xFF,
    0xFF, 0x3E, 0xC3, 0x0F, 0x26, 0x90, 0x28, 0x0A, 0xC9, 0x0C, 0x26, 0x81, 0xB2, 0xF1, 0x0C, 0x3F,
    0xC2, 0x42, 0x43, 0x45, 0xB1, 0xA9, 0x49, 0x07, 0x1A, 0xC1, 0x08, 0x52, 0xF3, 0x9F, 0x19, 0x00,
    0xC3, 0xA2, 0x1D, 0x2D, 0x78, 0x9C, 0x63, 0x10, 0xD8, 0xC5, 0xCA, 0xC0, 0xC0, 0x70, 0xA0, 0xC7,
    0x1F, 0x48, 0x86, 0x32, 0x34, 0x31, 0x30, 0x24, 0xA7, 0xA5, 0xA5, 0x85, 0x31, 0xFC, 0xF8, 0xFF,
    0xFF, 0xFF, 0x7D, 0x86, 0x1F, 0x4C, 0x40, 0x51, 0x54, 0x92, 0x19, 0x4C, 0x02, 0x65, 0xE3, 0x19,
    0x7E, 0x84, 0x85, 0x86, 0x8A, 0x62, 0x53, 0x93, 0x0E, 0x34, 0x82, 0x11, 0xA4, 0xE6, 0x3F, 0x33,
    0x00, 0x4C, 0xB1, 0x1E, 0xC2, 0x78, 0x9C, 0x63, 0x10, 0x60, 0x00, 0x81, 0x2F, 0x4C, 0x73, 0x81,
    0x64, 0x13, 0x63, 0x38, 0x03, 0x43, 0x72, 0x5A, 0x5A, 0x5A, 0x18, 0xC3, 0x8F, 0xFF, 0xFF, 0xFF,
    0xDF, 0x67, 0xF8, 0xC1, 0x04, 0x92, 0x44, 0x21, 0x99, 0xC1, 0x24, 0x50, 0x36, 0x9E, 0xE1, 0x47,
    0x58, 0x68, 0xA8, 0x28, 0x36, 0x35, 0xE9, 0x40, 0x23, 0x18, 0x41, 0x6A, 0xFE, 0x33, 0x03, 0x00,
    0x05, 0x08, 0x1D, 0xFE, 0x78, 0x9C, 0x9B, 0xCE, 0xB8, 0x40, 0x96, 0x21, 0x54, 0x41, 0x2D, 0x20,
    0x1E, 0x3B, 0x04, 0x00, 0x9F, 0x45, 0x0A, 0x25, 0x78, 0x9C, 0x13, 0xA8, 0xBC, 0x28, 0x15, 0xCA,
    0x90, 0xC4, 0xF4, 0x95, 0x15, 0x3B, 0x04, 0x00, 0xD7, 0xC5, 0x0D, 0xE6, 0x78, 0x9C, 0x63, 0xD8,
    0xC1, 0xC9, 0xD0, 0x50, 0x37, 0x8F, 0xA1, 0x88, 0xA1, 0x80, 0x89, 0x21, 0x89, 0x89, 0x81, 0xE1,
    0x2B, 0x2B, 0x49, 0x18, 0x00, 0xF8, 0x3B, 0x0F, 0x5E, 0x78, 0x9C, 0x63, 0x60, 0x60, 0xE8, 0x2F,
    0xE0, 0xF7, 0x70, 0xE0, 0x50, 0x50, 0x63, 0x08, 0x88, 0x27, 0x8C, 0x00, 0xEC, 0x6E, 0x0A, 0x19,
    0x78, 0x9C, 0x33, 0x48, 0x4B, 0x33, 0x65, 0x60, 0x60, 0x68, 0xF8, 0xFF, 0xFF, 0x7F, 0x1D, 0x90,
    0xD2, 0x67, 0x30, 0xF8, 0xCD, 0x05, 0xA2, 0x18, 0x1A, 0xF2, 0xC1, 0x14, 0xC3, 0x3D, 0x86, 0x06,
    0x7B, 0x20, 0xF5, 0x8B, 0xE1, 0xDF, 0xFF, 0xFF, 0xDC, 0x0C, 0x3F, 0x19, 0x97, 0xE4, 0x87, 0x32,
    0x03, 0x79, 0x60, 0xB9, 0xB7, 0x60, 0xCA, 0x60, 0x3E, 0x98, 0xBA, 0xA4, 0xCF, 0xD0, 0x50, 0x1F,
    0x3A, 0xED, 0x3D, 0x0B, 0xC8, 0xB0, 0xFB, 0x12, 0x0C, 0x0C, 0x00, 0x2A, 0x62, 0x1D, 0x77, 0x78,
    0x9C, 0x63, 0x68, 0x88, 0x56, 0xE0, 0x60, 0x60, 0xB8, 0xF2, 0xF2, 0x1D, 0x3B, 0x03, 0x83, 0x09,
    0x43, 0x1A, 0x03, 0x43, 0x32, 0x33, 0x03, 0x43, 0x02, 0xF3, 0x0F, 0x39, 0x06, 0x86, 0x0F, 0x1C,
    0x3F, 0xE6, 0x83, 0xC8, 0x17, 0xDF, 0x99, 0x41, 0xEC, 0x03, 0xBC, 0x20, 0xD2, 0xA0, 0x1F, 0x44,
    0x32, 0xFC, 0x64, 0x02, 0x91, 0x0F, 0x78, 0x40, 0x64, 0x40, 0x3E, 0x88, 0x64, 0x78, 0xF5, 0x11,
    0x44, 0x7E, 0x7C, 0x05, 0x22, 0x13, 0xFE, 0x83, 0x48, 0x86, 0x3F, 0x1C, 0x00, 0x49, 0x44, 0x24,
    0x83, 0x78, 0x9C, 0x63, 0x60, 0x98, 0xC8, 0xC1, 0x00, 0x02, 0x0A, 0x6B, 0xC1, 0x14, 0x43, 0x01,
    0x33, 0x88, 0x4C, 0xEC, 0x10, 0x03, 0x92, 0x0B, 0xFE, 0xDF, 0xFD, 0xCF, 0xC5, 0xC0, 0xF0, 0x87,
    0x9D, 0xA1, 0xE1, 0x3C, 0x43, 0x42, 0x3D, 0x50, 0xE4, 0x3B, 0xDB, 0x01, 0x3E, 0x20, 0xF5, 0x80,
    0xE7, 0x03, 0x50, 0x9C, 0x61, 0x03, 0xFF, 0x47, 0x4E, 0x20, 0x35, 0x41, 0xFE, 0x23, 0x88, 0xB7,
    0x40, 0xFE, 0x03, 0x0F, 0x90, 0x3A, 0xC0, 0xBF, 0x40, 0x1F, 0x48, 0x7D, 0xE2, 0x32, 0x38, 0x0F,
    0xA4, 0x7E, 0x33, 0x31, 0x7C, 0xCB, 0x35, 0xBE, 0x96, 0xCF, 0xC0, 0x60, 0xF0, 0xFB, 0xFF, 0x7E,
    0xB0, 0xD9, 0x82, 0x40, 0x0C, 0x00, 0x35, 0xD6, 0x1C, 0xCC, 0x78, 0x9C, 0x63, 0x60, 0x60, 0x68,
    0xE0, 0x64, 0x00, 0x81, 0x53, 0x4C, 0x20, 0xD2, 0x80, 0x1D, 0xCC, 0x49, 0xEC, 0x10, 0x03, 0x92,
    0x0B, 0xFE, 0xDF, 0xFD, 0xCF, 0xC5, 0xC0, 0xF0, 0x87, 0x9D, 0xA1, 0xE1, 0x3C, 0x43, 0x42, 0x3D,
    0x50, 0xE4, 0x3B, 0xDB, 0x01, 0x3E, 0x20, 0xF5, 0x80, 0xE7, 0x03, 0x50, 0x9C, 0x61, 0x03, 0xFF,
    0x47, 0x90, 0xDE, 0x09, 0xF2, 0x1F, 0x41, 0xBC, 0x05, 0xF2, 0x1F, 0x78, 0x80, 0xD4, 0x01, 0xFE,
    0x05, 0xFA, 0x40, 0xEA, 0x13, 0x97, 0xC1, 0x79, 0x20, 0xF5, 0x9B, 0x89, 0xE1, 0x5B, 0xAE, 0xF1,
    0xB5, 0x7C, 0xA0, 0xC9, 0xBF, 0xFF, 0xEF, 0x67, 0x06, 0x99, 0x2D, 0x08, 0xC4, 0x00, 0x15, 0xB8,
    0x1C, 0x7F, 0x78, 0x9C, 0x63, 0x60, 0x50, 0xD8, 0xCD, 0xCC, 0x00, 0x04, 0x8F, 0x66, 0xE9, 0x81,
    0x28, 0x37, 0x86, 0x62, 0x10, 0x95, 0xD8, 0x21, 0x06, 0x24, 0x17, 0xFC, 0xBF, 0xFB, 0x9F, 0x8B,
    0x81, 0xE1, 0x0F, 0x3B, 0x43, 0xC3, 0x79, 0x86, 0x84, 0x7A, 0xA0, 0xC8, 0x77, 0xB6, 0x03, 0x7C,
    0x40, 0xEA, 0x01, 0xCF, 0x07, 0xA0, 0x38, 0xC3, 0x06, 0xFE, 0x8F, 0x9C, 0x40, 0x6A, 0x82, 0xFC,
    0x47, 0x10, 0x6F, 0x81, 0xFC, 0x07, 0x1E, 0x20, 0x75, 0x80, 0x7F, 0x81, 0x3E, 0x90, 0xFA, 0xC4,
    0x65, 0x70, 0x1E, 0x48, 0xFD, 0x66, 0x62, 0xF8, 0x96, 0x6B, 0x7C, 0x2D, 0x9F, 0x81, 0xC1, 0xE0,
    0xF7, 0xFF, 0xFD, 0x60, 0x9B, 0x04, 0x81, 0x18, 0x00, 0xCF, 0x0D, 0x1E, 0x34, 0x78, 0x9C, 0x63,
    0x60, 0xD8, 0xCA, 0xBE, 0x81, 0x01, 0x08, 0xFA, 0xFE, 0xEE, 0x05, 0x92, 0x02, 0xAC, 0x01, 0xE2,
    0x20, 0x5E, 0x62, 0x87, 0x18, 0x90, 0x5C, 0xF0, 0xFF, 0xEE, 0x7F, 0x2E, 0x06, 0x86, 0x3F, 0xEC,
    0x0C, 0x0D, 0xE7, 0x19, 0x12, 0xEA, 0x81, 0x22, 0xDF, 0xD9, 0x0E, 0xF0, 0x01, 0xA9, 0x07, 0x3C,
    0x1F, 0x80, 0xE2, 0x0C, 0x1B, 0xF8, 0x3F, 0x72, 0x02, 0xA9, 0x09, 0xF2, 0x1F, 0x41, 0xBC, 0x05,
    0xF2, 0x1F, 0x78, 0x80, 0xD4, 0x01, 0xFE, 0x05, 0xFA, 0x40, 0xEA, 0x13, 0x97, 0xC1, 0x79, 0x20,
    0xF5, 0x9B, 0x89, 0xE1, 0x5B, 0xAE, 0xF1, 0xB5, 0x7C, 0x06, 0x06, 0x83, 0xDF, 0xFF, 0xF7, 0x33,
    0x83, 0xCC, 0x16, 0x04, 0x62, 0x00, 0x39, 0xAC, 0x1F, 0x23, 0x78, 0x9C, 0x63, 0x60, 0x60, 0x60,
    0x60, 0x04, 0x62, 0x86, 0xEF, 0x0C, 0xF5, 0x20, 0xAA, 0x85, 0xC1, 0x02, 0x44, 0x25, 0x76, 0x88,
    0x01, 0xC9, 0x05, 0xFF, 0xEF, 0xFE, 0xE7, 0x62, 0x60, 0xF8, 0xC3, 0xCE, 0xD0, 0x70, 0x9E, 0x21,
    0x01, 0x24, 0xFF, 0x9D, 0xED, 0x00, 0x1F, 0x90, 0x7A, 0xC0, 0xF3, 0x01, 0x28, 0xCE, 0xB0, 0x81,
    0xFF, 0x23, 0x27, 0x90, 0x9A, 0x20, 0xFF, 0x11, 0xC4, 0x5B, 0x20, 0xFF, 0x81, 0x07, 0x48, 0x1D,
    0xE0, 0x5F, 0xA0, 0x0F, 0xA4, 0x3E, 0x71, 0x19, 0x9C, 0x07, 0x52, 0xBF, 0x99, 0x18, 0xBE, 0xE5,
    0x1A, 0x5F, 0xCB, 0x67, 0x60, 0x30, 0xF8, 0xFD, 0x7F, 0x3F, 0x33, 0xC8, 0x6C, 0x41, 0x20, 0x06,
    0x00, 0x56, 0x16, 0x1D, 0x26, 0x78, 0x9C, 0x63, 0x60, 0x00, 0x82, 0xA5, 0x0C, 0x0C, 0x9B, 0x19,
    0x1E, 0x73, 0x19, 0xAC, 0x67, 0x30, 0x58, 0xF7, 0x99, 0x8B, 0x81, 0xE1, 0xF1, 0x7A, 0xA0, 0xE0,
    0x67, 0x20, 0x61, 0xB0, 0xFE, 0x31, 0x17, 0xC3, 0x67, 0x2E, 0x83, 0x75, 0x10, 0x25, 0x60, 0x00,
    0x00, 0x57, 0xB9, 0x0D, 0x33, 0x78, 0x9C, 0x01, 0x62, 0x00, 0x9D, 0xFF, 0x00, 0x00, 0x61, 0x88,
    0x16, 0x90, 0x1D, 0x00, 0xA0, 0xFF, 0xDD, 0xFF, 0xFC, 0x04, 0x00, 0xFC, 0x07, 0x00, 0xB1, 0xDF,
    0x00, 0x60, 0x7F, 0x00, 0x00, 0xF2, 0xFD, 0x07, 0xC0, 0x0E, 0x00, 0x10, 0xBD, 0xF1, 0x0D, 0xF0,
    0x0A, 0x00, 0xB0, 0x1D, 0xB0, 0x0F, 0xF1, 0x09, 0x00, 0xE9, 0x02, 0x90, 0x1F, 0xF1, 0x0A, 0x60,
    0x4F, 0x00, 0xA0, 0x0F, 0xF0, 0x0C, 0xF4, 0x06, 0x00, 0xC0, 0x0E, 0xA0, 0x5F, 0x9E, 0x00, 0x00,
    0xF2, 0x09, 0x30, 0xFF, 0x0B, 0x00, 0x00, 0xFB, 0x02, 0x00, 0xFD, 0x7E, 0x34, 0xD6, 0x5F, 0x00,
    0x90, 0x5E, 0xFB, 0xFF, 0xAF, 0x03, 0x00, 0x71, 0x03, 0x00, 0x11, 0x00, 0x00, 0x00, 0x63, 0xCE,
    0x24, 0x32, 0x78, 0x9C, 0x63, 0x70, 0x88, 0x64, 0x00, 0x81, 0x6F, 0xAC, 0x20, 0x52, 0x81, 0x83,
    0x81, 0x21, 0x19, 0x48, 0x27, 0x30, 0xFF, 0x64, 0x64, 0x60, 0xF8, 0xC8, 0x49, 0x3C, 0xF9, 0x9D,
    0x99, 0x81, 0xE1, 0x0B, 0xFB, 0x67, 0x2E, 0x06, 0x86, 0xDF, 0x4C, 0x13, 0xF6, 0x9B, 0x1E, 0xED,
    0x67, 0x60, 0xB8, 0xF6, 0xFF, 0x3E, 0xC8, 0x50, 0x45, 0xA0, 0x3C, 0x00, 0xEC, 0x56, 0x1B, 0xC5,
    0x78, 0x9C, 0x63, 0x60, 0x70, 0x88, 0x64, 0x00, 0x82, 0xC7, 0xEC, 0x20, 0xD2, 0x1C, 0x88, 0x93,
    0x81, 0x38, 0x81, 0xF9, 0x27, 0x23, 0x03, 0xC3, 0x47, 0x4E, 0xE2, 0xC9, 0xEF, 0xCC, 0x0C, 0x0C,
    0x5F, 0xD8, 0x3F, 0x73, 0x31, 0x30, 0xFC, 0x66, 0x9A, 0xB0, 0xDF, 0xF4, 0x68, 0x3F, 0x03, 0xC3,
    0xB5, 0xFF, 0xF7, 0x59, 0x81, 0x66, 0x29, 0x02, 0xE5, 0x01, 0xEA, 0xAD, 0x1B, 0xC3, 0x78, 0x9C,
    0x63, 0x60, 0xD8, 0xC1, 0xC9, 0xC0, 0xC0, 0xD0, 0x50, 0x37, 0x0F, 0x48, 0x16, 0x31, 0x14, 0x30,
    0x31, 0x24, 0x03, 0x19, 0x09, 0xCC, 0x3F, 0x19, 0x19, 0x18, 0x3E, 0x72, 0x12, 0x4F, 0x7E, 0x67,
    0x66, 0x60, 0xF8, 0xC2, 0xFE, 0x99, 0x8B, 0x81, 0xE1, 0x37, 0xD3, 0x84, 0xFD, 0xA6, 0x47, 0xFB,
    0x19, 0x18, 0xAE, 0xFD, 0xBF, 0xCF, 0x0A, 0x34, 0x4B, 0x11, 0x28, 0x0F, 0x00, 0x77, 0x67, 0x1D,
    0x4A, 0x78, 0x9C, 0x63, 0x60, 0x00, 0x83, 0x0F, 0xEC, 0x3F, 0x80, 0x64, 0x03, 0x4B, 0x0B, 0x03,
    0x43, 0x32, 0x90, 0x91, 0xC0, 0xFC, 0x93, 0x91, 0x81, 0xE1, 0x23, 0x27, 0xF1, 0xE4, 0x77, 0x66,
    0x06, 0x86, 0x2F, 0xEC, 0x9F, 0xB9, 0x18, 0x18, 0x7E, 0x33, 0x4D, 0xD8, 0x6F, 0x7A, 0xB4, 0x9F,
    0x81, 0xE1, 0xDA, 0xFF, 0xFB, 0xAC, 0x40, 0xB3, 0x14, 0x81, 0xF2, 0x00, 0x56, 0xFA, 0x1D, 0x00,
    0x78, 0x9C, 0x63, 0x60, 0x60, 0x98, 0xC6, 0xC4, 0xC0, 0xC0, 0x50, 0xE0, 0x07, 0x24, 0x18, 0x1A,
    0x19, 0x19, 0x18, 0x92, 0x81, 0x5C, 0x05, 0xB3, 0x87, 0x3C, 0x0C, 0x0C, 0x07, 0xE4, 0x02, 0xEA,
    0x19, 0x18, 0xBE, 0xB3, 0x32, 0xFC, 0x66, 0x12, 0xD8, 0xCF, 0xC0, 0xF0, 0x91, 0x7B, 0x83, 0x1C,
    0x03, 0x43, 0x42, 0xFC, 0x57, 0x36, 0xA0, 0xCA, 0xD7, 0xFB, 0x40, 0xEA, 0x3F, 0xC9, 0x83, 0xC8,
    0x0B, 0xBC, 0xB8, 0x49, 0x00, 0x87, 0x43, 0x12, 0x85, 0x78, 0x9C, 0x4B, 0x66, 0x00, 0x81, 0x1F,
    0x4C, 0x60, 0x52, 0x45, 0x89, 0x11, 0x48, 0xFE, 0xFF, 0xFF, 0x9E, 0x8D, 0xE1, 0x87, 0xB0, 0xE0,
    0xE6, 0x7A, 0xB0, 0xF8, 0x5B, 0x30, 0xF9, 0x0B, 0x4C, 0xBE, 0x01, 0x91, 0x0D, 0xFD, 0x0C, 0x3F,
    0xEE, 0xDE, 0xFD, 0xCF, 0xC9, 0xF0, 0x23, 0x3D, 0x4D, 0x14, 0xAE, 0x17, 0x4C, 0x02, 0x00, 0xB8,
    0xFA, 0x18, 0x28, 0x78, 0x9C, 0x63, 0x60, 0x00, 0x02, 0x83, 0xDF, 0xEF, 0x39, 0x18, 0x3E, 0xC5,
    0x16, 0xAF, 0x67, 0xF8, 0xC1, 0xC4, 0xF0, 0x93, 0xE1, 0x35, 0x03, 0xC3, 0x19, 0x86, 0x3B, 0x0C,
    0x0B, 0xEC, 0x81, 0xC4, 0x17, 0x16, 0x20, 0xF1, 0x8D, 0x19, 0x48, 0x3C, 0xCC, 0x07, 0x12, 0x02,
    0xBF, 0x39, 0xEE, 0x30, 0x30, 0x2C, 0x90, 0x07, 0x12, 0x0E, 0xF6, 0x77, 0x0C, 0x54, 0x37, 0xF1,
    0xDF, 0x71, 0xF8, 0xFF, 0x9E, 0x85, 0x81, 0x41, 0x81, 0x91, 0x01, 0x00, 0xDB, 0x76, 0x19, 0xD4,
    0x78, 0x9C, 0x63, 0x70, 0x64, 0x62, 0x00, 0x82, 0x8D, 0x72, 0x20, 0x92, 0x61, 0x27, 0x98, 0x0C,
    0x60, 0x04, 0x12, 0x85, 0xB3, 0xD8, 0x19, 0x18, 0x0C, 0xEE, 0xCF, 0x78, 0xC7, 0xC0, 0x30, 0x41,
    0x9E, 0xE1, 0x0B, 0x1B, 0x48, 0xE2, 0x03, 0x27, 0x03, 0xC3, 0xD4, 0xD3, 0x7F, 0x38, 0x19, 0x26,
    0xAC, 0x0F, 0xFB, 0xCA, 0xC9, 0xF0, 0x91, 0x13, 0x24, 0xF2, 0x99, 0x8D, 0xE1, 0x1B, 0x90, 0x21,
    0x93, 0xF8, 0x9A, 0x87, 0x21, 0xE0, 0xFF, 0xFE, 0xC6, 0xFF, 0x0C, 0x0C, 0x0A, 0x20, 0x03, 0x00,
    0x6B, 0x03, 0x17, 0x5C, 0x78, 0x9C, 0x63, 0x60, 0x50, 0x10, 0x61, 0x00, 0x82, 0x87, 0xDC, 0x20,
    0xB2, 0x07, 0x44, 0x28, 0xB0, 0x80, 0xC8, 0xC2, 0x59, 0xEC, 0x0C, 0x0C, 0x06, 0xF7, 0x67, 0xBC,
    0x63, 0x60, 0x98, 0x20, 0xCF, 0xF0, 0x85, 0x0D, 0x24, 0xF6, 0x81, 0x93, 0x81, 0x61, 0xEA, 0xE9,
    0x3F, 0x9C, 0x0C, 0x13, 0xD6, 0x87, 0x7D, 0xE5, 0x64, 0xF8, 0xC8, 0x09, 0x12, 0xF9, 0xCC, 0xC6,
    0xF0, 0x0D, 0xC8, 0x90, 0x49, 0x7C, 0xCD, 0xC3, 0x10, 0xF0, 0x7F, 0x7F, 0xE3, 0x7F, 0xA0, 0x09,
    0x8C, 0x40, 0xC5, 0x00, 0x54, 0x8B, 0x17, 0x10, 0x78, 0x9C, 0x63, 0x60, 0x10, 0x64, 0x00, 0x82,
    0x86, 0xFF, 0x2C, 0x40, 0xF2, 0x59, 0xB2, 0x1E, 0x90, 0x14, 0x63, 0x70, 0x06, 0x92, 0x85, 0xB3,
    0xD8, 0x19, 0x18, 0x0C, 0xEE, 0xCF, 0x78, 0xC7, 0xC0, 0x30, 0x41, 0x9E, 0xE1, 0x0B, 0x1B, 0x48,
    0xD5, 0x07, 0x4E, 0x06, 0x86, 0xA9, 0xA7, 0xFF, 0x70, 0x32, 0x4C, 0x58, 0x1F, 0xF6, 0x95, 0x93,
    0xE1, 0x23, 0x27, 0x48, 0xE4, 0x33, 0x1B, 0xC3, 0x37, 0x20, 0x43, 0x26, 0xF1, 0x35, 0x0F, 0x43,
    0xC0, 0xFF, 0xFD, 0x8D, 0xFF, 0x19, 0x18, 0x14, 0x18, 0x81, 0x8A, 0x01, 0xCE, 0x29, 0x18, 0xA4,
    0x78, 0x9C, 0x63, 0xB8, 0x62, 0xB5, 0x80, 0x89, 0x81, 0xA1, 0xF6, 0xD7, 0x3D, 0x06, 0x06, 0x06,
    0x56, 0x05, 0x31, 0x20, 0x59, 0x38, 0x8B, 0x9D, 0x81, 0xC1, 0xE0, 0xFE, 0x8C, 0x77, 0x0C, 0x0C,
    0x13, 0xE4, 0x19, 0xBE, 0xB0, 0x01, 0x85, 0x18, 0x3E, 0x70, 0x32, 0x30, 0x4C, 0x3D, 0xFD, 0x87,
    0x93, 0x61, 0xC2, 0xFA, 0xB0, 0xAF, 0x9C, 0x0C, 0x1F, 0x39, 0x41, 0x22, 0x9F, 0xD9, 0x18, 0xBE,
    0x01, 0x19, 0x32, 0x89, 0xAF, 0x79, 0x18, 0x02, 0xFE, 0xEF, 0x6F, 0xFC, 0xCF, 0xC0, 0xA0, 0xC0,
    0x08, 0x54, 0x0C, 0x00, 0x0F, 0x2F, 0x19, 0x80, 0x78, 0x9C, 0x63, 0x70, 0x62, 0x10, 0x65, 0x60,
    0x60, 0x78, 0x21, 0x10, 0x0F, 0x24, 0x9D, 0x18, 0x44, 0x80, 0x64, 0xE1, 0x2C, 0x76, 0x06, 0x06,
    0x83, 0xFB, 0x33, 0xDE, 0x31, 0x30, 0x4C, 0x90, 0x67, 0xF8, 0xC2, 0x06, 0x14, 0x62, 0xF8, 0xC0,
    0xC9, 0xC0, 0x30, 0xF5, 0xF4, 0x1F, 0x4E, 0x86, 0x09, 0xEB, 0xC3, 0xBE, 0x72, 0x32, 0x7C, 0xE4,
    0x04, 0x89, 0x7C, 0x66, 0x63, 0xF8, 0x06, 0x64, 0xC8, 0x24, 0xBE, 0xE6, 0x61, 0x08, 0xF8, 0xBF,
    0xBF, 0xF1, 0x3F, 0x03, 0x83, 0x02, 0x23, 0x50, 0x31, 0x00, 0x5D, 0xBE, 0x17, 0x44, 0x78, 0x9C,
    0x63, 0x10, 0x48, 0x67, 0x00, 0x82, 0x03, 0x2B, 0xB8, 0x80, 0xE4, 0x21, 0x06, 0x7E, 0x20, 0xF9,
    0xA0, 0x94, 0x07, 0x48, 0x2A, 0xCC, 0x62, 0x04, 0x92, 0x85, 0xB3, 0xD8, 0x19, 0x18, 0x0C, 0xEE,
    0xCF, 0x78, 0xC7, 0xC0, 0x30, 0x41, 0x9E, 0xE1, 0x0B, 0x1B, 0x48, 0xED, 0x07, 0x4E, 0x06, 0x86,
    0xA9, 0xA7, 0xFF, 0x70, 0x32, 0x4C, 0x58, 0x1F, 0xF6, 0x95, 0x93, 0xE1, 0x23, 0x27, 0x48, 0xE4,
    0x33, 0x1B, 0xC3, 0x37, 0x20, 0x43, 0x26, 0xF1, 0x35, 0x0F, 0x43, 0xC0, 0xFF, 0xFD, 0x8D, 0xFF,
    0x81, 0x26, 0x80, 0x0C, 0x00, 0x00, 0x4F, 0xED, 0x1A, 0x16, 0x78, 0x9C, 0x01, 0x58, 0x00, 0xA7,
    0xFF, 0x00, 0x82, 0xAA, 0x07, 0x70, 0xAA, 0x17, 0x00, 0x50, 0xCF, 0x98, 0xDF, 0xED, 0x99, 0xEE,
    0x02, 0xC0, 0x0D, 0x00, 0xF5, 0x2F, 0x00, 0xE1, 0x0A, 0x00, 0x00, 0x00, 0xF1, 0x0A, 0x00, 0x90,
    0x0F, 0x00, 0xA6, 0xCB, 0xFC, 0xAD, 0xAA, 0xCA, 0x2F, 0xC0, 0x9F, 0x56, 0xF6, 0x9C, 0x99, 0x99,
    0x19, 0xF4, 0x06, 0x00, 0xF2, 0x09, 0x00, 0x00, 0x00, 0xF6, 0x03, 0x00, 0xF7, 0x0D, 0x00, 0x30,
    0x03, 0xF3, 0x1A, 0x71, 0x5D, 0x9F, 0x02, 0xF5, 0x09, 0x70, 0xFF, 0xBF, 0x01, 0xE6, 0xFF, 0x9F,
    0x00, 0x00, 0x20, 0x01, 0x00, 0x00, 0x21, 0x00, 0x00, 0x4B, 0xDF, 0x21, 0xCA, 0x78, 0x9C, 0x63,
    0x28, 0x9C, 0xC5, 0xCA, 0xA0, 0xF0, 0x6E, 0xE5, 0x7A, 0x86, 0x0D, 0x72, 0x0C, 0xDF, 0x99, 0x3F,
    0x70, 0x32, 0x18, 0x30, 0x7E, 0x66, 0x67, 0x60, 0x60, 0x00, 0x13, 0x9F, 0x38, 0x80, 0xC4, 0x03,
    0x5E, 0x86, 0xC7, 0xAC, 0x05, 0xF3, 0x8D, 0xFE, 0x30, 0x32, 0x7C, 0xFF, 0x6F, 0x0B, 0x14, 0xF0,
    0x07, 0x62, 0x81, 0x97, 0xAC, 0x40, 0x72, 0x23, 0x50, 0xBE, 0x60, 0x0E, 0x23, 0x03, 0x00, 0xD7,
    0x65, 0x12, 0xB0, 0x78, 0x9C, 0x63, 0x70, 0x60, 0x66, 0x60, 0x60, 0x68, 0xF0, 0x07, 0x12, 0x0C,
    0x4F, 0x19, 0x81, 0x84, 0x01, 0x90, 0x5F, 0xB0, 0x4A, 0x9C, 0x41, 0xE1, 0xDD, 0xCC, 0x77, 0x4C,
    0x1B, 0xE4, 0x19, 0x1E, 0x72, 0x7F, 0xE0, 0x64, 0x98, 0xC0, 0xFF, 0x79, 0xCD, 0xAA, 0x53, 0xFA,
    0x9F, 0xE7, 0xCC, 0x9C, 0x29, 0xF9, 0x89, 0x03, 0xA8, 0xEA, 0x01, 0x0F, 0x50, 0x61, 0xC2, 0x7C,
    0xC6, 0xAF, 0x9C, 0x0C, 0xCF, 0xFF, 0xCF, 0x07, 0x0A, 0x28, 0x31, 0x30, 0x00, 0x00, 0xEF, 0xDF,
    0x16, 0x21, 0x78, 0x9C, 0x63, 0x60, 0x10, 0x50, 0x61, 0x60, 0x60, 0x38, 0xA0, 0x0B, 0x24, 0x76,
    0x30, 0x02, 0x09, 0x36, 0x20, 0x2E, 0x58, 0x25, 0xCE, 0xA0, 0xF0, 0x6E, 0xE6, 0x3B, 0xA6, 0x0D,
    0xF2, 0x0C, 0x0F, 0xB9, 0x3F, 0x70, 0x32, 0x4C, 0xE0, 0xFF, 0xBC, 0x66, 0xD5, 0x29, 0xFD, 0xCF,
    0x73, 0x66, 0xCE, 0x94, 0xFC, 0xC4, 0x01, 0x54, 0xF1, 0x80, 0x87, 0xC1, 0x80, 0x39, 0x61, 0x3E,
    0xE3, 0x57, 0x4E, 0x86, 0xE7, 0xFF, 0xE7, 0x03, 0x05, 0x94, 0x18, 0x18, 0x00, 0xDD, 0x3D, 0x15,
    0xD6, 0x78, 0x9C, 0x63, 0x60, 0x10, 0x64, 0x60, 0x60, 0x08, 0xF8, 0xCF, 0xC1, 0xC0, 0xF0, 0xD8,
    0x2C, 0x8E, 0x81, 0x41, 0x95, 0x21, 0x91, 0x81, 0xA1, 0x60, 0x95, 0x38, 0x83, 0xC2, 0xBB, 0x99,
    0xEF, 0x98, 0x36, 0xC8, 0x33, 0x3C, 0xE4, 0xFE, 0xC0, 0xC9, 0x30, 0x81, 0xFF, 0xF3, 0x9A, 0x55,
    0xA7, 0xF4, 0x3F, 0xCF, 0x99, 0x39, 0x53, 0xF2, 0x13, 0x50, 0x29, 0xC3, 0x03, 0x1E, 0x06, 0x03,
    0xE6, 0x84, 0xF9, 0x8C, 0x5F, 0x39, 0x19, 0x9E, 0xFF, 0x9F, 0x0F, 0x14, 0x50, 0x62, 0x60, 0x00,
    0x00, 0x3C, 0x1E, 0x17, 0x5B, 0x78, 0x9C, 0x01, 0x46, 0x00, 0xB9, 0xFF, 0x00, 0x52, 0x00, 0x25,
    0x00, 0x00, 0xF6, 0x00, 0x7F, 0x00, 0x00, 0x41, 0x00, 0x24, 0x00, 0x00, 0x70, 0xAA, 0x17, 0x00,
    0x20, 0xEE, 0x99, 0xEE, 0x02, 0xB0, 0x1F, 0x00, 0xE1, 0x0B, 0xF0, 0x09, 0x00, 0x90, 0x0F, 0xF3,
    0xAC, 0xAA, 0xCA, 0x2F, 0xF3, 0x9C, 0x99, 0x99, 0x19, 0xF2, 0x08, 0x00, 0x00, 0x00, 0xE0, 0x0C,
    0x00, 0x30, 0x03, 0x60, 0x9F, 0x01, 0xF5, 0x09, 0x00, 0xE7, 0xFF, 0x9F, 0x00, 0x00, 0x00, 0x22,
    0x00, 0x00, 0xF3, 0xE9, 0x16, 0x47, 0x78, 0x9C, 0x33, 0x66, 0xF8, 0xCA, 0x6E, 0x60, 0xC7, 0x10,
    0xA8, 0xA0, 0xE1, 0xE0, 0x8F, 0x0E, 0x01, 0x64, 0xEF, 0x07, 0x3E, 0x78, 0x9C, 0x63, 0x30, 0x2E,
    0x88, 0x7F, 0xCC, 0x2C, 0xCA, 0xD0, 0xC4, 0xF4, 0x85, 0x05, 0x1D, 0x02, 0x00, 0x92, 0xD9, 0x0B,
    0x3A, 0x78, 0x9C, 0x63, 0x10, 0x60, 0x60, 0x60, 0xF8, 0x23, 0xC7, 0xB0, 0x41, 0xFB, 0x14, 0x43,
    0x10, 0x43, 0x00, 0x13, 0x43, 0x13, 0x13, 0x03, 0xC3, 0x17, 0x16, 0x82, 0x18, 0x00, 0x5E, 0x20,
    0x0C, 0xB0, 0x78, 0x9C, 0x53, 0x51, 0x60, 0xED, 0x2F, 0xE0, 0x57, 0x51, 0x60, 0x51, 0xD0, 0x60,
    0x70, 0xF0, 0xC7, 0x89, 0x00, 0x8A, 0x90, 0x06, 0xEF, 0x78, 0x9C, 0x63, 0x60, 0x60, 0x10, 0x60,
    0x60, 0x38, 0xE4, 0xFD, 0x92, 0x91, 0x21, 0xE0, 0x3F, 0x17, 0x03, 0xC3, 0xCA, 0x66, 0x7B, 0x06,
    0x20, 0x78, 0xC3, 0xC0, 0x90, 0xD0, 0xF9, 0x83, 0x5D, 0xE1, 0xDD, 0xAA, 0x7F, 0xBC, 0x07, 0xE4,
    0x18, 0x2E, 0xE8, 0x7F, 0xE4, 0x64, 0x28, 0xB0, 0xFF, 0xCC, 0xCE, 0x10, 0x10, 0xFF, 0x99, 0x83,
    0x21, 0xC1, 0xFF, 0x03, 0x37, 0xC3, 0x04, 0xF9, 0x86, 0x7A, 0xC1, 0x6F, 0x9C, 0x0C, 0x3F, 0xFE,
    0xF7, 0x03, 0x35, 0x28, 0x31, 0x30, 0x00, 0x00, 0x58, 0xC0, 0x17, 0x9D, 0x78, 0x9C, 0x73, 0x58,
    0xCB, 0xAC, 0x75, 0x61, 0xF9, 0x7B, 0xDE, 0x00, 0x86, 0x24, 0xC6, 0xB4, 0x82, 0x59, 0x2C, 0xA7,
    0x77, 0xDF, 0x8C, 0xFF, 0xCD, 0xCE, 0xB0, 0xEF, 0x37, 0x03, 0xC3, 0x9D, 0xDB, 0x0C, 0x0C, 0xAF,
    0xB1, 0x61, 0x00, 0x4C, 0x09, 0x16, 0xAE, 0x78, 0x9C, 0x63, 0x70, 0x60, 0x66, 0x60, 0x60, 0x68,
    0xF0, 0x07, 0x12, 0x0C, 0x4F, 0x19, 0x81, 0x84, 0x01, 0x90, 0x5F, 0xB8, 0x4A, 0x9C, 0x41, 0xE1,
    0xDD, 0xCC, 0x7F, 0xCC, 0x1B, 0xE4, 0x18, 0x1E, 0xF2, 0x7C, 0xE4, 0x64, 0x98, 0x20, 0xFF, 0x99,
    0x9D, 0xA1, 0xC0, 0x1E, 0x48, 0x24, 0xD8, 0x7F, 0xE2, 0x60, 0x28, 0xD0, 0x7F, 0xC0, 0xC3, 0x70,
    0x80, 0xAF, 0xA0, 0x5F, 0xF0, 0x07, 0x3B, 0xC3, 0xF3, 0xFF, 0x75, 0x40, 0x6D, 0x4A, 0x0C, 0x0C,
    0x00, 0xB4, 0x72, 0x14, 0x94, 0x78, 0x9C, 0x63, 0x60, 0x10, 0x50, 0x61, 0x60, 0x60, 0xB8, 0x20,
    0x03, 0x24, 0x56, 0x02, 0x31, 0x03, 0x2B, 0x10, 0x17, 0xAE, 0x12, 0x67, 0x50, 0x78, 0x37, 0xF3,
    0x1F, 0xF3, 0x06, 0x39, 0x86, 0x87, 0x3C, 0x1F, 0x39, 0x19, 0x26, 0xC8, 0x7F, 0x66, 0x67, 0x28,
    0xB0, 0x07, 0x12, 0x09, 0xF6, 0x9F, 0x38, 0x18, 0x0A, 0xF4, 0x1F, 0xF0, 0x30, 0x1C, 0xE0, 0x2B,
    0xE8, 0x17, 0xFC, 0xC1, 0xCE, 0xF0, 0xFC, 0x7F, 0x1D, 0x50, 0x8B, 0x12, 0x03, 0x03, 0x00, 0x9D,
    0x74, 0x14, 0x37, 0x78, 0x9C, 0x63, 0x60, 0x10, 0x64, 0x60, 0x60, 0x08, 0xF8, 0xCF, 0xCE, 0xC0,
    0xF0, 0xD8, 0xCD, 0x8F, 0x81, 0x41, 0x95, 0x21, 0x91, 0x81, 0xA1, 0x70, 0x95, 0x38, 0x83, 0xC2,
    0xBB, 0x99, 0xFF, 0x98, 0x37, 0xC8, 0x31, 0x3C, 0xE4, 0xF9, 0xC8, 0xC9, 0x30, 0x41, 0xFE, 0x33,
    0x3B, 0x43, 0x81, 0x3D, 0x90, 0x48, 0xB0, 0xFF, 0xC4, 0xC1, 0x50, 0xA0, 0xFF, 0x80, 0x87, 0xE1,
    0x00, 0x5F, 0x41, 0xBF, 0xE0, 0x0F, 0x76, 0x86, 0xE7, 0xFF, 0xEB, 0x80, 0x26, 0x28, 0x31, 0x30,
    0x00, 0x00, 0x00, 0x7E, 0x15, 0xCD, 0x78, 0x9C, 0x63, 0xB8, 0x62, 0xBD, 0x80, 0x89, 0xA1, 0xF6,
    0xD7, 0x3D, 0x06, 0x06, 0x56, 0x05, 0x31, 0x06, 0x86, 0xC2, 0x55, 0xE2, 0x0C, 0x0A, 0xEF, 0x66,
    0xFE, 0x63, 0xDE, 0x20, 0xC7, 0xF0, 0x90, 0xE7, 0x23, 0x27, 0xC3, 0x04, 0xF9, 0xCF, 0xEC, 0x0C,
    0x05, 0xF6, 0x40, 0x22, 0xC1, 0xFE, 0x13, 0x07, 0x43, 0x81, 0xFE, 0x03, 0x1E, 0x86, 0x03, 0x7C,
    0x05, 0xFD, 0x82, 0x3F, 0xD8, 0x19, 0x9E, 0xFF, 0xAF, 0x63, 0x60, 0x60, 0x50, 0x62, 0x60, 0x00,
    0x00, 0x38, 0x8C, 0x16, 0xAA, 0x78, 0x9C, 0x63, 0x08, 0x62, 0x50, 0x61, 0x60, 0xF8, 0xC6, 0xD0,
    0xCF, 0xC0, 0xE0, 0x08, 0x62, 0x15, 0xAE, 0x12, 0x67, 0x50, 0x78, 0x37, 0xF3, 0x1F, 0xF3, 0x06,
    0x39, 0x86, 0x87, 0x3C, 0x1F, 0x39, 0x19, 0x26, 0xC8, 0x7F, 0x66, 0x67, 0x28, 0xB0, 0x07, 0x12,
    0x09, 0xF6, 0x9F, 0x38, 0x18, 0x0A, 0xF4, 0x1F, 0xF0, 0x30, 0x1C, 0xE0, 0x2B, 0xE8, 0x17, 0xFC,
    0xC1, 0xCE, 0xF0, 0xFC, 0x7F, 0x1D, 0x03, 0x03, 0x83, 0x12, 0x03, 0x03, 0x00, 0xBC, 0x19, 0x14,
    0xC9, 0x78, 0x9C, 0x63, 0x60, 0x00, 0x83, 0x35, 0x20, 0x22, 0x1D, 0xC2, 0x66, 0x58, 0xB2, 0x6A,
    0xD5, 0x2A, 0x2B, 0x30, 0x01, 0x15, 0x48, 0x87, 0x2B, 0x01, 0x02, 0x00, 0xCA, 0x77, 0x07, 0xDF,
    0x78, 0x9C, 0x01, 0x42, 0x00, 0xBD, 0xFF, 0x00, 0x40, 0xA9, 0x49, 0xC3, 0x03, 0x00, 0xF8, 0x8B,
    0xFA, 0x7F, 0x00, 0x30, 0x8F, 0x00, 0xD0, 0x4F, 0x00, 0x80, 0x1F, 0x00, 0xBB, 0x9F, 0x00, 0xA0,
    0x0F, 0x90, 0x0D, 0xBE, 0x00, 0xB0, 0x0F, 0xE7, 0x01, 0xCE, 0x00, 0x90, 0x5F, 0x3F, 0x00, 0xAF,
    0x00, 0x50, 0xFF, 0x04, 0x30, 0x7F, 0x00, 0x20, 0xEF, 0x03, 0xD3, 0x1E, 0x00, 0xD0, 0xBA, 0xFF,
    0xCF, 0x02, 0x00, 0x52, 0x00, 0x20, 0x01, 0x00, 0x00, 0x2E, 0xD2, 0x16, 0xFA, 0x78, 0x9C, 0x63,
    0x30, 0x66, 0x60, 0x60, 0xF8, 0xC6, 0xC6, 0xC0, 0xE0, 0xA0, 0x07, 0x64, 0x38, 0x31, 0xA4, 0x31,
    0x30, 0xA4, 0xDD, 0x61, 0x60, 0xB8, 0x83, 0x05, 0xDF, 0x7D, 0xCD, 0x20, 0x70, 0xFF, 0x87, 0xF8,
    0xE1, 0xBB, 0x1B, 0xFF, 0xC7, 0xDD, 0x62, 0x50, 0x64, 0x60, 0x00, 0x00, 0xF5, 0xD6, 0x14, 0x8F,
    0x78, 0x9C, 0x63, 0x60, 0x70, 0x62, 0x64, 0x10, 0xD8, 0xC7, 0xC0, 0x70, 0x80, 0x93, 0x81, 0x21,
    0x90, 0x81, 0x21, 0x0D, 0x88, 0xEE, 0x30, 0x30, 0xDC, 0xC1, 0x82, 0xEF, 0xBE, 0x66, 0x10, 0xB8,
    0xFF, 0x43, 0xFC, 0xF0, 0xDD, 0x8D, 0xFF, 0xE3, 0x6E, 0x31, 0x28, 0x32, 0x30, 0x00, 0x00, 0x04,
    0x00, 0x14, 0xDB, 0x78, 0x9C, 0x63, 0x10, 0x60, 0x64, 0x60, 0xF8, 0x5A, 0xCF, 0xE0, 0x10, 0xF7,
    0x84, 0x25, 0x80, 0x49, 0x81, 0x35, 0x8D, 0x81, 0x21, 0xED, 0x0E, 0x03, 0xC3, 0x1D, 0x2C, 0xF8,
    0xEE, 0x6B, 0x06, 0x81, 0xFB, 0x3F, 0xC4, 0x0F, 0xDF, 0xDD, 0xF8, 0x3F, 0xEE, 0x16, 0x83, 0x22,
    0x03, 0x03, 0x00, 0x48, 0xCA, 0x16, 0x32, 0x78, 0x9C, 0x53, 0x60, 0x09, 0x60, 0x6C, 0xE0, 0xFB,
    0xC8, 0xA6, 0xC0, 0xE2, 0xC0, 0x98, 0xC6, 0xC0, 0x90, 0x76, 0x87, 0x81, 0xE1, 0x0E, 0x16, 0x7C,
    0xF7, 0x35, 0x83, 0xC0, 0xFD, 0x1F, 0xE2, 0x87, 0xEF, 0x6E, 0xFC, 0x1F, 0x77, 0x8B, 0x41, 0x91,
    0x81, 0x01, 0x00, 0x0A, 0xC6, 0x15, 0x0F, 0x78, 0x9C, 0x63, 0x60, 0x30, 0x60, 0x66, 0x60, 0x60,
    0xF8, 0xC1, 0xC2, 0xC0, 0xE0, 0xA0, 0x0B, 0x64, 0x04, 0x30, 0x32, 0x30, 0xA4, 0x33, 0x30, 0x24,
    0xB0, 0xFF, 0x60, 0x62, 0xF8, 0xC8, 0xF9, 0x89, 0x9D, 0xE1, 0x1B, 0xF3, 0x01, 0x5E, 0x86, 0xD3,
    0x0C, 0x01, 0xFE, 0x02, 0xF9, 0x0C, 0x0C, 0xEB, 0x12, 0xE4, 0x19, 0x18, 0x7E, 0x1E, 0xE0, 0x62,
    0x60, 0xF8, 0xF4, 0x1D, 0xA8, 0xE3, 0xC0, 0x7B, 0x90, 0x8E, 0x7E, 0x20, 0x01, 0x12, 0x67, 0x78,
    0x08, 0x14, 0x6F, 0x7E, 0x07, 0x34, 0x60, 0x8B, 0x24, 0x90, 0x07, 0x00, 0x70, 0x0C, 0x14, 0x6C,
    0x78, 0x9C, 0x63, 0x60, 0x00, 0x82, 0x33, 0x68, 0x44, 0xE1, 0x2C, 0x66, 0x86, 0x33, 0x7B, 0x6E,
    0xC6, 0x33, 0xFC, 0x61, 0x17, 0xB8, 0xC7, 0xF0, 0x87, 0x81, 0xE1, 0x27, 0xE3, 0x1D, 0x06, 0x86,
    0xEF, 0xCC, 0x40, 0xE2, 0x1B, 0xF3, 0x1B, 0x20, 0x8B, 0xE9, 0x0F, 0x13, 0xC3, 0x6F, 0x86, 0x37,
    0x3A, 0x09, 0xF3, 0x19, 0xCE, 0x7C, 0xFB, 0xCF, 0x0D, 0xD4, 0x26, 0x84, 0x6C, 0xC0, 0x4C, 0x10,
    0x01, 0x00, 0xA3, 0xCD, 0x1A, 0x61, 0x78, 0x9C, 0x63, 0x50, 0x55, 0x60, 0x61, 0x60, 0xA8, 0x6F,
    0xE0, 0x67, 0x60, 0x50, 0x01, 0xB2, 0xD2, 0x19, 0x18, 0x12, 0xD8, 0x7F, 0x30, 0x31, 0x7C, 0xE4,
    0xFC, 0xC4, 0xCE, 0xF0, 0x8D, 0xF9, 0x00, 0x2F, 0xC3, 0x69, 0x86, 0x00, 0x7F, 0x81, 0x7C, 0x06,
    0x86, 0x75, 0x09, 0xF2, 0x0C, 0x0C, 0x3F, 0x0F, 0x70, 0x31, 0x30, 0x7C, 0xFA, 0x0E, 0xD4, 0x71,
    0xE0, 0x3D, 0x03, 0x03, 0x43, 0x40, 0x3F, 0x90, 0x00, 0x89, 0x33, 0x3C, 0x04, 0x8A, 0x37, 0xBF,
    0x63, 0x64, 0x60, 0xD8, 0x22, 0x09, 0xE4, 0x01, 0x00, 0x53, 0x1B, 0x14, 0x1E, 0x78, 0x9C, 0x63,
    0x68, 0xE0, 0x64, 0x00, 0x02, 0x81, 0xD3, 0x20, 0x92, 0x21, 0x81, 0x85, 0x81, 0x21, 0x39, 0x2D,
    0x2D, 0x2D, 0x8C, 0xE1, 0xC7, 0xFF, 0xFF, 0xFF, 0xEF, 0x33, 0xFC, 0x60, 0x02, 0x89, 0xA2, 0x90,
    0xCC, 0x60, 0x12, 0x28, 0x1B, 0xCF, 0xF0, 0x23, 0x2C, 0x34, 0x54, 0x14, 0x9B, 0x9A, 0x74, 0xA0,
    0x11, 0x8C, 0x20, 0x35, 0xFF, 0x99, 0x01, 0xCC, 0x55, 0x1D, 0x49, 0x78, 0x9C, 0x63, 0x10, 0x60,
    0x00, 0x81, 0x2F, 0x4C, 0x73, 0x81, 0x64, 0x13, 0x63, 0x38, 0x03, 0x43, 0x72, 0x5A, 0x5A, 0x5A,
    0x18, 0xC3, 0x8F, 0xFF, 0xFF, 0xFF, 0xDF, 0x67, 0xF8, 0xC1, 0x04, 0x92, 0x44, 0x21, 0x99, 0xC1,
    0x24, 0x50, 0x36, 0x9E, 0xE1, 0x47, 0x58, 0x68, 0xA8, 0x28, 0x36, 0x35, 0xE9, 0x40, 0x23, 0x18,
    0x41, 0x6A, 0xFE, 0x33, 0x03, 0x00, 0x05, 0x08, 0x1D, 0xFE, 0x78, 0x9C, 0x4B, 0x4E, 0x03, 0x02,
    0x66, 0x06, 0x86, 0x9F, 0xFF, 0x81, 0x80, 0x93, 0x01, 0x08, 0xBE, 0xB2, 0x32, 0x30, 0xA0, 0xD0,
    0xA2, 0x29, 0x61, 0x8C, 0x20, 0x1A, 0xA8, 0xC0, 0x1F, 0x44, 0x6B, 0x30, 0x18, 0xBC, 0x83, 0xCA,
    0xFF, 0x60, 0x82, 0xD0, 0xDF, 0x99, 0xA1, 0x34, 0x94, 0xFF, 0x83, 0x11, 0x44, 0x1F, 0x72, 0xB9,
    0x07, 0x56, 0x77, 0xF9, 0xBF, 0x2D, 0xC4, 0x28, 0x41, 0x06, 0x06, 0x00, 0x4F, 0xCA, 0x1E, 0xF8,
    0x78, 0x9C, 0x63, 0x60, 0x98, 0xC2, 0xC2, 0xC0, 0xE0, 0x90, 0xCF, 0xC0, 0xC0, 0xD0, 0xC0, 0xC4,
    0xC0, 0x90, 0x9C, 0x96, 0x96, 0xC6, 0xF4, 0xE3, 0xFF, 0xFF, 0xFF, 0x6C, 0x3F, 0x80, 0x3C, 0x06,
    0xD2, 0x09, 0x00, 0x13, 0xD3, 0x12, 0x1A, 0x78, 0x9C, 0x63, 0x60, 0x48, 0xEC, 0x10, 0x63, 0x60,
    0x60, 0x58, 0xF0, 0xFF, 0xEE, 0x7F, 0x4E, 0x06, 0x86, 0xDF, 0x1C, 0x0C, 0x13, 0xE7, 0x33, 0x24,
    0xCC, 0x07, 0x8A, 0xEC, 0x66, 0x38, 0xC0, 0xCF, 0x00, 0x02, 0x1F, 0x78, 0x20, 0xD4, 0xFF, 0xFF,
    0xFF, 0xD9, 0x80, 0x54, 0x6E, 0x5A, 0x1A, 0x13, 0x03, 0xC3, 0x03, 0x5E, 0xB0, 0xE0, 0x04, 0x7B,
    0x20, 0x51, 0xCC, 0xA0, 0x70, 0x9F, 0x91, 0x41, 0xE0, 0x2E, 0x03, 0xC3, 0xD7, 0x3A, 0x97, 0xE7,
    0x76, 0x0C, 0x0C, 0x06, 0xBF, 0xFF, 0xAF, 0x67, 0x02, 0x49, 0x0B, 0x02, 0x31, 0x00, 0x54, 0x2F,
    0x1A, 0x3E, 0x78, 0x9C, 0x63, 0x50, 0x68, 0xAB, 0x60, 0x66, 0x60, 0xF8, 0x79, 0xEE, 0xF5, 0x7E,
    0x86, 0x80, 0x7E, 0x06, 0x86, 0x6F, 0x1C, 0x13, 0xE4, 0x19, 0x18, 0x0A, 0x58, 0x0A, 0xE2, 0x19,
    0x80, 0x40, 0xE0, 0x5F, 0x14, 0x23, 0x90, 0x9A, 0xF8, 0xFF, 0xBE, 0x26, 0x90, 0x32, 0xD8, 0xFE,
    0x9F, 0x0D, 0x24, 0xFA, 0x88, 0x5F, 0x80, 0x89, 0x81, 0xA1, 0x41, 0xFF, 0x03, 0x0F, 0x03, 0xC3,
    0x06, 0xFE, 0x84, 0xF3, 0xA6, 0x4E, 0xBF, 0x38, 0x18, 0x8E, 0xFE, 0xFF, 0x9F, 0x0B, 0xD2, 0x01,
    0x94, 0x01, 0x00, 0x07, 0xF1, 0x17, 0xA6, 0x78, 0x9C, 0x4B, 0x62, 0xFA, 0xCA, 0x8A, 0x1D, 0x02,
    0x00, 0xA2, 0x5C, 0x0C, 0x1D, 0x78, 0x9C, 0x63, 0x60, 0x60, 0xE8, 0x2F, 0xE0, 0xF7, 0x70, 0xE0,
    0x50, 0x50, 0x63, 0x08, 0x88, 0x27, 0x8C, 0x00, 0xEC, 0x6E, 0x0A, 0x19, 0x78, 0x9C, 0x63, 0x50,
    0x48, 0x73, 0x63, 0x48, 0xF8, 0xBF, 0x9E, 0x81, 0x81, 0x01, 0x27, 0x76, 0x04, 0xE2, 0x1F, 0xCC,
    0x06, 0xF5, 0x9F, 0x7C, 0xAF, 0xC8, 0x3B, 0xFC, 0x7B, 0xCF, 0xC2, 0x20, 0xC0, 0xC4, 0x00, 0x00,
    0x7F, 0xCC, 0x0E, 0xB3, 0x78, 0x9C, 0x63, 0x50, 0x48, 0x4B, 0x4B, 0x63, 0x62, 0x00, 0x81, 0x86,
    0xFF, 0xFF, 0xFF, 0xB3, 0x81, 0x59, 0x0B, 0xF8, 0x19, 0xBE, 0x42, 0x58, 0x07, 0x78, 0x61, 0xAC,
    0x07, 0xDC, 0x30, 0xD6, 0x07, 0x4E, 0x86, 0xAF, 0xEA, 0x4A, 0x20, 0xD6, 0x67, 0x36, 0x86, 0xAF,
    0xFF, 0xFF, 0xBF, 0x67, 0x67, 0x60, 0xF8, 0xCA, 0xC2, 0xF0, 0xD5, 0xDC, 0x78, 0x4B, 0x3F, 0x03,
    0xC3, 0x0F, 0x46, 0xB0, 0xBA, 0xBF, 0x0C, 0x0C, 0x6F, 0x18, 0xC0, 0xAC, 0x5F, 0x0C, 0x02, 0xEB,
    0x21, 0xAC, 0xB7, 0x0C, 0x8B, 0xFD, 0x81, 0xAC, 0xC8, 0xD0, 0xE3, 0xF9, 0x0C, 0x7F, 0x39, 0x19,
    0x40, 0x7A, 0xF7, 0xB3, 0x30, 0x30, 0x32, 0xC0, 0x00, 0x00, 0xFE, 0xC5, 0x25, 0xE5, 0x78, 0x9C,
    0x4B, 0x66, 0x60, 0x70, 0x60, 0x65, 0x00, 0x82, 0x1F, 0x4C, 0x0C, 0x07, 0xF8, 0x08, 0x31, 0x54,
    0x94, 0x2E, 0xE9, 0x29, 0x31, 0x02, 0x19, 0xFF, 0x41, 0xE0, 0x3D, 0x07, 0xC3, 0x0F, 0x37, 0x97,
    0x2B, 0x76, 0xC6, 0x53, 0xF6, 0xC3, 0xD4, 0xFC, 0x62, 0x82, 0x32, 0xBE, 0x33, 0x43, 0x19, 0xBF,
    0x19, 0x41, 0x8C, 0xB8, 0xD0, 0x6D, 0xFD, 0x60, 0x35, 0xFF, 0xFF, 0x9F, 0x67, 0x63, 0x00, 0x00,
    0x55, 0x9B, 0x25, 0xB7, 0x78, 0x9C, 0x4B, 0x4E, 0x03, 0x02, 0x36, 0x86, 0x9F, 0xFF, 0x81, 0x80,
    0x9F, 0x81, 0x81, 0xE1, 0x2B, 0x2B, 0x03, 0x03, 0x12, 0xA5, 0x9A, 0x62, 0x06, 0xA2, 0x80, 0x92,
    0xB2, 0x40, 0x4A, 0x83, 0x21, 0x60, 0x3D, 0x44, 0xEE, 0x2E, 0x84, 0x7A, 0x83, 0x8F, 0x02, 0x00,
    0x5B, 0xE3, 0x1C, 0x2E, 0x78, 0x9C, 0x63, 0x60, 0x68, 0xE0, 0x60, 0x60, 0x60, 0x38, 0xCD, 0xC4,
    0xC0, 0xE0, 0xC0, 0xC6, 0xC0, 0x90, 0xCC, 0xC0, 0x10, 0xC0, 0xFA, 0x83, 0x89, 0xE1, 0x1B, 0x90,
    0x10, 0x58, 0xCF, 0xF0, 0x83, 0x69, 0x83, 0x1C, 0x90, 0xF8, 0xC6, 0xC2, 0xF0, 0x23, 0xA8, 0x9F,
    0x81, 0xE1, 0xC7, 0x7F, 0x7D, 0x20, 0xA1, 0x76, 0x8E, 0x01, 0x24, 0xC6, 0x06, 0x24, 0x0E, 0xE8,
    0x03, 0x09, 0x85, 0xFD, 0x40, 0x82, 0xE1, 0x07, 0x1B, 0x90, 0xB8, 0x20, 0x0F, 0x00, 0x6F, 0x09,
    0x19, 0x42, 0x78, 0x9C, 0x63, 0x68, 0xE0, 0x64, 0x00, 0x02, 0x81, 0xD3, 0x20, 0x92, 0x21, 0x81,
    0x85, 0x81, 0x21, 0x19, 0x48, 0x27, 0x33, 0xFD, 0x00, 0x8A, 0xFD, 0x67, 0x07, 0x92, 0x0B, 0xC0,
    0xE4, 0x97, 0x6F, 0x20, 0xF2, 0xDC, 0x07, 0x20, 0xD9, 0x60, 0x0F, 0x22, 0x3F, 0x73, 0x80, 0xC8,
    0x37, 0x0C, 0x40, 0x32, 0xC1, 0x1F, 0x44, 0x7E, 0xE4, 0x02, 0x91, 0xBF, 0x18, 0x41, 0x64, 0x3E,
    0x03, 0x88, 0xE4, 0x01, 0x91, 0x00, 0x70, 0xC0, 0x22, 0x21, 0x78, 0x9C, 0x63, 0x08, 0x60, 0x14,
    0x10, 0x65, 0x60, 0xF8, 0xC0, 0x91, 0xA0, 0xCF, 0xC0, 0x50, 0xB0, 0xFF, 0x17, 0x27, 0x03, 0x03,
    0x43, 0x92, 0x19, 0x10, 0x33, 0x33, 0x30, 0x28, 0xA8, 0x3D, 0xE4, 0x63, 0x60, 0xD8, 0x20, 0x9F,
    0x50, 0xCF, 0xC0, 0xF0, 0x99, 0x83, 0xE1, 0x0F, 0x23, 0xC3, 0x6B, 0x20, 0x83, 0xCB, 0x00, 0xC8,
    0x9D, 0x60, 0xBF, 0x00, 0x28, 0x25, 0x70, 0xEE, 0x13, 0x1B, 0x50, 0xFD, 0xB7, 0xBB, 0x40, 0x82,
    0xE1, 0x40, 0x3C, 0x98, 0xE4, 0x05, 0x91, 0x5F, 0x59, 0x18, 0x18, 0x12, 0x42, 0xD6, 0x01, 0x59,
    0x17, 0xFE, 0x4B, 0x83, 0x04, 0x04, 0x41, 0x04, 0x00, 0x4A, 0x1C, 0x18, 0x07, 0x78, 0x9C, 0x4B,
    0x66, 0x60, 0x60, 0x48, 0x64, 0xFA, 0xC1, 0xC4, 0xC0, 0xF0, 0x89, 0x9D, 0x4C, 0x32, 0x3D, 0x2D,
    0xED, 0x07, 0xFB, 0x8F, 0xFF, 0x40, 0xC0, 0xCE, 0xC0, 0xF0, 0x95, 0x05, 0x68, 0x20, 0x0A, 0x39,
    0x19, 0xA8, 0x0A, 0x00, 0x8F, 0x91, 0x1F, 0xEA, 0x78, 0x9C, 0x63, 0x60, 0x48, 0x60, 0x63, 0x00,
    0x82, 0x2F, 0xF1, 0x20, 0xF2, 0xD4, 0x19, 0x20, 0x21, 0x50, 0xFF, 0x8D, 0x89, 0x81, 0xA1, 0x40,
    0xFE, 0x23, 0x07, 0x03, 0xC3, 0x03, 0xEE, 0x05, 0x7C, 0x0C, 0x0C, 0x5F, 0x59, 0x1D, 0x80, 0xD2,
    0xAF, 0x19, 0x18, 0xCE, 0x32, 0x28, 0xFC, 0x07, 0x02, 0xA6, 0x86, 0xFC, 0xB4, 0xB4, 0x6F, 0x9C,
    0x0F, 0x78, 0x18, 0x18, 0x36, 0xF0, 0x7D, 0x65, 0x65, 0x60, 0x08, 0x88, 0xFF, 0x03, 0xD2, 0x7E,
    0x0E, 0x00, 0x28, 0xA7, 0x17, 0x3E, 0x78, 0x9C, 0x4B, 0x4E, 0x4B, 0x4B, 0x63, 0xFE, 0xF1, 0xFF,
    0xFF, 0x7F, 0xCE, 0x1F, 0x4C, 0x0C, 0x0C, 0x0C, 0x48, 0x84, 0x8A, 0x12, 0x90, 0xF8, 0xFF, 0xFF,
    0x3E, 0xEB, 0x0F, 0x53, 0xE3, 0xAB, 0xF1, 0x40, 0x31, 0x81, 0xF3, 0x20, 0x89, 0xBB, 0x40, 0x42,
    0x61, 0xFD, 0x8F, 0xB0, 0xD0, 0xE7, 0xF6, 0x40, 0xD9, 0x75, 0x4C, 0x00, 0x64, 0xBA, 0x1C, 0x19,
    0x78, 0x9C, 0x4B, 0x4E, 0x0B, 0x63, 0x61, 0x60, 0xF8, 0xF1, 0xFF, 0xFF, 0x7F, 0x36, 0x86, 0x1F,
    0x4C, 0x0C, 0x97, 0xF5, 0x41, 0x64, 0x82, 0x3F, 0x88, 0x2C, 0x00, 0xB2, 0x55, 0x94, 0xBE, 0x71,
    0x82, 0x64, 0xD7, 0x33, 0x32, 0xFC, 0x30, 0x35, 0xDE, 0x0A, 0x16, 0x67, 0xB8, 0x0B, 0x26, 0x7F,
    0x83, 0xC9, 0x77, 0x0C, 0x3F, 0xC2, 0x43, 0xAF, 0xE7, 0x83, 0xD4, 0xEC, 0x63, 0x66, 0x00, 0x00,
    0xA0, 0x36, 0x1E, 0xF9, 0x78, 0x9C, 0x4B, 0x4E, 0x4B, 0x4B, 0x63, 0xFA, 0xF1, 0xFF, 0xFF, 0x7F,
    0xB6, 0x1F, 0x4C, 0x0C, 0x0C, 0x0C, 0xA4, 0x13, 0x00, 0x90, 0x3A, 0x10, 0x51, 0x78, 0x9C, 0x63,
    0x60, 0x48, 0x4B, 0x4B, 0x63, 0x64, 0x50, 0xF8, 0xFF, 0xFF, 0x3F, 0x2B, 0x83, 0x43, 0x3C, 0xC3,
    0x57, 0x56, 0x86, 0x04, 0x7B, 0x10, 0x39, 0x81, 0x1F, 0x44, 0x6E, 0xE0, 0x03, 0x91, 0x17, 0x78,
    0x40, 0xE4, 0x07, 0x4E, 0x10, 0xF9, 0x99, 0x0D, 0x44, 0xFE, 0x60, 0x02, 0x91, 0xE7, 0x18, 0x80,
    0xE4, 0xD2, 0xF5, 0x69, 0x69, 0x3F, 0x23, 0xFF, 0x01, 0x0D, 0xF8, 0x7F, 0x7F, 0x1F, 0x03, 0x10,
    0xDC, 0x46, 0x26, 0x33, 0x40, 0x64, 0x1B, 0x00, 0xDF, 0x35, 0x23, 0x55, 0x78, 0x9C, 0x4B, 0x4E,
    0x4B, 0x4B, 0x0B, 0x63, 0xF8, 0xF1, 0xFF, 0xFF, 0xFF, 0xFB, 0x0C, 0x3F, 0x98, 0x18, 0x80, 0x00,
    0x85, 0x64, 0x06, 0x93, 0x40, 0xD9, 0x78, 0x86, 0x1F, 0x61, 0xA1, 0xA1, 0xA2, 0xD8, 0xD4, 0xA4,
    0x03, 0x8D, 0x60, 0x04, 0xA9, 0xF9, 0xCF, 0x0C, 0x00, 0x2E, 0x19, 0x1B, 0x81, 0x78, 0x9C, 0x4B,
    0x64, 0x66, 0x30, 0x60, 0x63, 0x60, 0x08, 0x65, 0xD8, 0x20, 0xC7, 0xD0, 0xA0, 0xCF, 0x90, 0x10,
    0xCF, 0x20, 0xB0, 0x0E, 0xC4, 0xF8, 0xC8, 0xC5, 0xC0, 0xF0, 0x95, 0x15, 0xC8, 0x78, 0xCD, 0xC8,
    0xC0, 0xB0, 0x40, 0xAE, 0x41, 0x3F, 0xC1, 0x9F, 0x01, 0x08, 0xCE, 0x36, 0xEA, 0x7F, 0xE5, 0x00,
    0x31, 0x7E, 0xFC, 0xFF, 0xFF, 0x9F, 0x09, 0x48, 0x2B, 0xAC, 0x5F, 0x94, 0xFF, 0x88, 0x07, 0xC8,
    0x38, 0x00, 0x52, 0x93, 0x0F, 0x64, 0x7C, 0x67, 0x03, 0xEA, 0xFA, 0xC3, 0xC4, 0xA0, 0x70, 0x1E,
    0x64, 0xCE, 0x27, 0x6E, 0x86, 0x03, 0xFA, 0x20, 0x46, 0x43, 0x3E, 0xC3, 0x37, 0x0E, 0x10, 0x83,
    0xE1, 0x2F, 0x23, 0x00, 0x0B, 0xFF, 0x20, 0x5D, 0x78, 0x9C, 0x63, 0x30, 0x68, 0x37, 0x67, 0x60,
    0xF8, 0x75, 0xEF, 0x3F, 0xE7, 0x84, 0x7A, 0x86, 0x09, 0xF1, 0x0B, 0x38, 0x19, 0x14, 0xE6, 0x33,
    0x30, 0x30, 0x18, 0xD4, 0x33, 0x30, 0x08, 0x5C, 0x91, 0x65, 0x60, 0xF8, 0x73, 0x9E, 0x91, 0x81,
    0xC1, 0xF9, 0xBA, 0x1D, 0x50, 0x4C, 0xE0, 0x9C, 0x03, 0x90, 0xFD, 0xE7, 0x13, 0x37, 0x90, 0xD5,
    0xB0, 0xDF, 0xE4, 0x6A, 0x3C, 0xC3, 0xB5, 0xFF, 0xF7, 0x59, 0x19, 0x18, 0x14, 0x19, 0x19, 0x00,
    0xF7, 0x33, 0x15, 0x81, 0x78, 0x9C, 0x4B, 0x66, 0x60, 0x60, 0x48, 0x66, 0xFA, 0xC1, 0xC0, 0x20,
    0xF0, 0x9F, 0x1D, 0x48, 0x2E, 0x00, 0x93, 0x5F, 0xBE, 0x81, 0xC8, 0x73, 0x1F, 0x80, 0x64, 0x83,
    0x3D, 0x88, 0xFC, 0xCC, 0x01, 0x22, 0xDF, 0x30, 0x00, 0xC9, 0x04, 0x7F, 0x10, 0xF9, 0x91, 0x0B,
    0x44, 0xFE, 0x62, 0x04, 0x91, 0xF9, 0x0C, 0x20, 0x92, 0x07, 0x44, 0x02, 0x00, 0xD2, 0x75, 0x20,
    0x59, 0x78, 0x9C, 0x63, 0x70, 0x66, 0x70, 0x60, 0x61, 0x60, 0x78, 0xC1, 0xF0, 0x80, 0x93, 0x81,
    0xE1, 0xE1, 0xDA, 0xB7, 0x8C, 0x0C, 0x0C, 0x0C, 0xA9, 0xAC, 0x0C, 0x0C, 0xC9, 0x40, 0x3A, 0x99,
    0xE9, 0x07, 0x03, 0x83, 0xC0, 0x7F, 0x76, 0x20, 0xB9, 0x00, 0x4C, 0x7E, 0xF9, 0x06, 0x22, 0xCF,
    0x7D, 0x00, 0x92, 0x0D, 0xF6, 0x20, 0xF2, 0x33, 0x07, 0x88, 0x7C, 0xC3, 0x00, 0x24, 0x13, 0xFC,
    0x41, 0xE4, 0x47, 0x2E, 0x10, 0xF9, 0x8B, 0x11, 0x44, 0xE6, 0x33, 0x80, 0x48, 0x1E, 0x10, 0x09,
    0x00, 0xAE, 0x97, 0x25, 0x97, 0x78, 0x9C, 0x4B, 0x66, 0x60, 0x08, 0x60, 0xFD, 0xC1, 0xC4, 0xF0,
    0x0D, 0x48, 0x08, 0xAC, 0x67, 0xF8, 0xC1, 0xB4, 0x41, 0x0E, 0x48, 0x7C, 0x63, 0x61, 0xF8, 0x11,
    0xD4, 0xCF, 0xC0, 0xF0, 0xE3, 0xBF, 0x3E, 0x90, 0x50, 0x3B, 0xC7, 0x00, 0x12, 0x63, 0x03, 0x12,
    0x07, 0xF4, 0x81, 0x84, 0xC2, 0x7E, 0x20, 0xC1, 0xF0, 0x83, 0x0D, 0x48, 0x5C, 0x90, 0x07, 0x00,
    0xF8, 0x38, 0x17, 0xA7, 0x78, 0x9C, 0x63, 0x50, 0x48, 0x4B, 0x4B, 0x63, 0x62, 0x68, 0xF8, 0xFF,
    0xFF, 0x3F, 0x2B, 0xC3, 0x02, 0x7E, 0x86, 0x2F, 0xAC, 0x0C, 0x07, 0x78, 0x41, 0xE4, 0x03, 0x6E,
    0x10, 0xF9, 0x81, 0x13, 0x44, 0x7E, 0x66, 0x03, 0x91, 0x5F, 0x59, 0x40, 0xE4, 0x0F, 0x46, 0x10,
    0xF9, 0x86, 0x01, 0x48, 0x0A, 0xAC, 0x07, 0x91, 0x8B, 0xFD, 0x41, 0xE4, 0x5F, 0x4E, 0x10, 0xC9,
    0xC8, 0x00, 0x02, 0x00, 0x99, 0x6A, 0x19, 0x79, 0x78, 0x9C, 0x4B, 0x66, 0x61, 0x60, 0x60, 0x48,
    0x61, 0xFE, 0x21, 0x0F, 0xA4, 0xFE, 0x73, 0xFC, 0xC8, 0x67, 0x60, 0x08, 0x00, 0x52, 0xA7, 0x18,
    0x18, 0x36, 0xFC, 0xE2, 0xF8, 0xF1, 0x95, 0x89, 0xE1, 0xE3, 0x57, 0x8E, 0x1F, 0x0F, 0x38, 0x19,
    0x9E, 0x7F, 0xE0, 0xF8, 0x31, 0x81, 0x8F, 0x61, 0x2E, 0x90, 0x52, 0x88, 0x37, 0xB0, 0x07, 0x52,
    0x0C, 0x7B, 0x26, 0xF0, 0x82, 0xA8, 0x6F, 0x1F, 0xD9, 0x40, 0xD4, 0x87, 0x5F, 0x8C, 0x20, 0x6A,
    0xC1, 0x7A, 0x06, 0x10, 0xE5, 0xE0, 0x0F, 0xA4, 0x00, 0xA5, 0x61, 0x27, 0x84, 0x78, 0x9C, 0x4B,
    0x66, 0x60, 0x60, 0x48, 0x60, 0xFE, 0xC1, 0xC4, 0xC0, 0xF0, 0x89, 0x03, 0x0B, 0xA9, 0xA2, 0xA4,
    0xF4, 0x85, 0xE3, 0xC7, 0x7F, 0x20, 0xE0, 0xF8, 0xE1, 0xE6, 0xE2, 0xF2, 0x15, 0x9B, 0x1A, 0x24,
    0x12, 0x00, 0x45, 0x4F, 0x1C, 0x76, 0x78, 0x9C, 0x63, 0x60, 0x48, 0xEC, 0x10, 0x63, 0x60, 0x60,
    0x58, 0xF0, 0xFF, 0xEE, 0x7F, 0x2E, 0x06, 0x86, 0x3F, 0xEC, 0x0C, 0x0D, 0xE7, 0x19, 0x12, 0xEA,
    0x81, 0x22, 0xDF, 0xD9, 0x0E, 0xF0, 0x01, 0xA9, 0x07, 0x3C, 0x1F, 0x80, 0xE2, 0x0C, 0x1B, 0xF8,
    0x3F, 0x72, 0x02, 0xA9, 0x09, 0xF2, 0x1F, 0x41, 0xBC, 0x05, 0xF2, 0x1F, 0x78, 0x80, 0xD4, 0x01,
    0xFE, 0x05, 0xFA, 0x40, 0xEA, 0x13, 0x97, 0xC1, 0x79, 0x20, 0xF5, 0x9B, 0x89, 0xE1, 0x5B, 0xAE,
    0xF1, 0xB5, 0x7C, 0x06, 0x06, 0x83, 0xDF, 0xFF, 0xF7, 0x33, 0x03, 0x45, 0x18, 0x04, 0x81, 0x18,
    0x00, 0x6A, 0x95, 0x1A, 0xF3, 0x78, 0x9C, 0x4B, 0x4E, 0x03, 0x02, 0xE6, 0x1F, 0xFF, 0x81, 0x80,
    0xE3, 0x07, 0x13, 0x03, 0xC3, 0x67, 0x30, 0xF9, 0x89, 0x4C, 0x12, 0x00, 0xCE, 0xED, 0x1C, 0x78,
    0x78, 0x9C, 0x4B, 0x4E, 0x4B, 0x13, 0x61, 0x60, 0xF8, 0xF1, 0xFF, 0xFF, 0x7F, 0x4E, 0x86, 0x1F,
    0x4C, 0x0C, 0x8D, 0xF3, 0x41, 0x24, 0xC3, 0x1F, 0x30, 0xF9, 0x0B, 0x4C, 0xDE, 0x65, 0xF8, 0xA1,
    0xA2, 0xB4, 0x25, 0x1F, 0xA4, 0xE6, 0x3D, 0x1B, 0x88, 0xCD, 0xC8, 0x00, 0x16, 0xC7, 0x46, 0x02,
    0x00, 0x74, 0x04, 0x18, 0x90, 0x78, 0x9C, 0x63, 0x60, 0x48, 0xEC, 0x10, 0x63, 0x60, 0x60, 0x58,
    0xF0, 0xFF, 0xEE, 0x7F, 0x0E, 0x06, 0x86, 0xDF, 0x1C, 0x0C, 0x13, 0xE7, 0x33, 0x24, 0xF4, 0x03,
    0x45, 0x76, 0x33, 0x1C, 0xE0, 0x67, 0x00, 0x81, 0x0F, 0xDC, 0x10, 0x8A, 0x0B, 0x99, 0xF7, 0x80,
    0x17, 0x4C, 0x4D, 0xB0, 0x07, 0x12, 0xC5, 0x0C, 0x0A, 0xF7, 0x19, 0x19, 0x04, 0xDE, 0x32, 0x30,
    0x7C, 0xAD, 0x73, 0x79, 0x6E, 0xC7, 0xC0, 0x60, 0xF0, 0xFB, 0xFF, 0x7C, 0x26, 0x90, 0xB4, 0x20,
    0x10, 0x03, 0x00, 0x77, 0x64, 0x16, 0x03, 0x78, 0x9C, 0x4B, 0x4E, 0x03, 0x02, 0xE6, 0x9F, 0xFF,
    0x81, 0x80, 0x93, 0x81, 0xE1, 0x2B, 0x2B, 0x03, 0x03, 0x25, 0x24, 0x00, 0x62, 0x26, 0x11, 0xBB,
    0x78, 0x9C, 0x4B, 0x62, 0x66, 0x60, 0x50, 0x50, 0x7B, 0xC8, 0xC7, 0xC0, 0xB0, 0x41, 0x3E, 0xA1,
    0x9E, 0x81, 0xE1, 0x33, 0x07, 0xC3, 0x1F, 0x46, 0x86, 0xD7, 0x40, 0x06, 0x97, 0x01, 0x90, 0x3B,
    0xC1, 0x7E, 0x01, 0x50, 0x4A, 0xE0, 0xDC, 0x27, 0x36, 0x06, 0x06, 0x86, 0x6F, 0x77, 0x81, 0x04,
    0xC3, 0x81, 0x78, 0x30, 0xC9, 0x0B, 0x22, 0xBF, 0xB2, 0x30, 0x30, 0x24, 0x84, 0xAC, 0x03, 0xB2,
    0x2E, 0xFC, 0x97, 0x06, 0x09, 0x08, 0x82, 0x08, 0x00, 0x7E, 0x3C, 0x13, 0x40, 0x78, 0x9C, 0x63,
    0x60, 0x28, 0x60, 0x65, 0x00, 0x82, 0x0F, 0xDC, 0x40, 0xE2, 0xF8, 0xDF, 0xFB, 0x51, 0x0C, 0x17,
    0xE7, 0x7F, 0xAB, 0xF9, 0xC3, 0xF9, 0x93, 0xE5, 0x03, 0xF7, 0x02, 0xFB, 0xBB, 0x40, 0x71, 0x83,
    0xFE, 0xF3, 0x40, 0x52, 0x60, 0x3E, 0x88, 0xAD, 0xD0, 0xFF, 0x93, 0xF9, 0x03, 0x77, 0x83, 0xFD,
    0xC3, 0xBC, 0x4F, 0xD6, 0x3F, 0xB8, 0x04, 0x7E, 0xFD, 0xFF, 0x5F, 0x07, 0xD4, 0xF6, 0x91, 0x1B,
    0x6E, 0x02, 0x83, 0x00, 0x23, 0x03, 0x03, 0x00, 0x5F, 0xE7, 0x1E, 0x85, 0x78, 0x9C, 0x4B, 0x60,
    0x61, 0x60, 0x70, 0x60, 0x9B, 0xE0, 0xCF, 0xC0, 0xF0, 0x99, 0x8B, 0xE1, 0x2D, 0x23, 0xC3, 0x5D,
    0x06, 0x86, 0x4F, 0x5C, 0x13, 0xEC, 0x19, 0x18, 0x12, 0xF2, 0xBF, 0xB0, 0x33, 0x30, 0x30, 0xFC,
    0xDA, 0x07, 0x24, 0x18, 0x3E, 0xDA, 0x83, 0xC8, 0x9F, 0x20, 0xB6, 0x03, 0x58, 0xFC, 0x21, 0xF7,
    0x04, 0x7D, 0x06, 0x86, 0x37, 0x8C, 0x0C, 0xF7, 0x18, 0x0A, 0xE2, 0x19, 0x18, 0xBE, 0x70, 0x7E,
    0xE6, 0x64, 0x60, 0x98, 0xE0, 0x0F, 0x00, 0x28, 0xF3, 0x15, 0x4D, 0x78, 0x9C, 0x4B, 0x66, 0x60,
    0x60, 0x48, 0x64, 0xFA, 0xC1, 0xC4, 0xC0, 0xF0, 0x99, 0x9D, 0x4C, 0x32, 0x3D, 0x2D, 0xED, 0x47,
    0xD6, 0x8F, 0xFF, 0x20, 0xC0, 0x00, 0x02, 0x3F, 0x31, 0xC8, 0xA9, 0x00, 0xAB, 0xDE, 0x21, 0x4F,
    0x78, 0x9C, 0x4B, 0x66, 0x60, 0x60, 0x30, 0xFB, 0xC9, 0xC8, 0xA0, 0xD0, 0x8F, 0x8D, 0xF8, 0xCE,
    0x0C, 0x24, 0x3E, 0xD5, 0xA6, 0xEE, 0xE8, 0x77, 0xF8, 0xF3, 0x7F, 0x4D, 0x3F, 0x50, 0xAD, 0x02,
    0x3A, 0x01, 0x00, 0xAE, 0x5E, 0x13, 0xDD, 0x78, 0x9C, 0x4B, 0x66, 0x60, 0x48, 0x06, 0xA1, 0x1F,
    0x4C, 0x0C, 0x3F, 0x18, 0x19, 0x7E, 0x52, 0x8F, 0x4E, 0x4F, 0xFB, 0x9D, 0x9E, 0xF6, 0x87, 0xE1,
    0xC7, 0x7F, 0x30, 0x60, 0x00, 0x00, 0x55, 0x05, 0x29, 0xDD, 0x78, 0x9C, 0x4B, 0x66, 0x60, 0x08,
    0x61, 0x60, 0x30, 0x63, 0xF8, 0xC1, 0xC4, 0xF0, 0x9A, 0x81, 0x61, 0x3D, 0xF5, 0xE8, 0xF4, 0xB4,
    0xB7, 0x69, 0x69, 0xE7, 0xC5, 0x7E, 0xFC, 0x07, 0x03, 0x7D, 0x06, 0x30, 0x48, 0xC0, 0x41, 0x3B,
    0x48, 0x02, 0x00, 0x66, 0xC9, 0x28, 0x40, 0x78, 0x9C, 0x4B, 0x4E, 0x4B, 0x63, 0x00, 0x82, 0x9F,
    0xFF, 0xFF, 0x33, 0x31, 0x80, 0x19, 0x58, 0x29, 0x65, 0x21, 0xA8, 0xA2, 0x3E, 0x46, 0x20, 0x65,
    0xE2, 0xFC, 0x93, 0x07, 0x2C, 0x37, 0xC1, 0x1E, 0x4C, 0x25, 0xF8, 0x83, 0xA9, 0x05, 0xF2, 0x40,
    0x2A, 0x2C, 0xF5, 0x37, 0x27, 0x58, 0x65, 0x0E, 0x03, 0x00, 0x11, 0x63, 0x19, 0x8C, 0x78, 0x9C,
    0x4B, 0x66, 0x00, 0x02, 0x01, 0xB5, 0x1F, 0x4C, 0x40, 0xCA, 0xA0, 0x1E, 0x3B, 0xA5, 0xA2, 0x04,
    0xA6, 0xFE, 0xFF, 0xBF, 0xCF, 0x0A, 0xA4, 0x4C, 0x8D, 0xAF, 0xC6, 0x83, 0xE5, 0x04, 0xCE, 0x43,
    0x94, 0xDC, 0x05, 0x53, 0x0A, 0xEB, 0x81, 0x54, 0x58, 0xE8, 0x73, 0x7B, 0xB0, 0xCA, 0x75, 0x4C,
    0x06, 0xF5, 0x00, 0xC5, 0x78, 0x20, 0x4A, 0x78, 0x9C, 0x4B, 0x66, 0x00, 0x82, 0x1F, 0x4C, 0x58,
    0x08, 0x15, 0x25, 0x20, 0xF1, 0xFF, 0xFF, 0x7D, 0xD6, 0x1F, 0xA6, 0xC6, 0xD7, 0xE2, 0x81, 0x62,
    0x02, 0xE7, 0x41, 0x12, 0x77, 0x81, 0x84, 0xC2, 0xFA, 0x1F, 0x61, 0xA1, 0xCF, 0xED, 0x81, 0xB2,
    0xEB, 0x98, 0x00, 0x69, 0xED, 0x17, 0xE1, 0x78, 0x9C, 0x63, 0x60, 0x28, 0xCD, 0x60, 0x66, 0x60,
    0x60, 0xF8, 0xF6, 0xFE, 0xEF, 0x79, 0x26, 0x86, 0x00, 0x20, 0xFE, 0x2A, 0xC7, 0x30, 0x81, 0x97,
    0x81, 0x21, 0x60, 0x3E, 0x03, 0x18, 0xFC, 0x81, 0x50, 0x3F, 0x80, 0x8A, 0x3E, 0xFD, 0xFF, 0xFF,
    0x9F, 0x85, 0x81, 0x21, 0x31, 0x2D, 0xED, 0x17, 0x33, 0x58, 0xF0, 0x17, 0x63, 0x02, 0x1B, 0x03,
    0x83, 0xC0, 0x3D, 0x86, 0x0D, 0xFE, 0x0C, 0x0C, 0x0B, 0xE2, 0x19, 0x04, 0xFE, 0x7A, 0x26, 0xFF,
    0xE5, 0x64, 0x60, 0x68, 0xF8, 0xF7, 0x3F, 0x06, 0x24, 0x2F, 0xC0, 0x04, 0x24, 0x00, 0x41, 0x52,
    0x1A, 0x5F, 0x78, 0x9C, 0x4B, 0x66, 0x60, 0x60, 0x28, 0xA9, 0x60, 0x61, 0x60, 0xF8, 0xC1, 0xC4,
    0x70, 0xE9, 0xFD, 0xDB, 0xFB, 0x4C, 0x40, 0x86, 0xC0, 0x3B, 0x16, 0x86, 0x27, 0x72, 0x40, 0xC6,
    0x04, 0x7F, 0x06, 0x06, 0x83, 0xF5, 0x40, 0xC6, 0x07, 0x1E, 0xA0, 0xB2, 0xDF, 0x0C, 0x3F, 0x54,
    0xBE, 0x70, 0x00, 0x19, 0x3F, 0x98, 0x7F, 0xFC, 0xFF, 0xCF, 0x0E, 0x64, 0x7C, 0x63, 0xF9, 0xE1,
    0xF6, 0x0D, 0xCA, 0x60, 0xFA, 0xC8, 0x05, 0x64, 0xFC, 0x64, 0xFA, 0xC1, 0x74, 0x80, 0x0F, 0xC8,
    0xB8, 0x07, 0xD4, 0x15, 0x30, 0x9F, 0x81, 0xA1, 0x21, 0x1F, 0x64, 0xF2, 0xAF, 0x68, 0xE7, 0x5F,
    0x5C, 0x20, 0x46, 0xC2, 0xDF, 0xFF, 0xB9, 0x0C, 0x60, 0x20, 0xC0, 0x04, 0x24, 0x00, 0x99, 0x27,
    0x28, 0x9C, 0x78, 0x9C, 0x63, 0x60, 0x08, 0x4E, 0x4B, 0x33, 0x63, 0x78, 0xF6, 0xFF, 0xFF, 0xFF,
    0x7E, 0x87, 0xF3, 0xCC, 0x0C, 0x0A, 0xFD, 0x13, 0xF4, 0x19, 0x40, 0xA4, 0x3C, 0x88, 0x4C, 0xA8,
    0x07, 0x91, 0x0C, 0xBF, 0xBB, 0xCB, 0xDB, 0xFB, 0x19, 0x12, 0xFE, 0xDD, 0x7D, 0xDB, 0xCF, 0x60,
    0x30, 0x1F, 0x24, 0x72, 0x41, 0x0E, 0x44, 0xFE, 0x60, 0x05, 0x92, 0x06, 0xFB, 0x41, 0x6A, 0x0E,
    0x80, 0x75, 0x01, 0x00, 0x53, 0x64, 0x1A, 0xB0, 0x78, 0x9C, 0x63, 0x28, 0x9C, 0xC5, 0xCE, 0xC0,
    0x60, 0x70, 0x7F, 0xC6, 0x3B, 0x06, 0x86, 0x09, 0xF2, 0x0C, 0x5F, 0xD8, 0x18, 0x80, 0xE0, 0x03,
    0x27, 0x03, 0xC3, 0xD4, 0xD3, 0x7F, 0x38, 0x19, 0x26, 0xAC, 0x0F, 0xFB, 0xCA, 0xC9, 0xF0, 0x91,
    0x13, 0x24, 0xF2, 0x99, 0x8D, 0xE1, 0x1B, 0x90, 0x21, 0x93, 0xF8, 0x9A, 0x87, 0x21, 0xE0, 0xFF,
    0xFE, 0xC6, 0xFF, 0x0C, 0x0C, 0x0A, 0x8C, 0x40, 0xC5, 0x00, 0xC3, 0x83, 0x15, 0x40, 0x78, 0x9C,
    0x63, 0x60, 0x60, 0x10, 0x60, 0x60, 0x70, 0x38, 0xF9, 0x9F, 0x51, 0xE1, 0xEF, 0x1C, 0x77, 0x86,
    0x0B, 0x52, 0x0C, 0x0C, 0x0C, 0xD7, 0x80, 0x98, 0xA1, 0xEB, 0xC8, 0x7F, 0x29, 0x86, 0xB5, 0xB1,
    0xC9, 0xF7, 0x19, 0xFE, 0x31, 0x31, 0x7C, 0x67, 0xB9, 0xC7, 0xC0, 0xF0, 0x99, 0x7D, 0x1F, 0x03,
    0xC3, 0x27, 0x8E, 0x33, 0x20, 0xD6, 0x0F, 0x46, 0x86, 0x6F, 0x2C, 0x1F, 0xB5, 0x1D, 0xEE, 0x31,
    0x18, 0xFC, 0xFD, 0x2F, 0x0D, 0x34, 0x83, 0x89, 0x81, 0x01, 0x00, 0x84, 0xAC, 0x18, 0x64, 0x78,
    0x9C, 0x01, 0x28, 0x00, 0xD7, 0xFF, 0x86, 0x88, 0x57, 0x00, 0xFC, 0xBB, 0xFC, 0x1D, 0xDC, 0x00,
    0x50, 0x6F, 0xDC, 0x00, 0x40, 0x5F, 0xEC, 0x88, 0xD9, 0x08, 0xFC, 0xAA, 0xEB, 0x1A, 0xDC, 0x00,
    0x10, 0x9F, 0xDC, 0x00, 0x00, 0xBF, 0xDC, 0x22, 0x93, 0x6F, 0xFC, 0xFF, 0xDF, 0x06, 0x98, 0x53,
    0x14, 0x52, 0x78, 0x9C, 0x6B, 0xEB, 0xE0, 0xF8, 0xB3, 0x8A, 0xEB, 0x0E, 0x03, 0x03, 0x56, 0x04,
    0x00, 0xA9, 0xBC, 0x09, 0xA7, 0x78, 0x9C, 0x63, 0x48, 0xE8, 0xE8, 0x60, 0x67, 0x60, 0x78, 0xB0,
    0xF6, 0x15, 0x1F, 0x03, 0xC3, 0x07, 0x8E, 0x05, 0x40, 0xF2, 0x33, 0x2B, 0x88, 0xFC, 0xC6, 0x04,
    0x22, 0x7F, 0x32, 0x80, 0xC8, 0xBD, 0x20, 0x52, 0xA1, 0x1E, 0x44, 0x2E, 0xF2, 0x57, 0xDA, 0xA4,
    0xC7, 0xF0, 0xF7, 0x3F, 0x10, 0x30, 0xCF, 0x65, 0x00, 0x2A, 0x46, 0x21, 0xC3, 0x81, 0xE4, 0x24,
    0x46, 0x00, 0x5B, 0x50, 0x19, 0xE0, 0x78, 0x9C, 0x63, 0x28, 0x58, 0x25, 0xCE, 0xA0, 0xF0, 0x6E,
    0xE6, 0x3B, 0xA6, 0x0D, 0xF2, 0x0C, 0x0F, 0xB9, 0x3F, 0x70, 0x32, 0x4C, 0xE0, 0xFF, 0xBC, 0x66,
    0xD5, 0x29, 0xFD, 0xCF, 0x73, 0x66, 0xCE, 0x94, 0xFC, 0xC4, 0xC1, 0xC0, 0xC0, 0xF0, 0x80, 0x87,
    0xC1, 0x80, 0x39, 0x61, 0x3E, 0xE3, 0x57, 0x4E, 0x86, 0xE7, 0xFF, 0xE7, 0x03, 0x05, 0x94, 0x18,
    0x18, 0x00, 0x60, 0xD0, 0x13, 0xF6, 0x78, 0x9C, 0x01, 0x3C, 0x00, 0xC3, 0xFF, 0x75, 0x00, 0x60,
    0x06, 0x00, 0x67, 0xF3, 0x06, 0xC0, 0x0D, 0x60, 0x3F, 0x80, 0x1F, 0xC0, 0x0D, 0xE1, 0x08, 0x00,
    0xBD, 0xC0, 0x0D, 0xDA, 0x00, 0x00, 0xF2, 0xDA, 0x9E, 0x2F, 0x00, 0x00, 0xF4, 0xFC, 0xCF, 0x4F,
    0x00, 0x00, 0xCD, 0xC0, 0x0D, 0xDB, 0x00, 0x70, 0x3F, 0xC0, 0x0D, 0xF2, 0x07, 0xF1, 0x0A, 0xC0,
    0x0D, 0x90, 0x1F, 0xFA, 0x01, 0xC0, 0x0D, 0x10, 0xAF, 0xBA, 0xB4, 0x17, 0xF0, 0x78, 0x9C, 0x63,
    0x98, 0x96, 0xC5, 0x70, 0x60, 0xDE, 0x0B, 0x9E, 0x85, 0xCC, 0x01, 0xFE, 0x0C, 0x0C, 0x05, 0xFA,
    0x0C, 0x0B, 0xDE, 0xB0, 0x31, 0x2C, 0x78, 0xCB, 0x01, 0x64, 0xC7, 0x07, 0x32, 0x28, 0xF4, 0x7F,
    0x91, 0x98, 0xE8, 0x9F, 0xF0, 0xEF, 0x3D, 0x1B, 0x83, 0x00, 0x23, 0x03, 0x00, 0x51, 0x39, 0x0E,
    0x7B, 0x78, 0x9C, 0x4B, 0x63, 0x60, 0xC8, 0x38, 0xC3, 0xD0, 0x70, 0xFF, 0x0C, 0xC3, 0xC7, 0x7B,
    0x67, 0x18, 0x76, 0xDD, 0x3A, 0x63, 0xA0, 0x7F, 0xFB, 0xCC, 0x01, 0x8E, 0xDB, 0x67, 0x9E, 0x31,
    0xDC, 0x3E, 0x93, 0xC7, 0x70, 0xFB, 0x0F, 0x0F, 0x10, 0x33, 0x33, 0xDC, 0x06, 0x00, 0x9E, 0x61,
    0x14, 0xC9, 0x78, 0x9C, 0x0B, 0x60, 0x14, 0x10, 0xFD, 0xC0, 0x91, 0x20, 0x5F, 0xB0, 0xFF, 0x17,
    0x07, 0x43, 0x92, 0x19, 0x43, 0x1A, 0x03, 0x43, 0xC6, 0x19, 0x86, 0x86, 0xFB, 0x67, 0x18, 0x3E,
    0xDE, 0x3B, 0xC3, 0xB0, 0xEB, 0xD6, 0x19, 0x03, 0xFD, 0xDB, 0x67, 0x0E, 0x70, 0xDC, 0x3E, 0xF3,
    0x8C, 0xE1, 0xF6, 0x99, 0x3C, 0x86, 0xDB, 0x7F, 0x78, 0x80, 0x98, 0x99, 0xE1, 0x36, 0x00, 0x82,
    0xAE, 0x19, 0x7F, 0x78, 0x9C, 0x01, 0x28, 0x00, 0xD7, 0xFF, 0x66, 0x00, 0x70, 0x05, 0xCC, 0x00,
    0xF6, 0x03, 0xCC, 0x10, 0x8E, 0x00, 0xCC, 0xA0, 0x0D, 0x00, 0xDC, 0xF9, 0x02, 0x00, 0xFC, 0xFC,
    0x04, 0x00, 0xCC, 0xB0, 0x0D, 0x00, 0xCC, 0x30, 0x7F, 0x00, 0xCC, 0x00, 0xFA, 0x01, 0xCC, 0x00,
    0xF1, 0x0A, 0x3F, 0x65, 0x0F, 0xE9, 0x78, 0x9C, 0x63, 0x68, 0xE8, 0xE8, 0xD0, 0x60, 0xF8, 0xBC,
    0xE6, 0x94, 0x3F, 0xC3, 0x57, 0x96, 0x00, 0x7F, 0x86, 0xEF, 0x8C, 0x40, 0xE2, 0x27, 0x03, 0x90,
    0x38, 0x0D, 0x22, 0xE6, 0x01, 0x09, 0x85, 0x7C, 0x20, 0x31, 0x41, 0x1E, 0x48, 0xFC, 0x63, 0x07,
    0x12, 0x42, 0x0C, 0x40, 0x00, 0x00, 0x0B, 0x38, 0x10, 0x11, 0x78, 0x9C, 0x6B, 0x63, 0x63, 0x50,
    0xE8, 0x60, 0xFC, 0x23, 0xCF, 0x30, 0xE1, 0x3F, 0xD3, 0x99, 0x78, 0x86, 0x07, 0xBF, 0x99, 0xCE,
    0xEC, 0x62, 0xF8, 0xFC, 0x9D, 0xE9, 0xCC, 0x17, 0xC6, 0x9D, 0xDF, 0x98, 0xCE, 0x3C, 0x60, 0xCD,
    0x03, 0x92, 0x13, 0xAC, 0xE5, 0x81, 0xA4, 0x43, 0x3F, 0x37, 0x90, 0x64, 0x78, 0xC7, 0x06, 0x22,
    0x7F, 0x32, 0x7E, 0x63, 0x02, 0x00, 0x3A, 0x57, 0x1B, 0xA7, 0x78, 0x9C, 0x4B, 0x63, 0x60, 0x08,
    0xBF, 0xC3, 0xC0, 0xB0, 0x0F, 0x86, 0xDF, 0x94, 0x97, 0xEF, 0xFF, 0xB3, 0x6A, 0xD5, 0x7E, 0x64,
    0x31, 0x10, 0x06, 0x00, 0x5A, 0x9B, 0x11, 0x9C, 0x78, 0x9C, 0x63, 0x28, 0x5C, 0x25, 0xCE, 0xA0,
    0xF0, 0x6E, 0xE6, 0x3F, 0xE6, 0x0D, 0x72, 0x0C, 0x0F, 0x79, 0x3E, 0x72, 0x32, 0x4C, 0x90, 0xFF,
    0xCC, 0xCE, 0x50, 0x60, 0x0F, 0x24, 0x12, 0xEC, 0x3F, 0x71, 0x30, 0x14, 0xE8, 0x3F, 0xE0, 0x61,
    0x38, 0xC0, 0x57, 0xD0, 0x2F, 0xF8, 0x83, 0x9D, 0xE1, 0xF9, 0xFF, 0x3A, 0x06, 0x06, 0x06, 0x25,
    0x06, 0x06, 0x00, 0x25, 0x63, 0x12, 0x69, 0x78, 0x9C, 0x6B, 0xEB, 0xE8, 0xF0, 0xF8, 0xB3, 0x6A,
    0x55, 0xFF, 0x1D, 0x06, 0x01, 0xBC, 0x18, 0x00, 0x72, 0xF0, 0x10, 0x96, 0x78, 0x9C, 0x0B, 0x2B,
    0x9C, 0xC5, 0xCC, 0x70, 0x66, 0xCF, 0xCD, 0x78, 0x86, 0x3F, 0xEC, 0x02, 0xF7, 0x18, 0xFE, 0x30,
    0x30, 0xFC, 0x64, 0xBC, 0xC3, 0xC0, 0xF0, 0x9D, 0x19, 0x48, 0x7C, 0x63, 0x7E, 0x03, 0x64, 0x31,
    0xFD, 0x61, 0x62, 0xF8, 0xCD, 0xF0, 0x46, 0x27, 0x61, 0x3E, 0xC3, 0x99, 0x6F, 0xFF, 0xB9, 0x19,
    0xCE, 0x30, 0x08, 0x31, 0x00, 0x09, 0x06, 0x28, 0x31, 0x13, 0x44, 0x00, 0x00, 0xC4, 0x26, 0x17,
    0x87, 0x78, 0x9C, 0x63, 0x28, 0x9C, 0xC5, 0xCA, 0xA0, 0xF0, 0x6E, 0xE5, 0x7A, 0x86, 0x0D, 0x72,
    0x0C, 0xDF, 0x99, 0x3F, 0x70, 0x32, 0x18, 0x30, 0x7E, 0x66, 0x67, 0x60, 0x60, 0x00, 0x13, 0x9F,
    0x38, 0x80, 0xC4, 0x03, 0x5E, 0x86, 0xC7, 0xAC, 0x05, 0xF3, 0x8D, 0xFE, 0x30, 0x32, 0x7C, 0xFF,
    0x6F, 0x0B, 0x14, 0x10, 0x62, 0x60, 0x00, 0x00, 0xD1, 0x84, 0x0F, 0xAF, 0x78, 0x9C, 0x6B, 0xED,
    0xE8, 0xA8, 0x58, 0xFE, 0x6A, 0xFD, 0x2C, 0x86, 0x05, 0x7C, 0x0C, 0xF8, 0x30, 0x00, 0x0D, 0xD1,
    0x0A, 0x58, 0x78, 0x9C, 0x4B, 0x67, 0x60, 0x48, 0x60, 0xFF, 0xC1, 0xC4, 0xF0, 0x91, 0xF3, 0x13,
    0x3B, 0xC3, 0x37, 0xE6, 0x03, 0xBC, 0x0C, 0xA7, 0x19, 0x02, 0xFC, 0x05, 0xF2, 0x19, 0x18, 0xD6,
    0x25, 0xC8, 0x33, 0x30, 0xFC, 0x3C, 0xC0, 0xC5, 0xC0, 0xF0, 0xE9, 0x3B, 0x0B, 0x03, 0xC3, 0x81,
    0xF7, 0x0C, 0x0C, 0x0C, 0x01, 0xFD, 0x40, 0x02, 0x24, 0xCE, 0xF0, 0x10, 0x28, 0xDE, 0xFC, 0x8E,
    0x91, 0x81, 0x61, 0x8B, 0x24, 0x90, 0x07, 0x00, 0xD3, 0xD5, 0x12, 0x7F, 0x78, 0x9C, 0x63, 0x60,
    0x80, 0x83, 0xAF, 0x4C, 0xD8, 0xE8, 0x25, 0x9E, 0x5F, 0x93, 0x66, 0x31, 0x33, 0x04, 0x9C, 0x3F,
    0xF1, 0xEB, 0xD4, 0x4B, 0x7B, 0x86, 0x0B, 0xBC, 0x0C, 0x7F, 0xB9, 0x14, 0xD6, 0x33, 0x7C, 0xE4,
    0x60, 0xF8, 0xC1, 0xC2, 0xF0, 0x86, 0xE1, 0x33, 0x3B, 0xC3, 0x37, 0x26, 0x86, 0x5F, 0x0C, 0x9F,
    0xD9, 0x40, 0xEA, 0x7F, 0x32, 0x7C, 0x62, 0x67, 0xF8, 0xCE, 0x0C, 0xE4, 0x7F, 0xE0, 0x62, 0xF8,
    0xC5, 0xC6, 0x70, 0x96, 0x61, 0x43, 0x7C, 0xE2, 0x3F, 0xDB, 0x82, 0x7A, 0x06, 0x81, 0x3F, 0xE7,
    0xBF, 0x3D, 0xFD, 0xCF, 0xC5, 0xC0, 0x20, 0xC0, 0xF8, 0x95, 0x49, 0x08, 0xAB, 0x7D, 0x5B, 0x18,
    0x81, 0x04, 0x00, 0x02, 0x4A, 0x27, 0xCD, 0x78, 0x9C, 0x6B, 0x66, 0x62, 0x68, 0x62, 0x7E, 0xC0,
    0xC3, 0x70, 0x87, 0xC1, 0x20, 0xBF, 0xC0, 0x9E, 0x81, 0xE1, 0xC7, 0x67, 0x76, 0x06, 0x86, 0x03,
    0xE7, 0x19, 0x18, 0x18, 0x16, 0xAC, 0x07, 0x12, 0x5F, 0xBF, 0xB3, 0x32, 0x08, 0xF4, 0x4F, 0x90,
    0x67, 0x38, 0xC0, 0xCB, 0x70, 0x8E, 0xE1, 0x3B, 0x33, 0xC3, 0x17, 0x76, 0x00, 0x88, 0x5A, 0x0F,
    0xC0, 0x78, 0x9C, 0x4B, 0x63, 0x60, 0x88, 0x60, 0xB8, 0xC3, 0xC0, 0x30, 0x9F, 0x10, 0xA1, 0xA4,
    0xB4, 0x9E, 0xE9, 0xCF, 0xFF, 0xFF, 0xFF, 0xF9, 0x18, 0x18, 0x18, 0x1A, 0x50, 0x89, 0x00, 0x0E,
    0x00, 0xD3, 0x65, 0x12, 0xF6, 0x78, 0x9C, 0x0B, 0x67, 0x30, 0x90, 0x58, 0xC7, 0x50, 0xA0, 0x0F,
    0xC3, 0x67, 0x81, 0xF8, 0xE7, 0xAC, 0xDF, 0xFA, 0x05, 0xB3, 0x4A, 0xF5, 0x19, 0x80, 0x6C, 0x18,
    0x06, 0x00, 0x08, 0xCA, 0x0C, 0x3B, 0x78, 0x9C, 0x4B, 0x63, 0x70, 0xE0, 0x60, 0x68, 0x66, 0xBC,
    0xC3, 0x30, 0x81, 0x9F, 0xE1, 0x1B, 0x33, 0x09, 0x94, 0xD2, 0x22, 0x7D, 0xA5, 0xEF, 0xCC, 0x7F,
    0xFE, 0x83, 0x00, 0x33, 0x00, 0x33, 0x3C, 0x1B, 0x44, 0x78, 0x9C, 0x4B, 0x63, 0x08, 0x60, 0x67,
    0x68, 0x66, 0xB8, 0xC3, 0x30, 0x81, 0x9F, 0xE1, 0x3B, 0x23, 0x09, 0x94, 0xD2, 0x22, 0x7D, 0xA5,
    0x9F, 0xCC, 0x7F, 0xFE, 0x83, 0x40, 0x3E, 0x03, 0x18, 0x60, 0xA5, 0x2C, 0x01, 0x52, 0xA7, 0x1D,
    0x3F, 0x78, 0x9C, 0x6B, 0xED, 0x60, 0x67, 0x60, 0x60, 0x58, 0xF6, 0x8A, 0x17, 0x48, 0x32, 0x6C,
    0x40, 0x26, 0xEB, 0xD2, 0x59, 0x80, 0xE4, 0xFC, 0x9D, 0xE7, 0xC1, 0x22, 0x5F, 0xD9, 0x40, 0xE4,
    0x67, 0x76, 0x86, 0x0D, 0xB2, 0x86, 0xBF, 0x99, 0x18, 0x36, 0xFC, 0x7F, 0xEF, 0xC3, 0x00, 0x00,
    0xB7, 0x98, 0x10, 0xF0, 0x78, 0x9C, 0x4B, 0x63, 0x60, 0x60, 0x28, 0x60, 0xBD, 0x03, 0x24, 0x1F,
    0x70, 0x23, 0x93, 0x6F, 0xCA, 0xDD, 0x40, 0xE4, 0xCC, 0xDF, 0x3C, 0x20, 0x91, 0x84, 0x78, 0x10,
    0xE9, 0x90, 0x0F, 0x24, 0x05, 0x0F, 0xEB, 0x3F, 0xE0, 0xFE, 0xF3, 0x7F, 0x1F, 0xF3, 0x03, 0x6E,
    0x00, 0x69, 0x4E, 0x17, 0xA9, 0x78, 0x9C, 0x4B, 0x63, 0x60, 0x60, 0xB8, 0x83, 0x84, 0xDF, 0x94,
    0xBB, 0x31, 0xBC, 0x99, 0xF9, 0x5B, 0xF6, 0x0E, 0x83, 0x41, 0xFF, 0x1D, 0x06, 0x81, 0xF9, 0x77,
    0x04, 0x17, 0xFB, 0xFF, 0xF9, 0x7F, 0x9E, 0x15, 0x00, 0xF8, 0x39, 0x0F, 0x15, 0x78, 0x9C, 0x01,
    0x37, 0x00, 0xC8, 0xFF, 0x00, 0x95, 0x8A, 0x02, 0x00, 0xA0, 0xAF, 0xC8, 0x4F, 0x00, 0xF4, 0x06,
    0x00, 0xEC, 0x00, 0x20, 0x00, 0x00, 0xF6, 0x03, 0x00, 0x50, 0x66, 0xF8, 0x05, 0x00, 0xA0, 0xCC,
    0xFD, 0x06, 0x00, 0x00, 0x00, 0xF5, 0x05, 0xD5, 0x02, 0x00, 0xF9, 0x01, 0xF1, 0x2C, 0x61, 0x9F,
    0x00, 0x30, 0xFD, 0xFF, 0x09, 0x00, 0x00, 0x10, 0x02, 0x00, 0x00, 0x0F, 0x3B, 0x11, 0xD8, 0x78,
    0x9C, 0x4B, 0x63, 0x10, 0x58, 0x11, 0xC9, 0x70, 0x87, 0xE1, 0x73, 0xEF, 0x2F, 0xEE, 0x3B, 0x0C,
    0x6F, 0x18, 0x0B, 0xFC, 0xEF, 0x08, 0xCC, 0x67, 0x10, 0x98, 0xFF, 0x66, 0x7A, 0x3D, 0x03, 0xC3,
    0xFE, 0x3F, 0xBB, 0x80, 0xE4, 0xBE, 0x3B, 0x0A, 0xFD, 0x0C, 0x0C, 0xEB, 0xEF, 0x30, 0x9C, 0x63,
    0x30, 0xA8, 0xBF, 0xC3, 0xF0, 0x5D, 0xFC, 0x92, 0xDC, 0x1D, 0x86, 0x86, 0xFF, 0xE7, 0x99, 0x19,
    0x18, 0x18, 0x14, 0x18, 0x19, 0x00, 0x9B, 0xA7, 0x1A, 0x0A, 0x78, 0x9C, 0x63, 0x48, 0x6C, 0xEF,
    0x60, 0x09, 0xB8, 0x3F, 0xEB, 0x17, 0xC7, 0x03, 0x5E, 0x86, 0x8F, 0x1C, 0x1F, 0xB8, 0x81, 0xC4,
    0x86, 0x78, 0xA5, 0xCF, 0x1C, 0x02, 0x3F, 0xFF, 0xFF, 0xE7, 0x60, 0xF8, 0xC2, 0xFA, 0x91, 0x43,
    0x60, 0x1D, 0x48, 0x4C, 0x0E, 0x48, 0x7C, 0x67, 0x01, 0x12, 0x00, 0x1B, 0x3D, 0x14, 0xB9, 0x78,
    0x9C, 0x63, 0x70, 0x64, 0x62, 0x60, 0x60, 0xD8, 0x20, 0x07, 0x24, 0x18, 0x4E, 0x80, 0x08, 0x07,
    0x20, 0xBF, 0x60, 0x95, 0x38, 0x83, 0xC2, 0xBB, 0x99, 0xEF, 0x98, 0x36, 0xC8, 0x33, 0x3C, 0xE4,
    0xFE, 0xC0, 0xC9, 0x30, 0x81, 0xFF, 0xF3, 0x9A, 0x55, 0xA7, 0xF4, 0x3F, 0xCF, 0x99, 0x39, 0x53,
    0xF2, 0x13, 0x07, 0x50, 0xD5, 0x03, 0x1E, 0x06, 0x03, 0xE6, 0x84, 0xF9, 0x8C, 0x5F, 0x39, 0x19,
    0x9E, 0xFF, 0x9F, 0x0F, 0x14, 0x50, 0x62, 0x60, 0x00, 0x00, 0xEB, 0xD2, 0x16, 0x11, 0x78, 0x9C,
    0x01, 0x46, 0x00, 0xB9, 0xFF, 0x00, 0x52, 0x00, 0x25, 0x00, 0x00, 0xF6, 0x00, 0x7F, 0x00, 0x00,
    0x41, 0x00, 0x24, 0x00, 0x00, 0x70, 0xAA, 0x17, 0x00, 0x20, 0xEE, 0x99, 0xEE, 0x02, 0xB0, 0x1F,
    0x00, 0xE1, 0x0B, 0xF0, 0x09, 0x00, 0x90, 0x0F, 0xF3, 0xAC, 0xAA, 0xCA, 0x2F, 0xF3, 0x9C, 0x99,
    0x99, 0x19, 0xF2, 0x08, 0x00, 0x00, 0x00, 0xE0, 0x0C, 0x00, 0x30, 0x03, 0x60, 0x9F, 0x01, 0xF5,
    0x09, 0x00, 0xE7, 0xFF, 0x9F, 0x00, 0x00, 0x00, 0x22, 0x00, 0x00, 0xF3, 0xE9, 0x16, 0x47, 0x78,
    0x9C, 0x63, 0x60, 0x00, 0x82, 0x03, 0xBC, 0x40, 0xE2, 0xD7, 0xF9, 0x18, 0x06, 0x86, 0xAB, 0x79,
    0x66, 0x20, 0xAE, 0x23, 0x33, 0xC3, 0x81, 0x9C, 0xFF, 0xEF, 0x99, 0x0E, 0xEC, 0x63, 0xFC, 0xC2,
    0x75, 0x40, 0x9E, 0xE1, 0x02, 0x0F, 0x50, 0xC9, 0x01, 0x5E, 0x9C, 0x04, 0xCC, 0x8C, 0x03, 0x3C,
    0x0C, 0x0C, 0x06, 0x3F, 0x39, 0x19, 0x18, 0x1C, 0x66, 0x33, 0x02, 0x00, 0xD4, 0x01, 0x1A, 0x14,
    0x78, 0x9C, 0x63, 0x50, 0x10, 0x61, 0xF8, 0xC4, 0xC5, 0x50, 0xCB, 0xA0, 0xC0, 0xC2, 0xD0, 0xD6,
    0xC1, 0xF1, 0x67, 0x15, 0xD7, 0x1D, 0x06, 0x06, 0xAC, 0x08, 0x00, 0xED, 0x1D, 0x0B, 0x78, 0x78,
    0x9C, 0x63, 0x28, 0x9C, 0xC5, 0xC6, 0xA0, 0x70, 0x6F, 0xC6, 0x79, 0x86, 0x0D, 0x7C, 0x0C, 0x5F,
    0xD8, 0x3E, 0x70, 0x32, 0x28, 0x30, 0x7E, 0xCE, 0x4A, 0x63, 0x60, 0xF8, 0x7C, 0xF6, 0x0C, 0x03,
    0xC3, 0x27, 0x0E, 0x06, 0x06, 0x86, 0x07, 0x3C, 0x0C, 0x17, 0xD8, 0x13, 0xFA, 0x05, 0x7F, 0x31,
    0x33, 0x3C, 0xFF, 0x1F, 0x07, 0x14, 0x10, 0x62, 0x60, 0x00, 0x00, 0x0F, 0x00, 0x11, 0xA8, 0x78,
    0x9C, 0x63, 0x68, 0xE9, 0x62, 0x61, 0x98, 0xB0, 0x7E, 0xC5, 0x7C, 0x86, 0x0F, 0x1C, 0x0C, 0xDB,
    0x18, 0x3E, 0x70, 0x31, 0x30, 0x30, 0x14, 0xBC, 0xCF, 0x62, 0x64, 0x60, 0x68, 0xFA, 0x9B, 0x0F,
    0x64, 0x0B, 0xFC, 0x66, 0x4A, 0x62, 0x60, 0xF8, 0xCC, 0xFA, 0x49, 0x53, 0xE1, 0x17, 0x63, 0xC0,
    0xDF, 0xFF, 0xBE, 0x40, 0x21, 0x21, 0x06, 0x06, 0x00, 0xFA, 0xD9, 0x11, 0x51, 0x78, 0x9C, 0x63,
    0x38, 0x13, 0xCA, 0x90, 0x76, 0x06, 0x06, 0x00, 0x36, 0x3E, 0x08, 0xB4, 0x78, 0x9C, 0x0B, 0x60,
    0x74, 0xFE, 0xC8, 0x76, 0xD3, 0x81, 0xD1, 0x88, 0xA1, 0x89, 0x89, 0xE1, 0x0B, 0x0B, 0x2E, 0x04,
    0x00, 0xED, 0x00, 0x0C, 0x14, 0x78, 0x9C, 0x63, 0x60, 0x60, 0x38, 0xC3, 0x10, 0xCA, 0xC0, 0xC0,
    0x90, 0x06, 0xA4, 0x31, 0xE1, 0xDE, 0xC9, 0xFD, 0x5B, 0x38, 0x00, 0xB8, 0x17, 0x0C, 0x1B, 0x78,
    0x9C, 0x63, 0x68, 0xE8, 0xE8, 0xF0, 0x60, 0x00, 0x82, 0xCF, 0x6B, 0x56, 0xCD, 0x07, 0xD1, 0x5F,
    0x59, 0x18, 0xC0, 0xF4, 0x77, 0x46, 0x08, 0xFD, 0x93, 0x81, 0xE1, 0x7C, 0xB9, 0x1B, 0x03, 0xC3,
    0x19, 0x06, 0x86, 0xFB, 0x33, 0x7F, 0xCB, 0x32, 0xCC, 0x63, 0x00, 0x8A, 0x3B, 0xD4, 0x2B, 0xE4,
    0x83, 0x68, 0x85, 0xFE, 0x09, 0xF2, 0x40, 0x5A, 0x70, 0xB3, 0xFD, 0x3F, 0x76, 0x06, 0x86, 0xFF,
    0xFF, 0xCF, 0xB3, 0x08, 0x31, 0x40, 0x00, 0x00, 0x44, 0x25, 0x17, 0xE3, 0x78, 0x9C, 0x4B, 0x63,
    0x50, 0x90, 0x60, 0x60, 0x60, 0xB8, 0xC3, 0x10, 0x60, 0x8F, 0x41, 0xBD, 0x29, 0x5F, 0x3E, 0xBF,
    0x5C, 0x94, 0xE1, 0xCF, 0xAA, 0x53, 0xFB, 0x57, 0xFE, 0x63, 0x01, 0x0B, 0x3E, 0xE4, 0x01, 0x53,
    0x17, 0x78, 0x81, 0x54, 0xBC, 0xE2, 0x77, 0x0E, 0x20, 0xF5, 0xFF, 0x7F, 0x2D, 0x03, 0x00, 0xC6,
    0xFD, 0x17, 0xE1, 0x78, 0x9C, 0x63, 0x60, 0x00, 0x82, 0x03, 0xBC, 0x40, 0xE2, 0xD7, 0xF9, 0x18,
    0x06, 0x86, 0xAB, 0x79, 0x66, 0x20, 0xAE, 0x23, 0x33, 0xC3, 0x81, 0x9C, 0xF7, 0xEF, 0x99, 0x0E,
    0xEC, 0x63, 0xFC, 0xCC, 0x75, 0x40, 0x9E, 0xE1, 0x02, 0x0F, 0x50, 0xC9, 0x01, 0x5E, 0x9C, 0x04,
    0x00, 0xEE, 0xFA, 0x16, 0x5C, 0x78, 0x9C, 0x01, 0x38, 0x00, 0xC7, 0xFF, 0x00, 0x00, 0x43, 0x00,
    0x00, 0x30, 0x8F, 0x00, 0x00, 0xD1, 0x06, 0x00, 0x00, 0x33, 0x00, 0x00, 0x66, 0x00, 0x70, 0x05,
    0xCC, 0x00, 0xF6, 0x03, 0xCC, 0x10, 0x8E, 0x00, 0xCC, 0xA0, 0x0D, 0x00, 0xDC, 0xF9, 0x02, 0x00,
    0xFC, 0xFC, 0x04, 0x00, 0xCC, 0xB0, 0x0D, 0x00, 0xCC, 0x30, 0x7F, 0x00, 0xCC, 0x00, 0xFA, 0x01,
    0xCC, 0x00, 0xF1, 0x0A, 0xA3, 0x19, 0x11, 0xF5, 0x78, 0x9C, 0x53, 0x10, 0x61, 0x60, 0x50, 0x38,
    0xCB, 0xC0, 0xC0, 0xB0, 0x81, 0x13, 0x48, 0xB0, 0x31, 0xA4, 0x31, 0x30, 0x64, 0x9C, 0x61, 0x68,
    0xB8, 0x7F, 0x86, 0xE1, 0xE3, 0xBD, 0x33, 0x0C, 0xBB, 0x6E, 0x9D, 0x31, 0xD0, 0xBF, 0x7D, 0xE6,
    0x00, 0xC7, 0xED, 0x33, 0xCF, 0x18, 0x6E, 0x9F, 0xC9, 0x63, 0xB8, 0xFD, 0x87, 0x07, 0x88, 0x99,
    0x19, 0x6E, 0x03, 0x00, 0xFB, 0xFE, 0x16, 0xA9, 0x78, 0x9C, 0x33, 0x60, 0x61, 0x70, 0x66, 0x28,
    0x90, 0x67, 0x58, 0xCB, 0x20, 0xF0, 0xF6, 0x96, 0x1E, 0x03, 0x83, 0x43, 0x18, 0x23, 0x43, 0x3A,
    0x03, 0x43, 0x02, 0xFB, 0x0F, 0x26, 0x86, 0x8F, 0x9C, 0x9F, 0xD8, 0x19, 0xBE, 0x31, 0x1F, 0xE0,
    0x65, 0x38, 0xCD, 0x10, 0xE0, 0x2F, 0x90, 0xCF, 0xC0, 0xB0, 0x2E, 0x41, 0x9E, 0x81, 0xE1, 0xE7,
    0x01, 0x2E, 0x06, 0x86, 0x4F, 0xDF, 0x59, 0x18, 0x18, 0x0E, 0xBC, 0x67, 0x60, 0x60, 0x08, 0xE8,
    0x07, 0x12, 0x20, 0x71, 0x86, 0x87, 0x40, 0xF1, 0xE6, 0x77, 0x8C, 0x0C, 0x0C, 0x5B, 0x24, 0x81,
    0x3C, 0x00, 0x2D, 0x89, 0x16, 0xCE, 0x78, 0x9C, 0x4B, 0x63, 0x60, 0x08, 0xBF, 0xC3, 0xC0, 0xB0,
    0x0F, 0x27, 0x56, 0x52, 0xDA, 0xF7, 0xE7, 0xFF, 0xFF, 0xFD, 0x0C, 0x07, 0xB8, 0x19, 0xE0, 0xB8,
    0x80, 0x8D, 0x01, 0x00, 0x64, 0x53, 0x14, 0x62, 0x78, 0x9C, 0x2B, 0x2C, 0x17, 0x7F, 0xF4, 0x4E,
    0x0F, 0x00, 0x0A, 0x0B, 0x02, 0xFE, 0x78, 0x9C, 0x2B, 0x2C, 0x17, 0x7F, 0xF4, 0x4E, 0x0F, 0x00,
    0x0A, 0x0B, 0x02, 0xFE, 0x78, 0x9C, 0x53, 0x52, 0x02, 0x82, 0xFF, 0x20, 0xC0, 0x00, 0x02, 0x00,
    0x30, 0x89, 0x05, 0xA6, 0x78, 0x9C, 0x53, 0x52, 0x02, 0x82, 0xFF, 0x20, 0xC0, 0x00, 0x02, 0x00,
    0x30, 0x89, 0x05, 0xA6, 0x78, 0x9C, 0x53, 0x52, 0x82, 0x82, 0xFF, 0x30, 0xC0, 0x00, 0x03, 0x00,
    0x99, 0x1B, 0x0A, 0x2A, 0x78, 0x9C, 0x53, 0x52, 0x82, 0x82, 0xFF, 0x30, 0xC0, 0x00, 0x03, 0x00,
    0x99, 0x1B, 0x0A, 0x2A, 0x78, 0x9C, 0x63, 0x60, 0x60, 0xF8, 0xD6, 0xC8, 0x47, 0x12, 0xBA, 0x5A,
    0xC0, 0x0D, 0x00, 0xAE, 0xD6, 0x19, 0xA1, 0x78, 0x9C, 0x9B, 0x34, 0x13, 0x08, 0x24, 0x27, 0x81,
    0x48, 0xCD, 0x49, 0x48, 0x6C, 0x00, 0x9E, 0xA0, 0x0C, 0x5D, 0x78, 0x9C, 0x73, 0xCC, 0xD4, 0xB9,
    0xD7, 0x01, 0x00, 0x05, 0xB6, 0x02, 0x3D, 0x78, 0x9C, 0x0B, 0x7D, 0x7B, 0x75, 0xA9, 0x39, 0x00,
    0x09, 0x62, 0x02, 0xF4, 0x78, 0x9C, 0x5B, 0xF9, 0xF6, 0x52, 0xBB, 0x30, 0x00, 0x0A, 0x9D, 0x03,
    0x03, 0x78, 0x9C, 0x0B, 0xBD, 0x17, 0xEB, 0x55, 0x0C, 0x00, 0x07, 0x44, 0x02, 0x4E, 0x78, 0x9C,
    0x73, 0x60, 0x14, 0x7D, 0x28, 0xC0, 0xBB, 0x25, 0x80, 0xEB, 0x6B, 0x9A, 0xFF, 0x62, 0x67, 0x2D,
    0x00, 0x25, 0x57, 0x05, 0x1D, 0x78, 0x9C, 0x4B, 0x54, 0x52, 0xFB, 0x92, 0x16, 0xBF, 0x51, 0xCC,
    0xE7, 0x00, 0xB3, 0x6C, 0xA3, 0x02, 0x3B, 0x00, 0x2C, 0xDA, 0x04, 0xFE, 0x78, 0x9C, 0xDB, 0xEC,
    0x62, 0xFD, 0x25, 0x2D, 0x7E, 0x02, 0xAB, 0xF5, 0x05, 0x41, 0x5E, 0x43, 0x01, 0x66, 0x00, 0x31,
    0xBF, 0x04, 0xEE, 0x78, 0x9C, 0x4B, 0x72, 0x62, 0xFB, 0xBA, 0x54, 0xFE, 0xE8, 0x44, 0xCE, 0x4B,
    0x05, 0x1C, 0x0D, 0x42, 0x9C, 0x00, 0x32, 0x1D, 0x05, 0xA8, 0x78, 0x9C, 0x63, 0x60, 0x00, 0x82,
    0x07, 0x7C, 0x0C, 0x0C, 0x17, 0x78, 0x19, 0x18, 0x36, 0xF0, 0x30, 0xBC, 0x79, 0x73, 0xEE, 0x5C,
    0xE8, 0x11, 0x9F, 0x50, 0x86, 0x05, 0x5C, 0x0C, 0x70, 0x3C, 0x81, 0x13, 0x81, 0x1B, 0x40, 0x98,
    0x03, 0x82, 0x05, 0x18, 0x19, 0x00, 0xF6, 0xCA, 0x0D, 0x29, 0x78, 0x9C, 0x63, 0x60, 0x00, 0x82,
    0x0D, 0xDC, 0x10, 0xBC, 0x80, 0x8B, 0xE1, 0xCD, 0x9B, 0x73, 0xE7, 0x42, 0x97, 0x78, 0x85, 0x32,
    0x34, 0x70, 0x30, 0x30, 0x14, 0xB0, 0x03, 0x31, 0x1B, 0x03, 0x88, 0xAD, 0x34, 0x51, 0x52, 0xE9,
    0xCF, 0xFF, 0xFF, 0xE7, 0x05, 0x17, 0x70, 0x09, 0xC2, 0xD5, 0x2B, 0x30, 0x31, 0x00, 0x00, 0x10,
    0x59, 0x10, 0x45, 0x78, 0x9C, 0x63, 0x08, 0x61, 0x58, 0xF0, 0x5F, 0xF6, 0xF3, 0xFF, 0x7E, 0x20,
    0xDA, 0xF0, 0x5F, 0x8E, 0x21, 0x95, 0x11, 0x00, 0x59, 0x2A, 0x09, 0x46, 0x78, 0x9C, 0x53, 0x60,
    0x60, 0xF8, 0x68, 0xC5, 0xF0, 0xF1, 0xBF, 0xF5, 0xC7, 0xFF, 0x3E, 0x1F, 0x7D, 0x18, 0x1C, 0x18,
    0x18, 0x00, 0x46, 0x93, 0x07, 0x30, 0x78, 0x9C, 0x7B, 0xCA, 0xFA, 0x95, 0x15, 0x00, 0x05, 0x96,
    0x01, 0xE5, 0x78, 0x9C, 0x7B, 0xC6, 0xFC, 0x80, 0xFB, 0x3B, 0xCB, 0x07, 0x1E, 0x00, 0x12, 0x98,
    0x03, 0xCC, 0x78, 0x9C, 0x7B, 0xC1, 0xC4, 0x70, 0x86, 0x41, 0xA1, 0xEF, 0x27, 0x13, 0xC3, 0x5D,
    0x06, 0x85, 0xF9, 0x00, 0x26, 0x5A, 0x04, 0xFC, 0x78, 0x9C, 0xBB, 0xC2, 0xF2, 0x95, 0x55, 0x80,
    0x01, 0x00, 0x09, 0x15, 0x01, 0xE3, 0x78, 0x9C, 0x63, 0x60, 0x68, 0x75, 0x67, 0x60, 0x38, 0x78,
    0xFE, 0x0F, 0x37, 0xC3, 0x2F, 0x66, 0x87, 0x7A, 0x81, 0x7E, 0x06, 0x06, 0xD3, 0x80, 0x7C, 0x41,
    0x46, 0x86, 0xDF, 0xFF, 0xFF, 0xF3, 0x31, 0x14, 0xE8, 0x33, 0x30, 0x30, 0x1C, 0x9D, 0xDF, 0xC1,
    0xC1, 0xB0, 0x7D, 0xFF, 0x4C, 0x0E, 0x06, 0x83, 0x7A, 0x20, 0x97, 0xE1, 0x1C, 0x03, 0x43, 0x36,
    0xC3, 0x37, 0xAB, 0x45, 0xFE, 0x0C, 0x09, 0xFF, 0xDE, 0xB3, 0x31, 0x30, 0x28, 0x30, 0x32, 0x00,
    0x00, 0x03, 0x3E, 0x14, 0xF3, 0x78, 0x9C, 0x4B, 0x62, 0x66, 0x60, 0x48, 0x64, 0x64, 0x60, 0x60,
    0xF8, 0xCA, 0xC7, 0xC0, 0xF0, 0x85, 0x19, 0xC4, 0x98, 0x0F, 0x63, 0x7C, 0x67, 0x06, 0x32, 0x02,
    0xDC, 0x19, 0xBE, 0x1E, 0xE4, 0x61, 0xF8, 0x22, 0x7C, 0xF6, 0x06, 0xD7, 0x57, 0xC3, 0x7C, 0x86,
    0x2F, 0xC5, 0x7C, 0x06, 0xFA, 0x5F, 0x19, 0x5F, 0x32, 0x7E, 0x59, 0xCC, 0xC3, 0x10, 0xFF, 0x95,
    0xF1, 0x21, 0x27, 0x94, 0x91, 0x60, 0xFF, 0xA5, 0x98, 0xDF, 0x01, 0x28, 0xC5, 0x70, 0xE7, 0x0B,
    0xF3, 0x9D, 0x57, 0x1C, 0x40, 0xC6, 0xE7, 0x5F, 0xCC, 0x06, 0xAA, 0x0C, 0x40, 0xC6, 0x84, 0xFF,
    0xC2, 0x2E, 0x2E, 0x22, 0x40, 0x86, 0xC0, 0xBF, 0xE0, 0xFF, 0xFF, 0xED, 0x01, 0xFE, 0x52, 0x2B,
    0x83,
};
const GFXglyph BookishArimo18Glyphs[] = {
    { 0, 0, 5, 0, 0, 8, 0 }, //
    { 3, 13, 5, 1, 13, 32, 8 }, // !
    { 6, 5, 6, 0, 13, 23, 40 }, // "
    { 10, 13, 10, 0, 13, 76, 63 }, // #
    { 10, 16, 10, 0, 14, 84, 139 }, // $
    { 16, 14, 16, 0, 13, 110, 223 }, // %
    { 12, 14, 12, 0, 13, 95, 333 }, // &
    { 3, 5, 3, 0, 13, 16, 428 }, // '
    { 5, 18, 6, 1, 14, 60, 444 }, // (
    { 5, 18, 6, 0, 14, 61, 504 }, // )
    { 7, 7, 7, 0, 13, 36, 565 }, // *
    { 10, 10, 11, 0, 11, 30, 601 }, // +
    { 3, 5, 5, 1, 2, 18, 631 }, // ,
    { 6, 2, 6, 0, 6, 14, 649 }, // -
    { 3, 2, 5, 1, 2, 12, 663 }, // .
    { 5, 15, 5, 0, 14, 54, 675 }, // /
    { 10, 14, 10, 0, 13, 79, 729 }, // 0
    { 9, 13, 10, 1, 13, 39, 808 }, // 1
    { 10, 13, 10, 0, 13, 68, 847 }, // 2
    { 10, 14, 10, 0, 13, 78, 915 }, // 3
    { 10, 13, 10, 0, 13, 62, 993 }, // 4
    { 10, 14, 10, 0, 13, 71, 1055 }, // 5
    { 10, 14, 10, 0, 13, 77, 1126 }, // 6
    { 10, 13, 10, 0, 13, 60, 1203 }, // 7
    { 10, 14, 10, 0, 13, 78, 1263 }, // 8
    { 10, 14, 10, 0, 13, 79, 1341 }, // 9
    { 3, 10, 5, 1, 10, 21, 1420 }, // :
    { 3, 13, 5, 1, 10, 27, 1441 }, // ;
    { 10, 10, 11, 0, 11, 52, 1468 }, // <
    { 10, 6, 11, 0, 9, 31, 1520 }, // =
    { 10, 10, 11, 0, 11, 46, 1551 }, // >
    { 10, 13, 10, 0, 13, 63, 1597 }, // ?
    { 16, 17, 18, 1, 14, 135, 1660 }, // @
    { 12, 13, 12, 0, 13, 78, 1795 }, // A
    { 11, 13, 12, 1, 13, 68, 1873 }, // B
    { 13, 14, 13, 0, 13, 82, 1941 }, // C
    { 12, 13, 13, 1, 13, 64, 2023 }, // D
    { 11, 13, 12, 1, 13, 49, 2087 }, // E
    { 10, 13, 11, 1, 13, 36, 2136 }, // F
    { 13, 14, 14, 0, 13, 96, 2172 }, // G
    { 11, 13, 13, 1, 13, 41, 2268 }, // H
    { 3, 13, 5, 1, 13, 14, 2309 }, // I
    { 8, 14, 9, 0, 13, 40, 2323 }, // J
    { 11, 13, 12, 1, 13, 67, 2363 }, // K
    { 9, 13, 10, 1, 13, 25, 2430 }, // L
    { 13, 13, 15, 1, 13, 85, 2455 }, // M
    { 11, 13, 13, 1, 13, 64, 2540 }, // N
    { 14, 14, 14, 0, 13, 95, 2604 }, // O
    { 11, 13, 12, 1, 13, 53, 2699 }, // P
    { 14, 17, 14, 0, 13, 108, 2752 }, // Q
    { 12, 13, 13, 1, 13, 69, 2860 }, // R
    { 12, 14, 12, 0, 13, 85, 2929 }, // S
    { 11, 13, 11, 0, 13, 25, 3014 }, // T
    { 11, 14, 13, 1, 13, 51, 3039 }, // U
    { 12, 13, 12, 0, 13, 80, 3090 }, // V
    { 17, 13, 17, 0, 13, 119, 3170 }, // W
    { 12, 13, 12, 0, 13, 79, 3289 }, // X
    { 12, 13, 12, 0, 13, 59, 3368 }, // Y
    { 11, 13, 11, 0, 13, 62, 3427 }, // Z
    { 4, 18, 5, 1, 14, 22, 3489 }, // [
    { 5, 15, 5, 0, 14, 54, 3511 }, // <backslash>
    { 4, 18, 5, 0, 14, 21, 3565 }, // ]
    { 9, 8, 8, 0, 13, 47, 3586 }, // ^
    { 12, 2, 10, -1, -2, 16, 3633 }, // _
    { 5, 4, 6, 0, 14, 20, 3649 }, // `
    { 11, 11, 10, 0, 10, 70, 3669 }, // a
    { 9, 15, 10, 1, 14, 67, 3739 }, // b
    { 9, 11, 9, 0, 10, 59, 3806 }, // c
    { 9, 15, 10, 0, 14, 71, 3865 }, // d
    { 10, 11, 10, 0, 10, 64, 3936 }, // e
    { 6, 14, 5, 0, 14, 31, 4000 }, // f
    { 9, 14, 10, 0, 10, 76, 4031 }, // g
    { 8, 14, 10, 1, 14, 32, 4107 }, // h
    { 2, 14, 4, 1, 14, 15, 4139 }, // i
    { 4, 18, 4, -1, 14, 26, 4154 }, // j
    { 9, 14, 9, 1, 14, 55, 4180 }, // k
    { 2, 14, 4, 1, 14, 11, 4235 }, // l
    { 13, 10, 15, 1, 10, 46, 4246 }, // m
    { 8, 10, 10, 1, 10, 28, 4292 }, // n
    { 10, 11, 10, 0, 10, 63, 4320 }, // o
    { 9, 14, 10, 1, 10, 69, 4383 }, // p
    { 9, 14, 10, 0, 10, 71, 4452 }, // q
    { 5, 10, 6, 1, 10, 26, 4523 }, // r
    { 9, 11, 9, 0, 10, 62, 4549 }, // s
    { 5, 13, 5, 0, 12, 34, 4611 }, // t
    { 8, 11, 10, 1, 10, 36, 4645 }, // u
    { 9, 10, 9, 0, 10, 59, 4681 }, // v
    { 15, 10, 13, -1, 10, 89, 4740 }, // w
    { 9, 10, 9, 0, 10, 58, 4829 }, // x
    { 9, 14, 9, 0, 10, 74, 4887 }, // y
    { 9, 10, 9, 0, 10, 54, 4961 }, // z
    { 6, 18, 6, 0, 14, 48, 5015 }, // {
    { 3, 18, 5, 1, 14, 16, 5063 }, // |
    { 6, 18, 6, 0, 14, 48, 5079 }, // }
    { 10, 4, 11, 0, 8, 26, 5127 }, // ~
    { 0, 0, 5, 0, 0, 8, 5153 }, //  
    { 2, 13, 6, 2, 10, 22, 5161 }, // ¡
    { 8, 14, 10, 1, 13, 61, 5183 }, // ¢
    { 10, 13, 10, 0, 13, 60, 5244 }, // £
    { 9, 10, 10, 1, 11, 49, 5304 }, // ¤
    { 12, 13, 10, -1, 13, 77, 5353 }, // ¥
    { 3, 18, 5, 1, 14, 21, 5430 }, // ¦
    { 8, 16, 10, 1, 14, 73, 5451 }, // §
    { 6, 3, 6, 0, 13, 17, 5524 }, // ¨
    { 13, 14, 13, 0, 13, 99, 5541 }, // ©
    { 7, 8, 7, 0, 13, 41, 5640 }, // ª
    { 10, 8, 10, 0, 9, 49, 5681 }, // «
    { 10, 6, 11, 0, 7, 23, 5730 }, // ¬
    { 6, 2, 6, 0, 6, 14, 5753 }, // ­
    { 13, 14, 13, 0, 13, 103, 5767 }, // ®
    { 12, 2, 10, -1, 14, 17, 5870 }, // ¯
    { 6, 6, 7, 1, 13, 26, 5887 }, // °
    { 10, 11, 10, 0, 11, 36, 5913 }, // ±
    { 6, 9, 6, 0, 13, 35, 5949 }, // ²
    { 6, 9, 6, 0, 13, 35, 5984 }, // ³
    { 5, 4, 6, 0, 14, 20, 6019 }, // ´
    { 9, 14, 10, 1, 10, 50, 6039 }, // µ
    { 9, 16, 10, 0, 13, 43, 6089 }, // ¶
    { 2, 3, 6, 2, 6, 11, 6132 }, // ·
    { 4, 4, 6, 1, 0, 16, 6143 }, // ¸
    { 6, 9, 6, 0, 13, 26, 6159 }, // ¹
    { 7, 8, 7, 0, 13, 40, 6185 }, // º
    { 10, 8, 10, 0, 9, 49, 6225 }, // »
    { 15, 14, 15, 0, 13, 93, 6274 }, // ¼
    { 15, 14, 15, 0, 13, 100, 6367 }, // ½
    { 15, 14, 15, 0, 13, 106, 6467 }, // ¾
    { 9, 14, 11, 1, 10, 65, 6573 }, // ¿
    { 12, 16, 12, 0, 16, 87, 6638 }, // À
    { 12, 16, 12, 0, 16, 91, 6725 }, // Á
    { 12, 16, 12, 0, 16, 93, 6816 }, // Â
    { 12, 16, 12, 0, 16, 93, 6909 }, // Ã
    { 12, 16, 12, 0, 16, 91, 7002 }, // Ä
    { 12, 16, 12, 0, 16, 91, 7093 }, // Å
    { 18, 13, 18, 0, 13, 91, 7184 }, // Æ
    { 13, 17, 13, 0, 13, 93, 7275 }, // Ç
    { 11, 16, 12, 1, 16, 63, 7368 }, // È
    { 11, 16, 12, 1, 16, 61, 7431 }, // É
    { 11, 16, 12, 1, 16, 65, 7492 }, // Ê
    { 11, 16, 12, 1, 16, 63, 7557 }, // Ë
    { 4, 16, 5, 0, 16, 20, 7620 }, // Ì
    { 4, 16, 5, 1, 16, 20, 7640 }, // Í
    { 7, 16, 5, -1, 16, 29, 7660 }, // Î
    { 5, 16, 5, 0, 16, 23, 7689 }, // Ï
    { 13, 13, 13, 0, 13, 79, 7712 }, // Ð
    { 11, 16, 13, 1, 16, 82, 7791 }, // Ñ
    { 14, 17, 14, 0, 16, 105, 7873 }, // Ò
    { 14, 17, 14, 0, 16, 104, 7978 }, // Ó
    { 14, 17, 14, 0, 16, 107, 8082 }, // Ô
    { 14, 17, 14, 0, 16, 109, 8189 }, // Õ
    { 14, 17, 14, 0, 16, 107, 8298 }, // Ö
    { 9, 10, 11, 1, 11, 48, 8405 }, // ×
    { 14, 14, 14, 0, 13, 109, 8453 }, // Ø
    { 11, 17, 13, 1, 16, 62, 8562 }, // Ù
    { 11, 17, 13, 1, 16, 62, 8624 }, // Ú
    { 11, 17, 13, 1, 16, 67, 8686 }, // Û
    { 11, 17, 13, 1, 16, 63, 8753 }, // Ü
    { 12, 16, 12, 0, 16, 73, 8816 }, // Ý
    { 11, 13, 12, 1, 13, 58, 8889 }, // Þ
    { 10, 15, 11, 1, 14, 77, 8947 }, // ß
    { 11, 15, 10, 0, 14, 84, 9024 }, // à
    { 11, 15, 10, 0, 14, 84, 9108 }, // á
    { 11, 15, 10, 0, 14, 88, 9192 }, // â
    { 11, 14, 10, 0, 13, 88, 9280 }, // ã
    { 11, 14, 10, 0, 13, 86, 9368 }, // ä
    { 11, 16, 10, 0, 15, 92, 9454 }, // å
    { 16, 11, 16, 0, 10, 99, 9546 }, // æ
    { 9, 14, 9, 0, 10, 70, 9645 }, // ç
    { 10, 15, 10, 0, 14, 79, 9715 }, // è
    { 10, 15, 10, 0, 14, 79, 9794 }, // é
    { 10, 15, 10, 0, 14, 84, 9873 }, // ê
    { 10, 14, 10, 0, 13, 81, 9957 }, // ë
    { 4, 14, 5, 0, 14, 21, 10038 }, // ì
    { 4, 14, 5, 1, 14, 22, 10059 }, // í
    { 7, 14, 5, -1, 14, 33, 10081 }, // î
    { 5, 13, 5, 0, 13, 23, 10114 }, // ï
    { 10, 15, 10, 0, 14, 83, 10137 }, // ð
    { 8, 13, 10, 1, 13, 43, 10220 }, // ñ
    { 10, 15, 10, 0, 14, 78, 10263 }, // ò
    { 10, 15, 10, 0, 14, 78, 10341 }, // ó
    { 10, 15, 10, 0, 14, 83, 10419 }, // ô
    { 10, 14, 10, 0, 13, 79, 10502 }, // õ
    { 10, 14, 10, 0, 13, 76, 10581 }, // ö
    { 10, 10, 10, 0, 11, 31, 10657 }, // ÷
    { 11, 11, 11, 0, 10, 77, 10688 }, // ø
    { 8, 15, 10, 1, 14, 51, 10765 }, // ù
    { 8, 15, 10, 1, 14, 51, 10816 }, // ú
    { 8, 15, 10, 1, 14, 52, 10867 }, // û
    { 8, 14, 10, 1, 13, 48, 10919 }, // ü
    { 9, 18, 9, 0, 14, 89, 10967 }, // ý
    { 9, 18, 10, 1, 14, 70, 11056 }, // þ
    { 9, 17, 9, 0, 13, 87, 11126 }, // ÿ
    { 11, 16, 12, 1, 16, 62, 11213 }, // Ѐ
    { 11, 16, 12, 1, 16, 63, 11275 }, // Ё
    { 15, 14, 16, 0, 13, 70, 11338 }, // Ђ
    { 9, 16, 10, 1, 16, 39, 11408 }, // Ѓ
    { 13, 14, 13, 0, 13, 91, 11447 }, // Є
    { 12, 14, 12, 0, 13, 85, 11538 }, // Ѕ
    { 3, 13, 5, 1, 13, 14, 11623 }, // І
    { 5, 16, 5, 0, 16, 23, 11637 }, // Ї
    { 8, 14, 9, 0, 13, 40, 11660 }, // Ј
    { 19, 14, 19, 0, 13, 106, 11700 }, // Љ
    { 17, 13, 18, 1, 13, 70, 11806 }, // Њ
    { 14, 13, 15, 0, 13, 48, 11876 }, // Ћ
    { 10, 16, 10, 1, 16, 78, 11924 }, // Ќ
    { 11, 16, 13, 1, 16, 72, 12002 }, // Ѝ
    { 12, 18, 11, 0, 17, 99, 12074 }, // Ў
    { 11, 17, 13, 1, 13, 43, 12173 }, // Џ
    { 12, 13, 12, 0, 13, 78, 12216 }, // А
    { 10, 13, 12, 1, 13, 58, 12294 }, // Б
    { 11, 13, 12, 1, 13, 68, 12352 }, // В
    { 9, 13, 10, 1, 13, 25, 12420 }, // Г
    { 12, 17, 12, 0, 13, 79, 12445 }, // Д
    { 11, 13, 12, 1, 13, 49, 12524 }, // Е
    { 17, 13, 17, 0, 13, 107, 12573 }, // Ж
    { 10, 14, 11, 0, 13, 76, 12680 }, // З
    { 11, 13, 13, 1, 13, 61, 12756 }, // И
    { 11, 17, 13, 1, 17, 84, 12817 }, // Й
    { 10, 13, 10, 1, 13, 63, 12901 }, // К
    { 11, 14, 12, 0, 13, 68, 12964 }, // Л
    { 13, 13, 15, 1, 13, 85, 13032 }, // М
    { 11, 13, 13, 1, 13, 41, 13117 }, // Н
    { 14, 14, 14, 0, 13, 95, 13158 }, // О
    { 11, 13, 13, 1, 13, 27, 13253 }, // П
    { 11, 13, 12, 1, 13, 53, 13280 }, // Р
    { 13, 14, 13, 0, 13, 82, 13333 }, // С
    { 11, 13, 11, 0, 13, 25, 13415 }, // Т
    { 12, 14, 11, 0, 13, 77, 13440 }, // У
    { 12, 14, 14, 1, 13, 79, 13517 }, // Ф
    { 12, 13, 12, 0, 13, 79, 13596 }, // Х
    { 12, 17, 13, 1, 13, 37, 13675 }, // Ц
    { 10, 13, 12, 1, 13, 39, 13712 }, // Ч
    { 15, 13, 17, 1, 13, 35, 13751 }, // Ш
    { 16, 17, 17, 1, 13, 45, 13786 }, // Щ
    { 14, 13, 14, 0, 13, 55, 13831 }, // Ъ
    { 14, 13, 16, 1, 13, 57, 13886 }, // Ы
    { 10, 13, 12, 1, 13, 48, 13943 }, // Ь
    { 13, 14, 13, 0, 13, 91, 13991 }, // Э
    { 17, 14, 18, 1, 13, 112, 14082 }, // Ю
    { 12, 13, 13, 0, 13, 70, 14194 }, // Я
    { 11, 11, 10, 0, 10, 70, 14264 }, // а
    { 9, 15, 10, 1, 14, 81, 14334 }, // б
    { 8, 10, 10, 1, 10, 51, 14415 }, // в
    { 6, 10, 7, 1, 10, 19, 14466 }, // г
    { 11, 14, 11, 0, 10, 65, 14485 }, // д
    { 10, 11, 10, 0, 10, 64, 14550 }, // е
    { 12, 10, 12, 0, 10, 71, 14614 }, // ж
    { 8, 11, 8, 0, 10, 52, 14685 }, // з
    { 8, 10, 10, 1, 10, 49, 14737 }, // и
    { 8, 14, 10, 1, 14, 65, 14786 }, // й
    { 7, 10, 8, 1, 10, 51, 14851 }, // к
    { 10, 11, 11, 0, 10, 52, 14902 }, // л
    { 11, 10, 12, 1, 10, 64, 14954 }, // м
    { 8, 10, 10, 1, 10, 30, 15018 }, // н
    { 10, 11, 10, 0, 10, 63, 15048 }, // о
    { 8, 10, 10, 1, 10, 21, 15111 }, // п
    { 9, 14, 10, 1, 10, 69, 15132 }, // р
    { 9, 11, 9, 0, 10, 59, 15201 }, // с
    { 8, 10, 8, 0, 10, 22, 15260 }, // т
    { 9, 14, 9, 0, 10, 74, 15282 }, // у
    { 15, 18, 15, 0, 14, 107, 15356 }, // ф
    { 9, 10, 9, 0, 10, 58, 15463 }, // х
    { 9, 14, 10, 1, 10, 36, 15521 }, // ц
    { 8, 10, 9, 1, 10, 33, 15557 }, // ч
    { 13, 10, 14, 1, 10, 35, 15590 }, // ш
    { 14, 14, 15, 1, 10, 40, 15625 }, // щ
    { 11, 10, 11, 0, 10, 51, 15665 }, // ъ
    { 11, 10, 13, 1, 10, 49, 15716 }, // ы
    { 8, 10, 9, 1, 10, 40, 15765 }, // ь
    { 9, 11, 9, 0, 10, 66, 15805 }, // э
    { 12, 11, 14, 1, 10, 75, 15871 }, // ю
    { 9, 10, 10, 0, 10, 53, 15946 }, // я
    { 10, 15, 10, 0, 14, 79, 15999 }, // ѐ
    { 10, 14, 10, 0, 13, 81, 16078 }, // ё
    { 9, 18, 10, 0, 14, 65, 16159 }, // ђ
    { 6, 14, 7, 1, 14, 31, 16224 }, // ѓ
    { 9, 11, 9, 0, 10, 64, 16255 }, // є
    { 9, 11, 9, 0, 10, 62, 16319 }, // ѕ
    { 2, 14, 4, 1, 14, 15, 16381 }, // і
    { 6, 13, 5, -1, 13, 25, 16396 }, // ї
    { 4, 18, 4, -1, 14, 26, 16421 }, // ј
    { 16, 11, 16, 0, 10, 77, 16447 }, // љ
    { 13, 10, 15, 1, 10, 55, 16524 }, // њ
    { 9, 14, 10, 0, 14, 50, 16579 }, // ћ
    { 7, 14, 8, 1, 14, 67, 16629 }, // ќ
    { 8, 14, 10, 1, 14, 64, 16696 }, // ѝ
    { 9, 18, 9, 0, 14, 94, 16760 }, // ў
    { 8, 14, 10, 1, 10, 34, 16854 }, // џ
    { 6, 2, 6, 0, 6, 14, 16888 }, // ‐
    { 6, 2, 6, 0, 6, 14, 16902 }, // ‑
    { 10, 3, 10, 0, 6, 16, 16916 }, // ‒
    { 10, 3, 10, 0, 6, 16, 16932 }, // –
    { 18, 3, 18, 0, 6, 16, 16948 }, // —
    { 18, 3, 18, 0, 6, 16, 16964 }, // ―
    { 5, 18, 8, 1, 14, 19, 16980 }, // ‖
    { 12, 4, 10, -1, 0, 19, 16999 }, // ‗
    { 2, 5, 4, 1, 13, 13, 17018 }, // ‘
    { 2, 5, 4, 1, 13, 13, 17031 }, // ’
    { 2, 5, 4, 1, 2, 13, 17044 }, // ‚
    { 2, 5, 4, 1, 13, 13, 17057 }, // ‛
    { 6, 5, 6, 0, 13, 23, 17070 }, // “
    { 6, 5, 6, 0, 13, 23, 17093 }, // ”
    { 6, 5, 6, 0, 2, 23, 17116 }, // „
    { 6, 5, 6, 0, 13, 23, 17139 }, // ‟
    { 8, 16, 10, 1, 14, 48, 17162 }, // †
    { 8, 16, 10, 1, 14, 57, 17210 }, // ‡
    { 6, 6, 6, 0, 9, 25, 17267 }, // •
    { 6, 6, 6, 0, 9, 26, 17292 }, // ‣
    { 3, 2, 5, 1, 2, 12, 17318 }, // ․
    { 7, 2, 9, 1, 2, 16, 17330 }, // ‥
    { 14, 2, 18, 2, 2, 22, 17346 }, // …
    { 3, 3, 5, 1, 6, 14, 17368 }, // ‧
    { 10, 14, 10, 0, 13, 79, 17382 }, // €
    { 18, 13, 19, 1, 13, 108, 17461 }, // №
};
const UnicodeInterval BookishArimo18Intervals[] = {
    { 0x20, 0x20, 0x0 },
    { 0x21, 0x21, 0x1 },
    { 0x22, 0x22, 0x2 },
    { 0x23, 0x23, 0x3 },
    { 0x24, 0x24, 0x4 },
    { 0x25, 0x25, 0x5 },
    { 0x26, 0x26, 0x6 },
    { 0x27, 0x27, 0x7 },
    { 0x28, 0x28, 0x8 },
    { 0x29, 0x29, 0x9 },
    { 0x2A, 0x2A, 0xA },
    { 0x2B, 0x2B, 0xB },
    { 0x2C, 0x2C, 0xC },
    { 0x2D, 0x2D, 0xD },
    { 0x2E, 0x2E, 0xE },
    { 0x2F, 0x2F, 0xF },
    { 0x30, 0x30, 0x10 },
    { 0x31, 0x31, 0x11 },
    { 0x32, 0x32, 0x12 },
    { 0x33, 0x33, 0x13 },
    { 0x34, 0x34, 0x14 },
    { 0x35, 0x35, 0x15 },
    { 0x36, 0x36, 0x16 },
    { 0x37, 0x37, 0x17 },
    { 0x38, 0x38, 0x18 },
    { 0x39, 0x39, 0x19 },
    { 0x3A, 0x3A, 0x1A },
    { 0x3B, 0x3B, 0x1B },
    { 0x3C, 0x3C, 0x1C },
    { 0x3D, 0x3D, 0x1D },
    { 0x3E, 0x3E, 0x1E },
    { 0x3F, 0x3F, 0x1F },
    { 0x40, 0x40, 0x20 },
    { 0x41, 0x41, 0x21 },
    { 0x42, 0x42, 0x22 },
    { 0x43, 0x43, 0x23 },
    { 0x44, 0x44, 0x24 },
    { 0x45, 0x45, 0x25 },
    { 0x46, 0x46, 0x26 },
    { 0x47, 0x47, 0x27 },
    { 0x48, 0x48, 0x28 },
    { 0x49, 0x49, 0x29 },
    { 0x4A, 0x4A, 0x2A },
    { 0x4B, 0x4B, 0x2B },
    { 0x4C, 0x4C, 0x2C },
    { 0x4D, 0x4D, 0x2D },
    { 0x4E, 0x4E, 0x2E },
    { 0x4F, 0x4F, 0x2F },
    { 0x50, 0x50, 0x30 },
    { 0x51, 0x51, 0x31 },
    { 0x52, 0x52, 0x32 },
    { 0x53, 0x53, 0x33 },
    { 0x54, 0x54, 0x34 },
    { 0x55, 0x55, 0x35 },
    { 0x56, 0x56, 0x36 },
    { 0x57, 0x57, 0x37 },
    { 0x58, 0x58, 0x38 },
    { 0x59, 0x59, 0x39 },
    { 0x5A, 0x5A, 0x3A },
    { 0x5B, 0x5B, 0x3B },
    { 0x5C, 0x5C, 0x3C },
    { 0x5D, 0x5D, 0x3D },
    { 0x5E, 0x5E, 0x3E },
    { 0x5F, 0x5F, 0x3F },
    { 0x60, 0x60, 0x40 },
    { 0x61, 0x61, 0x41 },
    { 0x62, 0x62, 0x42 },
    { 0x63, 0x63, 0x43 },
    { 0x64, 0x64, 0x44 },
    { 0x65, 0x65, 0x45 },
    { 0x66, 0x66, 0x46 },
    { 0x67, 0x67, 0x47 },
    { 0x68, 0x68, 0x48 },
    { 0x69, 0x69, 0x49 },
    { 0x6A, 0x6A, 0x4A },
    { 0x6B, 0x6B, 0x4B },
    { 0x6C, 0x6C, 0x4C },
    { 0x6D, 0x6D, 0x4D },
    { 0x6E, 0x6E, 0x4E },
    { 0x6F, 0x6F, 0x4F },
    { 0x70, 0x70, 0x50 },
    { 0x71, 0x71, 0x51 },
    { 0x72, 0x72, 0x52 },
    { 0x73, 0x73, 0x53 },
    { 0x74, 0x74, 0x54 },
    { 0x75, 0x75, 0x55 },
    { 0x76, 0x76, 0x56 },
    { 0x77, 0x77, 0x57 },
    { 0x78, 0x78, 0x58 },
    { 0x79, 0x79, 0x59 },
    { 0x7A, 0x7A, 0x5A },
    { 0x7B, 0x7B, 0x5B },
    { 0x7C, 0x7C, 0x5C },
    { 0x7D, 0x7D, 0x5D },
    { 0x7E, 0x7E, 0x5E },
    { 0xA0, 0xA0, 0x5F },
    { 0xA1, 0xA1, 0x60 },
    { 0xA2, 0xA2, 0x61 },
    { 0xA3, 0xA3, 0x62 },
    { 0xA4, 0xA4, 0x63 },
    { 0xA5, 0xA5, 0x64 },
    { 0xA6, 0xA6, 0x65 },
    { 0xA7, 0xA7, 0x66 },
    { 0xA8, 0xA8, 0x67 },
    { 0xA9, 0xA9, 0x68 },
    { 0xAA, 0xAA, 0x69 },
    { 0xAB, 0xAB, 0x6A },
    { 0xAC, 0xAC, 0x6B },
    { 0xAD, 0xAD, 0x6C },
    { 0xAE, 0xAE, 0x6D },
    { 0xAF, 0xAF, 0x6E },
    { 0xB0, 0xB0, 0x6F },
    { 0xB1, 0xB1, 0x70 },
    { 0xB2, 0xB2, 0x71 },
    { 0xB3, 0xB3, 0x72 },
    { 0xB4, 0xB4, 0x73 },
    { 0xB5, 0xB5, 0x74 },
    { 0xB6, 0xB6, 0x75 },
    { 0xB7, 0xB7, 0x76 },
    { 0xB8, 0xB8, 0x77 },
    { 0xB9, 0xB9, 0x78 },
    { 0xBA, 0xBA, 0x79 },
    { 0xBB, 0xBB, 0x7A },
    { 0xBC, 0xBC, 0x7B },
    { 0xBD, 0xBD, 0x7C },
    { 0xBE, 0xBE, 0x7D },
    { 0xBF, 0xBF, 0x7E },
    { 0xC0, 0xC0, 0x7F },
    { 0xC1, 0xC1, 0x80 },
    { 0xC2, 0xC2, 0x81 },
    { 0xC3, 0xC3, 0x82 },
    { 0xC4, 0xC4, 0x83 },
    { 0xC5, 0xC5, 0x84 },
    { 0xC6, 0xC6, 0x85 },
    { 0xC7, 0xC7, 0x86 },
    { 0xC8, 0xC8, 0x87 },
    { 0xC9, 0xC9, 0x88 },
    { 0xCA, 0xCA, 0x89 },
    { 0xCB, 0xCB, 0x8A },
    { 0xCC, 0xCC, 0x8B },
    { 0xCD, 0xCD, 0x8C },
    { 0xCE, 0xCE, 0x8D },
    { 0xCF, 0xCF, 0x8E },
    { 0xD0, 0xD0, 0x8F },
    { 0xD1, 0xD1, 0x90 },
    { 0xD2, 0xD2, 0x91 },
    { 0xD3, 0xD3, 0x92 },
    { 0xD4, 0xD4, 0x93 },
    { 0xD5, 0xD5, 0x94 },
    { 0xD6, 0xD6, 0x95 },
    { 0xD7, 0xD7, 0x96 },
    { 0xD8, 0xD8, 0x97 },
    { 0xD9, 0xD9, 0x98 },
    { 0xDA, 0xDA, 0x99 },
    { 0xDB, 0xDB, 0x9A },
    { 0xDC, 0xDC, 0x9B },
    { 0xDD, 0xDD, 0x9C },
    { 0xDE, 0xDE, 0x9D },
    { 0xDF, 0xDF, 0x9E },
    { 0xE0, 0xE0, 0x9F },
    { 0xE1, 0xE1, 0xA0 },
    { 0xE2, 0xE2, 0xA1 },
    { 0xE3, 0xE3, 0xA2 },
    { 0xE4, 0xE4, 0xA3 },
    { 0xE5, 0xE5, 0xA4 },
    { 0xE6, 0xE6, 0xA5 },
    { 0xE7, 0xE7, 0xA6 },
    { 0xE8, 0xE8, 0xA7 },
    { 0xE9, 0xE9, 0xA8 },
    { 0xEA, 0xEA, 0xA9 },
    { 0xEB, 0xEB, 0xAA },
    { 0xEC, 0xEC, 0xAB },
    { 0xED, 0xED, 0xAC },
    { 0xEE, 0xEE, 0xAD },
    { 0xEF, 0xEF, 0xAE },
    { 0xF0, 0xF0, 0xAF },
    { 0xF1, 0xF1, 0xB0 },
    { 0xF2, 0xF2, 0xB1 },
    { 0xF3, 0xF3, 0xB2 },
    { 0xF4, 0xF4, 0xB3 },
    { 0xF5, 0xF5, 0xB4 },
    { 0xF6, 0xF6, 0xB5 },
    { 0xF7, 0xF7, 0xB6 },
    { 0xF8, 0xF8, 0xB7 },
    { 0xF9, 0xF9, 0xB8 },
    { 0xFA, 0xFA, 0xB9 },
    { 0xFB, 0xFB, 0xBA },
    { 0xFC, 0xFC, 0xBB },
    { 0xFD, 0xFD, 0xBC },
    { 0xFE, 0xFE, 0xBD },
    { 0xFF, 0xFF, 0xBE },
    { 0x400, 0x400, 0xBF },
    { 0x401, 0x401, 0xC0 },
    { 0x402, 0x402, 0xC1 },
    { 0x403, 0x403, 0xC2 },
    { 0x404, 0x404, 0xC3 },
    { 0x405, 0x405, 0xC4 },
    { 0x406, 0x406, 0xC5 },
    { 0x407, 0x407, 0xC6 },
    { 0x408, 0x408, 0xC7 },
    { 0x409, 0x409, 0xC8 },
    { 0x40A, 0x40A, 0xC9 },
    { 0x40B, 0x40B, 0xCA },
    { 0x40C, 0x40C, 0xCB },
    { 0x40D, 0x40D, 0xCC },
    { 0x40E, 0x40E, 0xCD },
    { 0x40F, 0x40F, 0xCE },
    { 0x410, 0x410, 0xCF },
    { 0x411, 0x411, 0xD0 },
    { 0x412, 0x412, 0xD1 },
    { 0x413, 0x413, 0xD2 },
    { 0x414, 0x414, 0xD3 },
    { 0x415, 0x415, 0xD4 },
    { 0x416, 0x416, 0xD5 },
    { 0x417, 0x417, 0xD6 },
    { 0x418, 0x418, 0xD7 },
    { 0x419, 0x419, 0xD8 },
    { 0x41A, 0x41A, 0xD9 },
    { 0x41B, 0x41B, 0xDA },
    { 0x41C, 0x41C, 0xDB },
    { 0x41D, 0x41D, 0xDC },
    { 0x41E, 0x41E, 0xDD },
    { 0x41F, 0x41F, 0xDE },
    { 0x420, 0x420, 0xDF },
    { 0x421, 0x421, 0xE0 },
    { 0x422, 0x422, 0xE1 },
    { 0x423, 0x423, 0xE2 },
    { 0x424, 0x424, 0xE3 },
    { 0x425, 0x425, 0xE4 },
    { 0x426, 0x426, 0xE5 },
    { 0x427, 0x427, 0xE6 },
    { 0x428, 0x428, 0xE7 },
    { 0x429, 0x429, 0xE8 },
    { 0x42A, 0x42A, 0xE9 },
    { 0x42B, 0x42B, 0xEA },
    { 0x42C, 0x42C, 0xEB },
    { 0x42D, 0x42D, 0xEC },
    { 0x42E, 0x42E, 0xED },
    { 0x42F, 0x42F, 0xEE },
    { 0x430, 0x430, 0xEF },
    { 0x431, 0x431, 0xF0 },
    { 0x432, 0x432, 0xF1 },
    { 0x433, 0x433, 0xF2 },
    { 0x434, 0x434, 0xF3 },
    { 0x435, 0x435, 0xF4 },
    { 0x436, 0x436, 0xF5 },
    { 0x437, 0x437, 0xF6 },
    { 0x438, 0x438, 0xF7 },
    { 0x439, 0x439, 0xF8 },
    { 0x43A, 0x43A, 0xF9 },
    { 0x43B, 0x43B, 0xFA },
    { 0x43C, 0x43C, 0xFB },
    { 0x43D, 0x43D, 0xFC },
    { 0x43E, 0x43E, 0xFD },
    { 0x43F, 0x43F, 0xFE },
    { 0x440, 0x440, 0xFF },
    { 0x441, 0x441, 0x100 },
    { 0x442, 0x442, 0x101 },
    { 0x443, 0x443, 0x102 },
    { 0x444, 0x444, 0x103 },
    { 0x445, 0x445, 0x104 },
    { 0x446, 0x446, 0x105 },
    { 0x447, 0x447, 0x106 },
    { 0x448, 0x448, 0x107 },
    { 0x449, 0x449, 0x108 },
    { 0x44A, 0x44A, 0x109 },
    { 0x44B, 0x44B, 0x10A },
    { 0x44C, 0x44C, 0x10B },
    { 0x44D, 0x44D, 0x10C },
    { 0x44E, 0x44E, 0x10D },
    { 0x44F, 0x44F, 0x10E },
    { 0x450, 0x450, 0x10F },
    { 0x451, 0x451, 0x110 },
    { 0x452, 0x452, 0x111 },
    { 0x453, 0x453, 0x112 },
    { 0x454, 0x454, 0x113 },
    { 0x455, 0x455, 0x114 },
    { 0x456, 0x456, 0x115 },
    { 0x457, 0x457, 0x116 },
    { 0x458, 0x458, 0x117 },
    { 0x459, 0x459, 0x118 },
    { 0x45A, 0x45A, 0x119 },
    { 0x45B, 0x45B, 0x11A },
    { 0x45C, 0x45C, 0x11B },
    { 0x45D, 0x45D, 0x11C },
    { 0x45E, 0x45E, 0x11D },
    { 0x45F, 0x45F, 0x11E },
    { 0x2010, 0x2010, 0x11F },
    { 0x2011, 0x2011, 0x120 },
    { 0x2012, 0x2012, 0x121 },
    { 0x2013, 0x2013, 0x122 },
    { 0x2014, 0x2014, 0x123 },
    { 0x2015, 0x2015, 0x124 },
    { 0x2016, 0x2016, 0x125 },
    { 0x2017, 0x2017, 0x126 },
    { 0x2018, 0x2018, 0x127 },
    { 0x2019, 0x2019, 0x128 },
    { 0x201A, 0x201A, 0x129 },
    { 0x201B, 0x201B, 0x12A },
    { 0x201C, 0x201C, 0x12B },
    { 0x201D, 0x201D, 0x12C },
    { 0x201E, 0x201E, 0x12D },
    { 0x201F, 0x201F, 0x12E },
    { 0x2020, 0x2020, 0x12F },
    { 0x2021, 0x2021, 0x130 },
    { 0x2022, 0x2022, 0x131 },
    { 0x2023, 0x2023, 0x132 },
    { 0x2024, 0x2024, 0x133 },
    { 0x2025, 0x2025, 0x134 },
    { 0x2026, 0x2026, 0x135 },
    { 0x2027, 0x2027, 0x136 },
    { 0x20AC, 0x20AC, 0x137 },
    { 0x2116, 0x2116, 0x138 },
};
const GFXfont BookishArimo18 = {
    (uint8_t*)BookishArimo18Bitmaps,
    (GFXglyph*)BookishArimo18Glyphs,
    (UnicodeInterval*)BookishArimo18Intervals,
    313,
    1,
    21,
    17,
    -4,
};
