// Generated by tools/generate_bookish_fonts.py; font license: assets/fonts.
#pragma once
#include "epd_driver.h"
const uint8_t BookishLora25Bitmaps[28171] = {
    0x78, 0x9C, 0x03, 0x00, 0x00, 0x00, 0x00, 0x01, 0x78, 0x9C, 0x6B, 0xF0, 0xFD, 0xB8, 0xFF, 0xE3,
    0xFE, 0x0F, 0xF3, 0x1F, 0xF4, 0x1F, 0xC8, 0xDF, 0x10, 0x3F, 0xC1, 0xBE, 0x41, 0x3F, 0x81, 0x3F,
    0x80, 0xDF, 0x80, 0x97, 0x81, 0x99, 0x01, 0x08, 0x0A, 0x6C, 0x3E, 0xEE, 0x7F, 0x30, 0x5F, 0x81,
    0x15, 0x00, 0x73, 0xD9, 0x0F, 0xF6, 0x78, 0x9C, 0x7B, 0xC6, 0xF6, 0x86, 0xE1, 0x1B, 0xFB, 0x5F,
    0x86, 0xAF, 0x6C, 0x7F, 0x18, 0xBE, 0xB2, 0xBE, 0x61, 0xF8, 0xC2, 0xFA, 0x9A, 0x61, 0x33, 0xF3,
    0x74, 0x06, 0x00, 0x93, 0xA6, 0x0A, 0xE1, 0x78, 0x9C, 0x63, 0x60, 0x60, 0x60, 0x58, 0xCB, 0xC0,
    0x70, 0x81, 0x0B, 0x48, 0x33, 0x28, 0xD4, 0x33, 0x30, 0x7C, 0x62, 0x07, 0xB1, 0x12, 0xEC, 0x19,
    0x18, 0xBE, 0x31, 0x83, 0x58, 0x0B, 0xF8, 0x19, 0x18, 0x7E, 0x01, 0x69, 0x03, 0xE3, 0xC7, 0xB6,
    0xC6, 0xC6, 0xF7, 0x8C, 0x8D, 0x19, 0xBE, 0xFE, 0x87, 0x80, 0xFD, 0x0C, 0x4E, 0x2E, 0x3F, 0xDC,
    0x5D, 0xA6, 0xD4, 0xBB, 0xA8, 0x00, 0xE5, 0x7F, 0x32, 0x32, 0x4C, 0x90, 0x07, 0x69, 0x60, 0x78,
    0x0B, 0x34, 0x8E, 0x0F, 0xC4, 0x10, 0x58, 0xCF, 0xC0, 0xF0, 0x11, 0x6C, 0xB0, 0x43, 0x3E, 0x03,
    0xC3, 0x57, 0x36, 0x10, 0xAB, 0x01, 0x68, 0xF0, 0x0F, 0xA0, 0xC1, 0x17, 0xA0, 0x86, 0xFC, 0x67,
    0x6C, 0xE8, 0xF8, 0xD9, 0xDB, 0x31, 0xE3, 0x7E, 0x47, 0x07, 0x50, 0xF6, 0x0B, 0x07, 0x83, 0x43,
    0x3F, 0xD8, 0x90, 0xEF, 0x2C, 0x0C, 0x05, 0xFE, 0x60, 0xD6, 0x6F, 0x46, 0x86, 0x0D, 0x10, 0x83,
    0xEF, 0x33, 0x30, 0x7C, 0xE0, 0x05, 0xB3, 0xDC, 0x80, 0x2E, 0x64, 0x01, 0xD2, 0x00, 0xE5, 0x02,
    0x34, 0x8D, 0x78, 0x9C, 0x63, 0x60, 0xB8, 0xC0, 0xC2, 0x00, 0x04, 0x1F, 0x10, 0xE4, 0x92, 0xBF,
    0xF3, 0x1E, 0x33, 0x17, 0xCC, 0x17, 0x5A, 0xFC, 0x9F, 0xF9, 0x33, 0x17, 0x03, 0xC3, 0x2F, 0xE6,
    0x9F, 0xAC, 0x0C, 0x0C, 0x1F, 0x99, 0x7F, 0x03, 0xC9, 0x0B, 0xCC, 0x3F, 0xB9, 0x19, 0x18, 0x12,
    0x18, 0xBF, 0xAC, 0x07, 0xA9, 0x6E, 0xF8, 0x1F, 0x0B, 0xA2, 0xBE, 0xFF, 0xB7, 0x01, 0x92, 0x02,
    0xBF, 0xFE, 0x73, 0x02, 0x29, 0x83, 0x3F, 0xE7, 0x19, 0x81, 0x54, 0xC2, 0x7F, 0x2E, 0x90, 0xD4,
    0x37, 0xF9, 0x08, 0x20, 0xF9, 0xC0, 0xBF, 0x13, 0x48, 0x5E, 0xB0, 0x7F, 0x09, 0x24, 0x3F, 0xF2,
    0xFD, 0x94, 0x61, 0x10, 0xF8, 0xCD, 0x7A, 0xF3, 0xF7, 0xEC, 0x57, 0x71, 0x0C, 0xC6, 0x02, 0x5F,
    0xAC, 0x40, 0xEA, 0x1E, 0xB0, 0x21, 0xC8, 0x0D, 0x40, 0x7B, 0x00, 0x01, 0x33, 0x2A, 0xDE, 0x78,
    0x9C, 0x25, 0x8E, 0x4F, 0x0E, 0xC1, 0x70, 0x10, 0x85, 0x3F, 0x69, 0xFD, 0x27, 0xF9, 0x6D, 0xC4,
    0x46, 0x70, 0x00, 0xA1, 0x1B, 0x6B, 0x47, 0x50, 0x4B, 0x2B, 0xBD, 0x81, 0x1E, 0x40, 0xC2, 0x0D,
    0x2C, 0x6C, 0x2C, 0xDD, 0x80, 0x13, 0xD0, 0x13, 0xD0, 0xA5, 0x15, 0xB1, 0x17, 0x24, 0x54, 0x55,
    0x93, 0x32, 0x65, 0x92, 0xC9, 0x7C, 0x99, 0x79, 0x79, 0x6F, 0xB0, 0xCE, 0x23, 0xA4, 0x66, 0xD2,
    0x61, 0xC9, 0x2F, 0x80, 0xBA, 0x24, 0xB0, 0xA7, 0xAC, 0xC6, 0xE0, 0x74, 0xC0, 0xED, 0x60, 0x1E,
    0x21, 0x48, 0xC2, 0xAD, 0x46, 0xFD, 0x83, 0x35, 0xE5, 0x8F, 0x57, 0xEE, 0x39, 0x41, 0xB7, 0x8B,
    0xB9, 0x54, 0x87, 0xD8, 0xC4, 0xDA, 0xB0, 0x68, 0x39, 0xCD, 0x18, 0x09, 0xFA, 0x81, 0x1E, 0xE8,
    0x24, 0x04, 0x8D, 0x79, 0xD9, 0x1A, 0xAA, 0x77, 0x94, 0xFD, 0x1D, 0xEE, 0xD9, 0x53, 0xC5, 0xDC,
    0xC5, 0xA4, 0xB6, 0x84, 0x1A, 0x61, 0x4A, 0xD0, 0xA9, 0xAA, 0x0F, 0x3C, 0xF3, 0x82, 0x6F, 0xCD,
    0xB8, 0x82, 0x57, 0x04, 0x7B, 0x80, 0x21, 0x5B, 0x4F, 0x9E, 0x7A, 0x64, 0x20, 0xD2, 0x79, 0xA5,
    0xA9, 0xAF, 0x45, 0xE3, 0xE7, 0x91, 0xC0, 0x85, 0x68, 0x98, 0xEC, 0xF6, 0x0D, 0x19, 0x71, 0x0E,
    0xBD, 0x36, 0x7C, 0x01, 0xB6, 0x55, 0x37, 0x45, 0x78, 0x9C, 0x63, 0x60, 0x68, 0xBC, 0xD3, 0xC3,
    0x00, 0x02, 0x0A, 0xF7, 0x98, 0x1E, 0xCB, 0x82, 0x18, 0x1B, 0xFC, 0x19, 0x12, 0xFA, 0x41, 0x8C,
    0x0F, 0xF2, 0x0C, 0x06, 0xEB, 0xA1, 0x0C, 0x87, 0xF9, 0x20, 0xC6, 0x85, 0x7C, 0x86, 0x05, 0xF6,
    0x20, 0x46, 0xC1, 0x7B, 0xC6, 0xAF, 0x1C, 0x60, 0x6D, 0x7F, 0xB3, 0xF3, 0xC0, 0x34, 0xC3, 0xF7,
    0xF7, 0x8C, 0x4B, 0x56, 0x71, 0x31, 0x30, 0x2C, 0x98, 0xF7, 0x9F, 0xA3, 0x30, 0x9F, 0x85, 0x41,
    0xE0, 0x0F, 0xCB, 0xF7, 0x7A, 0x86, 0x6E, 0x06, 0x86, 0x09, 0xE7, 0x19, 0x0A, 0xFE, 0xB3, 0xAF,
    0x00, 0x1A, 0x03, 0x34, 0xF5, 0x7B, 0xFD, 0x4C, 0x06, 0x86, 0x8F, 0xF5, 0x40, 0x13, 0xFE, 0xC7,
    0x03, 0x45, 0x40, 0xA6, 0x7E, 0x03, 0x12, 0x0B, 0xFE, 0x33, 0x32, 0x30, 0x3C, 0xFC, 0xCF, 0xCD,
    0xA0, 0xF0, 0xCF, 0x97, 0xC1, 0x61, 0xEE, 0xE3, 0xFB, 0x2C, 0x0C, 0x9B, 0xFE, 0xDF, 0x7F, 0xCF,
    0x2A, 0xF0, 0x0B, 0xA8, 0xC7, 0x31, 0x8C, 0x19, 0x64, 0x01, 0x00, 0xC9, 0x11, 0x34, 0x3B, 0x78,
    0x9C, 0x7B, 0xC6, 0xF9, 0x8D, 0xF3, 0x2B, 0xC7, 0x57, 0x8E, 0x2F, 0xEC, 0x9B, 0x58, 0x01, 0x28,
    0x38, 0x05, 0x9B, 0x78, 0x9C, 0x63, 0x60, 0x10, 0xE0, 0x66, 0x60, 0x38, 0xC0, 0xC9, 0xC0, 0xF0,
    0x82, 0x91, 0xC1, 0xA0, 0x1E, 0xC8, 0x94, 0x67, 0x60, 0xF8, 0xC2, 0xC5, 0xC0, 0xF0, 0x9B, 0x95,
    0x41, 0xE0, 0x3F, 0x03, 0x43, 0xC2, 0x7D, 0x06, 0x86, 0x05, 0xFB, 0x19, 0x18, 0x2E, 0xF4, 0x33,
    0x30, 0x7C, 0x00, 0x4A, 0x7F, 0x84, 0x62, 0x10, 0xFB, 0x01, 0x50, 0x6C, 0xC1, 0x7A, 0x88, 0x1A,
    0x81, 0xFF, 0x8C, 0x60, 0x3D, 0x60, 0xBD, 0x1B, 0x80, 0x66, 0x28, 0x00, 0x25, 0x19, 0xBE, 0x31,
    0x31, 0x30, 0x4C, 0x00, 0x9A, 0xCF, 0xC0, 0x01, 0x00, 0x7F, 0xC9, 0x1A, 0x48, 0x78, 0x9C, 0x0D,
    0xCC, 0xC1, 0x0D, 0x01, 0x01, 0x18, 0x44, 0xE1, 0x2F, 0xB2, 0xB2, 0x41, 0x84, 0x0A, 0xD4, 0xA0,
    0x03, 0xDB, 0x81, 0x83, 0x06, 0x94, 0xA0, 0x03, 0x17, 0x85, 0xE8, 0x40, 0x07, 0xA2, 0x10, 0x89,
    0x6D, 0x81, 0x44, 0x5C, 0xD8, 0xDF, 0x1C, 0x5E, 0xE6, 0xCD, 0x1C, 0xE6, 0x84, 0xBE, 0xA5, 0xDB,
    0x44, 0xEE, 0xE1, 0x9D, 0xD2, 0x2F, 0x38, 0x1F, 0xD9, 0x3F, 0x58, 0xD7, 0x88, 0x1A, 0x33, 0x4C,
    0xF8, 0x4D, 0xF9, 0xCE, 0x92, 0x61, 0x88, 0x57, 0x6B, 0x59, 0x8D, 0xAE, 0x38, 0x5C, 0xB8, 0x6D,
    0x79, 0xCE, 0xF9, 0x34, 0x5C, 0x33, 0xAD, 0x78, 0x45, 0x77, 0xB9, 0xFD, 0x03, 0x12, 0xC5, 0x18,
    0x7E, 0x78, 0x9C, 0x63, 0x60, 0x30, 0xD0, 0x65, 0x00, 0x81, 0x82, 0x7C, 0x30, 0x95, 0x10, 0x0F,
    0x22, 0xC4, 0x0C, 0xEC, 0x15, 0xC2, 0x19, 0x1E, 0xFC, 0xD7, 0xD4, 0xFF, 0x75, 0x9F, 0x41, 0x61,
    0xFB, 0xDB, 0xF7, 0x6B, 0xC5, 0x81, 0xC2, 0x0B, 0xE6, 0x82, 0x95, 0xFC, 0xFE, 0xC8, 0x05, 0xE2,
    0xF4, 0x37, 0xCC, 0x07, 0x52, 0x9F, 0xF8, 0x18, 0xFE, 0x31, 0x32, 0x30, 0x34, 0x30, 0x31, 0x34,
    0x31, 0x30, 0x00, 0x00, 0xB2, 0x72, 0x13, 0x63, 0x78, 0x9C, 0x63, 0x60, 0x98, 0xC0, 0xC4, 0x00,
    0x04, 0x1F, 0x58, 0xB0, 0x91, 0xA7, 0xCF, 0xFC, 0x39, 0x7F, 0x46, 0xA7, 0xBD, 0xE3, 0x47, 0x4F,
    0x87, 0x04, 0x2E, 0x35, 0x0C, 0x60, 0x13, 0x00, 0x5E, 0x95, 0x10, 0x52, 0x78, 0x9C, 0x4B, 0x60,
    0xFB, 0xD2, 0xFF, 0xE9, 0xBC, 0xC0, 0x4E, 0x86, 0x2A, 0x06, 0xF9, 0x04, 0x2E, 0x05, 0x46, 0x00,
    0x3C, 0x33, 0x05, 0x98, 0x78, 0x9C, 0x7B, 0xF2, 0xEE, 0xDD, 0xBB, 0xBA, 0x2B, 0x77, 0xEF, 0x9E,
    0xCD, 0x01, 0x00, 0x2E, 0x6B, 0x07, 0xF4, 0x78, 0x9C, 0x9B, 0x20, 0xFD, 0xB5, 0xFE, 0x73, 0xBC,
    0x01, 0x0B, 0x00, 0x12, 0xCB, 0x03, 0xA6, 0x78, 0x9C, 0x63, 0x60, 0x00, 0x83, 0x4D, 0x4C, 0x10,
    0x9A, 0xE1, 0x0F, 0x3B, 0x84, 0x0E, 0xB8, 0x0F, 0x15, 0x78, 0xE0, 0x0F, 0x65, 0xFC, 0xE0, 0x82,
    0xD0, 0x0A, 0xFF, 0x19, 0x21, 0x8C, 0x0D, 0xF5, 0x50, 0x99, 0x2F, 0xBC, 0x50, 0xC6, 0x5F, 0x16,
    0x08, 0x5D, 0xB0, 0x1F, 0x2A, 0xF0, 0x51, 0x1F, 0xCA, 0xF8, 0x05, 0x35, 0xD6, 0x00, 0x66, 0xEC,
    0x01, 0x98, 0xB1, 0xDF, 0xB8, 0xA1, 0x8C, 0x7F, 0x50, 0x27, 0x34, 0xF4, 0x43, 0x05, 0x3E, 0xF1,
    0x41, 0x19, 0xBF, 0x59, 0xA1, 0x6E, 0x82, 0x19, 0x7B, 0x01, 0x66, 0xEC, 0x77, 0x0E, 0x08, 0x2D,
    0xF0, 0x1E, 0x2A, 0xB0, 0x20, 0x1E, 0xCA, 0xF8, 0x0C, 0x33, 0xB6, 0x00, 0xE6, 0x33, 0x00, 0x7E,
    0xDE, 0x1A, 0x62, 0x78, 0x9C, 0x63, 0x60, 0xD8, 0x7A, 0xD7, 0x8B, 0x81, 0x81, 0x61, 0x43, 0xBE,
    0xE2, 0x6F, 0x0E, 0x06, 0x86, 0x5F, 0x6C, 0x0C, 0x17, 0xF2, 0x19, 0x1C, 0xEE, 0x33, 0x30, 0x04,
    0xFC, 0x67, 0xD8, 0x30, 0x9F, 0x81, 0x41, 0xE0, 0x3F, 0xDB, 0x47, 0x7F, 0xA0, 0xFC, 0x5F, 0xEE,
    0x2F, 0xFA, 0x40, 0xEA, 0x17, 0xDF, 0x77, 0x7E, 0x20, 0xF5, 0x93, 0xFF, 0x07, 0x88, 0xFA, 0x21,
    0xFF, 0x13, 0x44, 0x7D, 0xD7, 0x07, 0xF3, 0xBE, 0xCB, 0x7F, 0x07, 0x29, 0xF9, 0xC1, 0xFF, 0x05,
    0xA4, 0xE1, 0x17, 0xCF, 0xC7, 0x7E, 0x90, 0x3E, 0xF6, 0x0D, 0xF7, 0x41, 0xA6, 0x30, 0x3A, 0xFC,
    0x67, 0x66, 0x28, 0x00, 0x1A, 0xF8, 0x53, 0x96, 0xE1, 0x13, 0x2F, 0x03, 0x43, 0xC1, 0xBB, 0x55,
    0xEB, 0x81, 0xD2, 0x0C, 0x0E, 0xA1, 0x4C, 0x0C, 0x0C, 0x00, 0x19, 0x8F, 0x29, 0x68, 0x78, 0x9C,
    0x63, 0x60, 0xB8, 0xC2, 0xC4, 0xC0, 0xD0, 0xF0, 0x9F, 0x89, 0x41, 0xE1, 0x0E, 0x90, 0x78, 0xCC,
    0x0E, 0x24, 0x14, 0x19, 0x80, 0x04, 0x03, 0x06, 0xC1, 0x4C, 0x88, 0x50, 0x00, 0x11, 0x13, 0x40,
    0x46, 0xFD, 0xFB, 0xFF, 0x9F, 0x19, 0x00, 0xFB, 0x90, 0x17, 0x45, 0x78, 0x9C, 0x63, 0x98, 0xFC,
    0x76, 0x0E, 0x33, 0x43, 0x43, 0xBD, 0xD2, 0xB7, 0x7E, 0x86, 0xAF, 0x6C, 0x0C, 0x09, 0xFF, 0x99,
    0x7F, 0x73, 0x30, 0x30, 0xFC, 0xE7, 0xFC, 0xC1, 0xC6, 0xC0, 0xF0, 0x8F, 0x9B, 0x01, 0x08, 0xFE,
    0x71, 0x02, 0x09, 0x85, 0xFF, 0xCC, 0x40, 0x72, 0xC2, 0x7C, 0x90, 0xC0, 0x17, 0x1E, 0x90, 0xC0,
    0x39, 0x46, 0x20, 0xF9, 0x48, 0x1A, 0x48, 0x18, 0xAC, 0x03, 0x89, 0x3E, 0xE6, 0x00, 0x89, 0xF6,
    0x81, 0x98, 0x17, 0xB8, 0x80, 0x04, 0xEB, 0x57, 0xA0, 0x02, 0x01, 0xB9, 0x5F, 0xF7, 0xCE, 0x9E,
    0xF9, 0xC3, 0xFF, 0xE7, 0x3F, 0x10, 0xF0, 0x03, 0x00, 0x5A, 0x49, 0x1F, 0x76, 0x78, 0x9C, 0x63,
    0x68, 0x7A, 0xB3, 0x96, 0x85, 0x21, 0x60, 0xBE, 0xF0, 0x95, 0x7E, 0x86, 0x8F, 0x9C, 0x0C, 0x0A,
    0xFF, 0x99, 0xBF, 0x71, 0x31, 0x30, 0xFC, 0xE5, 0x78, 0xCC, 0xCE, 0xC0, 0xF0, 0x07, 0xC8, 0x62,
    0x60, 0xF8, 0x07, 0x64, 0x31, 0x38, 0xBC, 0x67, 0x04, 0x92, 0x8F, 0x75, 0x18, 0x18, 0x0C, 0xDE,
    0xD4, 0x03, 0x59, 0x02, 0x21, 0xCF, 0xF3, 0x40, 0x92, 0x02, 0x7F, 0x38, 0x41, 0xD4, 0x17, 0x7F,
    0x10, 0xF9, 0x61, 0xBE, 0x23, 0x90, 0x7C, 0xB0, 0xFE, 0x0F, 0x2B, 0x90, 0xDD, 0xFF, 0x87, 0x85,
    0x81, 0xE1, 0xAB, 0xFE, 0x57, 0x2E, 0x86, 0x80, 0x7F, 0xEC, 0x01, 0xFF, 0x76, 0xFF, 0xF5, 0x05,
    0xEA, 0x4D, 0x55, 0x61, 0x60, 0x00, 0x00, 0x7F, 0x86, 0x21, 0xE9, 0x78, 0x9C, 0x63, 0x60, 0x60,
    0x60, 0xB8, 0xC8, 0xC4, 0x00, 0x02, 0xBF, 0xC1, 0x54, 0xC1, 0x7F, 0x30, 0xF5, 0x04, 0x4C, 0x09,
    0xC4, 0x81, 0xA9, 0x03, 0xE2, 0x60, 0x6A, 0x87, 0x00, 0x88, 0x72, 0x90, 0x03, 0x53, 0x8F, 0x98,
    0xC1, 0x54, 0x0D, 0x03, 0x88, 0x9A, 0xC0, 0x0D, 0xA6, 0xBE, 0x66, 0xA4, 0x95, 0xFD, 0x77, 0x67,
    0xFE, 0xFD, 0x1F, 0x04, 0xB8, 0x15, 0x95, 0x94, 0x8C, 0xFE, 0xAB, 0x32, 0x02, 0x35, 0x2A, 0x40,
    0xCC, 0x74, 0x80, 0x50, 0x1B, 0xC0, 0x94, 0x01, 0x50, 0x09, 0x03, 0x00, 0xA5, 0x40, 0x23, 0x54,
    0x78, 0x9C, 0x63, 0x60, 0x00, 0x02, 0x46, 0x10, 0x61, 0xC0, 0xD9, 0xD0, 0xD1, 0xD1, 0xF1, 0x92,
    0xE3, 0xC3, 0x7F, 0x20, 0xE0, 0xF8, 0x10, 0xE6, 0x62, 0x62, 0xCC, 0xF8, 0x81, 0x09, 0x24, 0x83,
    0x85, 0x9C, 0x76, 0x7A, 0x0E, 0x0B, 0xC3, 0x85, 0x9A, 0xD0, 0x1F, 0xEB, 0x41, 0x5C, 0x85, 0xFF,
    0x1C, 0x20, 0xEA, 0x87, 0x3C, 0x88, 0xFC, 0x12, 0x0F, 0x22, 0x3F, 0xD5, 0x07, 0x80, 0xC8, 0xFC,
    0x9F, 0x40, 0x99, 0x2F, 0xF6, 0x3F, 0xD9, 0x19, 0x18, 0x7E, 0xF1, 0x3C, 0x92, 0x61, 0x08, 0x78,
    0xCF, 0xA4, 0xF0, 0x67, 0xF6, 0x1F, 0x29, 0xA0, 0x9E, 0x54, 0x11, 0x06, 0x06, 0x00, 0xF3, 0x41,
    0x24, 0xBD, 0x78, 0x9C, 0x63, 0x60, 0x58, 0x72, 0x37, 0x87, 0x81, 0x81, 0x61, 0x42, 0xBF, 0xD0,
    0x53, 0x6E, 0x06, 0x86, 0x1F, 0x1C, 0x0C, 0x09, 0xF9, 0x0C, 0x0A, 0xEF, 0x19, 0x18, 0x1A, 0xE6,
    0x03, 0xC5, 0x18, 0x18, 0x04, 0x24, 0x18, 0x3E, 0xD8, 0x33, 0x80, 0xC0, 0x67, 0x7E, 0x30, 0xF5,
    0x8D, 0x6F, 0xCB, 0xBD, 0x68, 0xA0, 0xC2, 0x39, 0xB9, 0xC9, 0xFF, 0xB8, 0x18, 0x7E, 0xEE, 0x07,
    0x4A, 0xE4, 0x33, 0xFC, 0x00, 0xCA, 0x1D, 0xB8, 0xCF, 0xF0, 0x9D, 0x97, 0x81, 0xA1, 0xE0, 0x3F,
    0xE3, 0x37, 0x20, 0x2F, 0xE0, 0x3F, 0xF3, 0x67, 0x7D, 0x10, 0xC5, 0xF8, 0x20, 0x1F, 0x28, 0x78,
    0x9F, 0xA1, 0xE1, 0x3C, 0x03, 0xC3, 0x86, 0x7C, 0x06, 0x81, 0xBF, 0xEC, 0x0C, 0xDF, 0x80, 0x16,
    0x1D, 0x3C, 0x7F, 0xB2, 0x1F, 0x64, 0x5C, 0x90, 0x1B, 0x90, 0x00, 0x00, 0xA8, 0xC1, 0x29, 0x7F,
    0x78, 0x9C, 0x6B, 0xEE, 0x00, 0x02, 0x8E, 0xEF, 0xFF, 0x81, 0x80, 0xFF, 0xB9, 0x9B, 0xB1, 0x71,
    0x31, 0x9F, 0x3B, 0x03, 0x03, 0xC3, 0x06, 0x76, 0x46, 0x20, 0xF9, 0x09, 0x44, 0x30, 0xCC, 0x04,
    0x11, 0x02, 0xF6, 0x20, 0x32, 0x81, 0x17, 0x44, 0x5E, 0xE0, 0x00, 0x91, 0x9F, 0x99, 0x40, 0xE4,
    0x2B, 0x10, 0xC1, 0x30, 0x1F, 0x2C, 0x19, 0x0F, 0x96, 0x94, 0x07, 0x4B, 0x82, 0x15, 0xFE, 0xE4,
    0x04, 0x91, 0xFF, 0x58, 0x41, 0xE4, 0x3B, 0xB0, 0x42, 0x65, 0x20, 0x06, 0x00, 0x60, 0x81, 0x16,
    0x23, 0x78, 0x9C, 0x63, 0x08, 0xB8, 0xBD, 0x97, 0x8D, 0x81, 0xE1, 0x8F, 0x46, 0xD2, 0x79, 0xC6,
    0x05, 0xF3, 0x19, 0x18, 0xBE, 0x71, 0x7E, 0xB0, 0x67, 0x60, 0xF8, 0xC0, 0xF7, 0x09, 0x44, 0xF2,
    0x7F, 0xE8, 0x67, 0x60, 0xF8, 0xCC, 0x3D, 0xE1, 0x3F, 0x0B, 0xC3, 0x6F, 0x26, 0x86, 0x3F, 0xF3,
    0x17, 0xD9, 0x31, 0x30, 0x4C, 0xF8, 0xFF, 0x9E, 0x91, 0x81, 0xC1, 0x61, 0xDF, 0x7F, 0x5D, 0x06,
    0x86, 0x1F, 0xCC, 0x97, 0xFF, 0x33, 0x17, 0xE4, 0x03, 0xB5, 0xCB, 0x7D, 0xE2, 0x03, 0xAA, 0xEC,
    0xFF, 0xC6, 0xC5, 0xC0, 0x70, 0x60, 0xFF, 0x77, 0x4E, 0x06, 0x86, 0x0D, 0xFB, 0xBF, 0xF2, 0x32,
    0x30, 0x3C, 0xA8, 0x3F, 0x00, 0x34, 0xF3, 0x07, 0x0F, 0xC3, 0x8B, 0x75, 0xB7, 0x80, 0x0C, 0x86,
    0x60, 0x57, 0x06, 0x06, 0x00, 0xF0, 0x3E, 0x2B, 0xB5, 0x78, 0x9C, 0x63, 0x08, 0xB8, 0xBD, 0x97,
    0x8D, 0x41, 0xE0, 0x8F, 0xF8, 0xA4, 0xF3, 0x8C, 0x1B, 0xEA, 0x19, 0x18, 0x7E, 0x71, 0x7D, 0xE1,
    0x67, 0x60, 0xF8, 0xAC, 0xFF, 0x93, 0x9B, 0x81, 0xE1, 0x41, 0xFD, 0x1F, 0x20, 0xB9, 0x60, 0xFF,
    0x6F, 0x1E, 0x06, 0x86, 0x86, 0xFB, 0x3F, 0x81, 0xE2, 0x05, 0xEF, 0xBF, 0xF8, 0x33, 0x30, 0x5C,
    0xF8, 0xBF, 0xE1, 0x3E, 0xA3, 0xC2, 0xDD, 0xFF, 0x0C, 0xBF, 0xF6, 0xBF, 0x4E, 0x7B, 0xCF, 0xA0,
    0x90, 0xCA, 0xDA, 0x70, 0x9E, 0x01, 0x08, 0x16, 0xAC, 0x07, 0x91, 0x17, 0xF2, 0x0F, 0xF0, 0x02,
    0x4D, 0x90, 0xFF, 0x08, 0x54, 0xFF, 0x93, 0xF3, 0x80, 0x1C, 0x43, 0xC0, 0x79, 0x06, 0x81, 0xD7,
    0xB3, 0xFE, 0x48, 0x31, 0x00, 0x55, 0x8A, 0x30, 0x30, 0x00, 0x00, 0x15, 0x45, 0x2A, 0x82, 0x78,
    0x9C, 0x9B, 0x20, 0xFD, 0xA5, 0xFF, 0x53, 0xBE, 0x01, 0x0B, 0x03, 0x12, 0x98, 0x00, 0x15, 0x03,
    0x00, 0x71, 0xCA, 0x07, 0x87, 0x78, 0x9C, 0x6B, 0xD0, 0xFE, 0x34, 0xFF, 0x63, 0xBD, 0x02, 0x2B,
    0x03, 0x12, 0x08, 0x60, 0x07, 0x8A, 0xDD, 0x17, 0x38, 0xC1, 0x30, 0x93, 0xC1, 0x2E, 0x80, 0x5B,
    0x81, 0x11, 0x00, 0xBC, 0xC2, 0x09, 0xB5, 0x78, 0x9C, 0x63, 0x60, 0x00, 0x82, 0x00, 0x10, 0x51,
    0xF8, 0x0F, 0x48, 0x4C, 0xFA, 0xAF, 0xC9, 0xC0, 0xB0, 0xE5, 0xBD, 0x38, 0x03, 0xC3, 0xB5, 0xF3,
    0xAC, 0x0C, 0x0C, 0x0F, 0xD7, 0x33, 0x03, 0x05, 0x3F, 0xD5, 0x31, 0x82, 0x14, 0xFD, 0x99, 0xCF,
    0x04, 0xA4, 0x0C, 0x7E, 0xED, 0x67, 0x01, 0x52, 0x02, 0xCF, 0x41, 0xF2, 0x0C, 0x0C, 0x47, 0xDF,
    0x83, 0x48, 0x86, 0xC5, 0x00, 0x71, 0xE5, 0x11, 0xDE, 0x78, 0x9C, 0x5B, 0xB9, 0x0A, 0x08, 0xB4,
    0x56, 0x82, 0x49, 0x06, 0x24, 0xF0, 0xF6, 0x1D, 0x10, 0xE8, 0xA5, 0xA6, 0x01, 0x81, 0x18, 0x00,
    0x0E, 0xB7, 0x0D, 0xDD, 0x78, 0x9C, 0x63, 0x65, 0x00, 0x81, 0xF7, 0x12, 0x20, 0x72, 0xF1, 0x7F,
    0x2B, 0x10, 0xD5, 0xF8, 0x2F, 0x06, 0x44, 0x25, 0xFC, 0xAD, 0x63, 0x04, 0x52, 0x0E, 0xBF, 0xF5,
    0x41, 0xBC, 0x67, 0x40, 0x52, 0xE0, 0xC5, 0x7A, 0x66, 0x06, 0x83, 0x5F, 0xFD, 0x4C, 0x0C, 0x0E,
    0x7F, 0xEA, 0x80, 0x62, 0x7F, 0xC1, 0xEA, 0xC0, 0x7A, 0x18, 0x00, 0x40, 0x4C, 0x0F, 0xD1, 0x78,
    0x9C, 0x63, 0x28, 0xB8, 0xB3, 0x97, 0x8D, 0x41, 0xE1, 0xAE, 0xC8, 0xE6, 0xF3, 0x0C, 0x17, 0xF8,
    0x18, 0x18, 0xFE, 0x72, 0x7C, 0xE4, 0x67, 0x60, 0xF8, 0xC1, 0xBB, 0x81, 0x8B, 0x81, 0xE1, 0x3B,
    0x90, 0xCF, 0xC0, 0xF0, 0x0B, 0xC8, 0x62, 0x50, 0x78, 0xCF, 0x04, 0x24, 0x2F, 0xDA, 0x03, 0x09,
    0x81, 0x3B, 0x20, 0xE6, 0x25, 0x69, 0x90, 0xDC, 0x5E, 0x10, 0xE1, 0x50, 0x0F, 0x22, 0x05, 0xFE,
    0xE5, 0x82, 0x39, 0xCC, 0x0C, 0x70, 0x50, 0xC0, 0x02, 0x22, 0xBF, 0xC9, 0x83, 0x49, 0x7E, 0x10,
    0x19, 0x00, 0xD4, 0x0A, 0x00, 0x16, 0x67, 0x15, 0x64, 0x78, 0x9C, 0x63, 0x60, 0x80, 0x03, 0x81,
    0xE5, 0x6F, 0xF7, 0x8A, 0x83, 0x18, 0x3F, 0x72, 0x94, 0x93, 0x7F, 0xB3, 0x33, 0x30, 0x6C, 0x88,
    0x07, 0x72, 0x02, 0xE6, 0x33, 0x30, 0xFC, 0x62, 0x01, 0x09, 0x7F, 0x65, 0x0B, 0xE8, 0x67, 0x70,
    0xD8, 0xFD, 0x87, 0x67, 0x03, 0xDF, 0x05, 0x7E, 0x86, 0x1B, 0x8C, 0x07, 0xF8, 0x02, 0xF2, 0x3F,
    0x73, 0x06, 0xD8, 0x33, 0x5C, 0xE0, 0x11, 0x58, 0xFF, 0x83, 0xF5, 0x02, 0x0F, 0xC3, 0x07, 0x2E,
    0x86, 0xF3, 0xBF, 0x98, 0x3F, 0xB3, 0x33, 0x7C, 0xE1, 0x60, 0x38, 0xF7, 0x9B, 0xF9, 0x1B, 0x2B,
    0xC3, 0x4F, 0x36, 0x86, 0xFD, 0xBF, 0x58, 0x7E, 0x30, 0x33, 0xFC, 0x61, 0x55, 0xE8, 0xFF, 0xC1,
    0xF6, 0x9D, 0xA5, 0xE0, 0x27, 0x4B, 0x80, 0xFE, 0x17, 0xAE, 0xCF, 0x9C, 0x9B, 0x3F, 0xB3, 0x5D,
    0xE0, 0x78, 0x20, 0xDF, 0x70, 0x5E, 0xE6, 0x40, 0x5F, 0x0F, 0x43, 0xC2, 0x7A, 0x06, 0x43, 0x06,
    0x86, 0x10, 0x46, 0x06, 0x86, 0xDF, 0x9C, 0x20, 0xBB, 0x16, 0x33, 0x30, 0x4C, 0x38, 0xCF, 0xCA,
    0xC0, 0xD0, 0x28, 0x03, 0xE4, 0x6C, 0xF9, 0xBF, 0xE7, 0x4E, 0x2E, 0xD8, 0x89, 0x06, 0xA1, 0x22,
    0x40, 0x12, 0x00, 0x87, 0x79, 0x38, 0x5F, 0x78, 0x9C, 0x63, 0x60, 0x60, 0x60, 0xB0, 0x66, 0x80,
    0x00, 0x81, 0xF9, 0x50, 0x46, 0xC1, 0x7F, 0x28, 0xE3, 0xC2, 0x7F, 0x36, 0x08, 0xE3, 0xF3, 0x37,
    0x1E, 0x08, 0x63, 0xE6, 0x07, 0x7D, 0x08, 0xC3, 0x6E, 0x41, 0x3F, 0x98, 0x0E, 0xE0, 0x75, 0x78,
    0x0F, 0x66, 0x6C, 0xE0, 0x60, 0xF8, 0xC7, 0x0A, 0x62, 0x7C, 0x64, 0x62, 0xF8, 0xC1, 0x0D, 0x62,
    0x5C, 0x63, 0x60, 0xF8, 0x04, 0x56, 0x7D, 0xA6, 0xBC, 0xFC, 0x39, 0x48, 0xB5, 0xC2, 0xFC, 0xCE,
    0x8E, 0xE5, 0x20, 0xD5, 0x0D, 0x40, 0xD3, 0x04, 0xFE, 0xB3, 0x30, 0x30, 0x3C, 0x60, 0x07, 0xF2,
    0x7E, 0x71, 0x31, 0x30, 0x7C, 0x61, 0x02, 0x32, 0xBE, 0xF1, 0x03, 0xD5, 0x82, 0x34, 0x7C, 0xB7,
    0x67, 0xFC, 0xF4, 0x1F, 0xA8, 0x63, 0xC3, 0xFF, 0xFF, 0xFC, 0x00, 0x1D, 0x56, 0x23, 0xD8, 0x78,
    0x9C, 0x6B, 0xED, 0xE8, 0xA8, 0x60, 0x61, 0x60, 0x68, 0xFD, 0x97, 0xDB, 0xF6, 0x8F, 0x83, 0x81,
    0xE1, 0x1F, 0x1B, 0xC3, 0x81, 0xF9, 0x40, 0x8A, 0x85, 0x21, 0xE0, 0x3F, 0x98, 0x52, 0xF8, 0xCF,
    0x04, 0xA2, 0x0C, 0x20, 0xBC, 0x09, 0xFD, 0x60, 0xEA, 0x1B, 0x27, 0x90, 0x9A, 0x7D, 0x2B, 0x86,
    0x01, 0x48, 0x45, 0xA4, 0xBE, 0x84, 0x08, 0x32, 0xFC, 0xE1, 0x02, 0x53, 0x9F, 0xFC, 0xC1, 0xD4,
    0x83, 0x7E, 0x30, 0x75, 0x01, 0x42, 0x7D, 0x88, 0x67, 0xF8, 0x0F, 0xA4, 0x7E, 0xF0, 0x1A, 0xFC,
    0x67, 0x66, 0x58, 0xFC, 0x9E, 0xE9, 0xC7, 0xFF, 0xFF, 0xFF, 0xCF, 0xB1, 0x33, 0x00, 0x00, 0xE5,
    0x5C, 0x2D, 0xC0, 0x78, 0x9C, 0x63, 0x60, 0x70, 0x38, 0x79, 0xB7, 0x5B, 0x49, 0x9A, 0x41, 0xE1,
    0x4F, 0xB4, 0xD2, 0xD6, 0xFD, 0xF2, 0x0C, 0x8F, 0xE3, 0x19, 0x18, 0x18, 0xBE, 0xC9, 0x0B, 0xFC,
    0x63, 0x05, 0xD2, 0x13, 0xE4, 0x27, 0xEC, 0x07, 0x52, 0x0C, 0x0A, 0xF2, 0x1F, 0xED, 0x41, 0x34,
    0x83, 0xDC, 0x37, 0x3E, 0x30, 0xCD, 0xF8, 0x8B, 0x1B, 0x4C, 0x33, 0xFC, 0xE1, 0x82, 0xD0, 0x7F,
    0xA1, 0xF4, 0x1F, 0xA8, 0xF8, 0x2F, 0x88, 0x3A, 0x86, 0x6F, 0x10, 0x7D, 0x0C, 0x1F, 0xD6, 0x43,
    0xE8, 0x82, 0xFF, 0x2C, 0x20, 0x2A, 0x98, 0xE1, 0xB7, 0x3F, 0x90, 0x72, 0xD0, 0x65, 0x58, 0xF0,
    0xDF, 0x8A, 0xC1, 0xE1, 0x16, 0x13, 0x03, 0xC3, 0xD5, 0xFF, 0xFF, 0xDF, 0x73, 0x80, 0xE4, 0x9C,
    0xC2, 0x98, 0x19, 0x18, 0x00, 0x1E, 0xAE, 0x20, 0xA1, 0x78, 0x9C, 0x6B, 0xED, 0xE8, 0xA8, 0x50,
    0x65, 0x00, 0x82, 0xD6, 0x7F, 0x75, 0xED, 0xBF, 0xE6, 0x31, 0x01, 0x59, 0xFF, 0xD8, 0x18, 0x18,
    0xBE, 0xD5, 0x83, 0x18, 0x2C, 0x0C, 0x0C, 0x0A, 0xFF, 0xD8, 0x21, 0x0C, 0x86, 0x2F, 0xF6, 0x50,
    0xC6, 0x86, 0xF3, 0x50, 0x46, 0xC0, 0x7F, 0x46, 0x08, 0x43, 0xE1, 0x3F, 0x0B, 0x84, 0xC1, 0xF0,
    0x9F, 0x0D, 0xC6, 0x60, 0x87, 0x30, 0x04, 0xFE, 0xB3, 0x42, 0x18, 0x0E, 0xFF, 0x99, 0x20, 0x8C,
    0x09, 0xF7, 0xA1, 0xDA, 0x3F, 0xE6, 0x43, 0x19, 0xBF, 0x79, 0x80, 0xEA, 0x81, 0x8C, 0x05, 0xE7,
    0x19, 0x19, 0x0C, 0xFE, 0x33, 0x33, 0x14, 0xFD, 0xE3, 0x60, 0x60, 0xF8, 0xF1, 0xFF, 0xFF, 0xFF,
    0x7D, 0xE2, 0x40, 0x59, 0x00, 0x26, 0x09, 0x2D, 0x4D, 0x78, 0x9C, 0x6B, 0xED, 0x00, 0x01, 0xE6,
    0xD6, 0x7F, 0xFD, 0x69, 0x65, 0x7F, 0xD9, 0x18, 0xFE, 0xB1, 0x33, 0x30, 0x5C, 0x60, 0x67, 0xF8,
    0xC7, 0xC2, 0xC0, 0x50, 0x00, 0xA1, 0x1C, 0x20, 0x14, 0x10, 0x00, 0xA9, 0x45, 0x10, 0xEA, 0x21,
    0x88, 0x9A, 0x3D, 0xF3, 0x25, 0x88, 0x8A, 0x0C, 0x7D, 0x8D, 0x24, 0xC8, 0xC2, 0x50, 0x00, 0xA1,
    0x18, 0x60, 0x54, 0x18, 0x84, 0xCA, 0x64, 0xF8, 0x0F, 0xA2, 0xE2, 0x0C, 0xFE, 0x33, 0x33, 0x30,
    0x1C, 0x89, 0xFF, 0xF1, 0x1F, 0x04, 0xFC, 0x01, 0x80, 0x5E, 0x27, 0x0D, 0x78, 0x9C, 0x6B, 0xED,
    0x00, 0x82, 0x0A, 0x86, 0xD6, 0x7F, 0x7D, 0x69, 0xCB, 0xFE, 0x33, 0x30, 0xFC, 0x63, 0x67, 0x60,
    0xF8, 0x0A, 0xA4, 0x58, 0x18, 0x18, 0x1E, 0x40, 0xA8, 0x05, 0x8C, 0x60, 0x8A, 0x01, 0xCC, 0x33,
    0x82, 0x50, 0xED, 0x20, 0xCA, 0x4C, 0xA9, 0x03, 0x44, 0xED, 0x3D, 0xDD, 0x0F, 0x11, 0xEC, 0x80,
    0x50, 0x2D, 0x10, 0x8A, 0x01, 0x83, 0xFA, 0x0F, 0xA6, 0x0C, 0x20, 0xD4, 0x8F, 0xFF, 0xFF, 0x79,
    0x80, 0x14, 0x00, 0x35, 0xFA, 0x20, 0xB9, 0x78, 0x9C, 0x63, 0x60, 0x30, 0x38, 0x79, 0xB7, 0x9B,
    0xD9, 0x9A, 0x81, 0x41, 0xE1, 0x77, 0x8C, 0xD2, 0x92, 0xF3, 0xF1, 0x0C, 0x0C, 0x8F, 0xF2, 0x19,
    0x18, 0x18, 0x3E, 0x03, 0x19, 0xFF, 0xD8, 0x80, 0x8C, 0x80, 0x78, 0x86, 0x09, 0xE7, 0x19, 0x40,
    0x20, 0x8E, 0xE1, 0xA3, 0x3F, 0x98, 0x11, 0xC5, 0xF0, 0x8D, 0x9F, 0x01, 0x02, 0x7E, 0xF2, 0x40,
    0x19, 0xBF, 0xB9, 0xA0, 0x8C, 0x3F, 0x20, 0x86, 0x40, 0x47, 0x87, 0xC7, 0x1F, 0x90, 0x94, 0xC0,
    0x8E, 0xFF, 0x5A, 0xBF, 0xF8, 0x40, 0xE2, 0x09, 0xEF, 0x19, 0xBE, 0xDB, 0x83, 0x19, 0xFB, 0x19,
    0x3E, 0xAD, 0x87, 0x32, 0x26, 0xFC, 0x67, 0x86, 0x30, 0x18, 0xFE, 0xDA, 0x41, 0x19, 0x07, 0xFF,
    0x8B, 0x33, 0x28, 0x3C, 0x07, 0x32, 0x18, 0x9E, 0xFF, 0xBF, 0xFB, 0x2F, 0x5B, 0x08, 0xA4, 0x32,
    0x28, 0x0C, 0xA4, 0x0C, 0x00, 0xFF, 0x0C, 0x2B, 0x2B, 0x78, 0x9C, 0x6B, 0xED, 0xE8, 0x60, 0x60,
    0x70, 0xE8, 0xE8, 0x90, 0x68, 0xFD, 0x97, 0x07, 0x64, 0xDC, 0x78, 0xCF, 0xCE, 0xF0, 0x8F, 0x8D,
    0x81, 0x81, 0xE1, 0x40, 0x3F, 0x03, 0xC3, 0x3F, 0x16, 0x10, 0x23, 0x9F, 0x48, 0x46, 0x65, 0x79,
    0x79, 0xF9, 0x73, 0x10, 0x63, 0xCD, 0xAC, 0x99, 0x33, 0x5F, 0x10, 0xAB, 0x0B, 0xC6, 0xF8, 0x0F,
    0x62, 0x5C, 0xC8, 0x67, 0x30, 0xF8, 0x2F, 0x02, 0x64, 0x7C, 0xCA, 0x67, 0xF8, 0xF1, 0xFF, 0x3F,
    0x03, 0x43, 0xC2, 0xFF, 0xFF, 0xFA, 0x00, 0xC5, 0x68, 0x32, 0xA2, 0x78, 0x9C, 0x6B, 0xED, 0xE8,
    0x68, 0xFD, 0x97, 0xC7, 0xF0, 0x8F, 0x8D, 0xE1, 0x1F, 0x0B, 0x61, 0xF4, 0x9F, 0xC5, 0xE0, 0xBF,
    0xC8, 0x8F, 0xFF, 0xFF, 0x01, 0x45, 0xD1, 0x15, 0xDF, 0x78, 0x9C, 0x63, 0x68, 0xE8, 0xE8, 0xF0,
    0x60, 0x98, 0x70, 0xE2, 0xBF, 0x25, 0x03, 0x43, 0xC3, 0x7D, 0x06, 0x20, 0xB1, 0x9E, 0x64, 0x62,
    0x3E, 0x88, 0xA8, 0x67, 0x48, 0xE0, 0x98, 0xE0, 0xCF, 0xF0, 0x41, 0xFE, 0x02, 0x1F, 0xC3, 0x82,
    0xF3, 0x6F, 0x98, 0x19, 0x18, 0x82, 0x59, 0x18, 0x18, 0x00, 0x05, 0x1A, 0x19, 0xA5, 0x78, 0x9C,
    0x6B, 0xED, 0xE8, 0x60, 0x30, 0xE8, 0xE8, 0x60, 0x6F, 0xFD, 0x97, 0xC7, 0x60, 0xF0, 0x73, 0x1E,
    0x1B, 0xC3, 0x3F, 0x36, 0x06, 0x81, 0xB5, 0x0C, 0x0C, 0x0C, 0xFF, 0x58, 0x18, 0x16, 0x70, 0x43,
    0xE8, 0x27, 0x8C, 0x10, 0x3A, 0x8E, 0x01, 0x4C, 0x4F, 0xE0, 0x86, 0xD0, 0x9F, 0x99, 0xC0, 0x74,
    0x17, 0x48, 0x35, 0x90, 0x9E, 0xF5, 0x9F, 0x1D, 0x22, 0xFE, 0xCD, 0x1F, 0x42, 0x2F, 0x78, 0x0F,
    0xD5, 0xF7, 0x97, 0x07, 0x42, 0x7F, 0xEA, 0x87, 0xD0, 0x09, 0xFF, 0x59, 0x19, 0x18, 0xFE, 0xB3,
    0x30, 0x30, 0xFC, 0xD2, 0x67, 0x30, 0xF8, 0x2F, 0xC2, 0xC0, 0x70, 0xE0, 0x3D, 0xF3, 0x8F, 0xFF,
    0xFF, 0x19, 0x18, 0x04, 0xFE, 0xDC, 0x07, 0x00, 0xA7, 0x41, 0x2B, 0x86, 0x78, 0x9C, 0x6B, 0xED,
    0xE8, 0x60, 0x00, 0x82, 0xD6, 0x7F, 0x79, 0x20, 0x8A, 0xE1, 0x1F, 0x1B, 0x84, 0x62, 0xA1, 0x9C,
    0x62, 0x82, 0x50, 0xBC, 0x60, 0x4A, 0x80, 0x97, 0xE1, 0x3F, 0x90, 0x2A, 0xE0, 0x35, 0xF8, 0xCF,
    0xCC, 0x20, 0xF0, 0x9D, 0xF7, 0xC7, 0x7F, 0x10, 0xE0, 0x01, 0x00, 0x88, 0xD6, 0x1A, 0x94, 0x78,
    0x9C, 0x1D, 0xCE, 0xBB, 0x0D, 0x82, 0x50, 0x14, 0x80, 0xE1, 0x1F, 0x42, 0x42, 0x7C, 0xF0, 0xD8,
    0x00, 0x37, 0xC0, 0x09, 0xC4, 0x05, 0x14, 0x06, 0xD0, 0xC4, 0x0D, 0x5C, 0x81, 0x44, 0x0B, 0x13,
    0x0B, 0x47, 0xD0, 0xD2, 0x4E, 0xAD, 0x2C, 0x75, 0x04, 0x36, 0x90, 0xDE, 0x46, 0x40, 0x4D, 0x34,
    0x92, 0xEB, 0xB9, 0xDC, 0xE2, 0xE4, 0x2B, 0xCE, 0xB9, 0xF9, 0x17, 0x2B, 0x0B, 0xFD, 0x96, 0x2B,
    0x73, 0x51, 0x3B, 0x0D, 0xEB, 0x8D, 0xC1, 0x37, 0xD6, 0xEA, 0xAB, 0x0E, 0xDC, 0x2F, 0x9A, 0x3B,
    0xD5, 0x82, 0xB5, 0x32, 0x85, 0xC5, 0x47, 0x38, 0xF9, 0xC9, 0xE0, 0xFC, 0x6E, 0xC3, 0xF4, 0xE5,
    0x09, 0x47, 0x2F, 0xD9, 0x1D, 0xE5, 0x73, 0x18, 0xBA, 0xCF, 0x2E, 0x0C, 0xD2, 0x1B, 0x1C, 0xED,
    0x4A, 0xFE, 0x8C, 0x7C, 0x65, 0x51, 0x18, 0xA5, 0x0B, 0x21, 0xDF, 0x0E, 0x7B, 0x0A, 0x4F, 0xB3,
    0x0A, 0x19, 0xF3, 0xF0, 0xF0, 0x43, 0xAE, 0xDB, 0xC4, 0x69, 0x18, 0x90, 0xA8, 0x93, 0x4D, 0x1E,
    0xD0, 0x0B, 0x24, 0xE5, 0x63, 0x90, 0x85, 0x0C, 0x85, 0xEF, 0x03, 0x64, 0x11, 0xA9, 0x5C, 0xE6,
    0x12, 0x57, 0xC6, 0x46, 0xAD, 0x5C, 0x52, 0x87, 0x99, 0x52, 0x81, 0x2E, 0xF4, 0xCD, 0xA6, 0xFE,
    0x0F, 0x08, 0xFA, 0x37, 0xEB, 0x78, 0x9C, 0x6B, 0xF1, 0x60, 0x00, 0x82, 0xD6, 0x0E, 0xF6, 0xD6,
    0xFF, 0x4C, 0x20, 0xC6, 0x3D, 0x36, 0x86, 0x7F, 0xBC, 0x20, 0xA1, 0x3C, 0x06, 0x86, 0x7F, 0xEB,
    0x41, 0x0C, 0x3F, 0x06, 0x86, 0xBA, 0xFF, 0x6C, 0x10, 0x86, 0xDE, 0x0F, 0x7D, 0x08, 0xC3, 0xEE,
    0xC0, 0x7D, 0x28, 0x43, 0xE1, 0x1F, 0x17, 0x84, 0xC1, 0xF0, 0x35, 0x1F, 0xCA, 0x98, 0x00, 0x34,
    0x0A, 0xCC, 0x60, 0xF8, 0xC3, 0x0B, 0x65, 0x7C, 0x9A, 0x0F, 0x65, 0x04, 0xFC, 0x67, 0x85, 0x30,
    0x18, 0x7E, 0xEA, 0x43, 0x19, 0x17, 0xEE, 0xFB, 0x33, 0x30, 0xD8, 0x03, 0x19, 0x0A, 0xFF, 0xFD,
    0x19, 0x1C, 0xEC, 0x19, 0x81, 0xAC, 0xAF, 0xFE, 0x0C, 0xDF, 0xFF, 0xF3, 0x03, 0x19, 0x0B, 0xFC,
    0x19, 0xA0, 0x40, 0x8C, 0x01, 0x00, 0x7F, 0x2A, 0x23, 0xA1, 0x78, 0x9C, 0x63, 0x60, 0x30, 0x38,
    0x79, 0xB7, 0x9B, 0x89, 0x81, 0x81, 0x41, 0xE1, 0xB7, 0xA7, 0xD1, 0xB5, 0xF5, 0x8C, 0x0C, 0x0C,
    0x8F, 0xEC, 0x80, 0xBC, 0x5F, 0xB2, 0x0C, 0x02, 0xFF, 0x98, 0x81, 0x8C, 0x0D, 0xF7, 0x19, 0x26,
    0xCC, 0x07, 0xD2, 0x0C, 0x02, 0xFF, 0xD9, 0x3F, 0xEA, 0x83, 0x18, 0x0C, 0x3F, 0xF9, 0xBE, 0xF1,
    0x81, 0x19, 0x9F, 0xFD, 0x7F, 0x71, 0x83, 0x19, 0x1F, 0xFA, 0xFF, 0x70, 0x82, 0x19, 0x17, 0xD6,
    0xFF, 0xE5, 0x02, 0x33, 0x0E, 0xEC, 0xFF, 0xCD, 0x03, 0x61, 0xAC, 0xFF, 0xC9, 0x0F, 0x66, 0x3C,
    0xA8, 0xFF, 0xEA, 0x0F, 0x66, 0x7C, 0xD2, 0x7F, 0xB0, 0x1E, 0xCC, 0xF8, 0xC1, 0x93, 0xF0, 0x9F,
    0x19, 0x6C, 0x32, 0x33, 0xC3, 0x6F, 0x39, 0x90, 0xDA, 0x7A, 0x06, 0x86, 0x05, 0xEF, 0x59, 0x18,
    0x14, 0xFE, 0xB0, 0x03, 0x79, 0x47, 0xEF, 0xAF, 0xFE, 0x63, 0x0D, 0x56, 0xE8, 0x18, 0x2A, 0x02,
    0x24, 0x01, 0xCA, 0xFF, 0x2E, 0x1E, 0x78, 0x9C, 0x6B, 0xED, 0xE8, 0xA8, 0x10, 0x65, 0x60, 0x68,
    0xFD, 0x57, 0x37, 0xFD, 0xAF, 0x0F, 0x03, 0xC3, 0x3F, 0x36, 0x86, 0x80, 0xFF, 0x6C, 0x0C, 0xFF,
    0x58, 0x18, 0x18, 0xBE, 0xCB, 0x83, 0xA9, 0x8F, 0xF1, 0x60, 0xEA, 0x43, 0x3D, 0x84, 0xCA, 0x07,
    0x53, 0x5F, 0xF4, 0xC1, 0xD4, 0x1F, 0x4E, 0x10, 0x75, 0x68, 0x3F, 0x50, 0x5F, 0xF7, 0xC9, 0xF3,
    0xAC, 0x40, 0x2A, 0xD3, 0x95, 0x91, 0x81, 0x01, 0x2C, 0x87, 0x41, 0xFD, 0x07, 0x53, 0x06, 0xFF,
    0x45, 0x40, 0xD4, 0x8F, 0xFF, 0xFF, 0x39, 0x80, 0x14, 0x00, 0x65, 0xEF, 0x25, 0x65, 0x78, 0x9C,
    0x63, 0x60, 0x30, 0x38, 0x79, 0xB7, 0x9B, 0x89, 0x01, 0x08, 0x14, 0x7E, 0x7B, 0x1A, 0x5D, 0x5B,
    0xCF, 0x08, 0x64, 0x3D, 0xB2, 0x03, 0x12, 0xBF, 0x64, 0x19, 0x18, 0x04, 0xFE, 0x31, 0x03, 0x59,
    0x1B, 0xEE, 0x33, 0x30, 0x4C, 0x98, 0x0F, 0x52, 0x22, 0xF0, 0x9F, 0x9D, 0xE1, 0xA3, 0x3E, 0x88,
    0xC5, 0xF0, 0x93, 0x8F, 0xE1, 0x1B, 0x1F, 0x98, 0xF5, 0xD9, 0x9F, 0xE1, 0x17, 0x37, 0x98, 0xF5,
    0xA1, 0x9F, 0xE1, 0x0F, 0x27, 0x98, 0x75, 0x61, 0x3D, 0xC3, 0x5F, 0x2E, 0x30, 0xEB, 0xC0, 0x7E,
    0x86, 0xDF, 0x3C, 0x10, 0xD6, 0x7A, 0x86, 0x9F, 0xFC, 0x60, 0xD6, 0x83, 0x7A, 0x86, 0xAF, 0xFE,
    0x60, 0xD6, 0x27, 0x7D, 0x86, 0x07, 0xEB, 0xC1, 0xAC, 0x1F, 0x3C, 0x0C, 0x09, 0xFF, 0x99, 0xC1,
    0x76, 0x00, 0xC9, 0xDF, 0x72, 0x20, 0x0D, 0xF5, 0x40, 0x62, 0xC1, 0x7B, 0x16, 0x06, 0x85, 0x3F,
    0xEC, 0x20, 0x25, 0x5B, 0xEE, 0xAF, 0xFE, 0x63, 0x0D, 0x56, 0xCC, 0xE0, 0xD8, 0x7A, 0x4F, 0x93,
    0x01, 0x0A, 0x2E, 0xFD, 0x67, 0x85, 0xB2, 0x04, 0xFE, 0xD6, 0xC3, 0x04, 0x2F, 0xFE, 0xE7, 0x80,
    0x09, 0xFE, 0x3E, 0xCF, 0x02, 0x65, 0x2A, 0x94, 0xB1, 0x00, 0x00, 0xA6, 0x42, 0x36, 0xE2, 0x78,
    0x9C, 0x6B, 0xED, 0xE8, 0xC8, 0x10, 0x65, 0x60, 0x60, 0x68, 0xFD, 0x57, 0x37, 0xFD, 0xAF, 0x36,
    0x90, 0xF1, 0x8F, 0x8D, 0xA1, 0xE1, 0x3D, 0x13, 0x90, 0x66, 0x61, 0x60, 0xF8, 0xCB, 0x05, 0xA1,
    0x7F, 0xF2, 0xA2, 0xD2, 0xBF, 0x21, 0xE2, 0x0A, 0xFF, 0x99, 0xC1, 0xF4, 0xD3, 0x7C, 0x90, 0xBE,
    0xB3, 0x7F, 0xE7, 0x32, 0x81, 0x68, 0xB3, 0x3F, 0xDC, 0x0C, 0x20, 0x9A, 0xE5, 0x61, 0x3F, 0x84,
    0x0E, 0x00, 0x29, 0x03, 0xA9, 0xFB, 0xCD, 0x03, 0xA1, 0x3F, 0xD5, 0x03, 0xE9, 0xFF, 0x2C, 0x0C,
    0x05, 0xFF, 0x99, 0x18, 0x0C, 0xFE, 0x8B, 0x30, 0x30, 0xFC, 0xD1, 0x65, 0xF8, 0xF1, 0xFF, 0x3F,
    0x03, 0xC3, 0xC5, 0xFF, 0x9C, 0x00, 0x72, 0x51, 0x2D, 0x75, 0x78, 0x9C, 0x63, 0x98, 0xF4, 0x76,
    0xAD, 0xAA, 0x34, 0x43, 0xC0, 0x7D, 0xD5, 0xE2, 0x77, 0xF2, 0x0C, 0x1F, 0xE5, 0x18, 0x18, 0x1E,
    0xC9, 0x33, 0x7C, 0xE5, 0x62, 0x60, 0x48, 0x90, 0x67, 0xF8, 0xCE, 0xC9, 0xC0, 0xC0, 0x20, 0xCF,
    0xF0, 0x0D, 0x28, 0xC8, 0x20, 0xC5, 0xF0, 0xF1, 0x3C, 0x13, 0x90, 0x66, 0x08, 0xF8, 0xDF, 0xCF,
    0x08, 0xA2, 0x2F, 0x43, 0xE9, 0x6B, 0xFF, 0xEB, 0x41, 0x14, 0xC3, 0xB3, 0xFF, 0xDC, 0x60, 0xFA,
    0x67, 0x3F, 0x03, 0x48, 0x7C, 0xC1, 0x7B, 0x86, 0x0E, 0x20, 0x65, 0xF0, 0x9F, 0xE1, 0x04, 0x90,
    0x12, 0xF8, 0xCF, 0xF0, 0x9D, 0x05, 0xA8, 0x77, 0x3D, 0xC3, 0xF7, 0x7C, 0x06, 0x86, 0xC7, 0x7A,
    0x0C, 0xD7, 0x5E, 0xEC, 0xBB, 0xB5, 0x9F, 0x89, 0x41, 0x91, 0x21, 0xD8, 0x0D, 0xA8, 0x1A, 0x00,
    0xBE, 0x5C, 0x25, 0x4C, 0x78, 0x9C, 0x6B, 0xEA, 0x00, 0x03, 0x8D, 0xAF, 0xF3, 0xCB, 0xBF, 0xD7,
    0xA7, 0xFD, 0xF4, 0xFF, 0xCA, 0xC4, 0xF0, 0x51, 0x9E, 0xC1, 0x20, 0x7E, 0x1B, 0x03, 0x88, 0x66,
    0x88, 0x69, 0x83, 0xD0, 0x99, 0xA9, 0x10, 0x3A, 0x8C, 0x01, 0x42, 0x33, 0x50, 0x81, 0xFE, 0x04,
    0xA5, 0xBF, 0xF1, 0x33, 0x82, 0xA8, 0x0D, 0xFF, 0xFF, 0x03, 0x05, 0x00, 0x13, 0x96, 0x20, 0x00,
    0x78, 0x9C, 0x6B, 0xEC, 0xE8, 0x60, 0x66, 0x60, 0x70, 0xE8, 0xE8, 0x60, 0x68, 0xFA, 0xDD, 0xCF,
    0xC4, 0xC0, 0x10, 0xF0, 0x22, 0x8F, 0x81, 0xE1, 0x3B, 0x0F, 0x03, 0x10, 0x3C, 0x60, 0x63, 0x60,
    0xF8, 0xC1, 0x05, 0x66, 0xB1, 0xC2, 0x59, 0x2C, 0x98, 0xAC, 0x0F, 0x04, 0x59, 0xDF, 0xB9, 0xC1,
    0x2C, 0x66, 0x98, 0xC9, 0x1F, 0x81, 0x16, 0x7D, 0xE5, 0x03, 0xB1, 0x3E, 0x03, 0xF1, 0x27, 0x7D,
    0x10, 0xEB, 0x3A, 0x10, 0x5F, 0xE8, 0x07, 0xB1, 0xEA, 0x80, 0xB8, 0xE0, 0x3F, 0x50, 0xF1, 0x04,
    0x39, 0x10, 0xF7, 0x77, 0xBF, 0x90, 0xE3, 0x6F, 0x16, 0x10, 0xAB, 0xE1, 0xFF, 0xFF, 0xFF, 0x36,
    0x0C, 0x60, 0x60, 0x90, 0xAA, 0x0A, 0xA2, 0x00, 0xED, 0x48, 0x29, 0x32, 0x78, 0x9C, 0x6B, 0xE8,
    0xE8, 0x60, 0x65, 0x60, 0x68, 0xEA, 0xC8, 0x98, 0xF0, 0xF7, 0x3C, 0x0B, 0x03, 0xC3, 0xA4, 0x3F,
    0x5E, 0x0C, 0xDF, 0xF5, 0x19, 0x80, 0x60, 0x0D, 0x03, 0xC3, 0x67, 0x7F, 0x20, 0xAD, 0x00, 0xE4,
    0x1D, 0x98, 0x0F, 0x64, 0x34, 0xF0, 0x30, 0x30, 0x24, 0xFC, 0x07, 0x32, 0x2E, 0xB0, 0x01, 0x89,
    0x7F, 0x40, 0xE2, 0x33, 0x48, 0xDD, 0x0F, 0x5E, 0x06, 0x86, 0x95, 0x20, 0xC6, 0x27, 0x7B, 0x06,
    0x86, 0x38, 0x10, 0x63, 0xC3, 0x7A, 0x06, 0x07, 0x3E, 0x10, 0xC3, 0xE1, 0x3F, 0xE3, 0x02, 0x4E,
    0x10, 0x83, 0xE1, 0x2F, 0xC7, 0x07, 0x66, 0x30, 0xE3, 0x1B, 0xDF, 0x35, 0x30, 0xCD, 0xF0, 0x20,
    0xBE, 0x1A, 0xC2, 0x68, 0x38, 0x2F, 0x0F, 0x61, 0x28, 0xFC, 0xE7, 0x81, 0x30, 0x18, 0x7E, 0xB3,
    0x41, 0x19, 0x5F, 0xA0, 0x34, 0x83, 0x01, 0x88, 0x00, 0x00, 0xAA, 0xC4, 0x21, 0xD7, 0x78, 0x9C,
    0x25, 0xCE, 0x3D, 0x12, 0xC1, 0x40, 0x18, 0xC6, 0xF1, 0x7F, 0x32, 0x24, 0x88, 0xAF, 0x4E, 0x29,
    0x95, 0xD1, 0x71, 0x03, 0x39, 0x81, 0x23, 0xE0, 0x00, 0x8C, 0x1B, 0xC8, 0x56, 0xA4, 0x74, 0x04,
    0xAD, 0x13, 0xA0, 0xE2, 0x06, 0x72, 0x03, 0x69, 0xD4, 0xF1, 0x35, 0x83, 0x31, 0x99, 0xF5, 0x26,
    0x29, 0xF6, 0x9D, 0xFD, 0xED, 0x3C, 0xFB, 0xCC, 0xBB, 0x0C, 0x02, 0x13, 0x3A, 0xC0, 0x32, 0xE8,
    0xEE, 0xF4, 0xCC, 0x80, 0x85, 0x60, 0x15, 0xB7, 0x5C, 0x6D, 0x81, 0x77, 0x16, 0x78, 0x03, 0x48,
    0x4A, 0xB0, 0xD6, 0x12, 0xDD, 0x38, 0xF0, 0xA9, 0x42, 0xA4, 0x6D, 0xB8, 0x15, 0xE1, 0xD9, 0x90,
    0xF3, 0x95, 0x97, 0x97, 0x44, 0xC3, 0x31, 0x1C, 0x9E, 0x3D, 0xD8, 0x0A, 0xD4, 0x11, 0x46, 0xA1,
    0x2F, 0x43, 0xE0, 0x6A, 0xA3, 0xDF, 0x50, 0x17, 0x3C, 0x89, 0x4B, 0x9D, 0xA5, 0x1C, 0x57, 0x9B,
    0xEB, 0x4A, 0x8A, 0x8F, 0x13, 0x5A, 0x24, 0x76, 0x54, 0x4C, 0xF1, 0x68, 0x3F, 0x0C, 0xDE, 0xB5,
    0xB4, 0x4C, 0xEA, 0xE6, 0x7B, 0xB8, 0xF7, 0xB6, 0x19, 0xD4, 0x79, 0x0A, 0x27, 0x7F, 0x98, 0xC1,
    0xD5, 0x6D, 0x98, 0xC4, 0xF5, 0x0C, 0x24, 0xB2, 0x54, 0x53, 0x97, 0x73, 0xBC, 0x65, 0x6F, 0x7E,
    0x85, 0x1C, 0x52, 0x06, 0xD7, 0xFC, 0x4E, 0x3F, 0xFB, 0x99, 0x8E, 0x3F, 0x4C, 0xD9, 0x39, 0xDD,
    0x78, 0x9C, 0x6B, 0xEB, 0xE8, 0x60, 0x65, 0x68, 0xEA, 0xF0, 0x60, 0xD8, 0xFE, 0x3F, 0x87, 0x99,
    0x61, 0xF2, 0x1F, 0x6B, 0x06, 0x86, 0x7F, 0x9C, 0x0C, 0x0C, 0x0A, 0xFD, 0x0C, 0x0C, 0x0C, 0x5F,
    0xF4, 0x19, 0x18, 0x0E, 0x00, 0x39, 0x0C, 0x13, 0xF6, 0x33, 0x30, 0xDC, 0x60, 0x00, 0x81, 0xBF,
    0x6C, 0x06, 0xFA, 0x60, 0xC6, 0x67, 0xFD, 0x0B, 0xEC, 0x60, 0x46, 0xC1, 0xFD, 0x5D, 0x0C, 0x10,
    0xF0, 0x47, 0x1E, 0xCA, 0xF8, 0x1C, 0x0F, 0x65, 0xDC, 0xFE, 0xCF, 0x04, 0xA6, 0x13, 0xE4, 0x7E,
    0xF2, 0x82, 0x19, 0x9F, 0x58, 0x2E, 0xCC, 0x07, 0x33, 0xE6, 0x30, 0x28, 0xFC, 0x67, 0x03, 0xD2,
    0x0D, 0x7C, 0x0C, 0x0C, 0x5F, 0x41, 0x26, 0x7E, 0x61, 0x01, 0x5A, 0x73, 0x9F, 0x81, 0x21, 0x00,
    0x64, 0x71, 0xC0, 0x7F, 0x49, 0x86, 0x5F, 0xFF, 0xED, 0x19, 0x18, 0x7E, 0xFE, 0xFF, 0xCF, 0x06,
    0x00, 0x53, 0x97, 0x27, 0x92, 0x78, 0x9C, 0x6B, 0xEC, 0xE8, 0xD0, 0x60, 0x60, 0xE8, 0xE8, 0xE0,
    0x98, 0xF8, 0xE7, 0xBE, 0x18, 0x03, 0xC3, 0xCA, 0xFB, 0xEC, 0x0C, 0x5F, 0xF2, 0x19, 0x18, 0x18,
    0x36, 0xF0, 0x30, 0x30, 0x1C, 0x58, 0x0F, 0x64, 0x7C, 0x61, 0x64, 0x60, 0x50, 0xF8, 0xCF, 0xC2,
    0xC0, 0x50, 0x03, 0xE4, 0x30, 0xFC, 0xE0, 0x65, 0x08, 0xE0, 0x03, 0x31, 0x2E, 0xF4, 0x33, 0x5C,
    0x60, 0x03, 0x31, 0x1C, 0xFE, 0x33, 0x5F, 0x65, 0x00, 0x83, 0x5F, 0x3C, 0x71, 0x10, 0xC6, 0xC3,
    0xFB, 0x3C, 0x10, 0x46, 0xC2, 0x7F, 0x56, 0x08, 0x83, 0xE1, 0x1F, 0x0B, 0x61, 0xC6, 0x7F, 0x66,
    0x08, 0xED, 0x00, 0x63, 0xFC, 0xF8, 0x0F, 0xB2, 0x17, 0x00, 0xEC, 0x45, 0x20, 0x8E, 0x78, 0x9C,
    0x6B, 0xEE, 0x00, 0x01, 0xF6, 0x1F, 0xEB, 0x3B, 0xCA, 0xCB, 0xFF, 0xF2, 0xBC, 0x60, 0x62, 0x60,
    0x70, 0xF8, 0xCF, 0xDC, 0xC9, 0xC0, 0xC0, 0xF0, 0xA0, 0x9F, 0xC1, 0x13, 0x48, 0xFD, 0xE4, 0x65,
    0x50, 0x63, 0x60, 0x30, 0xF8, 0xCF, 0x0C, 0x64, 0x33, 0x5C, 0xE8, 0x07, 0x91, 0x0C, 0x3F, 0x78,
    0x41, 0xA4, 0x02, 0x44, 0xEC, 0xC0, 0x7C, 0x24, 0x31, 0x83, 0xFF, 0x2C, 0x60, 0x75, 0x20, 0x31,
    0x46, 0x86, 0x9F, 0x7C, 0x40, 0x8A, 0xD7, 0x01, 0x2C, 0xC6, 0xFF, 0x10, 0x24, 0xD6, 0xC0, 0xFF,
    0x8B, 0x87, 0x81, 0xC1, 0xF0, 0x17, 0xFF, 0xBF, 0xFF, 0x20, 0xC0, 0x07, 0x00, 0xBD, 0x19, 0x23,
    0x6D, 0x78, 0x9C, 0x7B, 0xF0, 0xEE, 0x5D, 0xDF, 0x87, 0xFD, 0xAB, 0xB2, 0x3E, 0xF0, 0x32, 0x30,
    0x10, 0x8D, 0x79, 0x88, 0xC4, 0x36, 0x4A, 0x42, 0x1F, 0xFE, 0xFF, 0x5F, 0x9F, 0x90, 0x96, 0xE6,
    0x06, 0x00, 0x16, 0x91, 0x21, 0x34, 0x78, 0x9C, 0x9B, 0xC0, 0xCE, 0x00, 0x01, 0x9F, 0xE5, 0xA1,
    0x8C, 0x09, 0xF3, 0xA1, 0x0C, 0x81, 0x7F, 0xCC, 0x50, 0xD6, 0x37, 0x1E, 0x28, 0xE3, 0x40, 0x3E,
    0x94, 0x61, 0xF0, 0x1E, 0xCA, 0x60, 0xF8, 0xC9, 0x01, 0x65, 0x3C, 0xD4, 0x87, 0x32, 0x12, 0xF6,
    0xC3, 0xE4, 0xFE, 0xB0, 0xC2, 0x0C, 0xE7, 0x85, 0x32, 0x16, 0xD4, 0xC3, 0x0C, 0xFF, 0xCF, 0x08,
    0x33, 0x9C, 0x0B, 0xCA, 0xB8, 0xE0, 0x0F, 0x33, 0xFC, 0x3E, 0xCC, 0x80, 0x5F, 0x6C, 0x50, 0xC6,
    0x47, 0x39, 0x28, 0xA3, 0x00, 0xE6, 0x3A, 0x86, 0xBF, 0x30, 0xD7, 0x7D, 0x81, 0xB9, 0x6E, 0x41,
    0x3C, 0xCC, 0x70, 0xB8, 0xEB, 0xBE, 0xC3, 0x5C, 0xD7, 0xC0, 0x08, 0x00, 0x62, 0xA2, 0x1A, 0x64,
    0x78, 0x9C, 0x7B, 0xF9, 0xEE, 0x1D, 0xEF, 0xF2, 0x55, 0xAF, 0xF9, 0x19, 0x18, 0x0E, 0x60, 0xC1,
    0x17, 0x48, 0xC0, 0x0F, 0x30, 0xB0, 0xA2, 0xD2, 0x63, 0xFE, 0x5F, 0xFF, 0xFF, 0xF3, 0x27, 0xA7,
    0xA5, 0xB1, 0x02, 0x00, 0xF1, 0x4C, 0x1C, 0xD9, 0x78, 0x9C, 0x63, 0x60, 0x60, 0x70, 0x78, 0x27,
    0xC3, 0x00, 0x01, 0xDF, 0x3C, 0xEF, 0x33, 0x82, 0x19, 0x05, 0xFD, 0x0C, 0x8F, 0xF5, 0xC0, 0xAC,
    0x9F, 0x6C, 0x0C, 0x0A, 0xEF, 0x98, 0x81, 0x8C, 0x0D, 0xF1, 0x40, 0xE2, 0xA2, 0x3F, 0x03, 0x83,
    0xC0, 0x1B, 0x10, 0x57, 0xE0, 0x0F, 0x2B, 0xC3, 0x45, 0x88, 0x92, 0x0D, 0xF5, 0x0C, 0x30, 0x20,
    0xC8, 0x00, 0x00, 0x68, 0x41, 0x0E, 0x08, 0x78, 0x9C, 0xDB, 0xB6, 0x1B, 0x08, 0x56, 0xAF, 0xEA,
    0x3A, 0x7E, 0x06, 0x0C, 0xE6, 0x00, 0x00, 0x62, 0x11, 0x0B, 0xAD, 0x78, 0x9C, 0x63, 0x60, 0x60,
    0x78, 0xCD, 0xC8, 0xF0, 0x93, 0x8B, 0x61, 0x81, 0x3F, 0x03, 0xC3, 0x4D, 0x06, 0x06, 0x07, 0x06,
    0x00, 0x26, 0xD4, 0x03, 0xF8, 0x78, 0x9C, 0x63, 0x70, 0xB8, 0x75, 0x4F, 0x82, 0x81, 0x81, 0xE1,
    0xA7, 0x58, 0xE1, 0x79, 0x06, 0x06, 0x87, 0xF5, 0x0C, 0x0C, 0x7F, 0x58, 0x19, 0x1C, 0xF6, 0x33,
    0x30, 0xFC, 0xE2, 0x60, 0x60, 0x10, 0x61, 0x60, 0xF8, 0xC1, 0xC9, 0x00, 0x02, 0x3F, 0xB8, 0x80,
    0xC4, 0xD2, 0xB7, 0xFF, 0x80, 0xBC, 0xA7, 0x75, 0x4C, 0x40, 0xC1, 0x84, 0xF3, 0x60, 0xB9, 0x0F,
    0xF1, 0x60, 0xEA, 0xA3, 0x3F, 0x50, 0x03, 0x27, 0xC3, 0x83, 0xF3, 0x42, 0x5B, 0xFE, 0x71, 0x30,
    0x38, 0xFC, 0xFB, 0x9F, 0xF7, 0xF5, 0x3F, 0x0B, 0x83, 0x83, 0x1B, 0x48, 0x2B, 0x00, 0x98, 0x9E,
    0x1E, 0xCE, 0x78, 0x9C, 0x73, 0xBA, 0xCE, 0x00, 0x02, 0xA7, 0xFE, 0x83, 0x29, 0x01, 0xBC, 0x54,
    0xE2, 0xED, 0xB9, 0xCC, 0x40, 0x6A, 0x4F, 0xDA, 0xAF, 0x7A, 0x20, 0xC5, 0xCA, 0x90, 0xF0, 0x9F,
    0x15, 0x2C, 0xF7, 0x87, 0x0F, 0x4C, 0x7D, 0xB3, 0x57, 0x00, 0x51, 0x9F, 0xF3, 0xC1, 0xD4, 0xC7,
    0x7A, 0x08, 0x05, 0xE1, 0x7D, 0x06, 0xCA, 0x31, 0x32, 0x30, 0x7C, 0xE7, 0x55, 0xF8, 0xCF, 0xCC,
    0xC0, 0xF0, 0x8F, 0x45, 0xE1, 0x3F, 0x0F, 0xC3, 0x86, 0x7A, 0x06, 0x05, 0xBB, 0x37, 0xBB, 0xEE,
    0xB1, 0x00, 0xE5, 0x15, 0x42, 0x81, 0xC2, 0x00, 0x70, 0xDF, 0x28, 0x69, 0x78, 0x9C, 0x63, 0x50,
    0x38, 0x71, 0xCF, 0x92, 0x81, 0xE1, 0x9B, 0xB5, 0xC2, 0x0F, 0xB6, 0x80, 0xF5, 0x0C, 0x0C, 0x0F,
    0xF8, 0x3F, 0xCA, 0x33, 0x30, 0x7C, 0x94, 0xFF, 0xCE, 0xC3, 0xC0, 0x10, 0xC0, 0xFA, 0x87, 0x8B,
    0x01, 0x08, 0xFE, 0x71, 0x82, 0x49, 0x30, 0xFB, 0x0F, 0x2F, 0x88, 0xFC, 0x61, 0x0F, 0x22, 0x3F,
    0x9E, 0x07, 0x12, 0x56, 0x01, 0xFF, 0x6D, 0x18, 0x8E, 0x70, 0x32, 0x1C, 0xFE, 0xFF, 0x3F, 0x0F,
    0xC8, 0x0D, 0x32, 0x63, 0x60, 0x00, 0x00, 0xFF, 0x8E, 0x17, 0x13, 0x78, 0x9C, 0x63, 0x60, 0x60,
    0x60, 0x08, 0xAE, 0x02, 0x12, 0x0C, 0x06, 0x6F, 0xFB, 0x41, 0x14, 0xC3, 0x04, 0x5C, 0x94, 0xC2,
    0xC9, 0xB3, 0x3B, 0x80, 0xD4, 0x77, 0x1F, 0xC3, 0x1F, 0xFD, 0x0C, 0x05, 0xE7, 0xC1, 0x82, 0x1F,
    0xED, 0xC1, 0xD4, 0x0F, 0x3E, 0x30, 0xF5, 0x87, 0x1B, 0x4C, 0xFD, 0xE3, 0x42, 0xA6, 0xFE, 0xF2,
    0x82, 0xA9, 0x9F, 0xF2, 0x60, 0xEA, 0xF3, 0x7C, 0x06, 0x86, 0x0D, 0xFD, 0x0C, 0x0D, 0xFF, 0xD9,
    0x05, 0x7E, 0xD5, 0x03, 0x0D, 0xFB, 0xFF, 0xB7, 0xFC, 0x3F, 0xD0, 0x8C, 0x14, 0x16, 0xA0, 0x25,
    0x00, 0x04, 0xFB, 0x29, 0x84, 0x78, 0x9C, 0x63, 0x50, 0x38, 0x79, 0x8E, 0x9D, 0x81, 0xE1, 0xBB,
    0x65, 0xE2, 0x7D, 0xC6, 0x82, 0x7E, 0x06, 0x86, 0x6F, 0x5C, 0x9F, 0xF8, 0x19, 0x18, 0x3E, 0xCA,
    0xFF, 0xF0, 0x75, 0x71, 0xF9, 0x12, 0xFF, 0xE7, 0xDC, 0x9E, 0xDD, 0xAB, 0xAC, 0xFE, 0x71, 0x31,
    0x00, 0xC1, 0x3F, 0x6E, 0x10, 0xF9, 0x87, 0x0F, 0x44, 0x7E, 0xB7, 0x07, 0x91, 0x0F, 0xF7, 0x03,
    0x89, 0x70, 0x87, 0xFF, 0x52, 0x0C, 0x9B, 0xB9, 0x19, 0x0E, 0xFF, 0xFF, 0x57, 0x07, 0xE4, 0x06,
    0x99, 0x31, 0x30, 0x00, 0x00, 0xF7, 0x76, 0x1B, 0xAA, 0x78, 0x9C, 0x63, 0x60, 0xD8, 0xFC, 0x4E,
    0x9B, 0xC1, 0x60, 0xBE, 0xC3, 0x79, 0x86, 0x0D, 0xFC, 0x02, 0xF3, 0x18, 0x3E, 0xF2, 0x32, 0x30,
    0x30, 0x7C, 0x06, 0x11, 0x5F, 0x80, 0x44, 0xF3, 0xAF, 0xBE, 0x0E, 0xC6, 0xC9, 0xBF, 0xFB, 0x2A,
    0x18, 0x19, 0xBE, 0x82, 0xC4, 0xD0, 0x88, 0x2F, 0x58, 0x08, 0xB0, 0xC4, 0x0F, 0x1E, 0x06, 0x86,
    0x05, 0xFF, 0xFF, 0xB3, 0x32, 0x00, 0x00, 0x1E, 0x6A, 0x19, 0xF5, 0x78, 0x9C, 0x63, 0x60, 0x00,
    0x02, 0x01, 0x53, 0x06, 0x30, 0x78, 0xF4, 0x9F, 0x89, 0x81, 0x61, 0xDB, 0x59, 0x4D, 0xDF, 0x13,
    0x0C, 0x0C, 0x07, 0xED, 0x14, 0xFE, 0xF0, 0x00, 0xC5, 0xFE, 0xB0, 0x32, 0x7C, 0xF4, 0x67, 0x60,
    0x70, 0xF8, 0xCF, 0xC0, 0xB0, 0xE0, 0x3C, 0x03, 0x43, 0xC3, 0x7D, 0x20, 0x06, 0xB2, 0x1B, 0xDE,
    0x33, 0x30, 0x14, 0xDC, 0x07, 0x89, 0x33, 0x31, 0x2C, 0xE8, 0x07, 0xAA, 0xFB, 0xCD, 0xCD, 0xF0,
    0x49, 0x16, 0x48, 0x4F, 0x38, 0x3F, 0x7D, 0x1F, 0x23, 0x90, 0x3E, 0x1E, 0x16, 0x06, 0x34, 0x8C,
    0xC1, 0x41, 0x1F, 0x62, 0x74, 0xC3, 0x79, 0x57, 0x61, 0x10, 0x6D, 0xF0, 0xFF, 0xFF, 0xFF, 0xF7,
    0x56, 0x40, 0xC6, 0xD7, 0x53, 0x77, 0xFE, 0xFD, 0x67, 0x67, 0x70, 0xC8, 0x07, 0x5A, 0xFF, 0x4D,
    0x9E, 0xE1, 0x01, 0x1F, 0x50, 0xAC, 0xC0, 0x9E, 0xE1, 0x23, 0x88, 0x4E, 0x90, 0x67, 0x38, 0x00,
    0x14, 0x67, 0xB8, 0xC8, 0xC9, 0x20, 0xF0, 0x27, 0xDB, 0x64, 0x6A, 0x1F, 0xC8, 0xA0, 0x15, 0xA7,
    0xB3, 0x80, 0x14, 0x00, 0xA5, 0x7A, 0x31, 0x39, 0x78, 0x9C, 0x33, 0x5C, 0xCA, 0xCE, 0x00, 0x02,
    0x47, 0xFE, 0x71, 0x80, 0x69, 0x86, 0x5F, 0x04, 0xE9, 0x6D, 0x77, 0x41, 0xCC, 0x5F, 0xB7, 0xAB,
    0x5E, 0xEC, 0x07, 0xD1, 0xBA, 0x0C, 0x0A, 0xFF, 0x99, 0x21, 0xF2, 0x30, 0xFC, 0x9D, 0x0B, 0x42,
    0x7F, 0xE3, 0x26, 0x4C, 0xFF, 0x06, 0xDA, 0xFF, 0x1D, 0x48, 0xFF, 0x63, 0x03, 0x8A, 0x71, 0x33,
    0x3C, 0xFC, 0xFF, 0x9F, 0x61, 0xC3, 0xFF, 0xFF, 0xCC, 0x00, 0xFA, 0x7A, 0x27, 0x3F, 0x78, 0x9C,
    0x63, 0x50, 0x60, 0x60, 0x60, 0xF8, 0xC1, 0xC9, 0xC0, 0xF0, 0x87, 0x97, 0x81, 0x61, 0x0B, 0x0B,
    0x03, 0x0C, 0x08, 0x14, 0x71, 0x30, 0x7C, 0xFC, 0xC7, 0xCD, 0xC0, 0xF0, 0x8D, 0x00, 0xFE, 0x0E,
    0xC4, 0xBF, 0xB8, 0x18, 0x0E, 0xFC, 0xFF, 0xCF, 0x0C, 0x00, 0x3F, 0x97, 0x12, 0x36, 0x78, 0x9C,
    0x63, 0x60, 0x60, 0x60, 0x62, 0x60, 0xD8, 0x90, 0xCF, 0xC0, 0xF0, 0x61, 0x3E, 0x03, 0x43, 0x82,
    0x36, 0x03, 0x1C, 0x18, 0x66, 0x30, 0x04, 0xFC, 0xEF, 0x67, 0x60, 0x98, 0x00, 0xC5, 0x0B, 0x88,
    0xC1, 0xF5, 0x40, 0x0C, 0x34, 0x6B, 0x83, 0x3F, 0x03, 0xC3, 0x01, 0xFE, 0x05, 0x1C, 0x1F, 0x38,
    0x3E, 0xE5, 0x9F, 0x66, 0x28, 0x58, 0xCD, 0xC6, 0x00, 0x00, 0xDA, 0xF7, 0x1B, 0x81, 0x78, 0x9C,
    0x33, 0xDC, 0xCA, 0xC6, 0x00, 0x04, 0x47, 0xFE, 0xB1, 0x83, 0x28, 0x86, 0x5F, 0xF8, 0xA9, 0xD6,
    0x0E, 0x36, 0x10, 0xB5, 0x74, 0x3F, 0x0B, 0x88, 0x7A, 0xC2, 0x06, 0x12, 0x34, 0xF0, 0x03, 0xCB,
    0x3D, 0x66, 0x01, 0x51, 0xE6, 0x71, 0x60, 0x95, 0xEF, 0xD7, 0x83, 0x29, 0xF1, 0x7F, 0x9C, 0x60,
    0xB9, 0xCF, 0xF9, 0x60, 0xAA, 0xE0, 0x3F, 0x33, 0x03, 0xC3, 0x6F, 0x76, 0x86, 0x3F, 0x72, 0x0C,
    0x0C, 0xFF, 0xD8, 0x18, 0x1E, 0x9E, 0x67, 0x7C, 0xF8, 0xFF, 0x3F, 0x83, 0xC2, 0x5F, 0x7B, 0x00,
    0xF4, 0x29, 0x24, 0xAA, 0x78, 0x9C, 0x33, 0xDC, 0xCA, 0x76, 0xF4, 0x1F, 0x3B, 0xC3, 0x2F, 0xA2,
    0xD1, 0x6F, 0x76, 0x86, 0x7F, 0x6C, 0x0F, 0xFF, 0xFF, 0x07, 0x00, 0x52, 0xB2, 0x15, 0xAA, 0x78,
    0x9C, 0x13, 0x68, 0x62, 0x3F, 0x7E, 0x8E, 0xCD, 0xE1, 0xD6, 0x5A, 0x26, 0x86, 0x8F, 0xFF, 0xEE,
    0x66, 0xFC, 0x98, 0x7F, 0xBB, 0xFC, 0x8F, 0x3E, 0x03, 0xC3, 0x37, 0x59, 0x86, 0x84, 0xFF, 0x1C,
    0x0C, 0x07, 0xD6, 0x03, 0x99, 0xDC, 0x0C, 0x0C, 0xFF, 0x59, 0x19, 0x02, 0xDE, 0x43, 0x98, 0x7F,
    0xD8, 0x18, 0x14, 0xFE, 0xC3, 0x99, 0x02, 0xFF, 0x19, 0x49, 0x62, 0x7E, 0x07, 0x32, 0xFF, 0xB2,
    0x82, 0x99, 0xBF, 0xB8, 0x80, 0x14, 0xD0, 0xDC, 0xFF, 0x0C, 0x07, 0xFE, 0xFF, 0x67, 0x7E, 0xFC,
    0xFF, 0x3E, 0xC3, 0xB7, 0xFF, 0xFD, 0x00, 0x76, 0xD0, 0x33, 0x75, 0x78, 0x9C, 0x13, 0x68, 0x62,
    0xDF, 0x7A, 0x57, 0x92, 0x81, 0xE1, 0xE3, 0xBF, 0x33, 0xD5, 0xD7, 0xEF, 0x33, 0x30, 0x30, 0x7C,
    0xF5, 0x67, 0x60, 0xF8, 0xCB, 0xCE, 0xC0, 0xF0, 0x8D, 0x9B, 0x81, 0xE1, 0x3B, 0x37, 0x84, 0xFE,
    0xC2, 0x07, 0xA1, 0x3F, 0xF3, 0x13, 0xA6, 0xBF, 0x43, 0xE9, 0x5F, 0x5C, 0x40, 0x36, 0x1F, 0xC3,
    0x81, 0xFF, 0xFF, 0x99, 0x1B, 0xFE, 0xFF, 0x67, 0x03, 0x00, 0xBC, 0xC8, 0x20, 0xE0, 0x78, 0x9C,
    0x63, 0x50, 0x38, 0x79, 0x56, 0x9C, 0x81, 0x81, 0xE1, 0xBB, 0x66, 0xE0, 0x3B, 0x16, 0x86, 0x82,
    0xF9, 0x0C, 0x0C, 0x9F, 0xEC, 0x19, 0x3E, 0xC9, 0x33, 0x30, 0x2C, 0xB8, 0xCF, 0xF0, 0x83, 0x87,
    0x81, 0x21, 0xE0, 0x3F, 0xCB, 0x1F, 0x2E, 0x06, 0x06, 0x81, 0xFF, 0xEC, 0xFF, 0x38, 0x81, 0xCA,
    0xFE, 0x73, 0xFC, 0xE3, 0x02, 0x51, 0xEC, 0x7F, 0x78, 0x41, 0x82, 0x2C, 0xDF, 0x81, 0x2A, 0x1D,
    0xDE, 0x33, 0x3C, 0xEC, 0x07, 0x6A, 0xC8, 0x67, 0x70, 0xF8, 0xCF, 0xCA, 0xF0, 0x15, 0xA8, 0x6C,
    0xD3, 0xF9, 0x53, 0x79, 0x40, 0x55, 0x0C, 0x4E, 0xA6, 0x40, 0x02, 0x00, 0x09, 0x96, 0x1D, 0xE2,
    0x78, 0x9C, 0x13, 0x98, 0x2C, 0x7A, 0x62, 0x2F, 0x1B, 0xC3, 0x97, 0xFF, 0x77, 0x22, 0x5E, 0x9C,
    0x67, 0x64, 0xF8, 0xC9, 0xC3, 0x20, 0xF0, 0x8F, 0x9B, 0xE1, 0x27, 0x07, 0x03, 0xC3, 0x57, 0x7F,
    0x30, 0xF5, 0x61, 0x3D, 0x98, 0x3A, 0x70, 0x1E, 0x4C, 0x6D, 0xB8, 0x0F, 0xE1, 0xED, 0x07, 0x53,
    0x0F, 0xFA, 0x19, 0x7E, 0x01, 0xA9, 0x4F, 0xF6, 0x60, 0xEA, 0x27, 0x17, 0xC3, 0x2F, 0x69, 0x86,
    0x84, 0xF3, 0x0C, 0x0C, 0xBF, 0xDE, 0xAE, 0xFE, 0x03, 0x14, 0xF8, 0xC5, 0x11, 0x22, 0xC2, 0xC0,
    0x00, 0x96, 0x43, 0xA2, 0xD8, 0xC1, 0xD4, 0x1F, 0x30, 0xD5, 0xF0, 0x7F, 0x0E, 0x88, 0x4A, 0x48,
    0x0B, 0x03, 0x51, 0x00, 0xBF, 0x0A, 0x2A, 0xF1, 0x78, 0x9C, 0x63, 0x50, 0x38, 0x71, 0x2E, 0x33,
    0x83, 0x81, 0xE1, 0xBB, 0xB5, 0xE2, 0xCF, 0x7E, 0x86, 0x82, 0xFD, 0x0C, 0x0C, 0x17, 0xFA, 0x19,
    0x3E, 0xE9, 0x33, 0x30, 0x2C, 0xE8, 0x67, 0xF8, 0xC1, 0xCB, 0xC0, 0x30, 0xA1, 0x9F, 0xE1, 0x0F,
    0x37, 0x98, 0xFA, 0xC7, 0x05, 0xA1, 0x20, 0xBC, 0x3F, 0x10, 0xB9, 0x1F, 0xFA, 0x60, 0xEA, 0xD3,
    0x7E, 0xB0, 0x86, 0x84, 0xFF, 0x9C, 0x0C, 0x3F, 0xFA, 0x19, 0x18, 0x9E, 0xFE, 0xFF, 0x3B, 0x13,
    0x48, 0x31, 0x84, 0x88, 0x4E, 0x00, 0x51, 0x60, 0x25, 0x48, 0xD4, 0x02, 0x08, 0xB5, 0x01, 0x42,
    0xFD, 0x38, 0xCF, 0x09, 0xA2, 0xD2, 0xD2, 0xD8, 0x00, 0xE5, 0xAE, 0x29, 0xF6, 0x78, 0x9C, 0x13,
    0x68, 0x62, 0x9F, 0x78, 0x96, 0xE9, 0xE1, 0x3F, 0xAF, 0x79, 0x7F, 0x39, 0x19, 0xBE, 0xDD, 0x65,
    0x3A, 0xCA, 0xC2, 0xF0, 0xCD, 0x9E, 0x01, 0x08, 0xBE, 0x71, 0x13, 0x26, 0xBF, 0x83, 0xC9, 0x5F,
    0x20, 0xF2, 0xC0, 0xFF, 0xFF, 0xCC, 0x0C, 0x0C, 0x00, 0x9B, 0x2E, 0x14, 0x68, 0x78, 0x9C, 0x01,
    0x46, 0x00, 0xB9, 0xFF, 0x00, 0xC8, 0xCE, 0x58, 0x08, 0xD0, 0x4E, 0x21, 0xFA, 0x0A, 0xF7, 0x05,
    0x00, 0xC0, 0x0A, 0xFA, 0x06, 0x00, 0x50, 0x0A, 0xF9, 0x3E, 0x00, 0x10, 0x06, 0xF3, 0xFF, 0x3A,
    0x00, 0x00, 0x40, 0xFD, 0xFF, 0x4C, 0x00, 0x00, 0x60, 0xFC, 0xFF, 0x09, 0x01, 0x00, 0x40, 0xFC,
    0x4F, 0x2A, 0x00, 0x00, 0xC0, 0x8F, 0x8A, 0x00, 0x00, 0x80, 0x6F, 0xF9, 0x06, 0x00, 0xD1, 0x1F,
    0xB9, 0xDD, 0xB9, 0xDF, 0x03, 0x11, 0x30, 0x65, 0x03, 0x00, 0xB2, 0xA9, 0x1A, 0x06, 0x78, 0x9C,
    0x63, 0x08, 0xE0, 0x62, 0x60, 0x60, 0x38, 0x00, 0x22, 0x7E, 0x02, 0x89, 0x23, 0xFF, 0x7B, 0x3B,
    0xD8, 0xA6, 0xFC, 0xE9, 0xAD, 0x60, 0x63, 0xF8, 0x01, 0x13, 0x83, 0x12, 0x9C, 0x98, 0x04, 0x58,
    0xC9, 0x77, 0x5E, 0x06, 0x21, 0x86, 0x4F, 0xF9, 0x8E, 0xB6, 0x0C, 0x0D, 0xFF, 0xDF, 0xB3, 0x30,
    0x30, 0x04, 0xB1, 0x32, 0x00, 0x00, 0xA1, 0x85, 0x15, 0x71, 0x78, 0x9C, 0x13, 0x98, 0xC4, 0xCA,
    0x20, 0xD0, 0xC4, 0xC6, 0xF0, 0xF4, 0x3F, 0x3B, 0xC3, 0x93, 0xFF, 0x1C, 0x0C, 0x0C, 0xBF, 0xD9,
    0x19, 0x18, 0x7E, 0xA2, 0xD1, 0xBF, 0x88, 0xA0, 0x7F, 0x72, 0x02, 0x69, 0x20, 0xFB, 0x3B, 0x2F,
    0x03, 0xC3, 0x5F, 0x20, 0xFD, 0xB1, 0x9E, 0xE1, 0xF2, 0x5F, 0x36, 0x06, 0x86, 0x84, 0xFF, 0xEF,
    0x7D, 0xBF, 0xFF, 0x67, 0x66, 0x60, 0x08, 0x34, 0x63, 0x00, 0x02, 0x00, 0xDE, 0xD5, 0x1F, 0x9C,
    0x78, 0x9C, 0x6B, 0xEB, 0x60, 0x63, 0x68, 0xEE, 0x60, 0xB9, 0xF6, 0x9E, 0x99, 0xA1, 0xF8, 0x3C,
    0xD3, 0x84, 0xFD, 0x0C, 0x0C, 0x0E, 0xF2, 0x0C, 0x0E, 0xFF, 0x19, 0x18, 0x16, 0x70, 0x32, 0x30,
    0xFC, 0x63, 0x63, 0xF8, 0xC8, 0xC4, 0xC0, 0xF0, 0x9D, 0x87, 0xE1, 0x18, 0x03, 0x03, 0xC3, 0x47,
    0x7F, 0x86, 0x1C, 0x20, 0x35, 0x61, 0xBF, 0x02, 0x3F, 0x90, 0x52, 0xF8, 0x5F, 0x04, 0x54, 0xC1,
    0xC0, 0xF0, 0xFB, 0x06, 0x33, 0x88, 0xFA, 0x72, 0x1F, 0x44, 0x32, 0x5C, 0xA8, 0x07, 0x53, 0x09,
    0xF2, 0x60, 0x8A, 0x81, 0x11, 0x88, 0x01, 0x4E, 0xFA, 0x16, 0xC2, 0x78, 0x9C, 0x2D, 0xC6, 0x3F,
    0x0A, 0x82, 0x50, 0x1C, 0xC0, 0xF1, 0x6F, 0xA4, 0xFD, 0x51, 0xF2, 0x79, 0x83, 0xDE, 0x1C, 0x04,
    0x8E, 0x6D, 0x5D, 0xC1, 0xBD, 0x40, 0xF7, 0x86, 0x3A, 0x42, 0x53, 0xBC, 0x3B, 0x74, 0x08, 0x9D,
    0x9A, 0x9D, 0x5A, 0xF3, 0x0C, 0xDE, 0x40, 0x21, 0x93, 0x48, 0x7E, 0xFA, 0xA0, 0x2F, 0x7C, 0xE1,
    0x73, 0x33, 0x3B, 0x22, 0x17, 0x6D, 0xCC, 0x43, 0x36, 0xE4, 0x0A, 0xDD, 0x1D, 0x22, 0x99, 0x52,
    0x27, 0xF0, 0x84, 0x7E, 0x46, 0x9B, 0xC1, 0x11, 0x3A, 0x8F, 0x93, 0xA0, 0x15, 0x34, 0x2A, 0x0C,
    0x7E, 0xEE, 0xC5, 0x83, 0x32, 0x49, 0x97, 0xAD, 0x5F, 0x3A, 0x70, 0xCD, 0x0A, 0xA7, 0x5E, 0x57,
    0x80, 0x96, 0x8A, 0xFC, 0x6C, 0x46, 0xD1, 0xDF, 0x89, 0x5F, 0x5B, 0xAB, 0xCF, 0x1E, 0x64, 0x65,
    0xD5, 0x04, 0xF0, 0x9D, 0x5B, 0x15, 0x0B, 0x78, 0x4F, 0xF8, 0x17, 0x8E, 0x0F, 0xFC, 0xD9, 0x26,
    0x2D, 0x78, 0x9C, 0x6B, 0xEE, 0x88, 0x60, 0x68, 0xED, 0x60, 0x9E, 0xFC, 0xDF, 0x9A, 0x61, 0xEA,
    0x7E, 0x26, 0x86, 0x3F, 0x9C, 0x0C, 0x07, 0xD8, 0x19, 0x18, 0x3E, 0xD9, 0x33, 0xCC, 0x62, 0x60,
    0x60, 0x08, 0xB8, 0xDF, 0xC0, 0x0D, 0xA4, 0x18, 0x7E, 0xDD, 0x01, 0x91, 0x0C, 0x17, 0xFA, 0xC1,
    0xD4, 0xC5, 0xFF, 0xAC, 0x20, 0x6A, 0xF6, 0x17, 0x7D, 0x20, 0x59, 0xC0, 0x5B, 0x70, 0x9F, 0x91,
    0x81, 0xE1, 0x0B, 0x13, 0xC3, 0x2F, 0x6E, 0x06, 0x83, 0x38, 0x06, 0x86, 0x0F, 0xF5, 0x0C, 0x5F,
    0xFF, 0xF3, 0x30, 0xFC, 0xFE, 0xCF, 0x0F, 0x00, 0xDD, 0x89, 0x1B, 0x7E, 0x78, 0x9C, 0x6B, 0xEF,
    0xD0, 0x60, 0x48, 0xE8, 0xE0, 0x38, 0xFE, 0x5F, 0x82, 0x21, 0xE1, 0x17, 0x67, 0xC2, 0x7F, 0x46,
    0x06, 0x86, 0xD5, 0x0C, 0x0C, 0xFF, 0x59, 0x19, 0x04, 0xF4, 0x19, 0x18, 0x7E, 0x72, 0x33, 0x24,
    0xF0, 0x30, 0x30, 0x7C, 0xB4, 0x67, 0x38, 0xC0, 0xC6, 0xC0, 0xB0, 0x60, 0x3D, 0xC3, 0x47, 0xA0,
    0xB4, 0xC2, 0x7F, 0xA6, 0xED, 0x0C, 0x40, 0xF0, 0x9B, 0x33, 0x06, 0x44, 0x7D, 0xB6, 0xE7, 0x07,
    0x51, 0x07, 0xDE, 0x73, 0x81, 0x28, 0x87, 0xFF, 0x2C, 0x20, 0x8A, 0xE1, 0x2D, 0x98, 0x64, 0xE8,
    0x84, 0x50, 0x7A, 0x60, 0x32, 0x80, 0x07, 0x4C, 0x6D, 0x00, 0x1A, 0xC5, 0xD0, 0x20, 0xFB, 0x18,
    0xAC, 0x6B, 0xBD, 0x1F, 0x88, 0x32, 0xD8, 0x0D, 0xD6, 0x05, 0x00, 0x7B, 0xCC, 0x1C, 0xB5, 0x78,
    0x9C, 0x6B, 0xEA, 0x00, 0x02, 0xE6, 0x6F, 0x35, 0xE9, 0x69, 0xFF, 0x58, 0xAE, 0x33, 0x30, 0x4C,
    0xE8, 0x67, 0xA8, 0x60, 0x60, 0xF8, 0xC6, 0xC3, 0x60, 0xC9, 0x60, 0xF0, 0x9E, 0x91, 0x81, 0x81,
    0xE1, 0xA1, 0x3F, 0x90, 0x60, 0xF8, 0xCD, 0x01, 0x24, 0x1A, 0xF6, 0x83, 0x98, 0x5F, 0xE4, 0x18,
    0x04, 0x58, 0x15, 0xFE, 0xB3, 0x30, 0x38, 0x70, 0x5E, 0xA8, 0x07, 0x6A, 0xE0, 0xF8, 0xC5, 0x09,
    0xD4, 0xC0, 0xFE, 0x1F, 0x04, 0xD8, 0x00, 0xD7, 0x96, 0x19, 0x9D, 0x78, 0x9C, 0x63, 0x60, 0xD8,
    0x72, 0x8F, 0x81, 0xC1, 0x61, 0x3F, 0x23, 0x03, 0xC3, 0x01, 0x7D, 0x06, 0x06, 0x86, 0x0F, 0x7C,
    0x20, 0x82, 0x17, 0x48, 0x7C, 0x04, 0x11, 0x1F, 0xF8, 0x61, 0xC4, 0x03, 0x79, 0x20, 0x71, 0x41,
    0x1E, 0x2A, 0xEB, 0xF4, 0x9A, 0x99, 0x81, 0xE1, 0xAF, 0x2E, 0x90, 0xA7, 0xF8, 0x8B, 0x05, 0xA6,
    0x0D, 0x2C, 0xFB, 0x40, 0x1F, 0xA6, 0x18, 0xA2, 0x97, 0x0F, 0x6E, 0x14, 0x88, 0x78, 0x00, 0x12,
    0x9B, 0x60, 0x0F, 0x24, 0x14, 0xEE, 0x01, 0x4D, 0x60, 0x68, 0xDC, 0xCD, 0x00, 0x00, 0x0E, 0x41,
    0x1A, 0xCB, 0x78, 0x9C, 0xFB, 0xC0, 0xFB, 0x01, 0x15, 0xF2, 0x10, 0x82, 0x1B, 0x38, 0x01, 0xB2,
    0xFF, 0x19, 0x5E, 0x78, 0x9C, 0x7B, 0x59, 0xCB, 0x00, 0x04, 0xDF, 0xB8, 0x80, 0xC4, 0x01, 0x79,
    0x20, 0xD1, 0x10, 0x0F, 0x24, 0x0A, 0xF2, 0x41, 0x2C, 0x10, 0x31, 0x01, 0xC4, 0xDD, 0x00, 0x22,
    0x0E, 0xF8, 0x83, 0x08, 0x7B, 0x98, 0x04, 0xC3, 0x6B, 0x33, 0x90, 0xF4, 0x7F, 0x26, 0x06, 0x81,
    0xBB, 0x22, 0x50, 0x6D, 0x60, 0x59, 0x30, 0xB1, 0xC1, 0x1F, 0xA6, 0x17, 0xAC, 0xB8, 0xA0, 0x1E,
    0x6E, 0x1E, 0x48, 0xF6, 0x01, 0x1F, 0x03, 0x83, 0xC0, 0x4F, 0x36, 0x06, 0x86, 0x1D, 0x96, 0x40,
    0x1E, 0x00, 0xD3, 0x3B, 0x19, 0xF6, 0x78, 0x9C, 0x63, 0x08, 0x61, 0x62, 0x60, 0x60, 0x78, 0xFA,
    0x7F, 0x3F, 0x13, 0x83, 0xF0, 0xBE, 0xB4, 0xDF, 0xF3, 0xB7, 0xEB, 0x33, 0x33, 0x38, 0xFC, 0xFD,
    0xCF, 0x06, 0x14, 0x54, 0x60, 0x62, 0x00, 0x00, 0x95, 0xCF, 0x09, 0x1A, 0x78, 0x9C, 0x03, 0x00,
    0x00, 0x00, 0x00, 0x01, 0x78, 0x9C, 0xDB, 0x20, 0xF3, 0xB5, 0xFE, 0xB3, 0xBF, 0x02, 0x13, 0x03,
    0x10, 0x04, 0xB0, 0x35, 0x70, 0x2E, 0xE0, 0xDE, 0xC0, 0x73, 0x81, 0xEF, 0x01, 0xFF, 0x07, 0xF9,
    0x8F, 0xFA, 0x9F, 0xFD, 0xBF, 0xC4, 0x7F, 0x03, 0xCA, 0x3A, 0xB0, 0x00, 0x00, 0x12, 0x22, 0x0F,
    0x77, 0x78, 0x9C, 0x63, 0x60, 0x60, 0x28, 0x63, 0x00, 0x83, 0x3B, 0xC8, 0xD4, 0x92, 0xFF, 0x73,
    0x98, 0x18, 0x18, 0x26, 0xCC, 0x67, 0x9A, 0xE4, 0xCF, 0xC0, 0xF0, 0x83, 0x83, 0x41, 0xE0, 0x3D,
    0x83, 0xC2, 0x7B, 0x06, 0x06, 0x83, 0xFF, 0x0C, 0x13, 0xD6, 0x03, 0xA5, 0x4D, 0x19, 0x1E, 0xF4,
    0x83, 0xD5, 0x7D, 0xA8, 0x87, 0x50, 0x10, 0xDE, 0x83, 0xFD, 0x60, 0x6A, 0xC1, 0x7F, 0x46, 0x10,
    0x65, 0xF0, 0x9F, 0x8B, 0x81, 0x61, 0x03, 0x23, 0xC3, 0xF7, 0xF5, 0x4C, 0x0E, 0xB5, 0x0C, 0x0C,
    0x01, 0xFF, 0xDE, 0xDF, 0x67, 0x01, 0x09, 0x9F, 0x65, 0x06, 0xAB, 0xDA, 0x03, 0xB1, 0x6F, 0x0D,
    0x84, 0x32, 0x01, 0x62, 0x00, 0x7D, 0x25, 0x1D, 0xDA, 0x78, 0x9C, 0x63, 0x60, 0x38, 0x7E, 0x8E,
    0x9D, 0x81, 0x61, 0x43, 0x9C, 0xE1, 0x5E, 0x06, 0x86, 0xEF, 0x2C, 0x0C, 0x3F, 0x98, 0x19, 0xDE,
    0x31, 0x30, 0xFC, 0x60, 0x12, 0x38, 0xCF, 0x00, 0x04, 0x06, 0xF7, 0x41, 0xA4, 0xC2, 0x7B, 0x10,
    0x29, 0xF0, 0x9F, 0x11, 0x44, 0xFD, 0x63, 0x01, 0x12, 0xDF, 0xFE, 0xFF, 0xFF, 0xCF, 0xC4, 0x60,
    0xF8, 0xDD, 0xDA, 0x18, 0xC8, 0xF9, 0xC4, 0x05, 0x12, 0xFF, 0x00, 0x26, 0x3F, 0xB2, 0x81, 0xC8,
    0x2B, 0x20, 0xE5, 0x0E, 0x7F, 0xFF, 0x7B, 0x33, 0x1C, 0xFC, 0xC6, 0xB3, 0xF9, 0xFF, 0xDC, 0x9E,
    0x3F, 0xAC, 0x0C, 0x57, 0xFE, 0xCB, 0x39, 0x01, 0x85, 0x43, 0x18, 0x01, 0xED, 0x28, 0x20, 0x90,
    0x78, 0x9C, 0x5B, 0xC4, 0xA0, 0xC0, 0x58, 0xC0, 0x76, 0x71, 0xD6, 0xFE, 0xB3, 0xDF, 0x59, 0x15,
    0xFE, 0x33, 0x6F, 0xE8, 0x67, 0x08, 0x98, 0xCF, 0x60, 0x70, 0x9F, 0x61, 0x43, 0x3C, 0x03, 0xC3,
    0x3F, 0xC6, 0x0B, 0xFE, 0x40, 0x92, 0xE5, 0x00, 0x90, 0xFD, 0x9F, 0xA9, 0x61, 0x3D, 0x83, 0xC1,
    0x7B, 0x06, 0xA0, 0x9A, 0x03, 0xF3, 0x19, 0x0E, 0x9C, 0xD9, 0xFF, 0xF6, 0x27, 0xCB, 0x21, 0x46,
    0x27, 0xE6, 0x06, 0x76, 0x00, 0x68, 0xF0, 0x1A, 0x6E, 0x78, 0x9C, 0x6B, 0xEA, 0xE8, 0x90, 0x60,
    0x10, 0xE8, 0xE8, 0x60, 0x9F, 0xF4, 0xF7, 0x3C, 0x1B, 0x83, 0xC0, 0x4E, 0x20, 0xF1, 0xCD, 0x9E,
    0x81, 0x81, 0xE1, 0x02, 0x17, 0x03, 0xC3, 0x83, 0x7E, 0x20, 0xE3, 0x19, 0x10, 0x07, 0xFC, 0x67,
    0x62, 0x60, 0x88, 0x03, 0x32, 0x18, 0x7E, 0x73, 0x33, 0x14, 0xF0, 0x80, 0x18, 0x1F, 0xE3, 0x19,
    0x1E, 0x32, 0x83, 0x18, 0x09, 0xEF, 0x19, 0x77, 0x30, 0x80, 0xC1, 0x1F, 0x29, 0x7B, 0x08, 0xE3,
    0xF3, 0x7D, 0x2E, 0x30, 0xFD, 0xE4, 0xDF, 0xFF, 0x77, 0x7E, 0x20, 0x86, 0xA1, 0xF3, 0x7F, 0x13,
    0x61, 0x10, 0xC3, 0x00, 0xC8, 0x60, 0x02, 0x31, 0xBE, 0xBC, 0x87, 0x4A, 0x31, 0x08, 0xFC, 0x67,
    0x84, 0xE8, 0x52, 0x80, 0x31, 0x12, 0xFE, 0x0B, 0x42, 0x18, 0xBF, 0xFE, 0x83, 0x84, 0x00, 0x70,
    0xA4, 0x28, 0x0C, 0x78, 0x9C, 0xFB, 0xF7, 0xEF, 0xDF, 0xBB, 0xB7, 0x20, 0x10, 0xC2, 0x00, 0x06,
    0xED, 0x40, 0x3E, 0x58, 0x60, 0x15, 0x00, 0xF1, 0xE8, 0x11, 0x9B, 0x78, 0x9C, 0x1D, 0x8D, 0x3D,
    0x12, 0xC1, 0x50, 0x14, 0x85, 0xBF, 0x3C, 0xE2, 0x6F, 0x8C, 0x64, 0x07, 0x96, 0xC0, 0x06, 0x32,
    0x56, 0x60, 0x46, 0xAF, 0x55, 0xB3, 0x03, 0x2C, 0x41, 0xA3, 0x51, 0xA9, 0xB4, 0x58, 0x80, 0xA1,
    0x57, 0xA9, 0x34, 0x8A, 0x58, 0x01, 0x93, 0x31, 0x09, 0x31, 0x2F, 0xD7, 0x7D, 0x4E, 0x71, 0x4F,
    0x71, 0xCF, 0xF9, 0x0E, 0x5C, 0x1F, 0x43, 0xE0, 0x14, 0x91, 0xD6, 0x20, 0x33, 0xAC, 0x3B, 0x70,
    0x83, 0x9D, 0x9A, 0x85, 0xD0, 0xC0, 0xB7, 0x81, 0xD3, 0xEB, 0x68, 0x9C, 0x25, 0x32, 0xD3, 0x1B,
    0x8E, 0x53, 0x89, 0x60, 0x11, 0x84, 0xB9, 0x54, 0x89, 0x5B, 0x74, 0xED, 0x84, 0x67, 0xA0, 0x3D,
    0x21, 0x76, 0x81, 0xA2, 0x3C, 0x17, 0x1F, 0x3E, 0x3E, 0x76, 0xEB, 0xF1, 0x2E, 0xB1, 0xD7, 0xDE,
    0x59, 0x1F, 0x99, 0xF4, 0x7B, 0x0E, 0x90, 0x4B, 0xC5, 0xE1, 0x06, 0x45, 0xF3, 0x4F, 0x4F, 0xDA,
    0xB0, 0x51, 0xA0, 0xCE, 0x16, 0x46, 0xB9, 0x90, 0x7B, 0xDC, 0xEB, 0x70, 0x99, 0x8E, 0x0E, 0x2E,
    0xB0, 0x5C, 0x29, 0xEE, 0x07, 0xA1, 0xCC, 0x32, 0x7E, 0x78, 0x9C, 0x53, 0x60, 0x10, 0x60, 0xFC,
    0xC2, 0xF3, 0x89, 0xEF, 0x3B, 0xFF, 0x17, 0xF9, 0x85, 0xAC, 0x13, 0xD8, 0x01, 0x2B, 0x11, 0x05,
    0x88, 0x78, 0x9C, 0x63, 0x60, 0x60, 0x48, 0xDC, 0x39, 0x5B, 0x8C, 0x01, 0x04, 0x16, 0xBD, 0xEF,
    0x5C, 0xF1, 0x4F, 0x0B, 0xC8, 0x70, 0xB8, 0xCF, 0xC2, 0xC0, 0x10, 0xF0, 0x97, 0x95, 0x81, 0xE1,
    0x2B, 0x17, 0x48, 0x62, 0x43, 0x3C, 0x83, 0xC2, 0x79, 0x86, 0x80, 0xD7, 0xE7, 0xDB, 0x38, 0xFE,
    0x30, 0x6D, 0xD0, 0x67, 0xF8, 0xDD, 0x3B, 0xED, 0x3F, 0xE7, 0x27, 0xAE, 0x4F, 0x9C, 0x1B, 0xF6,
    0x33, 0x30, 0x7C, 0xE6, 0x9C, 0xA0, 0xFF, 0x9D, 0xF9, 0x8B, 0x1C, 0x03, 0xC3, 0x02, 0x4E, 0x83,
    0xFA, 0xDF, 0x0C, 0xBF, 0x38, 0x19, 0x18, 0x14, 0x98, 0x19, 0xF6, 0xDF, 0x65, 0xF8, 0xCB, 0x0E,
    0x36, 0xF6, 0xEC, 0x39, 0x86, 0x7F, 0x10, 0xD6, 0x9D, 0x37, 0x0C, 0x7F, 0x38, 0xC1, 0xAC, 0x73,
    0xBF, 0x18, 0x7F, 0xF0, 0x81, 0x18, 0x02, 0xF3, 0xBF, 0xB1, 0x7E, 0x5C, 0x0F, 0xD4, 0xC1, 0x15,
    0xE0, 0xFF, 0x91, 0x27, 0xE0, 0x7F, 0x8C, 0xD1, 0x4F, 0xAE, 0x03, 0x7C, 0x13, 0xE2, 0x19, 0xAE,
    0xFC, 0xFF, 0x5F, 0xCF, 0xF0, 0x95, 0x4D, 0xE0, 0x2D, 0x33, 0x43, 0xB2, 0x1B, 0x83, 0x01, 0x50,
    0xC9, 0xA3, 0x78, 0x90, 0x86, 0xAF, 0xDC, 0x40, 0x4D, 0x7F, 0x72, 0x98, 0x14, 0x8E, 0xF5, 0x83,
    0xB8, 0x0E, 0xBF, 0xFF, 0xFF, 0x9F, 0xC7, 0x04, 0x36, 0x93, 0xC1, 0x48, 0x18, 0x44, 0x02, 0x00,
    0x24, 0xFC, 0x42, 0x14, 0x78, 0x9C, 0x01, 0x2D, 0x00, 0xD2, 0xFF, 0x10, 0xD9, 0x8D, 0x00, 0x00,
    0xD0, 0x07, 0xF2, 0x07, 0x00, 0xF2, 0x04, 0xC0, 0x0B, 0x00, 0x30, 0x00, 0xC2, 0x0C, 0x00, 0x40,
    0xDB, 0xEA, 0x0C, 0x00, 0xF4, 0x08, 0xC0, 0x0C, 0x00, 0xF9, 0x02, 0xE1, 0x0D, 0x00, 0xF5, 0x9D,
    0xCC, 0xBF, 0x00, 0x30, 0x67, 0x11, 0x26, 0x00, 0x69, 0xA2, 0x0F, 0xB3, 0x78, 0x9C, 0x63, 0x60,
    0x60, 0x28, 0x60, 0x00, 0x81, 0x97, 0x8C, 0x40, 0x62, 0x82, 0x3D, 0x83, 0x11, 0x03, 0xC3, 0x4F,
    0x36, 0x85, 0x3E, 0x86, 0x09, 0xF3, 0x19, 0x1E, 0xF3, 0x30, 0xFC, 0xE4, 0x36, 0xF8, 0xCF, 0x34,
    0xE1, 0x3E, 0xE3, 0xE7, 0x78, 0x86, 0x0B, 0xE7, 0x19, 0x7E, 0xC8, 0x33, 0x08, 0xFC, 0xE5, 0x9C,
    0xB0, 0x9F, 0x81, 0xE1, 0x62, 0x3E, 0xC3, 0x0F, 0x76, 0x20, 0x87, 0xB9, 0xC1, 0x1F, 0xC8, 0x91,
    0x65, 0x98, 0xC1, 0xC0, 0x20, 0xB0, 0x17, 0x6C, 0xCE, 0x45, 0x66, 0x06, 0x08, 0x00, 0x00, 0x51,
    0xBC, 0x17, 0x7E, 0x78, 0x9C, 0x9B, 0x30, 0x73, 0xE6, 0xCC, 0x8E, 0x0E, 0x86, 0x8F, 0xFF, 0xDF,
    0xBF, 0x7B, 0xF7, 0x9F, 0x01, 0x0C, 0xBE, 0x42, 0xA8, 0x2F, 0x28, 0x94, 0x00, 0x03, 0x00, 0x6F,
    0x74, 0x0C, 0x13, 0x78, 0x9C, 0x63, 0x60, 0x60, 0x48, 0xDC, 0x39, 0x5B, 0x8D, 0x01, 0x04, 0x16,
    0xBD, 0xEF, 0x5C, 0xF1, 0x4F, 0x1B, 0xC8, 0x08, 0xB8, 0xCF, 0xC2, 0xC0, 0xE0, 0xF0, 0x97, 0x95,
    0x81, 0xE1, 0x2B, 0x17, 0x48, 0x62, 0x43, 0x3E, 0x83, 0xC2, 0xF9, 0x05, 0xFF, 0xFE, 0xDF, 0xE7,
    0x60, 0xF8, 0xC3, 0xB4, 0x41, 0x5E, 0xE0, 0x87, 0x54, 0xD3, 0x79, 0x86, 0x4F, 0xDC, 0x9F, 0x39,
    0x19, 0x7E, 0xB0, 0x32, 0xFC, 0x62, 0x9B, 0xA0, 0xFF, 0x83, 0x19, 0xC4, 0xFA, 0xCE, 0x6E, 0x50,
    0xFF, 0x9B, 0x01, 0xC4, 0xFA, 0xCD, 0xCC, 0xB0, 0xFF, 0x2E, 0x90, 0x25, 0xB6, 0xA5, 0x9F, 0x81,
    0xE1, 0xEC, 0x3D, 0x20, 0xEB, 0x3F, 0xC8, 0xC8, 0x3B, 0x6F, 0x40, 0xB2, 0x20, 0x73, 0xCF, 0xFD,
    0x62, 0x04, 0xB2, 0xBE, 0xE8, 0x33, 0x08, 0xCC, 0xFF, 0xC6, 0xCA, 0xF0, 0x93, 0x75, 0xC2, 0x79,
    0x86, 0x80, 0xF8, 0x8F, 0x3C, 0x06, 0x7F, 0x2D, 0x18, 0xFE, 0x68, 0x1F, 0xE0, 0x9B, 0x10, 0x9F,
    0x30, 0xD3, 0x93, 0x61, 0x61, 0xF5, 0x57, 0x36, 0x81, 0x7F, 0xCC, 0x20, 0x17, 0x18, 0xAC, 0x67,
    0x60, 0x78, 0x1C, 0x0F, 0x62, 0x7D, 0xE5, 0x66, 0x60, 0x10, 0xF8, 0x93, 0x23, 0xA4, 0x78, 0xAC,
    0x1F, 0xC4, 0x75, 0xF8, 0xFD, 0xFF, 0xFF, 0x3C, 0x26, 0xB0, 0xF3, 0x19, 0x8C, 0x84, 0x41, 0x24,
    0x00, 0x86, 0xFB, 0x47, 0x24, 0x78, 0x9C, 0x6B, 0xEF, 0xE8, 0x60, 0xFB, 0xFB, 0xFF, 0x3D, 0x17,
    0x00, 0x14, 0x1F, 0x04, 0x93, 0x78, 0x9C, 0x63, 0xB8, 0xB1, 0x96, 0xE9, 0x40, 0xDD, 0x35, 0xBD,
    0xEF, 0xCC, 0x02, 0xEB, 0xEF, 0x30, 0x30, 0xBC, 0x06, 0xE1, 0x1F, 0xCC, 0x0A, 0xF3, 0x1F, 0xF6,
    0x3F, 0x97, 0x13, 0xB8, 0x39, 0x97, 0x11, 0x00, 0xF4, 0x7D, 0x0E, 0xC7, 0x78, 0x9C, 0x63, 0x60,
    0x98, 0xC0, 0xC4, 0x00, 0x04, 0x1F, 0x58, 0xB0, 0x91, 0xA7, 0xCF, 0xFC, 0x39, 0x7F, 0x46, 0xA7,
    0xBD, 0xE3, 0x47, 0x4F, 0x87, 0x04, 0x2E, 0x35, 0x0C, 0x50, 0x13, 0x40, 0xE0, 0xF4, 0x19, 0x20,
    0x00, 0xAA, 0x07, 0x02, 0x09, 0x00, 0xB8, 0x1A, 0x17, 0x38, 0x78, 0x9C, 0x53, 0xB8, 0x55, 0xCB,
    0xF0, 0x80, 0xF5, 0x3B, 0xFB, 0x67, 0xC6, 0x0F, 0x3C, 0x06, 0x0C, 0x1F, 0xB9, 0x18, 0x18, 0xBE,
    0x33, 0x33, 0x04, 0xC4, 0x33, 0x30, 0x5C, 0x03, 0x52, 0x32, 0x0C, 0x0C, 0x0F, 0x99, 0x04, 0x78,
    0xBE, 0xFE, 0xFF, 0xCF, 0x1F, 0x14, 0x1A, 0xCA, 0x0A, 0x00, 0x52, 0x67, 0x0E, 0x66, 0x78, 0x9C,
    0x33, 0xB8, 0xED, 0xC3, 0xF0, 0x88, 0xE9, 0x07, 0xD3, 0x57, 0x86, 0xCF, 0xAC, 0x02, 0x0C, 0x5F,
    0x19, 0x19, 0x96, 0xD8, 0x30, 0x30, 0x38, 0xDD, 0x62, 0x62, 0x60, 0x78, 0xC0, 0xDD, 0xCA, 0x70,
    0x80, 0xF7, 0x06, 0xC3, 0x47, 0xAE, 0x8B, 0x5D, 0x67, 0x19, 0x19, 0x82, 0x99, 0x19, 0x00, 0x5C,
    0xD6, 0x0E, 0xB6, 0x78, 0x9C, 0x63, 0x60, 0x60, 0x60, 0xF8, 0xCD, 0x18, 0x70, 0x9F, 0xE1, 0xA1,
    0x2C, 0xC3, 0x49, 0x46, 0x06, 0x66, 0x06, 0x06, 0x00, 0x28, 0xC3, 0x03, 0xF7, 0x78, 0x9C, 0x6B,
    0x65, 0x66, 0x60, 0x68, 0x63, 0x62, 0xF8, 0xC5, 0xCE, 0xC0, 0xF0, 0x97, 0x85, 0x14, 0x8A, 0x03,
    0x42, 0x71, 0x41, 0x28, 0x3E, 0x06, 0x81, 0x7F, 0xAC, 0x0C, 0xB7, 0xE6, 0x33, 0x5C, 0xFE, 0xE7,
    0xC3, 0xB2, 0xEA, 0xE7, 0x7B, 0xDF, 0x2F, 0xE7, 0x19, 0x4F, 0x19, 0x98, 0x32, 0x30, 0x30, 0x32,
    0xBC, 0x62, 0x00, 0x83, 0x5F, 0x4C, 0x10, 0x8A, 0x0D, 0x42, 0x71, 0x81, 0xA9, 0xEF, 0xDC, 0x60,
    0x2A, 0x01, 0x22, 0x07, 0x00, 0xFF, 0x95, 0x23, 0xFD, 0x78, 0x9C, 0x63, 0x08, 0x68, 0xEF, 0xE8,
    0x60, 0x50, 0xF8, 0xF7, 0xBF, 0xEB, 0x2F, 0xC3, 0x85, 0xFF, 0xFF, 0x19, 0x7F, 0x33, 0x7C, 0x04,
    0x93, 0x9F, 0xC0, 0xE4, 0x03, 0x30, 0x19, 0x00, 0x26, 0x19, 0x26, 0xFF, 0x03, 0x91, 0x0C, 0xBF,
    0x28, 0x20, 0x7F, 0x43, 0x48, 0x06, 0x5C, 0xE4, 0x1F, 0x20, 0x99, 0x02, 0x84, 0x00, 0xEC, 0x24,
    0x3B, 0x08, 0x78, 0x9C, 0x9B, 0x20, 0xFD, 0xA5, 0xFF, 0x53, 0xBE, 0x01, 0x0B, 0x00, 0x13, 0x41,
    0x03, 0xC4, 0x78, 0x9C, 0x33, 0x60, 0x64, 0xF8, 0xC8, 0xCC, 0xF0, 0xAD, 0x8D, 0xE5, 0xD8, 0x4F,
    0x79, 0x86, 0x0F, 0xF2, 0x0A, 0xBF, 0xD9, 0x4F, 0xAB, 0x33, 0x00, 0x01, 0x00, 0x68, 0x21, 0x07,
    0xA7, 0x78, 0x9C, 0x63, 0xA8, 0x64, 0xB8, 0xD4, 0xCF, 0xE0, 0xD1, 0xC7, 0xC0, 0x80, 0x86, 0xFA,
    0x19, 0x0A, 0xF6, 0xB3, 0x14, 0x94, 0xB3, 0x02, 0x00, 0x8A, 0x60, 0x08, 0x25, 0x78, 0x9C, 0x01,
    0x2D, 0x00, 0xD2, 0xFF, 0x00, 0xC7, 0xBD, 0x03, 0x00, 0xB0, 0x2D, 0x70, 0x5F, 0x00, 0xF5, 0x05,
    0x00, 0xEC, 0x00, 0xFA, 0x01, 0x00, 0xF9, 0x03, 0xFC, 0x01, 0x00, 0xF7, 0x04, 0xFA, 0x03, 0x00,
    0xF9, 0x01, 0xF4, 0x09, 0x00, 0xBE, 0x00, 0x60, 0xAF, 0xC7, 0x1C, 0x00, 0x00, 0x61, 0x47, 0x00,
    0x00, 0x78, 0x90, 0x0F, 0x55, 0x78, 0x9C, 0x63, 0x60, 0x10, 0x63, 0x00, 0x81, 0x33, 0x8C, 0x0C,
    0x0C, 0x8E, 0x0C, 0x0F, 0x65, 0x18, 0x18, 0xBE, 0xB0, 0x2A, 0x9C, 0x67, 0x64, 0x98, 0x90, 0xCF,
    0xF0, 0x15, 0xC8, 0xF9, 0xCB, 0xD6, 0x00, 0xE4, 0x7C, 0xAA, 0x67, 0xF8, 0x25, 0xC3, 0x70, 0xE0,
    0x3C, 0xC3, 0x4F, 0x3D, 0x86, 0x1F, 0x3C, 0x01, 0xFF, 0x99, 0x1D, 0xCE, 0x33, 0x7C, 0xB2, 0x67,
    0x78, 0xC8, 0xCD, 0xF0, 0x97, 0x99, 0x61, 0x2B, 0xC3, 0x02, 0x7F, 0x90, 0x09, 0xDF, 0x59, 0x40,
    0xA4, 0x2F, 0x03, 0x0C, 0x00, 0x00, 0x4D, 0x74, 0x17, 0x19, 0x78, 0x9C, 0x63, 0xA8, 0x64, 0x00,
    0x82, 0x04, 0x36, 0x86, 0x4B, 0xFD, 0x20, 0xC6, 0x27, 0x0E, 0x06, 0x8F, 0x3E, 0x10, 0xE3, 0x36,
    0x10, 0x83, 0x18, 0x09, 0xF6, 0x50, 0xC6, 0x47, 0x0E, 0x28, 0xE3, 0x34, 0x03, 0x84, 0x91, 0xA0,
    0x0F, 0x65, 0x7C, 0x64, 0x07, 0x31, 0xFA, 0xC1, 0x32, 0xE9, 0x0C, 0x05, 0xFB, 0x59, 0x80, 0x32,
    0x06, 0xF5, 0x0C, 0x05, 0xE5, 0xAC, 0x0F, 0xD9, 0x19, 0x2E, 0xD4, 0x33, 0x40, 0xF4, 0x44, 0x81,
    0x18, 0x01, 0xFA, 0x0C, 0x09, 0x9C, 0x20, 0xC6, 0x43, 0x36, 0x86, 0x43, 0x0C, 0x20, 0xC6, 0x29,
    0x06, 0x86, 0x1A, 0xE3, 0x7E, 0x26, 0x90, 0x8C, 0xC2, 0x99, 0x33, 0xF7, 0xB9, 0x40, 0x32, 0x40,
    0x00, 0x94, 0xDA, 0x09, 0xA2, 0x27, 0xEC, 0x67, 0x66, 0x10, 0x04, 0x31, 0x12, 0xD3, 0x98, 0x01,
    0xC5, 0x76, 0x21, 0x9A, 0x78, 0x9C, 0x63, 0xA8, 0x64, 0x00, 0x82, 0x04, 0x36, 0x86, 0x4B, 0xFD,
    0x20, 0xC6, 0x27, 0x0E, 0x06, 0x8F, 0x3E, 0x10, 0xE3, 0x36, 0x10, 0x83, 0x18, 0x09, 0xF6, 0x50,
    0xC6, 0x47, 0x0E, 0x28, 0xE3, 0x34, 0x03, 0x84, 0x91, 0xA0, 0x0F, 0x65, 0x7C, 0x64, 0x07, 0x31,
    0xFA, 0x41, 0x32, 0x47, 0xF7, 0x31, 0x17, 0xEC, 0x67, 0x49, 0xD0, 0x0F, 0x90, 0xB9, 0x28, 0x5F,
    0x50, 0xCE, 0xFA, 0x90, 0x7D, 0x01, 0x57, 0x42, 0x3C, 0x58, 0x8F, 0x00, 0x53, 0x01, 0xD0, 0xA4,
    0x00, 0x90, 0x9E, 0x0B, 0x3C, 0x0C, 0x0C, 0x0F, 0xD9, 0x40, 0xA2, 0x8C, 0x0C, 0x0C, 0xA7, 0x80,
    0xF4, 0x41, 0x4E, 0xA8, 0x4C, 0x0D, 0x03, 0x44, 0xA6, 0x80, 0x9B, 0x61, 0x32, 0xC3, 0x4E, 0x20,
    0xE7, 0xC0, 0xFF, 0xFF, 0xFD, 0x0C, 0x82, 0x40, 0x86, 0x43, 0x68, 0xA8, 0x2A, 0x00, 0x1D, 0xBB,
    0x23, 0x1B, 0x78, 0x9C, 0x33, 0xB8, 0xED, 0xC3, 0x00, 0x04, 0x69, 0x0C, 0x8F, 0x98, 0x7E, 0x30,
    0x31, 0x30, 0x28, 0xD4, 0x33, 0x7C, 0x65, 0xF8, 0xCC, 0xCA, 0xC0, 0x70, 0x80, 0x87, 0x41, 0x80,
    0xE1, 0x2B, 0x23, 0x03, 0xC3, 0x77, 0xA0, 0xE8, 0x12, 0x1B, 0xB0, 0x0C, 0x03, 0x83, 0xD3, 0x2D,
    0x26, 0x90, 0x0C, 0x10, 0x3C, 0xE0, 0x66, 0xF8, 0x06, 0x94, 0x69, 0x65, 0x38, 0xC0, 0x0B, 0x96,
    0xB9, 0xC1, 0xF0, 0x91, 0x6B, 0x03, 0x0F, 0x43, 0x01, 0xDB, 0xC5, 0xAE, 0xB3, 0x8C, 0x40, 0x99,
    0xCF, 0xEC, 0x0C, 0xC1, 0xCC, 0x02, 0xF9, 0x0C, 0x02, 0x7F, 0xD9, 0x81, 0xB2, 0x1B, 0xB8, 0x19,
    0x16, 0x7C, 0x05, 0x31, 0x80, 0x32, 0xD3, 0x3E, 0x00, 0x19, 0x40, 0x19, 0x05, 0x1E, 0x10, 0x03,
    0x28, 0x73, 0xC0, 0xEC, 0xB3, 0x06, 0x03, 0xC8, 0xAE, 0x43, 0x67, 0xFE, 0xAC, 0x65, 0x10, 0xC8,
    0x03, 0x19, 0xFF, 0x91, 0x9D, 0x61, 0x01, 0x37, 0x90, 0x16, 0xF8, 0x69, 0xCD, 0x20, 0xC0, 0x08,
    0x62, 0xA4, 0xA9, 0x01, 0x00, 0x76, 0x21, 0x2A, 0xC2, 0x78, 0x9C, 0x63, 0x60, 0x38, 0xC8, 0xCD,
    0x00, 0x04, 0x5F, 0xFD, 0x41, 0xE4, 0x43, 0x5E, 0x06, 0x34, 0xB0, 0x2D, 0x1A, 0x44, 0xA6, 0xFC,
    0x03, 0x73, 0x5E, 0x83, 0x88, 0x02, 0xB0, 0xCA, 0x57, 0xCC, 0x40, 0xE2, 0xA0, 0x3D, 0x90, 0x10,
    0xF8, 0x0B, 0x62, 0x2E, 0x98, 0x0F, 0x12, 0xFD, 0x08, 0x94, 0x73, 0x60, 0xFA, 0x04, 0x14, 0xFE,
    0xCC, 0xFB, 0x20, 0x1F, 0xC8, 0xE7, 0x29, 0xB8, 0xCF, 0xC8, 0xF0, 0x83, 0x85, 0xE1, 0xFB, 0xBA,
    0x9B, 0xBE, 0x40, 0xF9, 0x10, 0x53, 0x06, 0x06, 0x00, 0x21, 0xBA, 0x16, 0xF7, 0x78, 0x9C, 0x63,
    0x60, 0x60, 0x60, 0x64, 0x80, 0x80, 0x0D, 0xFE, 0x50, 0x46, 0xC0, 0x7F, 0x56, 0x28, 0x6B, 0x53,
    0x3C, 0x94, 0xC1, 0x70, 0x94, 0x01, 0x1D, 0x58, 0x43, 0x69, 0x81, 0xF9, 0x50, 0x46, 0xC1, 0x7F,
    0x28, 0xE3, 0xC2, 0x7F, 0x36, 0x08, 0xE3, 0xF3, 0x37, 0x1E, 0x08, 0x63, 0xE6, 0x07, 0x7D, 0x08,
    0xC3, 0x6E, 0x41, 0x3F, 0xC4, 0x0A, 0x5E, 0x87, 0xF7, 0x10, 0x4B, 0x39, 0x18, 0xFE, 0x81, 0x6D,
    0xFB, 0xC8, 0xC4, 0xF0, 0x83, 0x1B, 0xC4, 0xB8, 0xC6, 0xC0, 0xF0, 0x09, 0xAC, 0xFA, 0x4C, 0x79,
    0xF9, 0x73, 0x90, 0x6A, 0x85, 0xF9, 0x9D, 0x1D, 0xCB, 0x41, 0xAA, 0x1B, 0x80, 0xA6, 0x09, 0xFC,
    0x67, 0x61, 0x60, 0x78, 0xC0, 0x0E, 0xE4, 0xFD, 0xE2, 0x62, 0x60, 0xF8, 0xC2, 0x04, 0x64, 0x7C,
    0xE3, 0x07, 0xAA, 0x05, 0x69, 0xF8, 0x6E, 0xCF, 0xF8, 0xE9, 0x3F, 0x50, 0xC7, 0x86, 0xFF, 0xFF,
    0xF9, 0x01, 0x3B, 0x24, 0x28, 0x02, 0x78, 0x9C, 0x63, 0x60, 0x00, 0x02, 0x01, 0x06, 0x28, 0xF8,
    0xCD, 0x0C, 0xA1, 0x0F, 0xEC, 0x87, 0xD0, 0x02, 0x6F, 0xD8, 0x20, 0x8C, 0x02, 0x49, 0x06, 0x74,
    0x60, 0x0D, 0xA5, 0x05, 0xE6, 0x43, 0x19, 0x05, 0xFF, 0xA1, 0x8C, 0x0B, 0xFF, 0xA1, 0xBA, 0x3E,
    0x7F, 0xE3, 0x81, 0x30, 0x66, 0x7E, 0xD0, 0x87, 0x30, 0xEC, 0x16, 0xF4, 0x83, 0xE9, 0x00, 0x5E,
    0x87, 0xF7, 0x60, 0xC6, 0x06, 0x0E, 0x86, 0x7F, 0xAC, 0x20, 0xC6, 0x47, 0x26, 0x86, 0x1F, 0xDC,
    0x20, 0xC6, 0x35, 0x06, 0x86, 0x4F, 0x60, 0xD5, 0x67, 0xCA, 0xCB, 0x9F, 0x83, 0x54, 0x2B, 0xCC,
    0xEF, 0xEC, 0x58, 0x0E, 0x52, 0xDD, 0x00, 0x34, 0x4D, 0xE0, 0x3F, 0x0B, 0x03, 0xC3, 0x03, 0x76,
    0x20, 0xEF, 0x17, 0x17, 0x03, 0xC3, 0x17, 0x26, 0x20, 0xE3, 0x1B, 0x3F, 0x50, 0x2D, 0x48, 0xC3,
    0x77, 0x7B, 0xC6, 0x4F, 0xFF, 0x81, 0x3A, 0x36, 0xFC, 0xFF, 0xCF, 0x0F, 0x00, 0x2D, 0xED, 0x27,
    0xF0, 0x78, 0x9C, 0x63, 0x60, 0x60, 0x60, 0x60, 0x64, 0x80, 0x00, 0x85, 0x75, 0x50, 0xC6, 0xE3,
    0xFF, 0xDC, 0x60, 0xDA, 0x61, 0x7F, 0xD2, 0x7E, 0x30, 0x63, 0x03, 0x1B, 0xC3, 0x46, 0x16, 0x06,
    0x54, 0x60, 0x0D, 0xA5, 0x05, 0xE6, 0x43, 0x19, 0x05, 0xFF, 0xA1, 0x8C, 0x0B, 0xFF, 0xD9, 0x20,
    0x8C, 0xCF, 0xDF, 0x78, 0x20, 0x8C, 0x99, 0x1F, 0xF4, 0x21, 0x0C, 0xBB, 0x05, 0xFD, 0x60, 0x3A,
    0x80, 0xD7, 0xE1, 0x3D, 0xC4, 0x64, 0x0E, 0x86, 0x7F, 0xAC, 0x20, 0xC6, 0x47, 0x26, 0x86, 0x1F,
    0x60, 0x5B, 0xAF, 0x31, 0x30, 0x7C, 0x02, 0xAB, 0x3E, 0x53, 0x5E, 0xFE, 0x1C, 0xA4, 0x5A, 0x61,
    0x7E, 0x67, 0xC7, 0x72, 0x90, 0xEA, 0x06, 0xA0, 0x69, 0x02, 0xFF, 0x81, 0xEE, 0x78, 0xC0, 0x0E,
    0xE4, 0xFD, 0xE2, 0x62, 0x60, 0xF8, 0xC2, 0x04, 0x64, 0x7C, 0xE3, 0x07, 0xAA, 0x05, 0x69, 0xF8,
    0x6E, 0xCF, 0xF8, 0xE9, 0x3F, 0x50, 0xC7, 0x86, 0xFF, 0xFF, 0xF9, 0x01, 0xBC, 0x65, 0x2A, 0x1F,
    0x78, 0x9C, 0x63, 0x60, 0x70, 0x58, 0xC5, 0xCC, 0x60, 0xC2, 0x00, 0x04, 0x5F, 0xFE, 0xD6, 0x3B,
    0xD8, 0x83, 0x18, 0x79, 0x0A, 0x7F, 0xFE, 0x73, 0x82, 0x18, 0x8C, 0x0C, 0x01, 0x11, 0x0C, 0x68,
    0xC0, 0x1A, 0x4A, 0x0B, 0xCC, 0x87, 0x32, 0x0A, 0xFE, 0x43, 0x19, 0x17, 0xFE, 0xB3, 0x41, 0x18,
    0x9F, 0xBF, 0xF1, 0x40, 0x18, 0x33, 0x3F, 0xE8, 0x43, 0x18, 0x76, 0x0B, 0xFA, 0xC1, 0x74, 0x00,
    0xAF, 0xC3, 0x7B, 0x30, 0x63, 0x03, 0x07, 0xC3, 0x3F, 0x56, 0x10, 0xE3, 0x23, 0x13, 0xC3, 0x0F,
    0x6E, 0x10, 0xE3, 0x1A, 0x03, 0xC3, 0x27, 0xB0, 0xEA, 0x33, 0xE5, 0xE5, 0xCF, 0x41, 0xAA, 0x15,
    0xE6, 0x77, 0x76, 0x2C, 0x07, 0xA9, 0x6E, 0x00, 0x9A, 0x26, 0xF0, 0x9F, 0x85, 0x81, 0xE1, 0x01,
    0x3B, 0x90, 0xF7, 0x8B, 0x0B, 0xE8, 0x52, 0x26, 0x20, 0xE3, 0x1B, 0x3F, 0x50, 0x2D, 0x48, 0xC3,
    0x77, 0x7B, 0xC6, 0x4F, 0xFF, 0x81, 0x3A, 0x36, 0xFC, 0xFF, 0xCF, 0x0F, 0x00, 0x8E, 0x47, 0x2B,
    0x23, 0x78, 0x9C, 0x63, 0x60, 0x50, 0xD0, 0x60, 0x48, 0x63, 0x00, 0x81, 0x03, 0xFB, 0x1D, 0xFE,
    0x33, 0xA3, 0x30, 0xE0, 0x52, 0x48, 0xC0, 0x1A, 0x4A, 0x0B, 0xCC, 0x87, 0x32, 0x0A, 0xFE, 0x43,
    0x19, 0x17, 0xFE, 0xB3, 0x41, 0x18, 0x9F, 0xBF, 0xF1, 0x40, 0x18, 0x33, 0x3F, 0xE8, 0x43, 0x18,
    0x76, 0x0B, 0xFA, 0xC1, 0x74, 0x00, 0xAF, 0xC3, 0x7B, 0x30, 0x63, 0x03, 0x07, 0xC3, 0x3F, 0x56,
    0x10, 0xE3, 0x23, 0x13, 0xC3, 0x0F, 0x6E, 0x10, 0xE3, 0x1A, 0x03, 0xC3, 0x27, 0xB0, 0xEA, 0x33,
    0xE5, 0xE5, 0xCF, 0x41, 0xAA, 0x15, 0xE6, 0x77, 0x76, 0x2C, 0x07, 0xA9, 0x6E, 0x00, 0x9A, 0x26,
    0xF0, 0x9F, 0x85, 0x81, 0xE1, 0x01, 0x3B, 0x90, 0xF7, 0x8B, 0x8B, 0x81, 0xE1, 0x0B, 0x13, 0x90,
    0xF1, 0x8D, 0x1F, 0xA8, 0x16, 0xA4, 0xE1, 0xBB, 0x3D, 0xE3, 0xA7, 0xFF, 0x40, 0x1D, 0x1B, 0xFE,
    0xFF, 0xE7, 0x07, 0x00, 0x35, 0x9B, 0x2A, 0xB6, 0x78, 0x9C, 0x63, 0x60, 0x60, 0x10, 0x70, 0x65,
    0x80, 0x80, 0xA7, 0x27, 0x78, 0x20, 0x8C, 0x3A, 0x81, 0x7C, 0x30, 0x2D, 0x10, 0xCF, 0xD0, 0x07,
    0x11, 0x59, 0xA7, 0xE0, 0x0F, 0x61, 0x5C, 0x7E, 0xCB, 0x0E, 0x55, 0x6D, 0x0B, 0xA5, 0x05, 0xE6,
    0x43, 0x19, 0x05, 0xFF, 0xA1, 0x8C, 0x0B, 0xFF, 0xD9, 0x20, 0x8C, 0xCF, 0xDF, 0xA0, 0x06, 0xCE,
    0xFC, 0xA0, 0x0F, 0x61, 0xD8, 0x2D, 0xE8, 0x07, 0xD3, 0x01, 0xBC, 0x0E, 0xEF, 0xC1, 0x8C, 0x0D,
    0x1C, 0x0C, 0xFF, 0x58, 0x41, 0x8C, 0x8F, 0x4C, 0x0C, 0x3F, 0xB8, 0x41, 0x8C, 0x6B, 0x0C, 0x0C,
    0x9F, 0xC0, 0xAA, 0xCF, 0x94, 0x97, 0x3F, 0x07, 0xA9, 0x56, 0x98, 0xDF, 0xD9, 0xB1, 0x1C, 0xA4,
    0xBA, 0x01, 0x68, 0x9A, 0xC0, 0x7F, 0x16, 0x06, 0x86, 0x07, 0x20, 0x37, 0xFC, 0xE2, 0x62, 0x60,
    0xF8, 0xC2, 0x04, 0x64, 0x7C, 0xE3, 0x07, 0xAA, 0x05, 0x69, 0xF8, 0x6E, 0xCF, 0xF8, 0xE9, 0x3F,
    0x50, 0xC7, 0x86, 0xFF, 0xFF, 0xF9, 0x01, 0x28, 0x8E, 0x2A, 0xC6, 0x78, 0x9C, 0x63, 0x60, 0x00,
    0x82, 0xF6, 0x0E, 0x10, 0x60, 0x01, 0x31, 0x19, 0x3A, 0xFE, 0xCD, 0x4F, 0x2B, 0xFB, 0xC3, 0x09,
    0x66, 0x27, 0xFC, 0x07, 0xD2, 0x1B, 0xB8, 0xC0, 0xEC, 0x87, 0xFF, 0xD8, 0x19, 0x18, 0x1C, 0x20,
    0xEC, 0xD9, 0xBF, 0x81, 0x6C, 0x05, 0xB0, 0x9A, 0x04, 0x5E, 0x10, 0x1B, 0x02, 0x3E, 0xB1, 0x00,
    0xD9, 0x1B, 0x20, 0xEC, 0xD9, 0x0C, 0x40, 0xF6, 0x03, 0x46, 0x88, 0x12, 0x86, 0xDF, 0x73, 0x66,
    0xFE, 0x64, 0x84, 0x28, 0x61, 0xF8, 0x1D, 0x15, 0x0A, 0x61, 0xCF, 0x61, 0x80, 0xAB, 0x29, 0xE8,
    0x2F, 0x2F, 0xFF, 0xCB, 0xCE, 0x90, 0x00, 0x56, 0x32, 0xB3, 0xA3, 0xE2, 0x2F, 0xD4, 0x4C, 0xA0,
    0x12, 0x06, 0xB0, 0xF9, 0x2D, 0x0C, 0x05, 0xBC, 0x30, 0x76, 0x1B, 0xC8, 0x14, 0x06, 0x86, 0x3F,
    0x20, 0x76, 0xB7, 0xC2, 0x3C, 0x20, 0xA9, 0xF0, 0x9F, 0x8D, 0x81, 0x61, 0x62, 0xFD, 0xF7, 0xFF,
    0xFA, 0x0C, 0x0C, 0xDF, 0xFE, 0xFF, 0xFF, 0xFF, 0xEF, 0x7F, 0x3D, 0x00, 0xB0, 0x8D, 0x36, 0xA9,
    0x78, 0x9C, 0x63, 0x60, 0x70, 0x38, 0x79, 0xB7, 0x5B, 0x49, 0x9A, 0x41, 0xE1, 0x4F, 0xB4, 0xD2,
    0xD6, 0xFD, 0xF2, 0x0C, 0x8F, 0xE3, 0x19, 0x18, 0x18, 0xBE, 0xC9, 0x0B, 0xFC, 0x63, 0x05, 0xD2,
    0x13, 0xE4, 0x27, 0xEC, 0x07, 0x52, 0x0C, 0x0A, 0xF2, 0x1F, 0xED, 0x41, 0x34, 0x83, 0xDC, 0x37,
    0x3E, 0x30, 0xCD, 0xF8, 0x8B, 0x1B, 0x4C, 0x33, 0xFC, 0xE1, 0x82, 0xD0, 0x7F, 0xA1, 0xF4, 0x1F,
    0xA8, 0xF8, 0x2F, 0x88, 0x3A, 0x86, 0x6F, 0x10, 0x7D, 0x0C, 0x1F, 0xD6, 0x43, 0xE8, 0x82, 0xFF,
    0x2C, 0x20, 0x2A, 0x98, 0xE1, 0xB7, 0x3F, 0x90, 0x72, 0xD0, 0x65, 0x58, 0xF0, 0xDF, 0x8A, 0xC1,
    0xE1, 0x16, 0x13, 0x03, 0xC3, 0xD5, 0xFF, 0xFF, 0xDF, 0x73, 0x80, 0xE4, 0x82, 0xF6, 0x33, 0x83,
    0x95, 0x3A, 0xC4, 0x9B, 0x81, 0xE9, 0x84, 0xF3, 0x10, 0x3D, 0x40, 0x4B, 0xD8, 0xC1, 0x54, 0xC0,
    0x7B, 0x46, 0xB0, 0xF8, 0x5B, 0x49, 0x88, 0x3A, 0x90, 0x2C, 0x00, 0x0E, 0xC5, 0x28, 0x0F, 0x78,
    0x9C, 0x63, 0x60, 0x60, 0x64, 0x00, 0x01, 0x87, 0xF5, 0x60, 0x4A, 0xE0, 0x0F, 0x37, 0x98, 0x4E,
    0x38, 0x0F, 0xA6, 0x18, 0x16, 0xB2, 0x31, 0xC0, 0x40, 0x6B, 0x07, 0x08, 0x30, 0xB7, 0xFE, 0xEB,
    0x4F, 0x2B, 0xFB, 0xCB, 0xC6, 0xF0, 0x8F, 0x9D, 0x81, 0xE1, 0x02, 0x3B, 0xC3, 0x3F, 0x16, 0x06,
    0x86, 0x02, 0x08, 0xE5, 0x00, 0xA1, 0x80, 0x00, 0x48, 0x2D, 0x82, 0x50, 0x0F, 0x41, 0xD4, 0xEC,
    0x99, 0x2F, 0x41, 0x54, 0x64, 0xE8, 0x6B, 0x24, 0x41, 0x16, 0x86, 0x02, 0x08, 0xC5, 0x00, 0xA3,
    0xC2, 0x20, 0x54, 0x26, 0xC3, 0x7F, 0x10, 0x15, 0x67, 0xF0, 0x9F, 0x99, 0x81, 0xE1, 0x48, 0xFC,
    0x8F, 0xFF, 0x20, 0xE0, 0x0F, 0x00, 0xBF, 0xD3, 0x2A, 0xEA, 0x78, 0x9C, 0x63, 0x60, 0x60, 0x60,
    0x10, 0x60, 0x00, 0x83, 0xAF, 0x5C, 0x20, 0x32, 0xE1, 0x3F, 0x0B, 0x88, 0xFA, 0x26, 0x05, 0x22,
    0x05, 0x7C, 0x18, 0xE0, 0xA0, 0xB5, 0x03, 0x04, 0x98, 0x5B, 0xFF, 0xF5, 0xA7, 0x95, 0xFD, 0x65,
    0x63, 0xF8, 0xC7, 0xCE, 0xC0, 0x70, 0x81, 0x9D, 0xE1, 0x1F, 0x50, 0x75, 0x01, 0x84, 0x72, 0x80,
    0x50, 0x40, 0x00, 0xA4, 0x16, 0x41, 0xA8, 0x87, 0x20, 0x6A, 0xF6, 0xCC, 0x97, 0x20, 0x2A, 0x32,
    0xF4, 0x35, 0x92, 0x20, 0x0B, 0x43, 0x01, 0x84, 0x62, 0x80, 0x51, 0x61, 0x10, 0x2A, 0x93, 0x01,
    0xEC, 0x82, 0x38, 0x83, 0xFF, 0xCC, 0x0C, 0x0C, 0x47, 0xE2, 0x7F, 0xFC, 0x07, 0x01, 0x7F, 0x00,
    0xC1, 0xCF, 0x2A, 0xEB, 0x78, 0x9C, 0x63, 0x60, 0x60, 0x10, 0x60, 0x00, 0x83, 0x97, 0xCC, 0x20,
    0x72, 0xC1, 0x7F, 0x7B, 0x10, 0xF5, 0x5A, 0xF5, 0x37, 0x0B, 0x03, 0x43, 0x80, 0x14, 0x43, 0x02,
    0x37, 0x03, 0x14, 0xB4, 0x76, 0x80, 0x00, 0x73, 0xEB, 0xBF, 0xFE, 0xB4, 0xB2, 0xBF, 0x6C, 0x0C,
    0xFF, 0xD8, 0x19, 0x18, 0x2E, 0xB0, 0x33, 0xFC, 0x03, 0x2A, 0x2B, 0x80, 0x50, 0x0E, 0x10, 0x0A,
    0x08, 0x80, 0xD4, 0x22, 0x08, 0xF5, 0x10, 0x44, 0xCD, 0x9E, 0xF9, 0x12, 0x44, 0x45, 0x86, 0xBE,
    0x46, 0x12, 0x64, 0x61, 0x28, 0x80, 0x50, 0x0C, 0x30, 0x2A, 0x0C, 0x42, 0x65, 0x32, 0xFC, 0x07,
    0x51, 0x71, 0x06, 0xFF, 0x81, 0x0E, 0x3A, 0x12, 0xFF, 0xE3, 0x3F, 0x08, 0xF8, 0x03, 0x00, 0xD1,
    0x96, 0x2C, 0xCB, 0x78, 0x9C, 0x63, 0x60, 0x08, 0x63, 0x68, 0x62, 0x64, 0x60, 0x70, 0xF8, 0xCF,
    0xF4, 0x87, 0x8B, 0x81, 0x21, 0xE0, 0x3F, 0xF3, 0x5F, 0x20, 0xC5, 0x90, 0x0E, 0x16, 0x84, 0x80,
    0xD6, 0x0E, 0x10, 0x60, 0x6E, 0xFD, 0xD7, 0x9F, 0x56, 0xF6, 0x97, 0x8D, 0xE1, 0x1F, 0x3B, 0x03,
    0xC3, 0x05, 0x76, 0x86, 0x7F, 0x2C, 0x0C, 0x0C, 0x05, 0x10, 0xCA, 0x01, 0x42, 0x01, 0x01, 0x90,
    0x5A, 0x04, 0xA1, 0x1E, 0x82, 0xA8, 0xD9, 0x33, 0x5F, 0x82, 0xA8, 0xC8, 0xD0, 0xD7, 0x48, 0x82,
    0x2C, 0x0C, 0x05, 0x10, 0x8A, 0x01, 0x46, 0x85, 0x41, 0xA8, 0x4C, 0x86, 0xFF, 0x20, 0x2A, 0xCE,
    0xE0, 0x3F, 0x33, 0x03, 0xC3, 0x91, 0xF8, 0x1F, 0xFF, 0x41, 0xC0, 0x1F, 0x00, 0x2E, 0x88, 0x2D,
    0x70, 0x78, 0x9C, 0x13, 0x60, 0x60, 0x60, 0xF8, 0xC4, 0xCD, 0xC0, 0xB0, 0xE1, 0x3C, 0x23, 0x03,
    0xC3, 0x53, 0x19, 0x06, 0x06, 0x81, 0x4A, 0x06, 0x10, 0x08, 0xE8, 0xE8, 0xE0, 0x08, 0x78, 0xF1,
    0x9E, 0x8D, 0xE1, 0x41, 0x3E, 0x03, 0xC3, 0x03, 0x7F, 0xD2, 0xF0, 0x07, 0x20, 0xFE, 0xEC, 0xCF,
    0xD8, 0xF0, 0xFF, 0x3F, 0x3F, 0x00, 0xCF, 0x23, 0x1C, 0x3F, 0x78, 0x9C, 0x63, 0x60, 0x10, 0x60,
    0x60, 0x60, 0xF8, 0xC2, 0xCD, 0xE0, 0xF0, 0x9F, 0x95, 0xE1, 0xAB, 0x36, 0x03, 0x43, 0x0C, 0x03,
    0x18, 0xB4, 0x76, 0x74, 0x30, 0xB4, 0xFE, 0xCB, 0x63, 0x60, 0xF8, 0xC7, 0x06, 0xC4, 0x2C, 0xA4,
    0xE1, 0xFF, 0x2C, 0x0C, 0x06, 0xFF, 0x45, 0x18, 0x7E, 0xFC, 0xFF, 0xCF, 0x00, 0x00, 0x55, 0x64,
    0x19, 0xAE, 0x78, 0x9C, 0x63, 0x60, 0x60, 0x64, 0x60, 0x60, 0x28, 0xF0, 0x07, 0x12, 0x3F, 0xFE,
    0xB3, 0x32, 0x2C, 0xA8, 0x5F, 0x18, 0xCF, 0xB0, 0x99, 0x89, 0xE1, 0x28, 0x03, 0x18, 0x04, 0x74,
    0x74, 0x70, 0x30, 0x04, 0xBC, 0x78, 0xCF, 0xC6, 0xC0, 0xF0, 0x20, 0x1F, 0xC8, 0x7F, 0xE0, 0x4F,
    0x3E, 0xF1, 0x01, 0x44, 0x7C, 0xF6, 0x67, 0x64, 0x68, 0xF8, 0xFF, 0x9F, 0x9F, 0x01, 0x00, 0xEA,
    0xE7, 0x1E, 0x7D, 0x78, 0x9C, 0x0B, 0x60, 0x13, 0xD0, 0xF8, 0xEC, 0xBF, 0xE1, 0x3C, 0x08, 0x27,
    0xB0, 0x29, 0x68, 0x30, 0x00, 0x41, 0x40, 0x47, 0x07, 0x47, 0xC0, 0x8B, 0xF7, 0x6C, 0x0C, 0x0F,
    0xF2, 0x19, 0x18, 0x1E, 0xF8, 0x93, 0x86, 0x3F, 0x00, 0xF1, 0x67, 0x7F, 0xC6, 0x86, 0xFF, 0xFF,
    0xF9, 0x01, 0xA7, 0x99, 0x1E, 0xE6, 0x78, 0x9C, 0x0B, 0xE8, 0xE8, 0xE8, 0x08, 0x67, 0x62, 0x60,
    0x60, 0x08, 0x78, 0xF1, 0xBE, 0x7C, 0xC5, 0x7B, 0x4D, 0x20, 0xEB, 0x41, 0x3E, 0x03, 0x43, 0xC2,
    0x7F, 0x76, 0x20, 0xC3, 0x1F, 0xC8, 0x7B, 0x54, 0x0F, 0x65, 0x38, 0xFC, 0x67, 0x86, 0x30, 0x18,
    0x7E, 0xF3, 0x40, 0x19, 0x5F, 0xE5, 0xA1, 0x8C, 0x4F, 0xFE, 0xC9, 0xDF, 0xF6, 0xA7, 0x85, 0x31,
    0x30, 0x7C, 0xC8, 0x5F, 0xFA, 0xEB, 0xFD, 0xAA, 0x2E, 0x20, 0xA3, 0x1E, 0x2A, 0xF5, 0x31, 0x1E,
    0xCA, 0xF8, 0xA2, 0x0F, 0x65, 0xFC, 0xE4, 0x85, 0x30, 0x04, 0xFE, 0xB3, 0x41, 0x18, 0x1B, 0xCE,
    0x03, 0xD5, 0x83, 0x18, 0xBF, 0x64, 0x18, 0x18, 0x3E, 0xDB, 0x33, 0x28, 0x3C, 0xEF, 0x67, 0x60,
    0x68, 0xF8, 0xFF, 0xFF, 0xFF, 0xFB, 0x6A, 0x46, 0x06, 0x06, 0x00, 0x89, 0xAE, 0x34, 0xA0, 0x78,
    0x9C, 0x63, 0x60, 0x50, 0x58, 0xC5, 0xC2, 0xE0, 0xCC, 0x00, 0x04, 0x9F, 0xFF, 0xCE, 0x57, 0xCC,
    0x03, 0x31, 0x7A, 0x04, 0x7E, 0xFF, 0xE7, 0x06, 0x31, 0x18, 0x19, 0x1C, 0x32, 0x18, 0x90, 0x40,
    0x8B, 0x07, 0x88, 0x6C, 0xED, 0x60, 0x6F, 0xFD, 0xCF, 0x04, 0x62, 0xDC, 0x63, 0x63, 0xF8, 0xC7,
    0x0B, 0x12, 0x02, 0x6A, 0xFB, 0xB7, 0x1E, 0xC4, 0xF0, 0x63, 0x60, 0xA8, 0xFB, 0xCF, 0x06, 0x61,
    0xE8, 0xFD, 0xD0, 0x87, 0x30, 0xEC, 0x0E, 0xDC, 0x87, 0x32, 0x14, 0xFE, 0x71, 0x41, 0x18, 0x0C,
    0x5F, 0xF3, 0xA1, 0x8C, 0x09, 0x40, 0xA3, 0xC0, 0x0C, 0x86, 0x3F, 0xBC, 0x50, 0xC6, 0xA7, 0xF9,
    0x50, 0x46, 0xC0, 0x7F, 0x56, 0x08, 0x83, 0xE1, 0xA7, 0x3E, 0x94, 0x71, 0xE1, 0xBE, 0x3F, 0x03,
    0x83, 0x3D, 0x90, 0xA1, 0xF0, 0xDF, 0x9F, 0xC1, 0xC1, 0x9E, 0x11, 0xC8, 0xFA, 0xEA, 0xCF, 0xF0,
    0xFD, 0x3F, 0x3F, 0x90, 0xB1, 0xC0, 0x1F, 0xE6, 0x50, 0x31, 0x06, 0x00, 0x54, 0xA9, 0x2B, 0x1A,
    0x78, 0x9C, 0x63, 0x60, 0x60, 0x60, 0x64, 0x80, 0x80, 0x0D, 0xFE, 0x50, 0x46, 0xC0, 0x7F, 0x56,
    0x28, 0x6B, 0x53, 0x3C, 0x94, 0xC1, 0x70, 0x94, 0x01, 0x15, 0x18, 0x9C, 0xBC, 0xDB, 0xCD, 0x04,
    0xA4, 0x15, 0x7E, 0x7B, 0x1A, 0x5D, 0x5B, 0x0F, 0x34, 0xE2, 0x91, 0x1D, 0x90, 0xF7, 0x4B, 0x96,
    0x41, 0xE0, 0x1F, 0x33, 0xC8, 0xAC, 0xFB, 0x0C, 0x13, 0xE6, 0x83, 0xD4, 0x09, 0xFC, 0x67, 0xFF,
    0xA8, 0x0F, 0xD6, 0xF1, 0x93, 0xEF, 0x1B, 0x1F, 0x98, 0xF1, 0xD9, 0xFF, 0x17, 0x37, 0x98, 0xF1,
    0xA1, 0xFF, 0x0F, 0x27, 0x98, 0x71, 0x61, 0xFD, 0x5F, 0x2E, 0x30, 0xE3, 0xC0, 0xFE, 0xDF, 0x3C,
    0x10, 0xC6, 0xFA, 0x9F, 0xFC, 0x60, 0xC6, 0x83, 0xFA, 0xAF, 0x10, 0x67, 0x7D, 0xD2, 0x7F, 0xB0,
    0x1E, 0xCC, 0xF8, 0xC1, 0x93, 0xF0, 0x9F, 0x19, 0x6C, 0x32, 0x33, 0xC3, 0x6F, 0x39, 0x90, 0xDA,
    0x7A, 0x06, 0x86, 0x05, 0xEF, 0x59, 0x18, 0x14, 0xFE, 0xB0, 0x83, 0x1C, 0x7A, 0x7F, 0xF5, 0x1F,
    0x6B, 0xB0, 0x42, 0xC7, 0x50, 0x11, 0x20, 0x09, 0x00, 0x0E, 0x56, 0x32, 0x48, 0x78, 0x9C, 0x63,
    0x60, 0x00, 0x02, 0x01, 0x06, 0x28, 0xF8, 0xCD, 0x0C, 0xA1, 0x0F, 0xEC, 0x87, 0xD0, 0x02, 0x6F,
    0xD8, 0x20, 0x8C, 0x02, 0x49, 0x06, 0x54, 0x60, 0x70, 0xF2, 0x6E, 0x37, 0x13, 0x90, 0x56, 0xF8,
    0xED, 0x69, 0x74, 0x6D, 0x3D, 0x23, 0x03, 0xC3, 0x23, 0x3B, 0x20, 0xEF, 0x97, 0x2C, 0x83, 0xC0,
    0x3F, 0x90, 0x19, 0x1B, 0xEE, 0x33, 0x4C, 0x98, 0x0F, 0x36, 0xE1, 0x3F, 0xFB, 0x47, 0x7D, 0xB0,
    0x8E, 0x9F, 0x7C, 0xDF, 0xF8, 0xC0, 0x8C, 0xCF, 0xFE, 0xBF, 0xB8, 0xC1, 0x8C, 0x0F, 0xFD, 0x7F,
    0x38, 0xC1, 0x8C, 0x0B, 0xEB, 0xFF, 0x72, 0x41, 0xED, 0xFD, 0xCD, 0x03, 0x61, 0xAC, 0xFF, 0xC9,
    0x0F, 0x66, 0x3C, 0xA8, 0xFF, 0xEA, 0x0F, 0x66, 0x7C, 0xD2, 0x7F, 0xB0, 0x1E, 0xCC, 0xF8, 0xC1,
    0x93, 0xF0, 0x9F, 0x19, 0x6C, 0x32, 0x33, 0xC3, 0x6F, 0x39, 0x90, 0xDA, 0x7A, 0x06, 0x86, 0x05,
    0xEF, 0x59, 0x18, 0x14, 0xFE, 0xB0, 0x03, 0x79, 0x47, 0xEF, 0xAF, 0xFE, 0x63, 0x0D, 0x56, 0xE8,
    0x18, 0x2A, 0x02, 0x24, 0x01, 0x00, 0x7D, 0x32, 0x36, 0x78, 0x9C, 0x63, 0x60, 0x60, 0x60, 0x60,
    0x64, 0x80, 0x00, 0x85, 0x75, 0x50, 0xC6, 0xE3, 0xFF, 0xDC, 0x60, 0xDA, 0x61, 0x7F, 0xD2, 0x7E,
    0x30, 0x63, 0x03, 0x1B, 0xC3, 0x46, 0x16, 0x06, 0x64, 0x60, 0x70, 0xF2, 0x6E, 0x37, 0x13, 0x48,
    0xCF, 0x6F, 0x4F, 0xA3, 0x6B, 0xEB, 0x81, 0x26, 0x3C, 0xB2, 0x03, 0xF2, 0x7E, 0xC9, 0x32, 0x08,
    0xFC, 0x63, 0x06, 0x69, 0xB8, 0xCF, 0x30, 0x61, 0x3E, 0x48, 0x9D, 0xC0, 0x7F, 0xF6, 0x8F, 0xFA,
    0x60, 0x1D, 0x3F, 0xF9, 0xBE, 0xF1, 0x81, 0x19, 0x9F, 0xFD, 0x7F, 0x41, 0x8C, 0xFF, 0xD0, 0xFF,
    0x87, 0x13, 0xCC, 0xB8, 0xB0, 0xFE, 0x2F, 0x17, 0x98, 0x71, 0x60, 0xFF, 0x6F, 0x1E, 0x08, 0x63,
    0xFD, 0x4F, 0x7E, 0x30, 0xE3, 0x41, 0xFD, 0x57, 0x7F, 0x30, 0xE3, 0x93, 0xFE, 0x83, 0xF5, 0x60,
    0xC6, 0x0F, 0x9E, 0x84, 0xFF, 0xCC, 0x60, 0x93, 0x99, 0x19, 0x7E, 0xCB, 0x81, 0xD4, 0xD6, 0x33,
    0x30, 0x2C, 0x78, 0xCF, 0xC2, 0xA0, 0xF0, 0x87, 0x1D, 0xC8, 0x3B, 0x7A, 0x7F, 0xF5, 0x1F, 0x6B,
    0xB0, 0x42, 0xC7, 0x50, 0x11, 0x20, 0x09, 0x00, 0xA2, 0x9C, 0x34, 0x65, 0x78, 0x9C, 0x63, 0x60,
    0x70, 0x58, 0xC5, 0xCC, 0x60, 0xC2, 0x00, 0x04, 0x5F, 0xFE, 0xD6, 0x3B, 0xD8, 0x83, 0x18, 0x79,
    0x0A, 0x7F, 0xFE, 0x73, 0x82, 0x18, 0x8C, 0x0C, 0x01, 0x11, 0x0C, 0x28, 0xC0, 0xE0, 0xE4, 0xDD,
    0x6E, 0x26, 0x20, 0xAD, 0xF0, 0xDB, 0xD3, 0xE8, 0xDA, 0x7A, 0x46, 0x06, 0x86, 0x47, 0x76, 0x40,
    0xDE, 0x2F, 0x59, 0x06, 0x81, 0x7F, 0xCC, 0x40, 0xC6, 0x86, 0xFB, 0x0C, 0x13, 0xE6, 0x83, 0xD4,
    0x09, 0xFC, 0x67, 0xFF, 0xA8, 0x0F, 0xD6, 0xF1, 0x93, 0xEF, 0x1B, 0x1F, 0x98, 0xF1, 0xD9, 0xFF,
    0x17, 0x37, 0x98, 0xF1, 0xA1, 0xFF, 0x0F, 0xD8, 0x74, 0x86, 0x0B, 0xEB, 0xFF, 0x72, 0x81, 0x19,
    0x07, 0xF6, 0xFF, 0xE6, 0x81, 0x30, 0xD6, 0xFF, 0xE4, 0x07, 0x33, 0x1E, 0xD4, 0x7F, 0xF5, 0x07,
    0x33, 0x3E, 0xE9, 0x3F, 0x58, 0x0F, 0x66, 0xFC, 0xE0, 0x49, 0xF8, 0xCF, 0x0C, 0x36, 0x99, 0x99,
    0xE1, 0xB7, 0x1C, 0x48, 0x6D, 0x3D, 0x03, 0xC3, 0x82, 0xF7, 0x2C, 0x0C, 0x0A, 0x7F, 0xD8, 0x81,
    0xBC, 0xA3, 0xF7, 0x57, 0xFF, 0xB1, 0x06, 0x2B, 0x74, 0x0C, 0x15, 0x01, 0x92, 0x00, 0x7D, 0xA2,
    0x35, 0x69, 0x78, 0x9C, 0x63, 0x60, 0x50, 0xD0, 0x60, 0x48, 0x63, 0x00, 0x81, 0x03, 0xFB, 0x1D,
    0xFE, 0x33, 0xA3, 0x30, 0xE0, 0x52, 0x70, 0x60, 0x70, 0xF2, 0x6E, 0x37, 0x13, 0x48, 0xE6, 0xB7,
    0xA7, 0xD1, 0xB5, 0xF5, 0x8C, 0x0C, 0x0C, 0x8F, 0xEC, 0x80, 0xBC, 0x5F, 0xB2, 0x0C, 0x02, 0xFF,
    0x40, 0x3A, 0x36, 0xDC, 0x67, 0x98, 0x30, 0x1F, 0xA4, 0x4E, 0xE0, 0x3F, 0xFB, 0x47, 0x7D, 0xB0,
    0x8E, 0x9F, 0x7C, 0xDF, 0xF8, 0xC0, 0x8C, 0xCF, 0xFE, 0xBF, 0xB8, 0xC1, 0x8C, 0x0F, 0xFD, 0x7F,
    0x38, 0xC1, 0x8C, 0x0B, 0xEB, 0xFF, 0x72, 0x41, 0x6D, 0xFE, 0xCD, 0x03, 0x61, 0xAC, 0xFF, 0xC9,
    0x0F, 0x66, 0x3C, 0xA8, 0xFF, 0xEA, 0x0F, 0x66, 0x7C, 0xD2, 0x7F, 0xB0, 0x1E, 0xCC, 0xF8, 0xC1,
    0x93, 0x00, 0x76, 0x94, 0x00, 0x90, 0xFC, 0x2D, 0x07, 0x52, 0x5B, 0xCF, 0xC0, 0xB0, 0xE0, 0x3D,
    0x0B, 0x83, 0xC2, 0x1F, 0x76, 0x20, 0xEF, 0xE8, 0xFD, 0xD5, 0x7F, 0xAC, 0xC1, 0x0A, 0x1D, 0x43,
    0x45, 0x80, 0x24, 0x00, 0x21, 0x21, 0x34, 0xFC, 0x78, 0x9C, 0x33, 0x60, 0x60, 0x60, 0x60, 0xFC,
    0xC6, 0xCC, 0xB0, 0x81, 0x7B, 0x82, 0x3D, 0xC3, 0x6D, 0x46, 0x86, 0x9F, 0x5B, 0x64, 0x19, 0x18,
    0x26, 0xFC, 0x67, 0x64, 0x60, 0xD8, 0xF0, 0x9F, 0x99, 0x81, 0xE1, 0xF6, 0x44, 0x7B, 0x86, 0x0D,
    0xB2, 0x0C, 0x3F, 0x99, 0x6F, 0x30, 0x32, 0x4C, 0xE0, 0x15, 0x00, 0x29, 0x06, 0x00, 0x67, 0x55,
    0x0D, 0x98, 0x78, 0x9C, 0x63, 0x60, 0x00, 0x03, 0x2D, 0x20, 0x76, 0x38, 0x79, 0xB7, 0xBB, 0xC9,
    0x9F, 0x81, 0x41, 0xE1, 0x8F, 0xA7, 0xD1, 0xB5, 0xFF, 0x3C, 0x0C, 0x0C, 0x8F, 0xED, 0x80, 0xA2,
    0xFF, 0xE5, 0x19, 0x04, 0xFE, 0x31, 0x03, 0x65, 0xFF, 0x9F, 0x67, 0x58, 0x30, 0x1F, 0x28, 0x70,
    0xC1, 0xEE, 0x3F, 0xFB, 0x27, 0x7D, 0x20, 0xE3, 0x1B, 0xEB, 0x4F, 0xBE, 0xEF, 0xBC, 0x0C, 0x0C,
    0x02, 0xE7, 0x18, 0xBE, 0xF8, 0xFF, 0xE6, 0x62, 0x60, 0x98, 0x60, 0xCF, 0xF0, 0xA1, 0xFF, 0x2F,
    0x27, 0x03, 0xC3, 0x27, 0x4E, 0x86, 0x0B, 0xEB, 0x41, 0x8C, 0xD7, 0x8C, 0x0C, 0x07, 0xF6, 0xFF,
    0xE1, 0x66, 0x70, 0xC8, 0x07, 0xEA, 0x9B, 0xFF, 0x93, 0x8F, 0xE1, 0x02, 0x50, 0xFD, 0x87, 0xFC,
    0xAF, 0xF6, 0x0C, 0xDF, 0x81, 0x46, 0x7E, 0xD6, 0x7F, 0xB0, 0x5E, 0x60, 0x3D, 0xD0, 0xA4, 0x1F,
    0xDC, 0x05, 0xFF, 0x17, 0xCB, 0x03, 0x4D, 0xFA, 0xCF, 0xCC, 0xF0, 0xFB, 0x3F, 0x3B, 0x03, 0xC3,
    0x81, 0x7A, 0x06, 0x86, 0x0D, 0xFF, 0x59, 0x80, 0x4E, 0x01, 0x72, 0x02, 0xFE, 0xDF, 0x5F, 0xFD,
    0xD7, 0x1A, 0xA8, 0xEC, 0x01, 0xB7, 0x63, 0xA8, 0x08, 0xC8, 0xB5, 0x07, 0x99, 0x20, 0xAE, 0x06,
    0x00, 0xA0, 0xDF, 0x3C, 0xED, 0x78, 0x9C, 0x63, 0x60, 0x60, 0x10, 0x60, 0x80, 0x81, 0xDF, 0x2C,
    0x30, 0xD6, 0x57, 0x7F, 0x18, 0x4B, 0xE1, 0x37, 0x2B, 0x8C, 0x19, 0xC0, 0xC3, 0x80, 0x02, 0x1A,
    0x3B, 0x3A, 0x98, 0x19, 0x18, 0x1C, 0x3A, 0x3A, 0x18, 0x9A, 0x7E, 0xF7, 0x33, 0x01, 0xE5, 0x5F,
    0xE4, 0x31, 0x30, 0x7C, 0x07, 0x2B, 0x7A, 0xC0, 0xC6, 0xC0, 0xF0, 0x83, 0x0B, 0xCC, 0x62, 0x85,
    0xB3, 0x58, 0x30, 0x59, 0x1F, 0x08, 0xB2, 0xBE, 0x73, 0x83, 0x59, 0xCC, 0x30, 0x93, 0x3F, 0x02,
    0x2D, 0xFA, 0xCA, 0x07, 0x62, 0x7D, 0x06, 0xE2, 0x4F, 0xFA, 0x20, 0xD6, 0x75, 0x20, 0xBE, 0xD0,
    0x0F, 0x62, 0xD5, 0x01, 0x71, 0xC1, 0x7F, 0xA0, 0xE2, 0x09, 0x72, 0x60, 0x0F, 0xF5, 0x0B, 0x39,
    0x42, 0x3C, 0xD5, 0xF0, 0xFF, 0xFF, 0x7F, 0x1B, 0x88, 0xB3, 0x0D, 0x52, 0x55, 0x41, 0x14, 0x00,
    0x45, 0x53, 0x2D, 0x01, 0x78, 0x9C, 0x63, 0x60, 0x00, 0x01, 0x46, 0x06, 0x28, 0xD8, 0xA0, 0x0F,
    0x65, 0x08, 0xFC, 0xE1, 0x86, 0xB2, 0x2E, 0xC6, 0xC1, 0x24, 0xA7, 0xC3, 0x95, 0x41, 0x40, 0x63,
    0x47, 0x07, 0x33, 0x03, 0x83, 0x43, 0x47, 0x07, 0x43, 0xD3, 0xEF, 0x7E, 0x26, 0x06, 0x86, 0x80,
    0x17, 0x79, 0x0C, 0x0C, 0xDF, 0x79, 0x40, 0x52, 0x0F, 0xD8, 0x18, 0x18, 0x7E, 0x70, 0x81, 0x59,
    0xAC, 0x70, 0x16, 0x0B, 0x26, 0xEB, 0x03, 0x41, 0xD6, 0x77, 0xB0, 0x3B, 0x3E, 0x30, 0xC3, 0x4C,
    0xFE, 0x08, 0xB4, 0xE8, 0x2B, 0x1F, 0x88, 0xF5, 0x19, 0x88, 0x3F, 0x81, 0xDD, 0x7B, 0x1D, 0x88,
    0x2F, 0xF4, 0x83, 0x58, 0x75, 0x40, 0x5C, 0xF0, 0x1F, 0xA8, 0x78, 0x82, 0x1C, 0x88, 0xFB, 0xBB,
    0x5F, 0xC8, 0xF1, 0x37, 0x0B, 0x88, 0xD5, 0xF0, 0xFF, 0xFF, 0x7F, 0x1B, 0x88, 0xB3, 0x0D, 0x52,
    0x55, 0x41, 0x14, 0x00, 0x2A, 0x0F, 0x2C, 0xF0, 0x78, 0x9C, 0x63, 0x60, 0x60, 0x60, 0x10, 0x60,
    0x80, 0x81, 0x47, 0x5C, 0x50, 0x86, 0xC1, 0xBF, 0xF5, 0x50, 0xD6, 0x17, 0xE9, 0x6F, 0xDC, 0x10,
    0x56, 0x36, 0x83, 0x80, 0x37, 0x03, 0x32, 0x68, 0xEC, 0xE8, 0x60, 0x66, 0x60, 0x70, 0xE8, 0xE8,
    0x60, 0x68, 0xFA, 0xDD, 0xCF, 0xC4, 0xC0, 0x10, 0xF0, 0x22, 0x8F, 0x81, 0xE1, 0x3B, 0x0F, 0x48,
    0xEA, 0x01, 0x1B, 0x03, 0xC3, 0x0F, 0xB0, 0x61, 0x0F, 0x58, 0xE1, 0x2C, 0x16, 0x4C, 0xD6, 0x07,
    0x82, 0xAC, 0xEF, 0x60, 0xDB, 0x3F, 0x30, 0xC3, 0x4C, 0xFE, 0x08, 0xB4, 0xE8, 0x2B, 0x1F, 0x88,
    0xF5, 0x19, 0x88, 0x3F, 0xE9, 0x83, 0x58, 0xD7, 0x81, 0xF8, 0x42, 0x3F, 0x88, 0x55, 0x07, 0xC4,
    0x05, 0xFF, 0x81, 0x8A, 0x27, 0xC8, 0x81, 0xB8, 0xBF, 0xFB, 0x85, 0x1C, 0x7F, 0xB3, 0x80, 0x58,
    0x0D, 0xFF, 0xFF, 0xFF, 0xB7, 0x81, 0xFA, 0x2D, 0x55, 0x15, 0x44, 0x01, 0x00, 0xD7, 0xD1, 0x2E,
    0xE1, 0x78, 0x9C, 0x63, 0x60, 0x60, 0x68, 0x62, 0x4C, 0x60, 0x63, 0x00, 0x83, 0x3F, 0xDC, 0x5F,
    0xF4, 0xE1, 0x2C, 0x7B, 0x08, 0xAB, 0x89, 0xA9, 0x00, 0x2A, 0x0B, 0x05, 0x8D, 0x1D, 0x1D, 0xCC,
    0x0C, 0x0C, 0x0E, 0x1D, 0x1D, 0x0C, 0x4D, 0xBF, 0xFB, 0x99, 0x18, 0x18, 0x02, 0x5E, 0xE4, 0x31,
    0x30, 0x7C, 0xE7, 0x01, 0x49, 0x3D, 0x00, 0xAA, 0xFC, 0xC1, 0x05, 0x66, 0xB1, 0xC2, 0x59, 0x2C,
    0x98, 0xAC, 0x0F, 0x04, 0x59, 0xDF, 0xB9, 0xC1, 0x2C, 0x66, 0x98, 0xC9, 0x1F, 0x81, 0x16, 0x7D,
    0xE5, 0x03, 0xB1, 0x3E, 0x03, 0xF1, 0x27, 0xB0, 0x2B, 0xAF, 0x03, 0xF1, 0x85, 0x7E, 0x10, 0xAB,
    0x0E, 0x88, 0x0B, 0xFE, 0x03, 0x15, 0x4F, 0x90, 0x03, 0x71, 0x7F, 0xF7, 0x0B, 0x39, 0xFE, 0x66,
    0x01, 0xB1, 0x1A, 0xFE, 0xFF, 0xFF, 0x6F, 0x03, 0x71, 0xB6, 0x41, 0xAA, 0x2A, 0x88, 0x02, 0x00,
    0x57, 0x20, 0x2F, 0x79, 0x78, 0x9C, 0x63, 0x60, 0x00, 0x02, 0x01, 0x06, 0x28, 0xF8, 0xC2, 0x0D,
    0xA1, 0x1D, 0xFE, 0xB3, 0x42, 0x18, 0x5F, 0xB5, 0xA1, 0x32, 0x31, 0x0C, 0xC8, 0xA0, 0xB1, 0xA3,
    0x43, 0x83, 0x81, 0xA1, 0xA3, 0x83, 0x63, 0xE2, 0x9F, 0xFB, 0x62, 0x0C, 0x0C, 0x2B, 0xEF, 0xB3,
    0x33, 0x7C, 0xC9, 0x07, 0x8A, 0x6F, 0xE0, 0x61, 0x60, 0x38, 0xB0, 0x1E, 0x64, 0x10, 0x23, 0x03,
    0x83, 0xC2, 0x7F, 0x16, 0x06, 0x86, 0x1A, 0x90, 0xF2, 0x1F, 0xBC, 0x0C, 0x01, 0x7C, 0x20, 0xC6,
    0x85, 0x7E, 0x86, 0x0B, 0x6C, 0x10, 0x0B, 0x98, 0xAF, 0x42, 0x8C, 0xFA, 0xC5, 0x13, 0x07, 0x61,
    0x3C, 0xBC, 0xCF, 0x03, 0x61, 0x24, 0xC0, 0x2C, 0x67, 0xF8, 0xC7, 0x42, 0x98, 0xF1, 0x9F, 0x19,
    0xE6, 0x64, 0x28, 0xE3, 0xC7, 0x7F, 0x90, 0xBD, 0x00, 0xC6, 0xB7, 0x24, 0x5D, 0x78, 0x9C, 0x6B,
    0xED, 0xE8, 0x60, 0x00, 0x82, 0xD6, 0x7F, 0x79, 0x20, 0x8A, 0xE1, 0x1F, 0x1B, 0x84, 0xAA, 0x0C,
    0x63, 0x06, 0x51, 0x55, 0x2B, 0xFE, 0x69, 0x01, 0x29, 0x16, 0x86, 0x86, 0xF7, 0xCC, 0x20, 0x8A,
    0xE1, 0x37, 0x0F, 0x98, 0xFA, 0x22, 0x0F, 0xA6, 0x3E, 0xDB, 0x43, 0x78, 0xFA, 0x60, 0xEA, 0x27,
    0x2F, 0x88, 0x72, 0xF8, 0x0F, 0x52, 0x69, 0xF0, 0xC3, 0x16, 0xA8, 0xEF, 0xFD, 0x39, 0x4F, 0x06,
    0xB0, 0x76, 0x10, 0xF8, 0x0F, 0xA6, 0x0C, 0xFE, 0x8B, 0x80, 0xA8, 0x1F, 0xFF, 0xFF, 0x83, 0x28,
    0x00, 0x20, 0x94, 0x24, 0x83, 0x78, 0x9C, 0x63, 0x60, 0x30, 0xB8, 0xF5, 0x3F, 0x9A, 0x01, 0x04,
    0xBE, 0xF9, 0x28, 0xFE, 0xE0, 0x06, 0xD2, 0x06, 0xF7, 0x19, 0x18, 0x0A, 0xE6, 0x03, 0x19, 0x07,
    0xE2, 0x81, 0xC4, 0x7F, 0x46, 0x06, 0x86, 0x8F, 0xF2, 0x40, 0xC6, 0x1F, 0x36, 0x06, 0x86, 0xCF,
    0xFC, 0x40, 0xC6, 0x6F, 0x0E, 0x86, 0xE6, 0x5F, 0xBC, 0x0C, 0x0E, 0xB7, 0xFF, 0xB3, 0x33, 0x4C,
    0xFE, 0xCD, 0xCB, 0xF0, 0x5D, 0x03, 0xA4, 0xFB, 0x2B, 0x2F, 0xC3, 0x7D, 0x06, 0x08, 0xC3, 0x00,
    0xC6, 0x10, 0xF8, 0xCF, 0x09, 0x95, 0xFA, 0x75, 0x9F, 0x05, 0xC8, 0xF8, 0xC2, 0xCB, 0x30, 0xE1,
    0xFF, 0x7E, 0x26, 0x30, 0x83, 0x61, 0xF3, 0xFF, 0x78, 0x30, 0x83, 0x91, 0xE1, 0x29, 0xD0, 0x0E,
    0x20, 0x83, 0x97, 0x41, 0xE0, 0x3F, 0x0B, 0x48, 0xB1, 0x2F, 0x03, 0xC3, 0x5F, 0x66, 0x86, 0x1F,
    0x3C, 0x0C, 0x77, 0x19, 0x15, 0xDE, 0x33, 0x2C, 0xF8, 0xFF, 0x9F, 0xF5, 0xCE, 0xBA, 0x5F, 0xBA,
    0x60, 0x33, 0x99, 0x02, 0x4D, 0x19, 0x18, 0x00, 0x6C, 0x1B, 0x32, 0xF6, 0x78, 0x9C, 0x63, 0x60,
    0x80, 0x82, 0x9F, 0x4C, 0x60, 0xEA, 0x3B, 0x0F, 0x98, 0x6A, 0xC8, 0x87, 0x88, 0x3E, 0x67, 0x04,
    0x53, 0x0E, 0x0C, 0x18, 0xC0, 0xE1, 0xD6, 0x3D, 0x09, 0x90, 0x36, 0xB1, 0xC2, 0xF3, 0x40, 0xCE,
    0x7A, 0x06, 0x86, 0x3F, 0xAC, 0x0C, 0x0E, 0xFB, 0x19, 0x18, 0x7E, 0x71, 0x30, 0x30, 0x88, 0x30,
    0x30, 0xFC, 0xE0, 0x04, 0xAB, 0xFA, 0xC1, 0x05, 0x24, 0x96, 0xBE, 0xFD, 0x07, 0xE4, 0x3D, 0xAD,
    0x63, 0x02, 0x0A, 0x26, 0x9C, 0x07, 0xCB, 0x7D, 0x88, 0x07, 0x53, 0x1F, 0xFD, 0x81, 0x1A, 0x38,
    0x19, 0x1E, 0x9C, 0x17, 0xDA, 0xF2, 0x8F, 0x83, 0xC1, 0xE1, 0xDF, 0xFF, 0xBC, 0xAF, 0xFF, 0x59,
    0x18, 0x1C, 0xDC, 0x40, 0x5A, 0x01, 0xB9, 0x04, 0x22, 0xE3, 0x78, 0x9C, 0x63, 0x60, 0x80, 0x81,
    0x9F, 0x4C, 0x20, 0xD2, 0xE1, 0x3D, 0x23, 0x88, 0xBA, 0xA0, 0x07, 0x16, 0xBB, 0x0E, 0x16, 0x63,
    0x10, 0x62, 0xC0, 0x04, 0x0E, 0xB7, 0xEE, 0x49, 0x80, 0x74, 0x89, 0x15, 0x9E, 0x07, 0x72, 0xD6,
    0x33, 0x30, 0xFC, 0x61, 0x65, 0x70, 0xD8, 0xCF, 0xC0, 0xF0, 0x8B, 0x83, 0x81, 0x41, 0x84, 0x81,
    0xE1, 0x07, 0x27, 0x58, 0xD5, 0x0F, 0x2E, 0x20, 0xB1, 0xF4, 0xED, 0x3F, 0x20, 0xEF, 0x69, 0x1D,
    0x13, 0x50, 0x30, 0xE1, 0x3C, 0x58, 0xEE, 0x43, 0x3C, 0x98, 0xFA, 0xE8, 0x0F, 0xD4, 0xC0, 0xC9,
    0xF0, 0xE0, 0xBC, 0xD0, 0x96, 0x7F, 0x1C, 0x0C, 0x0E, 0xFF, 0xFE, 0xE7, 0x7D, 0xFD, 0xCF, 0xC2,
    0xE0, 0xE0, 0x06, 0xD2, 0x0A, 0x00, 0xBC, 0x31, 0x22, 0xE2, 0x78, 0x9C, 0x63, 0x60, 0x60, 0x60,
    0x66, 0x00, 0x81, 0x09, 0xF1, 0x60, 0xEA, 0xE7, 0x3F, 0x10, 0x77, 0x82, 0xFF, 0x06, 0x7B, 0x20,
    0x75, 0x95, 0x89, 0xE1, 0x25, 0x58, 0x94, 0x41, 0x81, 0x01, 0x1D, 0x38, 0xDC, 0xBA, 0x27, 0x01,
    0x52, 0x2F, 0x56, 0x78, 0x1E, 0xC8, 0x59, 0xCF, 0xC0, 0xF0, 0x87, 0x95, 0xC1, 0x61, 0x3F, 0x03,
    0xC3, 0x2F, 0x0E, 0x06, 0x06, 0x11, 0x06, 0x86, 0x1F, 0x9C, 0x60, 0x55, 0x3F, 0xB8, 0x80, 0xC4,
    0xD2, 0xB7, 0xFF, 0x80, 0xBC, 0xA7, 0x75, 0x4C, 0x40, 0xC1, 0x84, 0xF3, 0x60, 0xB9, 0x0F, 0xF1,
    0x60, 0xEA, 0xA3, 0x3F, 0x50, 0x03, 0x27, 0xC3, 0x83, 0xF3, 0x42, 0x5B, 0xFE, 0x71, 0x30, 0x38,
    0xFC, 0xFB, 0x9F, 0xF7, 0xF5, 0x3F, 0x0B, 0x83, 0x83, 0x1B, 0x48, 0x2B, 0x00, 0x03, 0xC6, 0x25,
    0x68, 0x78, 0x9C, 0x63, 0x60, 0x60, 0x64, 0x00, 0x81, 0x0D, 0xFF, 0xD9, 0x37, 0xB0, 0x30, 0x30,
    0xEC, 0x5A, 0xF6, 0xFE, 0x3E, 0x90, 0xC7, 0xCC, 0xB0, 0x44, 0x82, 0x01, 0x07, 0x70, 0xB8, 0x75,
    0x0F, 0x24, 0xF7, 0x53, 0xAC, 0xF0, 0x3C, 0x90, 0xB3, 0x9E, 0x81, 0xE1, 0x0F, 0x2B, 0x83, 0xC3,
    0x7E, 0x06, 0x86, 0x5F, 0x1C, 0x0C, 0x0C, 0x22, 0x0C, 0x0C, 0x3F, 0x38, 0xC1, 0xAA, 0x7E, 0x70,
    0x01, 0x89, 0xA5, 0x6F, 0xFF, 0x01, 0x79, 0x4F, 0xEB, 0x98, 0x80, 0x82, 0x09, 0xE7, 0xC1, 0x72,
    0x1F, 0xE2, 0xC1, 0xD4, 0x47, 0x7F, 0xA0, 0x06, 0x4E, 0x86, 0x07, 0xE7, 0x85, 0xB6, 0xFC, 0xE3,
    0x60, 0x70, 0xF8, 0xF7, 0x3F, 0xEF, 0xEB, 0x7F, 0x16, 0x06, 0x07, 0x37, 0x90, 0x56, 0x00, 0xE0,
    0x38, 0x25, 0x26, 0x78, 0x9C, 0x63, 0x60, 0x60, 0x02, 0x42, 0x06, 0x86, 0x0B, 0xF6, 0x0B, 0xF2,
    0x81, 0xD4, 0x87, 0xF8, 0x0B, 0xFD, 0x40, 0x2A, 0x81, 0xD3, 0x41, 0x8A, 0x01, 0x07, 0x70, 0xB8,
    0x75, 0x4F, 0x02, 0x48, 0xFD, 0x14, 0x2B, 0x3C, 0x0F, 0xE4, 0xAC, 0x67, 0x60, 0xF8, 0xC3, 0xCA,
    0xE0, 0xB0, 0x9F, 0x81, 0xE1, 0x17, 0x07, 0x03, 0x83, 0x08, 0x03, 0xC3, 0x0F, 0x4E, 0xB0, 0xAA,
    0x1F, 0x5C, 0x40, 0x62, 0xE9, 0xDB, 0x7F, 0x40, 0xDE, 0xD3, 0x3A, 0x26, 0xA0, 0x60, 0xC2, 0x79,
    0xB0, 0xDC, 0x87, 0x78, 0x30, 0xF5, 0xD1, 0x1F, 0xA8, 0x81, 0x93, 0xE1, 0xC1, 0x79, 0xA1, 0x2D,
    0xFF, 0x38, 0x18, 0x1C, 0xFE, 0xFD, 0xCF, 0xFB, 0xFA, 0x9F, 0x85, 0xC1, 0xC1, 0x0D, 0xA4, 0x15,
    0x00, 0x7B, 0x26, 0x24, 0x61, 0x78, 0x9C, 0x63, 0x60, 0x80, 0x82, 0xCB, 0x6B, 0x18, 0x41, 0x54,
    0xFC, 0x01, 0x0E, 0x20, 0xA9, 0xA0, 0xBF, 0x80, 0x0B, 0xC4, 0xEB, 0xBB, 0xC8, 0x0A, 0xA2, 0x26,
    0x45, 0x33, 0x60, 0x00, 0x87, 0x5B, 0xF7, 0x24, 0x80, 0xD4, 0x4F, 0xB1, 0xC2, 0xF3, 0x40, 0xCE,
    0x7A, 0x06, 0x86, 0x3F, 0xAC, 0x0C, 0x0E, 0xFB, 0x19, 0x18, 0x7E, 0x01, 0xF5, 0x8B, 0x30, 0x30,
    0xFC, 0xE0, 0x04, 0xAB, 0xFA, 0x01, 0x32, 0x66, 0xE9, 0xDB, 0x7F, 0x40, 0xDE, 0xD3, 0x3A, 0x26,
    0xA0, 0x60, 0xC2, 0x79, 0xB0, 0xDC, 0x87, 0x78, 0x30, 0xF5, 0xD1, 0x1F, 0xA8, 0x81, 0x93, 0xE1,
    0xC1, 0x79, 0xA1, 0x2D, 0xFF, 0x38, 0x18, 0x1C, 0xFE, 0xFD, 0xCF, 0xFB, 0xFA, 0x9F, 0x85, 0xC1,
    0xC1, 0x0D, 0xA4, 0x15, 0x00, 0xA6, 0x6D, 0x24, 0xBF, 0x78, 0x9C, 0x63, 0x70, 0xB8, 0xB5, 0x97,
    0xD9, 0xE1, 0xF6, 0x5C, 0x46, 0x06, 0x86, 0x1F, 0x62, 0x13, 0xFD, 0x7F, 0x88, 0x5D, 0x96, 0x63,
    0x50, 0x98, 0xCF, 0xC0, 0xF0, 0xAF, 0x9E, 0x21, 0x60, 0x3D, 0x83, 0xC3, 0x7A, 0x06, 0x86, 0xDF,
    0xF2, 0x0C, 0x0A, 0xFF, 0x19, 0x18, 0x44, 0x18, 0x18, 0x7E, 0xFA, 0xB9, 0xB8, 0xFC, 0x67, 0x62,
    0x00, 0x82, 0x9F, 0xE7, 0x76, 0xAF, 0x5E, 0x05, 0x64, 0x4D, 0xB9, 0xFD, 0x9F, 0x0B, 0xC4, 0x67,
    0x78, 0xDA, 0x27, 0xFC, 0x13, 0xCC, 0x4A, 0xB8, 0xCF, 0xC8, 0xF0, 0x83, 0x07, 0xC4, 0xFA, 0x10,
    0xCF, 0xC0, 0xF0, 0x5D, 0x1E, 0xC4, 0xFA, 0xE8, 0x0F, 0xD4, 0x01, 0x34, 0x73, 0x02, 0xD3, 0x83,
    0xF3, 0x4C, 0x9B, 0x73, 0xFE, 0x73, 0x08, 0xAC, 0x62, 0x30, 0xF8, 0xF7, 0x7F, 0x3E, 0xC3, 0xB7,
    0xFF, 0xFF, 0x38, 0x18, 0x18, 0x1C, 0xDC, 0x80, 0x96, 0xA7, 0x88, 0x32, 0x30, 0x00, 0x00, 0xA2,
    0xBD, 0x2D, 0x0D, 0x78, 0x9C, 0x63, 0x50, 0x38, 0x71, 0xCF, 0x92, 0x81, 0xE1, 0x9B, 0xB5, 0xC2,
    0x0F, 0xB6, 0x80, 0xF5, 0x0C, 0x0C, 0x0F, 0xF8, 0x3F, 0xCA, 0x33, 0x30, 0x7C, 0x94, 0xFF, 0xCE,
    0xC3, 0xC0, 0x10, 0xC0, 0xFA, 0x87, 0x8B, 0x01, 0x08, 0xFE, 0x71, 0x82, 0x49, 0x30, 0xFB, 0x0F,
    0x2F, 0x88, 0xFC, 0x61, 0x0F, 0x22, 0x3F, 0x9E, 0x07, 0x12, 0x56, 0x01, 0xFF, 0x6D, 0x18, 0x8E,
    0x70, 0x32, 0x1C, 0xFE, 0xFF, 0x3F, 0x0F, 0xC8, 0x6D, 0x8A, 0x07, 0xC9, 0x14, 0xE4, 0x59, 0x80,
    0xC8, 0xD5, 0xEF, 0x41, 0x1C, 0x81, 0xFF, 0x20, 0xF2, 0x70, 0x3E, 0x90, 0x38, 0x50, 0xC3, 0xC8,
    0x00, 0x01, 0x00, 0xD9, 0x71, 0x1E, 0x0A, 0x78, 0x9C, 0x63, 0x60, 0x80, 0x80, 0x7B, 0x60, 0xF2,
    0x37, 0x07, 0x88, 0xDC, 0xA0, 0x0F, 0xE6, 0xEC, 0x06, 0x93, 0x0E, 0x0C, 0x30, 0xA0, 0x70, 0xF2,
    0x1C, 0x3B, 0x03, 0xC3, 0x77, 0xCB, 0xC4, 0xFB, 0x8C, 0x05, 0xFD, 0x0C, 0x0C, 0xDF, 0xB8, 0x3E,
    0xF1, 0x33, 0x30, 0x7C, 0x94, 0xFF, 0xE1, 0xEB, 0xE2, 0xF2, 0x25, 0xFE, 0xCF, 0xB9, 0x3D, 0xBB,
    0x57, 0x59, 0xFD, 0xE3, 0x02, 0x29, 0xFC, 0xC7, 0x0D, 0x22, 0xFF, 0xF0, 0x81, 0xC8, 0xEF, 0xF6,
    0x20, 0xF2, 0xE1, 0x7E, 0x20, 0x11, 0xEE, 0xF0, 0x5F, 0x8A, 0x61, 0x33, 0x37, 0xC3, 0xE1, 0xFF,
    0xFF, 0xEA, 0x80, 0xDC, 0x20, 0x33, 0x06, 0x06, 0x00, 0x8B, 0x12, 0x1F, 0x65, 0x78, 0x9C, 0x63,
    0x60, 0x80, 0x82, 0xB7, 0x20, 0xA2, 0x61, 0x3F, 0x88, 0xFC, 0xC4, 0x0D, 0x22, 0xF7, 0x80, 0x85,
    0x59, 0x18, 0xE0, 0x40, 0xE1, 0xE4, 0x39, 0x76, 0x06, 0x86, 0xEF, 0x96, 0x89, 0xF7, 0x19, 0x0B,
    0xFA, 0x19, 0x18, 0xBE, 0x71, 0x7D, 0xE2, 0x67, 0x60, 0xF8, 0x28, 0xFF, 0xC3, 0xD7, 0xC5, 0xE5,
    0x4B, 0xFC, 0x9F, 0x73, 0x7B, 0x76, 0xAF, 0xB2, 0xFA, 0xC7, 0x05, 0x52, 0xF8, 0x0F, 0xAC, 0xFF,
    0x0F, 0x1F, 0x88, 0xFC, 0x6E, 0x0F, 0x22, 0x1F, 0x82, 0xCC, 0x0D, 0x77, 0xF8, 0x2F, 0xC5, 0xB0,
    0x99, 0x9B, 0xE1, 0xF0, 0xFF, 0x7F, 0x75, 0x40, 0x6E, 0x90, 0x19, 0x03, 0x03, 0x00, 0xA2, 0x7F,
    0x1F, 0x93, 0x78, 0x9C, 0x63, 0x60, 0x10, 0x60, 0x62, 0x00, 0x82, 0x03, 0x7A, 0x20, 0xF2, 0xCD,
    0x7D, 0x46, 0x20, 0x53, 0xF7, 0x12, 0x0F, 0x03, 0xC3, 0x2A, 0x06, 0x81, 0x35, 0x0C, 0x0C, 0x40,
    0xAE, 0x02, 0x03, 0x14, 0x28, 0x9C, 0x3C, 0xC7, 0xCE, 0xC0, 0xF0, 0xDD, 0x32, 0xF1, 0x3E, 0x63,
    0x41, 0x3F, 0x03, 0xC3, 0x37, 0xAE, 0x4F, 0xFC, 0x0C, 0x0C, 0x1F, 0xE5, 0x7F, 0xF8, 0xBA, 0xB8,
    0x7C, 0x89, 0xFF, 0x73, 0x6E, 0xCF, 0xEE, 0x55, 0x56, 0xFF, 0xB8, 0x40, 0x0A, 0xFF, 0x71, 0x83,
    0xC8, 0x3F, 0x7C, 0x20, 0xF2, 0xBB, 0x3D, 0x88, 0x7C, 0xB8, 0x1F, 0x48, 0x84, 0x3B, 0xFC, 0x97,
    0x62, 0xD8, 0xCC, 0xCD, 0x70, 0xF8, 0xFF, 0xBF, 0x3A, 0x20, 0x37, 0xC8, 0x8C, 0x81, 0x01, 0x00,
    0x8B, 0x45, 0x21, 0xC8, 0x78, 0x9C, 0x63, 0x10, 0x60, 0x14, 0x60, 0x62, 0x60, 0xF8, 0xC4, 0xF7,
    0x40, 0x9F, 0x81, 0xE1, 0x8B, 0xFC, 0x47, 0x7F, 0x06, 0x86, 0x09, 0xEC, 0x05, 0x9C, 0x0C, 0x28,
    0x40, 0xE1, 0xE4, 0x39, 0x76, 0x06, 0x86, 0xEF, 0x96, 0x89, 0xF7, 0x19, 0x0B, 0xFA, 0x19, 0x18,
    0xBE, 0x71, 0x7D, 0xE2, 0x67, 0x60, 0xF8, 0x28, 0xFF, 0xC3, 0xD7, 0xC5, 0xE5, 0x4B, 0xFC, 0x9F,
    0x73, 0x7B, 0x76, 0xAF, 0xB2, 0xFA, 0xC7, 0x05, 0x52, 0xF8, 0x8F, 0x1B, 0x44, 0xFE, 0xE1, 0x03,
    0x91, 0xDF, 0xED, 0x41, 0xE4, 0xC3, 0xFD, 0x40, 0x22, 0xDC, 0xE1, 0xBF, 0x14, 0xC3, 0x66, 0x6E,
    0x86, 0xC3, 0xFF, 0xFF, 0xD5, 0x01, 0xB9, 0x41, 0x66, 0x0C, 0x0C, 0x00, 0x4E, 0x3A, 0x21, 0x3F,
    0x78, 0x9C, 0x63, 0x60, 0x64, 0x60, 0x08, 0xC8, 0x67, 0x60, 0x30, 0xF8, 0x0F, 0x64, 0x7C, 0xE1,
    0x62, 0x60, 0x70, 0xF0, 0x67, 0x60, 0x60, 0x10, 0x66, 0x00, 0x01, 0x81, 0x22, 0x0E, 0x86, 0x8F,
    0xFF, 0xB8, 0x19, 0x18, 0xBE, 0x11, 0xC0, 0xDF, 0x81, 0xF8, 0x17, 0x17, 0xC3, 0x81, 0xFF, 0xFF,
    0x99, 0x01, 0x73, 0x1E, 0x12, 0xE4, 0x78, 0x9C, 0x63, 0x60, 0x00, 0x82, 0x80, 0x7C, 0x06, 0x86,
    0x87, 0xFE, 0x0C, 0x0C, 0x3F, 0x59, 0x19, 0x0C, 0x80, 0x94, 0x00, 0x33, 0x03, 0x18, 0x08, 0x14,
    0x71, 0x30, 0x7C, 0xFC, 0xC7, 0xCD, 0xC0, 0xF0, 0x8D, 0x00, 0xFE, 0x0E, 0xC4, 0xBF, 0xB8, 0x18,
    0x0E, 0xFC, 0xFF, 0xCF, 0x0C, 0x00, 0x6E, 0x49, 0x12, 0xD3, 0x78, 0x9C, 0x63, 0x30, 0x60, 0x60,
    0x60, 0xF8, 0xCA, 0xC2, 0x60, 0xF0, 0x5F, 0x8F, 0xE1, 0xA1, 0xF6, 0x59, 0x86, 0x55, 0x0C, 0x07,
    0xD9, 0x19, 0xA0, 0x40, 0xA0, 0x88, 0x83, 0xE1, 0xE3, 0x3F, 0x6E, 0x06, 0x86, 0x6F, 0x04, 0xF0,
    0x77, 0x20, 0xFE, 0xC5, 0xC5, 0x70, 0xE0, 0xFF, 0x7F, 0x66, 0x00, 0x0B, 0xCE, 0x15, 0x25, 0x78,
    0x9C, 0x33, 0x60, 0x50, 0x60, 0xF8, 0xC9, 0xFE, 0x8D, 0xEB, 0x0F, 0xE7, 0x4F, 0x9E, 0xC5, 0x4C,
    0x8B, 0x98, 0x19, 0xA0, 0x40, 0xA0, 0x88, 0x83, 0xE1, 0xE3, 0x3F, 0x6E, 0x06, 0x86, 0x6F, 0x04,
    0xF0, 0x77, 0x20, 0xFE, 0xC5, 0xC5, 0x70, 0xE0, 0xFF, 0x7F, 0x66, 0x00, 0xFB, 0x90, 0x14, 0xF8,
    0x78, 0x9C, 0x63, 0x60, 0x10, 0xE0, 0x60, 0x60, 0x08, 0xD8, 0x77, 0x94, 0x9D, 0x81, 0x81, 0xA1,
    0xF9, 0x3F, 0x2B, 0x90, 0x6C, 0x98, 0x3B, 0x1F, 0x48, 0x3E, 0x64, 0xFA, 0x0E, 0x94, 0x60, 0x60,
    0x58, 0xE0, 0x0F, 0x22, 0x05, 0xEE, 0x03, 0x89, 0x14, 0x96, 0x1F, 0xAC, 0x0C, 0x4F, 0xF6, 0xBF,
    0xFE, 0xCE, 0xE3, 0xF0, 0x9E, 0xC9, 0xE0, 0x1F, 0xFF, 0x83, 0x78, 0x06, 0x86, 0x6F, 0xFE, 0xDF,
    0xF8, 0x18, 0x18, 0x3E, 0xE6, 0xFF, 0xE6, 0x66, 0x60, 0xB8, 0x50, 0xFF, 0x97, 0x93, 0x81, 0x61,
    0x43, 0xFF, 0x3F, 0x10, 0x59, 0xFF, 0x17, 0x28, 0x72, 0xC0, 0xFF, 0x27, 0x50, 0xF6, 0x03, 0xFF,
    0x67, 0xA0, 0x21, 0xDF, 0x38, 0x26, 0xDC, 0x67, 0x34, 0xB8, 0xC7, 0xC8, 0xF0, 0x7D, 0xDD, 0x6F,
    0x29, 0xA0, 0x69, 0x21, 0x22, 0x0C, 0x0C, 0x00, 0x2B, 0x8A, 0x28, 0x10, 0x78, 0x9C, 0x63, 0x60,
    0x60, 0x60, 0x62, 0x00, 0x83, 0xC7, 0xEF, 0x59, 0x2E, 0x81, 0xE8, 0x79, 0xD7, 0xDE, 0xF7, 0x83,
    0x68, 0x66, 0x86, 0xE5, 0x6C, 0x0C, 0x18, 0x40, 0xA0, 0x89, 0x7D, 0xEB, 0x5D, 0x49, 0x06, 0x86,
    0x8F, 0xFF, 0xCE, 0x54, 0x5F, 0xBF, 0x0F, 0x14, 0xF8, 0xEA, 0xCF, 0xC0, 0xF0, 0x97, 0x9D, 0x81,
    0xE1, 0x1B, 0x37, 0x03, 0xC3, 0x77, 0x6E, 0x08, 0xFD, 0x85, 0x0F, 0x42, 0x7F, 0xE6, 0x27, 0x4C,
    0x7F, 0x87, 0xD2, 0xBF, 0xB8, 0x80, 0x6C, 0x3E, 0x86, 0x03, 0xFF, 0xFF, 0x33, 0x37, 0xFC, 0xFF,
    0xCF, 0x06, 0x00, 0x0F, 0xAC, 0x27, 0x2C, 0x78, 0x9C, 0x63, 0x60, 0x80, 0x82, 0x9F, 0xCC, 0x60,
    0xEA, 0x1B, 0x0F, 0x98, 0x2A, 0xA8, 0x87, 0x88, 0x7E, 0x63, 0x04, 0x53, 0x0E, 0x0C, 0x08, 0xA0,
    0x70, 0xF2, 0xAC, 0x38, 0x90, 0xFA, 0xAE, 0x19, 0xF8, 0x8E, 0x85, 0xA1, 0x60, 0x3E, 0x03, 0xC3,
    0x27, 0x7B, 0x86, 0x4F, 0xF2, 0x0C, 0x0C, 0x0B, 0xEE, 0x33, 0xFC, 0x00, 0x6A, 0x0E, 0xF8, 0xCF,
    0xF2, 0x87, 0x8B, 0x81, 0x41, 0xE0, 0x3F, 0xFB, 0x3F, 0x4E, 0xA0, 0xB2, 0xFF, 0x1C, 0xFF, 0xB8,
    0x40, 0x14, 0xFB, 0x1F, 0x5E, 0x90, 0x20, 0xCB, 0x77, 0xA0, 0x4A, 0x87, 0xF7, 0x0C, 0x0F, 0xFB,
    0x81, 0x1A, 0xF2, 0x19, 0x1C, 0xFE, 0xB3, 0x32, 0x7C, 0x05, 0x2A, 0xDB, 0x74, 0xFE, 0x54, 0x1E,
    0xC8, 0x6C, 0x27, 0x53, 0x20, 0x01, 0x00, 0x14, 0x24, 0x22, 0x06, 0x78, 0x9C, 0x63, 0x60, 0x80,
    0x81, 0x1F, 0xCC, 0x20, 0xD2, 0xE0, 0x3D, 0x23, 0x88, 0xBA, 0xA0, 0x07, 0x16, 0x7B, 0xCE, 0x04,
    0xA6, 0x84, 0x18, 0x90, 0x80, 0xC2, 0xC9, 0xB3, 0xE2, 0x40, 0xEA, 0xBB, 0x66, 0xE0, 0x3B, 0x16,
    0x86, 0x82, 0xF9, 0x0C, 0x0C, 0x9F, 0xEC, 0x19, 0x3E, 0xC9, 0x33, 0x30, 0x2C, 0xB8, 0xCF, 0xF0,
    0x83, 0x87, 0x81, 0x21, 0xE0, 0x3F, 0xCB, 0x1F, 0x2E, 0x06, 0x06, 0x81, 0xFF, 0xEC, 0xFF, 0x38,
    0x81, 0xCA, 0xFE, 0x73, 0xFC, 0xE3, 0x02, 0x51, 0xEC, 0x7F, 0x78, 0x41, 0x82, 0x2C, 0xDF, 0x81,
    0x2A, 0x1D, 0xDE, 0x33, 0x3C, 0xEC, 0x07, 0x6A, 0xC8, 0x67, 0x70, 0xF8, 0xCF, 0xCA, 0xF0, 0x15,
    0xA8, 0x6C, 0xD3, 0xF9, 0x53, 0x79, 0x20, 0xB3, 0x9D, 0x4C, 0x81, 0x04, 0x00, 0x0F, 0xB5, 0x21,
    0xF6, 0x78, 0x9C, 0x63, 0x60, 0x60, 0x60, 0x66, 0x00, 0x81, 0x86, 0x78, 0x30, 0xF5, 0xE3, 0x1F,
    0x0B, 0x98, 0xB3, 0xC1, 0x1E, 0x48, 0x5D, 0x65, 0x62, 0x78, 0x09, 0x16, 0x65, 0x50, 0x60, 0x80,
    0x03, 0x85, 0x93, 0x67, 0xC5, 0x81, 0xD4, 0x77, 0xCD, 0xC0, 0x77, 0x2C, 0x0C, 0x05, 0xF3, 0x19,
    0x18, 0x3E, 0xD9, 0x33, 0x7C, 0x92, 0x67, 0x60, 0x58, 0x70, 0x9F, 0xE1, 0x07, 0x0F, 0x03, 0x43,
    0xC0, 0x7F, 0x96, 0x3F, 0x5C, 0x0C, 0x0C, 0x02, 0xFF, 0xD9, 0xFF, 0x71, 0x02, 0x95, 0xFD, 0xE7,
    0xF8, 0xC7, 0x05, 0xA2, 0xD8, 0xFF, 0xF0, 0x82, 0x04, 0x59, 0xBE, 0x03, 0x55, 0x3A, 0xBC, 0x67,
    0x78, 0xD8, 0x0F, 0xD4, 0x90, 0xCF, 0xE0, 0xF0, 0x9F, 0x95, 0xE1, 0x2B, 0x50, 0xD9, 0xA6, 0xF3,
    0xA7, 0xF2, 0x40, 0x66, 0x3B, 0x99, 0x02, 0x09, 0x00, 0x3D, 0xC0, 0x24, 0x6C, 0x78, 0x9C, 0x63,
    0x60, 0x60, 0x64, 0x00, 0x81, 0x0D, 0xFF, 0xD9, 0x37, 0xB0, 0x30, 0x30, 0xEC, 0x5A, 0xF6, 0xFE,
    0x3E, 0x90, 0xC7, 0xCC, 0xB0, 0x44, 0x82, 0x01, 0x1D, 0x28, 0x9C, 0x3C, 0x2B, 0x0E, 0xA4, 0xBE,
    0x6B, 0x06, 0xBE, 0x63, 0x61, 0x28, 0x98, 0xCF, 0xC0, 0xF0, 0xC9, 0x9E, 0xE1, 0x93, 0x3C, 0x03,
    0xC3, 0x82, 0xFB, 0x0C, 0x3F, 0x78, 0x18, 0x18, 0x02, 0xFE, 0xB3, 0xFC, 0xE1, 0x62, 0x60, 0x10,
    0xF8, 0xCF, 0xFE, 0x8F, 0x13, 0xA8, 0xEC, 0x3F, 0xC7, 0x3F, 0x2E, 0x10, 0xC5, 0xFE, 0x87, 0x17,
    0x24, 0xC8, 0xF2, 0x1D, 0xA8, 0xD2, 0xE1, 0x3D, 0xC3, 0xC3, 0x7E, 0xA0, 0x86, 0x7C, 0x06, 0x87,
    0xFF, 0xAC, 0x0C, 0x5F, 0x81, 0xCA, 0x36, 0x9D, 0x3F, 0x95, 0x07, 0x32, 0xDB, 0xC9, 0x14, 0x48,
    0x00, 0x00, 0x24, 0xC1, 0x24, 0x3A, 0x78, 0x9C, 0x63, 0x60, 0x60, 0x02, 0x42, 0x06, 0x86, 0x03,
    0xF6, 0x0B, 0xF2, 0x81, 0xD4, 0x87, 0xFC, 0x0B, 0xF3, 0x81, 0x54, 0x02, 0xA7, 0x83, 0x14, 0x03,
    0x3A, 0x50, 0x38, 0x79, 0x56, 0x1C, 0x48, 0x7D, 0xD7, 0x0C, 0x7C, 0xC7, 0xC2, 0x50, 0x00, 0x54,
    0xF6, 0xC9, 0x9E, 0xE1, 0x93, 0x3C, 0x03, 0xC3, 0x82, 0xFB, 0x0C, 0x3F, 0x78, 0x18, 0x18, 0x02,
    0xFE, 0xB3, 0xFC, 0xE1, 0x62, 0x60, 0x10, 0xF8, 0xCF, 0xFE, 0x8F, 0x13, 0xA8, 0xEC, 0x3F, 0xC7,
    0x3F, 0x2E, 0x10, 0xC5, 0xFE, 0x87, 0x17, 0x24, 0xC8, 0xF2, 0x1D, 0xA8, 0xD2, 0xE1, 0x3D, 0xC3,
    0xC3, 0x7E, 0xA0, 0x86, 0x7C, 0x06, 0x87, 0xFF, 0xAC, 0x0C, 0x5F, 0x81, 0xCA, 0x36, 0x9D, 0x3F,
    0x95, 0x07, 0x32, 0xDB, 0xC9, 0x14, 0x48, 0x00, 0x00, 0xCC, 0x23, 0x23, 0x85, 0x78, 0x9C, 0x63,
    0x60, 0x38, 0xCC, 0xC6, 0x00, 0x04, 0x7F, 0xF8, 0x41, 0xE4, 0x2F, 0x5E, 0x10, 0x19, 0xC0, 0xC8,
    0x00, 0x05, 0xA7, 0xCF, 0x00, 0x81, 0x4E, 0x7B, 0x07, 0x10, 0x48, 0xC0, 0xC4, 0xB0, 0xAB, 0x07,
    0x00, 0xF5, 0xF7, 0x0D, 0x3F, 0x78, 0x9C, 0x63, 0x60, 0x40, 0x80, 0x6A, 0x06, 0x06, 0x85, 0x93,
    0x67, 0xCB, 0xFD, 0x19, 0x18, 0xBE, 0x6B, 0x06, 0xFE, 0xE7, 0x63, 0x28, 0x98, 0xCF, 0xC0, 0xF0,
    0xC7, 0x9E, 0xE1, 0x93, 0x3C, 0x83, 0xC3, 0xFF, 0xFB, 0x0C, 0x3F, 0x78, 0x18, 0x2E, 0x44, 0xFD,
    0x67, 0xF9, 0xC3, 0xC5, 0xF0, 0x42, 0xF0, 0x3F, 0xFB, 0x3F, 0x4E, 0x85, 0x78, 0x86, 0xFF, 0x1C,
    0xFF, 0xB8, 0x0E, 0x70, 0x33, 0xFC, 0x67, 0xFF, 0xC3, 0xFB, 0x8D, 0x51, 0xE0, 0x3F, 0xCB, 0x77,
    0xFB, 0x7C, 0x06, 0x87, 0xF7, 0x0C, 0x0F, 0xFF, 0xF3, 0x30, 0x2C, 0x00, 0xB2, 0xFE, 0x73, 0x30,
    0x7C, 0xE5, 0x64, 0x60, 0xF8, 0x7F, 0xFE, 0x54, 0x1E, 0x03, 0x43, 0x03, 0x8F, 0x93, 0x29, 0xD0,
    0x8E, 0x06, 0x26, 0xB0, 0x55, 0x00, 0xBC, 0xA0, 0x26, 0x3D, 0x78, 0x9C, 0x63, 0x60, 0x60, 0x60,
    0x64, 0x00, 0x83, 0x02, 0x7F, 0x08, 0x1D, 0xF0, 0x1E, 0x42, 0x33, 0x7C, 0xE3, 0x80, 0x0A, 0xE8,
    0x43, 0x05, 0x98, 0x19, 0x10, 0x40, 0x60, 0x12, 0x2B, 0x83, 0x40, 0x13, 0x1B, 0xC3, 0xD3, 0xFF,
    0xEC, 0x0C, 0x4F, 0xFE, 0x03, 0x55, 0xFE, 0x66, 0x67, 0x60, 0xF8, 0x89, 0x46, 0xFF, 0x22, 0x82,
    0xFE, 0xC9, 0x09, 0xA4, 0x81, 0xEC, 0xEF, 0xBC, 0x0C, 0x0C, 0x7F, 0x81, 0xF4, 0xC7, 0x7A, 0x86,
    0xCB, 0x7F, 0xD9, 0x18, 0x18, 0x12, 0xFE, 0xBF, 0xF7, 0xFD, 0xFE, 0x1F, 0x68, 0x65, 0xA0, 0x19,
    0xC8, 0x3E, 0x00, 0xDE, 0x7C, 0x23, 0x1B, 0x78, 0x9C, 0x63, 0x60, 0x80, 0x83, 0x02, 0x7F, 0x08,
    0xFD, 0x49, 0x1F, 0x42, 0xFF, 0x66, 0x06, 0x53, 0x01, 0x76, 0x10, 0xAE, 0x00, 0x13, 0x03, 0x12,
    0x10, 0x98, 0xC4, 0xCA, 0x20, 0xD0, 0xC4, 0xC6, 0xF0, 0xF4, 0x3F, 0x3B, 0xC3, 0x93, 0xFF, 0x1C,
    0x40, 0xD5, 0xEC, 0x0C, 0x0C, 0x3F, 0xD1, 0xE8, 0x5F, 0x44, 0xD0, 0x3F, 0x39, 0x81, 0x34, 0x90,
    0xFD, 0x9D, 0x97, 0x81, 0xE1, 0x2F, 0x90, 0xFE, 0x58, 0xCF, 0x70, 0xF9, 0x2F, 0x1B, 0x03, 0x43,
    0xC2, 0xFF, 0xF7, 0xBE, 0xDF, 0xFF, 0x03, 0x9D, 0x10, 0x68, 0x06, 0xB2, 0x0F, 0x00, 0xDA, 0xD8,
    0x23, 0x1A, 0x78, 0x9C, 0x63, 0x60, 0x60, 0x30, 0x60, 0x80, 0x80, 0xEF, 0x6C, 0x60, 0xAA, 0xE0,
    0x7E, 0x3C, 0x94, 0xFB, 0x93, 0x05, 0x48, 0x19, 0xD8, 0x31, 0x14, 0xC8, 0x83, 0xF8, 0x8C, 0x0C,
    0x0C, 0x4C, 0x0C, 0x70, 0x20, 0x30, 0x89, 0x95, 0x41, 0xA0, 0x89, 0x8D, 0xE1, 0xE9, 0x7F, 0x76,
    0x86, 0x27, 0xFF, 0x39, 0x18, 0x18, 0x7E, 0xB3, 0x33, 0x30, 0xFC, 0x44, 0xA3, 0x7F, 0x11, 0x41,
    0xFF, 0xE4, 0x04, 0xD2, 0x40, 0xF6, 0x77, 0x5E, 0x06, 0x86, 0xBF, 0x40, 0xFA, 0x63, 0x3D, 0xC3,
    0xE5, 0xBF, 0x40, 0x97, 0x24, 0xFC, 0x7F, 0xEF, 0xFB, 0xFD, 0x3F, 0x33, 0x03, 0x43, 0xA0, 0x19,
    0xC8, 0x3E, 0x00, 0x2F, 0x30, 0x25, 0x71, 0x78, 0x9C, 0x63, 0x60, 0x50, 0x60, 0x30, 0x60, 0x00,
    0x81, 0xDF, 0xAC, 0x3F, 0x38, 0x40, 0xF4, 0x3F, 0xF6, 0xDF, 0x5C, 0x20, 0x7A, 0x29, 0xE3, 0x62,
    0x26, 0x06, 0x0C, 0x20, 0x30, 0x89, 0x95, 0x41, 0xA0, 0x89, 0x8D, 0xE1, 0xE9, 0x7F, 0x76, 0x86,
    0x27, 0xFF, 0x81, 0x1A, 0x7E, 0xB3, 0x33, 0x30, 0xFC, 0x44, 0xA3, 0x7F, 0x11, 0x41, 0xFF, 0xE4,
    0x04, 0xD2, 0x40, 0xF6, 0x77, 0x5E, 0x06, 0x86, 0xBF, 0x40, 0xFA, 0x63, 0x3D, 0xC3, 0xE5, 0xBF,
    0x6C, 0x0C, 0x0C, 0x09, 0xFF, 0xDF, 0xFB, 0x7E, 0xFF, 0xCF, 0xCC, 0xC0, 0x10, 0x68, 0x06, 0xB2,
    0x0F, 0x00, 0x05, 0x9A, 0x25, 0x41, 0x78, 0x9C, 0x63, 0x60, 0x80, 0x81, 0x05, 0xF2, 0x60, 0xEA,
    0x2B, 0x2F, 0x98, 0xBA, 0xC7, 0x08, 0x22, 0x27, 0xC8, 0x82, 0x39, 0x06, 0x8C, 0x70, 0x55, 0x0C,
    0xED, 0x1D, 0x1A, 0x0C, 0x09, 0x1D, 0x1C, 0xC7, 0xFF, 0x4B, 0x30, 0x24, 0xFC, 0xE2, 0x4C, 0xF8,
    0x0F, 0x94, 0x5A, 0xCD, 0xC0, 0xF0, 0x9F, 0x95, 0x41, 0x40, 0x9F, 0x81, 0xE1, 0x27, 0x37, 0x43,
    0x02, 0x0F, 0x03, 0xC3, 0x47, 0x7B, 0x86, 0x03, 0x6C, 0x40, 0x13, 0xD7, 0x33, 0x7C, 0x04, 0x4A,
    0x2B, 0xFC, 0x67, 0xDA, 0x0E, 0xD2, 0xF9, 0x9B, 0x33, 0x06, 0x44, 0x7D, 0xB6, 0xE7, 0x07, 0x51,
    0x07, 0xDE, 0x73, 0x81, 0x28, 0x87, 0xFF, 0x2C, 0x60, 0x63, 0xDF, 0x42, 0x4C, 0xEF, 0x84, 0x50,
    0x7A, 0x60, 0x32, 0x80, 0x07, 0x4C, 0x6D, 0x00, 0x1A, 0xC5, 0xD0, 0x20, 0xFB, 0x18, 0xAC, 0x6B,
    0xBD, 0x1F, 0xD8, 0x41, 0xBB, 0xC1, 0xBA, 0x00, 0xC6, 0xFB, 0x20, 0x33, 0x78, 0x9C, 0x73, 0xBA,
    0xCE, 0x00, 0x02, 0xA7, 0xFE, 0x83, 0x29, 0x01, 0xBC, 0x54, 0xC2, 0xED, 0x39, 0x4C, 0x40, 0x6A,
    0x6D, 0xDA, 0xEF, 0x78, 0x20, 0xC5, 0xC2, 0x30, 0xE1, 0x3F, 0x33, 0x58, 0xEE, 0x1F, 0x37, 0x98,
    0xFA, 0x21, 0x0F, 0xA6, 0xBE, 0xDA, 0x2B, 0x80, 0xA8, 0xCF, 0xF1, 0x60, 0xEA, 0x0B, 0x84, 0xF7,
    0x4D, 0x1E, 0x4C, 0xFD, 0xE2, 0x06, 0x51, 0x02, 0xFF, 0x99, 0x15, 0x80, 0xDA, 0x0F, 0xE6, 0x33,
    0x28, 0xFC, 0xBF, 0xBB, 0xEA, 0x3E, 0x0B, 0x90, 0x32, 0x08, 0x65, 0x66, 0x60, 0x50, 0x80, 0x58,
    0x84, 0x4A, 0x39, 0x40, 0xA8, 0x23, 0xFF, 0x3D, 0x41, 0x54, 0x72, 0x9A, 0x1A, 0x88, 0x02, 0x00,
    0xD2, 0x15, 0x31, 0x0F, 0x78, 0x9C, 0x63, 0x60, 0x50, 0x64, 0x50, 0x60, 0x00, 0x82, 0x7F, 0x4C,
    0x7F, 0x58, 0x18, 0x18, 0x04, 0xFE, 0xB3, 0xFC, 0x67, 0x07, 0xF2, 0xA6, 0x33, 0x2C, 0x65, 0x64,
    0x40, 0x05, 0xED, 0x1D, 0x1A, 0x0C, 0x09, 0x1D, 0x1C, 0xC7, 0xFF, 0x4B, 0x30, 0x24, 0xFC, 0xE2,
    0x4C, 0xF8, 0x0F, 0x94, 0x5F, 0xCD, 0xC0, 0xF0, 0x9F, 0x95, 0x41, 0x40, 0x9F, 0x81, 0xE1, 0x27,
    0x37, 0x43, 0x02, 0x0F, 0x03, 0xC3, 0x47, 0x7B, 0x86, 0x03, 0x6C, 0x0C, 0x0C, 0x0B, 0xD6, 0x33,
    0x7C, 0x04, 0x4A, 0x2B, 0xFC, 0x67, 0xDA, 0x0E, 0xD2, 0xF9, 0x9B, 0x33, 0x06, 0x44, 0x7D, 0xB6,
    0xE7, 0x07, 0x51, 0x07, 0xDE, 0x73, 0x81, 0x28, 0x87, 0xFF, 0x2C, 0x60, 0x63, 0xDF, 0x42, 0x4C,
    0xEF, 0x84, 0x50, 0x7A, 0x60, 0x32, 0x80, 0x07, 0x4C, 0x6D, 0x00, 0x1A, 0xC5, 0xD0, 0x20, 0xFB,
    0x18, 0xAC, 0x6B, 0xBD, 0x1F, 0x88, 0x32, 0xD8, 0x0D, 0xD6, 0x05, 0x00, 0x1F, 0x65, 0x22, 0x4C,
    0x78, 0x9C, 0x63, 0x60, 0x60, 0x64, 0x00, 0x01, 0x85, 0xFD, 0x60, 0x8A, 0xE1, 0xB7, 0x0C, 0x98,
    0x0A, 0x38, 0x07, 0x11, 0x9E, 0xC8, 0xCE, 0x00, 0x03, 0xAD, 0x1D, 0x20, 0xC0, 0xDC, 0xFA, 0xAF,
    0x3F, 0xAD, 0xEC, 0x2F, 0x1B, 0xC3, 0x3F, 0xA0, 0xCC, 0x05, 0x76, 0x86, 0x7F, 0x2C, 0x0C, 0x0C,
    0x05, 0x10, 0xCA, 0x01, 0x42, 0x01, 0x01, 0x90, 0x5A, 0x04, 0xA1, 0x1E, 0x82, 0xA8, 0xD9, 0x33,
    0x5F, 0x82, 0xA8, 0xC8, 0xD0, 0xD7, 0x48, 0x82, 0x2C, 0x0C, 0x05, 0x10, 0x8A, 0x01, 0x46, 0x85,
    0x41, 0xA8, 0x4C, 0x86, 0xFF, 0x20, 0x2A, 0xCE, 0xE0, 0x3F, 0x33, 0x03, 0xC3, 0x91, 0xF8, 0x1F,
    0xFF, 0x41, 0xC0, 0x1F, 0x00, 0xA4, 0x89, 0x2A, 0xBB, 0x78, 0x9C, 0x63, 0x60, 0x48, 0x65, 0x68,
    0x64, 0x62, 0x60, 0x30, 0xF8, 0xCF, 0xF2, 0x9B, 0x07, 0x4E, 0x31, 0xA4, 0x31, 0x34, 0x01, 0x05,
    0x21, 0xA0, 0xB5, 0x03, 0x04, 0x98, 0x5B, 0xFF, 0xF5, 0xA7, 0x95, 0xFD, 0x65, 0x63, 0xF8, 0xC7,
    0xCE, 0xC0, 0x70, 0x81, 0x9D, 0xE1, 0x1F, 0x0B, 0x03, 0x43, 0x01, 0x84, 0x72, 0x80, 0x50, 0x40,
    0x00, 0xA4, 0x16, 0x41, 0xA8, 0x87, 0x20, 0x6A, 0xF6, 0xCC, 0x97, 0x20, 0x2A, 0x32, 0xF4, 0x35,
    0x92, 0x20, 0x0B, 0x43, 0x01, 0x84, 0x62, 0x80, 0x51, 0x61, 0x10, 0x2A, 0x93, 0xE1, 0x3F, 0x88,
    0x8A, 0x33, 0xF8, 0xCF, 0xCC, 0xC0, 0x70, 0x24, 0xFE, 0xC7, 0x7F, 0x10, 0xF0, 0x07, 0x00, 0x1E,
    0x55, 0x2D, 0x53, 0x78, 0x9C, 0x6B, 0xEA, 0x00, 0x03, 0x0D, 0x06, 0x86, 0xAF, 0xF3, 0xCB, 0xBF,
    0xD7, 0xA7, 0xFD, 0xF4, 0x07, 0xB2, 0x98, 0x18, 0x3E, 0xCA, 0x33, 0x18, 0xC4, 0x33, 0x30, 0x6C,
    0x63, 0x00, 0xB1, 0x18, 0x62, 0x18, 0x18, 0xDA, 0x20, 0xAC, 0x4C, 0x06, 0x86, 0x54, 0x08, 0x2B,
    0x8C, 0x01, 0x04, 0x40, 0x2C, 0x08, 0xF8, 0x68, 0xDF, 0x36, 0x4B, 0x1D, 0xC2, 0xFA, 0x3F, 0x7B,
    0xE7, 0x7F, 0x0E, 0x98, 0xEC, 0xA5, 0x7C, 0x18, 0xCB, 0xE1, 0x3E, 0x5C, 0xC7, 0x7F, 0x04, 0x8B,
    0x11, 0x43, 0x4C, 0x01, 0xCC, 0xFA, 0x04, 0x64, 0x05, 0xAC, 0x07, 0xB1, 0xBE, 0x01, 0x59, 0x17,
    0x80, 0xCE, 0x62, 0xD8, 0xF0, 0xFF, 0x3F, 0x7B, 0xD7, 0x5F, 0x76, 0xA8, 0x85, 0x41, 0xAA, 0x0C,
    0x0C, 0x00, 0x2C, 0x7D, 0x2F, 0x39, 0x78, 0x9C, 0x63, 0x60, 0x60, 0x60, 0x60, 0x64, 0x00, 0x81,
    0x09, 0xF1, 0x60, 0xEA, 0x97, 0x0C, 0x88, 0xDC, 0x50, 0x0F, 0xE6, 0x2C, 0x85, 0x48, 0x81, 0x41,
    0x6B, 0x07, 0x10, 0x54, 0x30, 0xB4, 0xFE, 0xEB, 0x4B, 0x5B, 0xF6, 0x9F, 0x81, 0xE1, 0x1F, 0x3B,
    0x03, 0xC3, 0x37, 0x20, 0xC5, 0xC2, 0xC0, 0xF0, 0x01, 0x42, 0x1D, 0x60, 0x04, 0x53, 0x0C, 0x0C,
    0x94, 0x52, 0xFF, 0xC1, 0x94, 0x01, 0x84, 0xFA, 0xF1, 0xFF, 0x3F, 0x0F, 0x90, 0x02, 0x00, 0x65,
    0xEF, 0x20, 0x11, 0x78, 0x9C, 0x63, 0x60, 0x70, 0x38, 0x79, 0xB7, 0x5B, 0x49, 0x9A, 0x41, 0xE1,
    0x4F, 0xB4, 0xD2, 0x92, 0xFD, 0xF2, 0x0C, 0x8F, 0xE3, 0x19, 0x18, 0x18, 0xBE, 0xC9, 0x0B, 0xFC,
    0x63, 0x05, 0xD2, 0x13, 0xE4, 0x27, 0xEC, 0x07, 0x52, 0x0C, 0x0A, 0xF2, 0x1F, 0xFD, 0x41, 0x34,
    0x83, 0xDC, 0x37, 0x3E, 0x20, 0xB9, 0x90, 0x81, 0xF1, 0x17, 0x37, 0x90, 0xFE, 0xC0, 0xC0, 0xF0,
    0x67, 0xFE, 0xCC, 0x99, 0x33, 0x7F, 0x32, 0x30, 0xFC, 0xCD, 0x0F, 0x0B, 0x0D, 0xFD, 0x0D, 0xE4,
    0x83, 0xC4, 0x1F, 0x30, 0x30, 0xFC, 0x02, 0xA9, 0x2B, 0x00, 0x9A, 0x64, 0x0F, 0xD6, 0xC7, 0xF0,
    0x61, 0x3D, 0x84, 0x2E, 0xF8, 0xCF, 0x02, 0xA2, 0x82, 0x19, 0x7E, 0x83, 0x0C, 0x74, 0xD0, 0x65,
    0x58, 0xF0, 0xDF, 0x8A, 0xC1, 0xE1, 0x16, 0x13, 0x03, 0xC3, 0xD5, 0xFF, 0xFF, 0xDF, 0x73, 0x80,
    0xE4, 0x9C, 0xC2, 0x98, 0x19, 0x18, 0x00, 0xD5, 0xFE, 0x29, 0x3A, 0x78, 0x9C, 0x63, 0x98, 0xF4,
    0x76, 0xAD, 0xAA, 0x34, 0x43, 0xC0, 0x7D, 0xD5, 0xE2, 0x77, 0xF2, 0x0C, 0x1F, 0xE5, 0x18, 0x18,
    0x1E, 0xC9, 0x33, 0x7C, 0xE5, 0x62, 0x60, 0x48, 0x90, 0x67, 0xF8, 0xCE, 0xC9, 0xC0, 0xC0, 0x20,
    0xCF, 0xF0, 0x0D, 0x28, 0xC8, 0x20, 0xC5, 0xF0, 0xF1, 0x3C, 0x13, 0x90, 0x66, 0x08, 0xF8, 0xDF,
    0xCF, 0x08, 0xA2, 0x2F, 0x43, 0xE9, 0x6B, 0xFF, 0xEB, 0x41, 0x14, 0xC3, 0xB3, 0xFF, 0xDC, 0x60,
    0xFA, 0x67, 0x3F, 0x03, 0x48, 0x7C, 0xC1, 0x7B, 0x86, 0x0E, 0x20, 0x65, 0xF0, 0x9F, 0xE1, 0x04,
    0x90, 0x12, 0xF8, 0xCF, 0xF0, 0x9D, 0x05, 0xA8, 0x77, 0x3D, 0xC3, 0xF7, 0x7C, 0x06, 0x86, 0xC7,
    0x7A, 0x0C, 0xD7, 0x5E, 0xEC, 0xBB, 0xB5, 0x9F, 0x89, 0x41, 0x91, 0x21, 0xD8, 0x0D, 0xA8, 0x1A,
    0x00, 0xBE, 0x5C, 0x25, 0x4C, 0x78, 0x9C, 0x6B, 0xED, 0xE8, 0x68, 0xFD, 0x97, 0xC7, 0xF0, 0x8F,
    0x8D, 0xE1, 0x1F, 0x0B, 0x61, 0xF4, 0x9F, 0xC5, 0xE0, 0xBF, 0xC8, 0x8F, 0xFF, 0xFF, 0x01, 0x45,
    0xD1, 0x15, 0xDF, 0x78, 0x9C, 0x0B, 0x60, 0x13, 0xD0, 0xF8, 0xEC, 0xBF, 0xE1, 0x3C, 0x08, 0x27,
    0xB0, 0x29, 0x68, 0x30, 0x00, 0x41, 0x40, 0x47, 0x07, 0x47, 0xC0, 0x8B, 0xF7, 0x6C, 0x0C, 0x0F,
    0xF2, 0x19, 0x18, 0x1E, 0xF8, 0x93, 0x86, 0x3F, 0x00, 0xF1, 0x67, 0x7F, 0xC6, 0x86, 0xFF, 0xFF,
    0xF9, 0x01, 0xA7, 0x99, 0x1E, 0xE6, 0x78, 0x9C, 0x63, 0x68, 0xE8, 0xE8, 0xF0, 0x60, 0x98, 0x70,
    0xE2, 0xBF, 0x25, 0x03, 0x43, 0xC3, 0x7D, 0x06, 0x20, 0xB1, 0x9E, 0x64, 0x62, 0x3E, 0x88, 0xA8,
    0x67, 0x48, 0xE0, 0x98, 0xE0, 0xCF, 0xF0, 0x41, 0xFE, 0x02, 0x1F, 0xC3, 0x82, 0xF3, 0x6F, 0x98,
    0x19, 0x18, 0x82, 0x59, 0x18, 0x18, 0x00, 0x05, 0x1A, 0x19, 0xA5, 0x78, 0x9C, 0x63, 0x30, 0xE8,
    0x00, 0x03, 0x06, 0x10, 0x30, 0xE8, 0xB8, 0xDF, 0xD1, 0xF1, 0x3F, 0x8F, 0x01, 0x02, 0xFC, 0x19,
    0x18, 0xFE, 0xB1, 0x41, 0xD9, 0xFA, 0x40, 0x36, 0x0B, 0x16, 0xB6, 0x3C, 0x82, 0x2D, 0x80, 0xCC,
    0xE6, 0x07, 0xB2, 0xCD, 0x8C, 0x19, 0x41, 0x6C, 0x05, 0x10, 0x7B, 0xEF, 0xED, 0xFB, 0xEC, 0x40,
    0xB6, 0x03, 0x2F, 0x58, 0xCD, 0xA1, 0xF3, 0x40, 0x76, 0x02, 0x37, 0x98, 0x2D, 0xF0, 0x0F, 0x28,
    0x31, 0x81, 0x0B, 0xA2, 0xF7, 0x27, 0x0F, 0x03, 0xC3, 0x01, 0x76, 0x08, 0xFB, 0x3B, 0x1F, 0x03,
    0xC3, 0x07, 0x66, 0x08, 0xFB, 0x07, 0x50, 0xDF, 0x53, 0x06, 0x08, 0xFB, 0x37, 0x57, 0x33, 0xE3,
    0x6C, 0x20, 0xFB, 0x3F, 0x0B, 0x83, 0xC1, 0x7F, 0xE6, 0x3F, 0x6E, 0x40, 0xE7, 0x00, 0x69, 0x81,
    0xEF, 0xF9, 0x0C, 0x3F, 0xDE, 0xB0, 0x02, 0x95, 0xFE, 0xFF, 0xFF, 0x7F, 0x2E, 0x13, 0x83, 0x83,
    0x2A, 0x03, 0x1C, 0x00, 0x00, 0x01, 0x80, 0x31, 0xB4, 0x78, 0x9C, 0x6B, 0xED, 0xE8, 0x60, 0x60,
    0x68, 0xE8, 0xE8, 0x60, 0x65, 0x60, 0x60, 0x68, 0xFD, 0x97, 0xC7, 0xC0, 0x30, 0xE1, 0xE7, 0x7E,
    0x66, 0x20, 0x9B, 0xE1, 0x1F, 0x1B, 0x90, 0xF8, 0xCC, 0xCF, 0x00, 0x66, 0xB3, 0xA0, 0xB1, 0xBF,
    0xF0, 0xE1, 0x67, 0x9B, 0x19, 0x1B, 0x1B, 0x7F, 0xB3, 0x33, 0x66, 0x02, 0xB1, 0xDF, 0xDD, 0xBB,
    0x7B, 0xF6, 0xEF, 0xFE, 0xD3, 0xFF, 0xBC, 0x11, 0x6A, 0x02, 0xFE, 0xB3, 0x23, 0xD4, 0x7F, 0xD5,
    0x47, 0xB0, 0x3F, 0xD4, 0x23, 0xD8, 0x17, 0xE6, 0x23, 0xB1, 0x91, 0xC4, 0x3F, 0xFA, 0x33, 0xFC,
    0x87, 0xB1, 0x7F, 0xF2, 0x1A, 0xFC, 0x17, 0x01, 0xB2, 0x7F, 0xF2, 0x31, 0x2C, 0x7E, 0xCF, 0xF4,
    0xE3, 0xFF, 0x7F, 0xA0, 0xD2, 0xFF, 0xFF, 0xFF, 0x9F, 0x63, 0x67, 0x00, 0x00, 0x33, 0xBF, 0x3F,
    0x77, 0x78, 0x9C, 0x6B, 0xEA, 0x00, 0x03, 0x0D, 0x06, 0x86, 0xAF, 0xF3, 0xD3, 0xFF, 0x65, 0x96,
    0xFD, 0xF4, 0x07, 0xB2, 0x98, 0x19, 0xFE, 0xB2, 0x32, 0x18, 0xC4, 0x33, 0x30, 0x6C, 0x63, 0x00,
    0xB1, 0x18, 0x62, 0x18, 0x18, 0xDA, 0x20, 0xAC, 0x4C, 0x06, 0x86, 0x54, 0x08, 0x2B, 0x8C, 0x01,
    0x04, 0x40, 0x2C, 0x08, 0xF8, 0x1B, 0x36, 0xA3, 0x8B, 0x05, 0xC2, 0xBA, 0xBF, 0xEA, 0xCF, 0x79,
    0x08, 0x8B, 0x8D, 0x41, 0xE1, 0x2F, 0x27, 0x4C, 0xDD, 0x17, 0x7E, 0x18, 0xEB, 0x83, 0x3E, 0x9C,
    0x65, 0x8F, 0x8B, 0xF5, 0x0F, 0xC6, 0x32, 0xF8, 0x0F, 0x34, 0xF6, 0xAB, 0x3D, 0x23, 0x03, 0xC3,
    0xF7, 0xFF, 0xFF, 0x59, 0x27, 0xFC, 0xFF, 0xCF, 0x0F, 0x00, 0x33, 0xBA, 0x30, 0x25, 0x78, 0x9C,
    0x63, 0x60, 0x80, 0x03, 0x83, 0xF9, 0x10, 0xFA, 0x42, 0x3E, 0x84, 0xFE, 0xCE, 0x0E, 0xA6, 0x04,
    0xA0, 0x5C, 0x06, 0x16, 0x06, 0x24, 0xD0, 0xDA, 0xD1, 0xC1, 0x60, 0xD0, 0xD1, 0xC1, 0xDE, 0xFA,
    0x2F, 0x8F, 0xC1, 0xE0, 0xE7, 0x3C, 0x36, 0x86, 0x7F, 0x6C, 0x0C, 0x02, 0x6B, 0x81, 0x12, 0xFF,
    0x58, 0x18, 0x16, 0x70, 0x43, 0xE8, 0x27, 0x8C, 0x10, 0x3A, 0x8E, 0x01, 0x4C, 0x4F, 0xE0, 0x86,
    0xD0, 0x9F, 0x99, 0xC0, 0x74, 0xD7, 0x5A, 0xB0, 0x41, 0xFF, 0x66, 0xFD, 0x67, 0x87, 0x88, 0x7F,
    0xF3, 0x87, 0xD0, 0x0B, 0xDE, 0x43, 0xF5, 0xFD, 0xE5, 0x81, 0xD0, 0x9F, 0xFA, 0x21, 0x74, 0xC2,
    0x7F, 0x56, 0x06, 0x86, 0xFF, 0x40, 0x67, 0xFC, 0xD2, 0x67, 0x30, 0xF8, 0x2F, 0xC2, 0xC0, 0x70,
    0xE0, 0x3D, 0xF3, 0x8F, 0xFF, 0xFF, 0x81, 0x4E, 0xFC, 0x73, 0x1F, 0x00, 0x20, 0xF4, 0x2F, 0x15,
    0x78, 0x9C, 0x63, 0x60, 0x60, 0x60, 0x64, 0x80, 0x80, 0x86, 0x7A, 0x28, 0xC3, 0xE0, 0x1F, 0x3B,
    0x94, 0x35, 0xA1, 0x1F, 0xCA, 0x60, 0x38, 0xCC, 0xC4, 0x80, 0x04, 0x5A, 0x3B, 0x3A, 0x18, 0x18,
    0x14, 0x3A, 0x3A, 0x2C, 0x5A, 0xFF, 0xE5, 0x01, 0x19, 0x27, 0xFF, 0x6B, 0x30, 0xFC, 0x63, 0x03,
    0x8A, 0x7F, 0x38, 0xCF, 0xC0, 0xF0, 0x8F, 0x05, 0xC8, 0xF8, 0xBA, 0x1E, 0xC2, 0x30, 0xD8, 0x07,
    0x65, 0x5C, 0x6C, 0x85, 0x32, 0x7A, 0x1A, 0x20, 0x8C, 0x09, 0xDC, 0x50, 0xC6, 0x35, 0x06, 0x08,
    0xC3, 0x40, 0x0F, 0xCA, 0x78, 0xC8, 0x0A, 0x65, 0xF4, 0x30, 0x40, 0x18, 0x53, 0xB8, 0xA1, 0x8C,
    0xDB, 0x0C, 0x50, 0x86, 0x3E, 0x94, 0xF1, 0x9F, 0x13, 0xE4, 0xC8, 0xF5, 0x0C, 0x06, 0xFF, 0x45,
    0x80, 0x8C, 0x0B, 0xF3, 0x19, 0x7E, 0xFC, 0xFF, 0x0F, 0xB4, 0xF4, 0xFF, 0xFF, 0x7C, 0x00, 0xE2,
    0x9F, 0x39, 0xD6, 0x78, 0x9C, 0x63, 0x60, 0x50, 0x60, 0x65, 0x08, 0x60, 0x64, 0x00, 0x82, 0x0B,
    0xF6, 0x0C, 0xDF, 0xB8, 0x41, 0x8C, 0x0D, 0xF6, 0x0C, 0x5F, 0x39, 0x41, 0x0C, 0x81, 0xDF, 0xBB,
    0xD7, 0x33, 0x80, 0x81, 0x80, 0x31, 0x88, 0x6C, 0xEC, 0xE8, 0x60, 0x67, 0x70, 0xE8, 0xE8, 0x60,
    0x99, 0xF8, 0x67, 0x3F, 0x50, 0xD7, 0xCD, 0xF9, 0xCC, 0x0C, 0x5F, 0xF5, 0x81, 0xE2, 0x1F, 0xD9,
    0x19, 0x18, 0x1E, 0xC4, 0x03, 0x19, 0xCF, 0x81, 0xB8, 0xE0, 0x3E, 0x90, 0xE8, 0x01, 0x29, 0xFF,
    0xC7, 0xCA, 0xA0, 0x20, 0x0F, 0x62, 0x7C, 0xE7, 0x61, 0x98, 0xC0, 0x05, 0x62, 0x00, 0x15, 0x3D,
    0x60, 0x01, 0x31, 0x0A, 0xCE, 0x33, 0x5C, 0x85, 0x98, 0xFC, 0x8F, 0x35, 0x1B, 0xC2, 0xF8, 0xAE,
    0xCB, 0x0F, 0x61, 0x3C, 0xB8, 0xCF, 0x09, 0x61, 0x14, 0xFC, 0x67, 0x86, 0x30, 0x18, 0xCE, 0x43,
    0x69, 0x86, 0x58, 0x08, 0x15, 0x6A, 0xC0, 0x07, 0xA6, 0x1D, 0xFE, 0x1F, 0x60, 0x05, 0x33, 0x0C,
    0xFE, 0xAF, 0x85, 0xAA, 0x48, 0x02, 0x9B, 0xCF, 0x00, 0x00, 0x84, 0x66, 0x27, 0x47, 0x78, 0x9C,
    0x6B, 0xEE, 0xE8, 0x60, 0x62, 0x08, 0xE8, 0xE8, 0x60, 0x6F, 0xFE, 0x53, 0xCF, 0xC8, 0x90, 0xF0,
    0xE3, 0x3E, 0x2B, 0xC3, 0x2F, 0x2E, 0x06, 0x06, 0x86, 0x0F, 0xFE, 0x0C, 0x0C, 0xBF, 0x38, 0x40,
    0x0C, 0x7B, 0x18, 0x43, 0x9F, 0x96, 0x8C, 0xDF, 0x20, 0xC6, 0x47, 0x7D, 0x06, 0x81, 0x7F, 0x40,
    0x86, 0xE0, 0x4F, 0x7D, 0xC6, 0xAF, 0xFF, 0x21, 0x80, 0x0F, 0x28, 0xEE, 0xB0, 0x9F, 0x01, 0x0A,
    0x76, 0xC1, 0x18, 0xDB, 0x61, 0x8C, 0x6D, 0x30, 0x46, 0x10, 0x88, 0x00, 0x00, 0xF5, 0x5B, 0x32,
    0xFE, 0x78, 0x9C, 0x63, 0x60, 0x60, 0x60, 0xB0, 0x66, 0x80, 0x00, 0x81, 0xF9, 0x50, 0x46, 0xC1,
    0x7F, 0x28, 0xE3, 0xC2, 0x7F, 0x36, 0x08, 0xE3, 0xF3, 0x37, 0x1E, 0x08, 0x63, 0xE6, 0x07, 0x7D,
    0x08, 0xC3, 0x6E, 0x41, 0x3F, 0x98, 0x0E, 0xE0, 0x75, 0x78, 0x0F, 0x66, 0x6C, 0xE0, 0x60, 0xF8,
    0xC7, 0x0A, 0x62, 0x7C, 0x64, 0x62, 0xF8, 0xC1, 0x0D, 0x62, 0x5C, 0x63, 0x60, 0xF8, 0x04, 0x56,
    0x7D, 0xA6, 0xBC, 0xFC, 0x39, 0x48, 0xB5, 0xC2, 0xFC, 0xCE, 0x8E, 0xE5, 0x20, 0xD5, 0x0D, 0x40,
    0xD3, 0x04, 0xFE, 0xB3, 0x30, 0x30, 0x3C, 0x60, 0x07, 0xF2, 0x7E, 0x71, 0x31, 0x30, 0x7C, 0x61,
    0x02, 0x32, 0xBE, 0xF1, 0x03, 0xD5, 0x82, 0x34, 0x7C, 0xB7, 0x67, 0xFC, 0xF4, 0x1F, 0xA8, 0x63,
    0xC3, 0xFF, 0xFF, 0xFC, 0x00, 0x1D, 0x56, 0x23, 0xD8, 0x78, 0x9C, 0x6B, 0xED, 0x00, 0x82, 0x0A,
    0x86, 0xD6, 0x7F, 0x7D, 0x69, 0xCB, 0xFE, 0x33, 0x30, 0xFC, 0x63, 0x67, 0x60, 0xF8, 0x06, 0xA4,
    0x58, 0x18, 0x18, 0x3E, 0x40, 0xA8, 0x03, 0x8C, 0x60, 0x8A, 0x81, 0x01, 0x9D, 0x7A, 0xFF, 0x6F,
    0x9F, 0x38, 0x98, 0x37, 0xF9, 0x3D, 0x0B, 0x58, 0xF0, 0xA7, 0x1C, 0x98, 0xFA, 0x94, 0x0F, 0xD1,
    0xDE, 0x8F, 0x4C, 0x7D, 0x8C, 0x67, 0xF8, 0x0F, 0x52, 0xC2, 0x6B, 0xF0, 0x9F, 0x99, 0x61, 0xF3,
    0x7D, 0xA6, 0x1F, 0xFF, 0xFF, 0xFF, 0x3F, 0xC7, 0xCE, 0x00, 0x00, 0x54, 0x3D, 0x2B, 0xA1, 0x78,
    0x9C, 0x6B, 0xED, 0xE8, 0xA8, 0x60, 0x61, 0x60, 0x68, 0xFD, 0x97, 0xDB, 0xF6, 0x8F, 0x83, 0x81,
    0xE1, 0x1F, 0x1B, 0xC3, 0x81, 0xF9, 0x40, 0x8A, 0x85, 0x21, 0xE0, 0x3F, 0x98, 0x52, 0xF8, 0xCF,
    0x04, 0xA2, 0x0C, 0x20, 0xBC, 0x09, 0xFD, 0x60, 0xEA, 0x1B, 0x27, 0x90, 0x9A, 0x7D, 0x2B, 0x86,
    0x01, 0x48, 0x45, 0xA4, 0xBE, 0x84, 0x08, 0x32, 0xFC, 0xE1, 0x02, 0x53, 0x9F, 0xFC, 0xC1, 0xD4,
    0x83, 0x7E, 0x30, 0x75, 0x01, 0x42, 0x7D, 0x88, 0x67, 0xF8, 0x0F, 0xA4, 0x7E, 0xF0, 0x1A, 0xFC,
    0x67, 0x66, 0x58, 0xFC, 0x9E, 0xE9, 0xC7, 0xFF, 0xFF, 0xFF, 0xCF, 0xB1, 0x33, 0x00, 0x00, 0xE5,
    0x5C, 0x2D, 0xC0, 0x78, 0x9C, 0x6B, 0xED, 0x00, 0x82, 0x0A, 0x86, 0xD6, 0x7F, 0x7D, 0x69, 0xCB,
    0xFE, 0x33, 0x30, 0xFC, 0x63, 0x67, 0x60, 0xF8, 0x06, 0xA4, 0x58, 0x18, 0x18, 0x3E, 0x40, 0xA8,
    0x03, 0x8C, 0x60, 0x8A, 0x81, 0x81, 0x52, 0xEA, 0x3F, 0x98, 0x32, 0x80, 0x50, 0x3F, 0xFE, 0xFF,
    0xE7, 0x01, 0x52, 0x00, 0x29, 0x67, 0x1C, 0x36, 0x78, 0x9C, 0x63, 0x08, 0xE8, 0x00, 0x03, 0x46,
    0x86, 0x84, 0x19, 0xE7, 0x2B, 0xCA, 0xFF, 0xD5, 0x31, 0x30, 0x30, 0x38, 0xF0, 0x33, 0x30, 0xFC,
    0xE1, 0x00, 0x31, 0xF8, 0x80, 0x0C, 0x36, 0x20, 0x23, 0x80, 0x17, 0xCA, 0x48, 0xE0, 0x81, 0x32,
    0x0A, 0xB8, 0xA1, 0x8C, 0x06, 0x4E, 0x28, 0x63, 0x02, 0x07, 0x94, 0xB1, 0x81, 0x0D, 0xCA, 0xB8,
    0xC0, 0x02, 0x65, 0x7C, 0x60, 0x84, 0x32, 0x1E, 0x31, 0x40, 0x19, 0xCB, 0x60, 0x8C, 0x6C, 0x28,
    0xC3, 0x00, 0x68, 0x15, 0xC3, 0x5F, 0x20, 0xE3, 0x31, 0x88, 0xF3, 0x9F, 0x95, 0xE1, 0xEB, 0x7F,
    0x08, 0xE0, 0xF8, 0x0A, 0xB4, 0x00, 0x08, 0xBE, 0x73, 0x7C, 0x05, 0xD3, 0x0C, 0x17, 0x38, 0xAE,
    0x42, 0x18, 0x0B, 0x38, 0xB6, 0x42, 0x18, 0x13, 0x38, 0x82, 0x20, 0x0C, 0x07, 0x66, 0x00, 0x5A,
    0x06, 0x2E, 0xBD, 0x78, 0x9C, 0x6B, 0xED, 0x00, 0x01, 0xE6, 0xD6, 0x7F, 0xFD, 0x69, 0x65, 0x7F,
    0xD9, 0x18, 0xFE, 0xB1, 0x33, 0x30, 0x5C, 0x60, 0x67, 0xF8, 0xC7, 0xC2, 0xC0, 0x50, 0x00, 0xA1,
    0x1C, 0x20, 0x14, 0x10, 0x00, 0xA9, 0x45, 0x10, 0xEA, 0x21, 0x88, 0x9A, 0x3D, 0xF3, 0x25, 0x88,
    0x8A, 0x0C, 0x7D, 0x8D, 0x24, 0xC8, 0xC2, 0x50, 0x00, 0xA1, 0x18, 0x60, 0x54, 0x18, 0x84, 0xCA,
    0x64, 0xF8, 0x0F, 0xA2, 0xE2, 0x0C, 0xFE, 0x33, 0x33, 0x30, 0x1C, 0x89, 0xFF, 0xF1, 0x1F, 0x04,
    0xFC, 0x01, 0x80, 0x5E, 0x27, 0x0D, 0x78, 0x9C, 0x25, 0xCD, 0x3B, 0x0E, 0x82, 0x40, 0x10, 0x06,
    0xE0, 0xDF, 0x07, 0xA2, 0xA2, 0x09, 0x37, 0xD0, 0x1B, 0x60, 0x69, 0x87, 0xA5, 0xA7, 0x10, 0x4E,
    0xA0, 0x94, 0x36, 0x24, 0x44, 0x0B, 0xB7, 0x83, 0x1B, 0xE0, 0x0D, 0xF4, 0x06, 0x7A, 0x0A, 0x2D,
    0x69, 0xED, 0x58, 0x0D, 0x98, 0x4D, 0x24, 0xAC, 0x33, 0xD0, 0xCC, 0x7C, 0xC9, 0x3C, 0xFE, 0xA3,
    0xD8, 0xC3, 0x17, 0x62, 0x80, 0x93, 0x58, 0x1F, 0x7E, 0x21, 0x02, 0x95, 0x19, 0x78, 0xDE, 0x96,
    0x58, 0x6C, 0x01, 0xE9, 0x02, 0x65, 0x1F, 0x40, 0xD1, 0x85, 0x74, 0x60, 0x7B, 0x44, 0x24, 0x16,
    0xFB, 0x3C, 0x66, 0xDB, 0x1B, 0x76, 0xD1, 0x61, 0xE3, 0xC1, 0x0E, 0x1B, 0xE2, 0x6E, 0x4A, 0xC7,
    0x9F, 0xB6, 0xF6, 0x63, 0x95, 0xBE, 0xCC, 0xD6, 0x65, 0xAA, 0x62, 0xB5, 0x6B, 0x38, 0xD7, 0x43,
    0xE9, 0x04, 0xBA, 0xC7, 0xBE, 0x66, 0x7C, 0x5B, 0x4D, 0x9A, 0x15, 0x97, 0xFD, 0x69, 0x96, 0xEA,
    0x11, 0x3B, 0xCA, 0x29, 0x20, 0xA1, 0x42, 0x46, 0x4D, 0xC1, 0x05, 0x0D, 0xDF, 0x33, 0xEA, 0x1E,
    0x56, 0xDA, 0x02, 0xBE, 0xE4, 0x48, 0x1B, 0xD5, 0x85, 0x3E, 0x69, 0x4D, 0xB1, 0x2A, 0xFF, 0x03,
    0x8D, 0xB0, 0x41, 0xA6, 0x78, 0x9C, 0x6B, 0x10, 0xDB, 0x7E, 0xB7, 0x87, 0x91, 0xE1, 0xC0, 0x9B,
    0x18, 0xA3, 0xEF, 0xF6, 0x0C, 0x07, 0xD6, 0x33, 0x30, 0x04, 0xBC, 0x67, 0x38, 0x20, 0xC7, 0xC0,
    0xC0, 0xF0, 0x9F, 0xF5, 0x00, 0x07, 0x90, 0xFA, 0xC7, 0xB6, 0x80, 0x19, 0xC4, 0x03, 0x11, 0x0C,
    0x01, 0xFB, 0x41, 0x24, 0xC3, 0x13, 0x69, 0x20, 0xB1, 0xE3, 0x76, 0x2E, 0x88, 0xED, 0x9C, 0xFA,
    0x2B, 0x0F, 0x2C, 0xA8, 0xF0, 0x8F, 0x1D, 0x4C, 0x7F, 0x93, 0x07, 0x53, 0x9F, 0xFC, 0xC1, 0xD4,
    0x67, 0x7F, 0x09, 0x88, 0xE0, 0x51, 0x46, 0x06, 0x06, 0x81, 0x7F, 0x5C, 0x01, 0x75, 0x8C, 0x0C,
    0x57, 0xCE, 0x33, 0x32, 0x2C, 0x7A, 0xFF, 0xF6, 0x3D, 0xC8, 0x78, 0xC7, 0x30, 0xA0, 0xC1, 0x00,
    0xB5, 0x90, 0x22, 0x91, 0x78, 0x9C, 0x6B, 0xED, 0xE8, 0x60, 0x60, 0x50, 0xE8, 0xE8, 0xB0, 0x68,
    0xFD, 0x97, 0x07, 0x64, 0x9C, 0xFC, 0xAF, 0xC1, 0xF0, 0x8F, 0x8D, 0x81, 0x81, 0xE1, 0xC3, 0x79,
    0x06, 0x86, 0x7F, 0x2C, 0x40, 0xC6, 0xD7, 0xF5, 0x10, 0x86, 0xC1, 0x3E, 0x28, 0xE3, 0x62, 0x2B,
    0x94, 0xD1, 0xD3, 0x00, 0x61, 0x4C, 0xE0, 0x86, 0x32, 0xAE, 0x31, 0x40, 0x18, 0x06, 0x7A, 0x50,
    0xC6, 0x43, 0x56, 0x28, 0xA3, 0x87, 0x01, 0xC2, 0x98, 0xC2, 0x0D, 0x65, 0xDC, 0x66, 0x80, 0x32,
    0xF4, 0xA1, 0x8C, 0xFF, 0x9C, 0x40, 0xC6, 0x84, 0xF5, 0x0C, 0x06, 0xFF, 0x45, 0x80, 0x8C, 0x0B,
    0xF3, 0x19, 0x7E, 0xFC, 0xFF, 0x0F, 0xB4, 0xF4, 0xFF, 0xFF, 0x7C, 0x00, 0xD2, 0xC6, 0x35, 0xBD,
    0x78, 0x9C, 0x63, 0x60, 0x50, 0x60, 0x65, 0x08, 0x60, 0x64, 0x00, 0x82, 0x0B, 0xF6, 0x0C, 0xDF,
    0xB8, 0x41, 0x8C, 0x0D, 0xF6, 0x0C, 0x5F, 0x39, 0x41, 0x0C, 0x81, 0xDF, 0xBB, 0xD7, 0x33, 0x80,
    0x81, 0x80, 0x31, 0x88, 0x6C, 0xED, 0xE8, 0x60, 0x60, 0x50, 0xE8, 0xE8, 0xB0, 0x68, 0xFD, 0x97,
    0x07, 0x64, 0x9C, 0xFC, 0xAF, 0xC1, 0xF0, 0x8F, 0x0D, 0x28, 0xFE, 0xE1, 0x3C, 0x03, 0xC3, 0x3F,
    0x16, 0x20, 0xE3, 0xEB, 0x7A, 0x08, 0xC3, 0x60, 0x1F, 0x94, 0x71, 0xB1, 0x15, 0xCA, 0xE8, 0x69,
    0x80, 0x30, 0x26, 0x70, 0x43, 0x19, 0xD7, 0x18, 0x20, 0x0C, 0x03, 0x3D, 0x28, 0xE3, 0x21, 0x2B,
    0x94, 0xD1, 0xC3, 0x00, 0x61, 0x4C, 0xE1, 0x86, 0x32, 0x6E, 0x33, 0x40, 0x19, 0xFA, 0x50, 0xC6,
    0x7F, 0x90, 0xEB, 0x26, 0xAC, 0x67, 0x30, 0xF8, 0x2F, 0x02, 0x72, 0xF7, 0x7C, 0x86, 0x1F, 0xFF,
    0xFF, 0x03, 0x2D, 0xFD, 0xFF, 0x3F, 0x1F, 0x00, 0x03, 0x43, 0x3C, 0xE8, 0x78, 0x9C, 0x6B, 0xED,
    0xE8, 0x60, 0x30, 0xE8, 0xE8, 0x60, 0x6F, 0xFD, 0x97, 0xC7, 0x60, 0xF0, 0x73, 0x1E, 0x1B, 0xC3,
    0x3F, 0x36, 0x06, 0x81, 0xB5, 0x0C, 0x0C, 0x0C, 0xFF, 0x58, 0x18, 0x16, 0x70, 0x43, 0xE8, 0x27,
    0x8C, 0x10, 0x3A, 0x8E, 0x01, 0x4C, 0x4F, 0xE0, 0x86, 0xD0, 0x9F, 0x99, 0xC0, 0x74, 0x17, 0x48,
    0x35, 0x90, 0x9E, 0xF5, 0x9F, 0x1D, 0x22, 0xFE, 0xCD, 0x1F, 0x42, 0x2F, 0x78, 0x0F, 0xD5, 0xF7,
    0x97, 0x07, 0x42, 0x7F, 0xEA, 0x87, 0xD0, 0x09, 0xFF, 0x59, 0x19, 0x18, 0xFE, 0xB3, 0x30, 0x30,
    0xFC, 0xD2, 0x67, 0x30, 0xF8, 0x2F, 0xC2, 0xC0, 0x70, 0xE0, 0x3D, 0xF3, 0x8F, 0xFF, 0xFF, 0x19,
    0x18, 0x04, 0xFE, 0xDC, 0x07, 0x00, 0xA7, 0x41, 0x2B, 0x86, 0x78, 0x9C, 0x63, 0x50, 0xE8, 0x00,
    0x03, 0x46, 0x06, 0x85, 0x8E, 0xF7, 0x15, 0xE5, 0xFF, 0xEA, 0x18, 0x80, 0x20, 0x8F, 0x81, 0xE1,
    0x0F, 0x07, 0x88, 0xE1, 0x07, 0x64, 0xB0, 0xA1, 0x30, 0xEC, 0x60, 0x0C, 0x7D, 0x0C, 0x06, 0x3F,
    0x94, 0xA1, 0x00, 0x63, 0x18, 0xF0, 0x42, 0x19, 0x09, 0xDC, 0x50, 0xC6, 0x04, 0x0E, 0x28, 0xE3,
    0x02, 0x2B, 0x94, 0xF1, 0x89, 0x01, 0xCC, 0x68, 0x66, 0x5A, 0x09, 0x64, 0xFC, 0x65, 0x63, 0xF8,
    0xA3, 0x61, 0x0F, 0x34, 0xE1, 0x3F, 0x1B, 0xC3, 0xF7, 0xB7, 0x40, 0xE9, 0xEF, 0xFF, 0xFF, 0x33,
    0x19, 0xA8, 0x32, 0x40, 0x00, 0x00, 0xC8, 0x8E, 0x23, 0x4A, 0x78, 0x9C, 0x1D, 0xCE, 0xBB, 0x0D,
    0x82, 0x50, 0x14, 0x80, 0xE1, 0x1F, 0x42, 0x42, 0x7C, 0xF0, 0xD8, 0x00, 0x37, 0xC0, 0x09, 0xC4,
    0x05, 0x14, 0x06, 0xD0, 0xC4, 0x0D, 0x5C, 0x81, 0x44, 0x0B, 0x13, 0x0B, 0x47, 0xD0, 0xD2, 0x4E,
    0xAD, 0x2C, 0x75, 0x04, 0x36, 0x90, 0xDE, 0x46, 0x40, 0x4D, 0x34, 0x92, 0xEB, 0xB9, 0xDC, 0xE2,
    0xE4, 0x2B, 0xCE, 0xB9, 0xF9, 0x17, 0x2B, 0x0B, 0xFD, 0x96, 0x2B, 0x73, 0x51, 0x3B, 0x0D, 0xEB,
    0x8D, 0xC1, 0x37, 0xD6, 0xEA, 0xAB, 0x0E, 0xDC, 0x2F, 0x9A, 0x3B, 0xD5, 0x82, 0xB5, 0x32, 0x85,
    0xC5, 0x47, 0x38, 0xF9, 0xC9, 0xE0, 0xFC, 0x6E, 0xC3, 0xF4, 0xE5, 0x09, 0x47, 0x2F, 0xD9, 0x1D,
    0xE5, 0x73, 0x18, 0xBA, 0xCF, 0x2E, 0x0C, 0xD2, 0x1B, 0x1C, 0xED, 0x4A, 0xFE, 0x8C, 0x7C, 0x65,
    0x51, 0x18, 0xA5, 0x0B, 0x21, 0xDF, 0x0E, 0x7B, 0x0A, 0x4F, 0xB3, 0x0A, 0x19, 0xF3, 0xF0, 0xF0,
    0x43, 0xAE, 0xDB, 0xC4, 0x69, 0x18, 0x90, 0xA8, 0x93, 0x4D, 0x1E, 0xD0, 0x0B, 0x24, 0xE5, 0x63,
    0x90, 0x85, 0x0C, 0x85, 0xEF, 0x03, 0x64, 0x11, 0xA9, 0x5C, 0xE6, 0x12, 0x57, 0xC6, 0x46, 0xAD,
    0x5C, 0x52, 0x87, 0x99, 0x52, 0x81, 0x2E, 0xF4, 0xCD, 0xA6, 0xFE, 0x0F, 0x08, 0xFA, 0x37, 0xEB,
    0x78, 0x9C, 0x6B, 0xED, 0xE8, 0x60, 0x60, 0x70, 0xE8, 0xE8, 0x90, 0x68, 0xFD, 0x97, 0x07, 0x64,
    0xDC, 0x78, 0xCF, 0xCE, 0xF0, 0x8F, 0x8D, 0x81, 0x81, 0xE1, 0x40, 0x3F, 0x03, 0xC3, 0x3F, 0x16,
    0x10, 0x23, 0x9F, 0x48, 0x46, 0x65, 0x79, 0x79, 0xF9, 0x73, 0x10, 0x63, 0xCD, 0xAC, 0x99, 0x33,
    0x5F, 0x10, 0xAB, 0x0B, 0xC6, 0xF8, 0x0F, 0x62, 0x5C, 0xC8, 0x67, 0x30, 0xF8, 0x2F, 0x02, 0x64,
    0x7C, 0xCA, 0x67, 0xF8, 0xF1, 0xFF, 0x3F, 0x03, 0x43, 0xC2, 0xFF, 0xFF, 0xFA, 0x00, 0xC5, 0x68,
    0x32, 0xA2, 0x78, 0x9C, 0x63, 0x60, 0x30, 0x38, 0x79, 0xB7, 0x9B, 0x89, 0x81, 0x81, 0x41, 0xE1,
    0xB7, 0xA7, 0xD1, 0xB5, 0xF5, 0x8C, 0x0C, 0x0C, 0x8F, 0xEC, 0x80, 0xBC, 0x5F, 0xB2, 0x0C, 0x02,
    0xFF, 0x98, 0x81, 0x8C, 0x0D, 0xF7, 0x19, 0x26, 0xCC, 0x07, 0xD2, 0x0C, 0x02, 0xFF, 0xD9, 0x3F,
    0xEA, 0x83, 0x18, 0x0C, 0x3F, 0xF9, 0xBE, 0xF1, 0x81, 0x19, 0x9F, 0xFD, 0x7F, 0x71, 0x83, 0x19,
    0x1F, 0xFA, 0xFF, 0x70, 0x82, 0x19, 0x17, 0xD6, 0xFF, 0xE5, 0x02, 0x33, 0x0E, 0xEC, 0xFF, 0xCD,
    0x03, 0x61, 0xAC, 0xFF, 0xC9, 0x0F, 0x66, 0x3C, 0xA8, 0xFF, 0xEA, 0x0F, 0x66, 0x7C, 0xD2, 0x7F,
    0xB0, 0x1E, 0xCC, 0xF8, 0xC1, 0x93, 0xF0, 0x9F, 0x19, 0x6C, 0x32, 0x33, 0xC3, 0x6F, 0x39, 0x90,
    0xDA, 0x7A, 0x06, 0x86, 0x05, 0xEF, 0x59, 0x18, 0x14, 0xFE, 0xB0, 0x03, 0x79, 0x47, 0xEF, 0xAF,
    0xFE, 0x63, 0x0D, 0x56, 0xE8, 0x18, 0x2A, 0x02, 0x24, 0x01, 0xCA, 0xFF, 0x2E, 0x1E, 0x78, 0x9C,
    0x6B, 0xED, 0x80, 0x00, 0xD6, 0xD6, 0x7F, 0xEB, 0x3B, 0x3B, 0x2A, 0x7E, 0xEE, 0x67, 0x66, 0xF8,
    0xC7, 0xC1, 0xC0, 0xC0, 0xF0, 0x85, 0x9F, 0x81, 0xE1, 0x1F, 0x0B, 0x0A, 0x83, 0x8F, 0x96, 0x8C,
    0xFF, 0x50, 0x86, 0xC1, 0x7F, 0x11, 0x20, 0xE3, 0x27, 0x1F, 0xC3, 0x8F, 0xFF, 0xFF, 0x19, 0x18,
    0x1E, 0xFC, 0xFF, 0xCF, 0x05, 0x00, 0x22, 0x81, 0x2E, 0x20, 0x78, 0x9C, 0x6B, 0xED, 0xE8, 0xA8,
    0x10, 0x65, 0x60, 0x68, 0xFD, 0x57, 0x37, 0xFD, 0xAF, 0x0F, 0x03, 0xC3, 0x3F, 0x36, 0x86, 0x80,
    0xFF, 0x6C, 0x0C, 0xFF, 0x58, 0x18, 0x18, 0xBE, 0xCB, 0x83, 0xA9, 0x8F, 0xF1, 0x60, 0xEA, 0x43,
    0x3D, 0x84, 0xCA, 0x07, 0x53, 0x5F, 0xF4, 0xC1, 0xD4, 0x1F, 0x4E, 0x10, 0x75, 0x68, 0x3F, 0x50,
    0x5F, 0xF7, 0xC9, 0xF3, 0xAC, 0x40, 0x2A, 0xD3, 0x95, 0x91, 0x81, 0x01, 0x2C, 0x87, 0x41, 0xFD,
    0x07, 0x53, 0x06, 0xFF, 0x45, 0x40, 0xD4, 0x8F, 0xFF, 0xFF, 0x39, 0x80, 0x14, 0x00, 0x65, 0xEF,
    0x25, 0x65, 0x78, 0x9C, 0x63, 0x60, 0x70, 0x38, 0x79, 0xB7, 0x5B, 0x49, 0x9A, 0x41, 0xE1, 0x4F,
    0xB4, 0xD2, 0xD6, 0xFD, 0xF2, 0x0C, 0x8F, 0xE3, 0x19, 0x18, 0x18, 0xBE, 0xC9, 0x0B, 0xFC, 0x63,
    0x05, 0xD2, 0x13, 0xE4, 0x27, 0xEC, 0x07, 0x52, 0x0C, 0x0A, 0xF2, 0x1F, 0xED, 0x41, 0x34, 0x83,
    0xDC, 0x37, 0x3E, 0x30, 0xCD, 0xF8, 0x8B, 0x1B, 0x4C, 0x33, 0xFC, 0xE1, 0x82, 0xD0, 0x7F, 0xA1,
    0xF4, 0x1F, 0xA8, 0xF8, 0x2F, 0x88, 0x3A, 0x86, 0x6F, 0x10, 0x7D, 0x0C, 0x1F, 0xD6, 0x43, 0xE8,
    0x82, 0xFF, 0x2C, 0x20, 0x2A, 0x98, 0xE1, 0xB7, 0x3F, 0x90, 0x72, 0xD0, 0x65, 0x58, 0xF0, 0xDF,
    0x8A, 0xC1, 0xE1, 0x16, 0x13, 0x03, 0xC3, 0xD5, 0xFF, 0xFF, 0xDF, 0x73, 0x80, 0xE4, 0x9C, 0xC2,
    0x98, 0x19, 0x18, 0x00, 0x1E, 0xAE, 0x20, 0xA1, 0x78, 0x9C, 0x6B, 0xEA, 0x00, 0x03, 0x8D, 0xAF,
    0xF3, 0xCB, 0xBF, 0xD7, 0xA7, 0xFD, 0xF4, 0xFF, 0xCA, 0xC4, 0xF0, 0x51, 0x9E, 0xC1, 0x20, 0x7E,
    0x1B, 0x03, 0x88, 0x66, 0x88, 0x69, 0x83, 0xD0, 0x99, 0xA9, 0x10, 0x3A, 0x8C, 0x01, 0x42, 0x33,
    0x50, 0x81, 0xFE, 0x04, 0xA5, 0xBF, 0xF1, 0x33, 0x82, 0xA8, 0x0D, 0xFF, 0xFF, 0x03, 0x05, 0x00,
    0x13, 0x96, 0x20, 0x00, 0x78, 0x9C, 0x6B, 0xEC, 0xE8, 0x60, 0x67, 0x70, 0xE8, 0xE8, 0x60, 0x99,
    0xF8, 0x67, 0x3F, 0x2B, 0x43, 0xC0, 0xCD, 0xF9, 0xCC, 0x0C, 0x5F, 0xF5, 0x19, 0x18, 0x18, 0x3E,
    0xB2, 0x33, 0x30, 0x3C, 0x88, 0x07, 0x32, 0x9E, 0x03, 0x71, 0xC1, 0x7D, 0x20, 0xD1, 0x03, 0xC4,
    0x0C, 0xFF, 0x58, 0x19, 0x14, 0xE4, 0x41, 0x8C, 0xEF, 0x3C, 0x0C, 0x13, 0xB8, 0x40, 0x0C, 0xA0,
    0xA2, 0x07, 0x2C, 0x20, 0x46, 0xC1, 0x79, 0x86, 0xAB, 0x0C, 0x0C, 0x10, 0x45, 0xD9, 0x10, 0xC6,
    0x77, 0x5D, 0x7E, 0x08, 0xE3, 0xC1, 0x7D, 0x4E, 0x08, 0xA3, 0xE0, 0x3F, 0x33, 0x84, 0xC1, 0x70,
    0x1E, 0x4A, 0x33, 0xC4, 0x42, 0xA8, 0x50, 0x03, 0x3E, 0x30, 0xED, 0xF0, 0xFF, 0x00, 0x2B, 0x98,
    0x61, 0xF0, 0x7F, 0x2D, 0x54, 0x45, 0x12, 0xD8, 0x7C, 0x06, 0x00, 0x13, 0x75, 0x20, 0x1C, 0x78,
    0x9C, 0x63, 0x60, 0x60, 0xF8, 0xF5, 0xFF, 0x3E, 0x03, 0x04, 0x08, 0xFE, 0xE3, 0x84, 0xB2, 0x04,
    0xFE, 0xB1, 0x41, 0x18, 0x5B, 0xFF, 0xFD, 0xFF, 0x5F, 0xCB, 0x08, 0x64, 0x5C, 0x9A, 0xCF, 0xF4,
    0x4F, 0xE4, 0x59, 0x3D, 0x03, 0x83, 0xC2, 0x7F, 0x16, 0x86, 0x7F, 0x2C, 0x02, 0x7F, 0xB8, 0x18,
    0x0E, 0x00, 0x79, 0xFF, 0x58, 0x18, 0x3E, 0xE6, 0x33, 0x7C, 0xE1, 0x07, 0xB3, 0x26, 0xDC, 0x67,
    0xF8, 0xC9, 0x0D, 0x66, 0x05, 0xFC, 0x67, 0xFA, 0xCD, 0x05, 0x66, 0x01, 0x95, 0xFF, 0xE5, 0x04,
    0xB3, 0x04, 0xFE, 0xB3, 0xFE, 0xE6, 0x86, 0x8A, 0x31, 0xFF, 0xE0, 0x83, 0xAA, 0x63, 0xF8, 0x14,
    0x0F, 0x66, 0x6D, 0x98, 0xCF, 0x50, 0xF0, 0x9E, 0x19, 0xC4, 0xFA, 0xCE, 0xCB, 0xC0, 0xF0, 0xAC,
    0x9F, 0xF9, 0x1F, 0xCB, 0x96, 0xFD, 0x40, 0x8B, 0x05, 0xB6, 0xFD, 0xFB, 0xFF, 0x6F, 0x1D, 0x0B,
    0xC4, 0x55, 0xFF, 0x59, 0xA1, 0xEE, 0x33, 0xF8, 0xCF, 0x0C, 0x65, 0x3D, 0xFB, 0x7F, 0x17, 0xCA,
    0x32, 0x32, 0x36, 0x06, 0x51, 0x00, 0xF3, 0x87, 0x3C, 0x97, 0x78, 0x9C, 0x6B, 0xEB, 0xE8, 0x60,
    0x65, 0x68, 0xEA, 0xF0, 0x60, 0xD8, 0xFE, 0x3F, 0x87, 0x99, 0x61, 0xF2, 0x1F, 0x6B, 0x06, 0x86,
    0x7F, 0x9C, 0x0C, 0x0C, 0x0A, 0xFD, 0x0C, 0x0C, 0x0C, 0x5F, 0xF4, 0x19, 0x18, 0x0E, 0x00, 0x39,
    0x0C, 0x13, 0xF6, 0x33, 0x30, 0xDC, 0x60, 0x00, 0x81, 0xBF, 0x6C, 0x06, 0xFA, 0x60, 0xC6, 0x67,
    0xFD, 0x0B, 0xEC, 0x60, 0x46, 0xC1, 0xFD, 0x5D, 0x0C, 0x10, 0xF0, 0x47, 0x1E, 0xCA, 0xF8, 0x1C,
    0x0F, 0x65, 0xDC, 0xFE, 0xCF, 0x04, 0xA6, 0x13, 0xE4, 0x7E, 0xF2, 0x82, 0x19, 0x9F, 0x58, 0x2E,
    0xCC, 0x07, 0x33, 0xE6, 0x30, 0x28, 0xFC, 0x67, 0x03, 0xD2, 0x0D, 0x7C, 0x0C, 0x0C, 0x5F, 0x41,
    0x26, 0x7E, 0x61, 0x01, 0x5A, 0x73, 0x9F, 0x81, 0x21, 0x00, 0x64, 0x71, 0xC0, 0x7F, 0x49, 0x86,
    0x5F, 0xFF, 0xED, 0x19, 0x18, 0x7E, 0xFE, 0xFF, 0xCF, 0x06, 0x00, 0x53, 0x97, 0x27, 0x92, 0x78,
    0x9C, 0x6B, 0xED, 0xE8, 0x60, 0x60, 0x68, 0xEC, 0xE8, 0x60, 0x6E, 0xFD, 0x97, 0xC7, 0xC0, 0x30,
    0xE9, 0x77, 0x3F, 0x13, 0xC3, 0x3F, 0x36, 0x06, 0x06, 0x86, 0xEF, 0x3C, 0x0C, 0x0C, 0xFF, 0x58,
    0x40, 0x0C, 0x6E, 0x28, 0xE3, 0x07, 0x17, 0x2D, 0x19, 0xFF, 0x41, 0x8C, 0x9F, 0x5C, 0x0C, 0x06,
    0x20, 0x86, 0xE1, 0x3F, 0x2E, 0xC6, 0x1F, 0xFF, 0x21, 0x80, 0x8F, 0x01, 0x02, 0x1E, 0xC1, 0x18,
    0x05, 0x30, 0x86, 0x03, 0x8C, 0x61, 0x00, 0x63, 0x08, 0xB0, 0x01, 0x00, 0xFA, 0x77, 0x2F, 0xF2,
    0x78, 0x9C, 0x6B, 0xEC, 0xE8, 0x60, 0x66, 0x68, 0xEE, 0xE8, 0x60, 0x9C, 0xF8, 0x7B, 0x3E, 0x13,
    0x43, 0xCB, 0xDF, 0x7A, 0x06, 0x86, 0xEF, 0xBC, 0x0C, 0x0C, 0x0C, 0xBF, 0x39, 0x81, 0x0C, 0x6E,
    0x10, 0x83, 0x1D, 0x2F, 0xE3, 0x2B, 0x2F, 0x94, 0xF1, 0xD1, 0x1F, 0xCA, 0x68, 0xF8, 0x6F, 0x61,
    0xB8, 0xF4, 0x3F, 0x90, 0xC1, 0x70, 0xED, 0xFF, 0xFF, 0xDE, 0x3F, 0x20, 0x06, 0x83, 0x22, 0x23,
    0x58, 0x0A, 0x0C, 0xF0, 0x30, 0xFE, 0x40, 0x19, 0x02, 0xFF, 0xD9, 0x20, 0x8C, 0x6F, 0xFF, 0xFF,
    0x33, 0x01, 0x00, 0xDF, 0xC2, 0x26, 0xE3, 0x78, 0x9C, 0x6B, 0xED, 0xE8, 0x60, 0x68, 0xE8, 0xE8,
    0x60, 0x0E, 0xE8, 0xE8, 0x60, 0x6B, 0xFD, 0x97, 0xC7, 0x30, 0xE1, 0x4F, 0x3F, 0x53, 0xC2, 0xCF,
    0xF3, 0x2C, 0x0C, 0xFF, 0xD8, 0x18, 0x18, 0x7E, 0xF0, 0x30, 0x30, 0x7C, 0xD2, 0x67, 0x60, 0xF8,
    0xC7, 0x02, 0x64, 0x73, 0x01, 0xD9, 0xFC, 0x83, 0x83, 0xFD, 0x1F, 0xC8, 0xFE, 0x09, 0x64, 0x7F,
    0xE6, 0x67, 0x30, 0x00, 0xB2, 0x0D, 0xFE, 0x71, 0x09, 0x28, 0xFE, 0xE6, 0x67, 0xF8, 0xF1, 0x1F,
    0x0E, 0x78, 0x00, 0x44, 0x43, 0x43, 0xD6, 0x78, 0x9C, 0x6B, 0xED, 0xE8, 0x60, 0x68, 0xE8, 0xE8,
    0x60, 0x0A, 0xE8, 0xE8, 0x60, 0x6D, 0xFD, 0x97, 0xC7, 0x30, 0xE1, 0x4F, 0x3F, 0x63, 0xC2, 0xCF,
    0xFD, 0x2C, 0x0C, 0xFF, 0xD8, 0x18, 0x18, 0x7E, 0x70, 0x33, 0x30, 0x7C, 0x92, 0x67, 0x60, 0xF8,
    0xC7, 0x02, 0x64, 0x73, 0x31, 0x30, 0x7C, 0xE6, 0x1F, 0x1C, 0xEC, 0xFF, 0x40, 0xF6, 0x4F, 0x4E,
    0x06, 0x86, 0x2F, 0xFC, 0x0C, 0x06, 0x40, 0xB6, 0xC1, 0x3F, 0x4E, 0x01, 0xC5, 0xDF, 0x7C, 0x8C,
    0x3F, 0xFE, 0xC3, 0x81, 0x3E, 0x03, 0x1C, 0x6C, 0x44, 0x62, 0x2B, 0x20, 0xB1, 0x19, 0x90, 0xD9,
    0x7A, 0x48, 0x6C, 0x31, 0x00, 0x56, 0x2E, 0x45, 0x82, 0x78, 0x9C, 0x6B, 0xEA, 0xE8, 0xE8, 0xA8,
    0x60, 0x00, 0x82, 0xAF, 0xEB, 0x3B, 0xFE, 0xC7, 0x82, 0x19, 0xCC, 0x0C, 0xFF, 0x59, 0x41, 0x8C,
    0x6D, 0x0C, 0x0C, 0xFF, 0x99, 0x41, 0x8C, 0x36, 0x18, 0x23, 0x15, 0xC6, 0x60, 0x40, 0x66, 0x98,
    0x1A, 0x33, 0x42, 0x18, 0x7B, 0x4F, 0xBF, 0x97, 0x84, 0x4A, 0x2D, 0x7C, 0xCF, 0x04, 0x55, 0xF3,
    0x87, 0x0B, 0xCA, 0xF8, 0xC6, 0x0F, 0x65, 0x7C, 0xD5, 0x87, 0x31, 0x60, 0x22, 0x3F, 0x78, 0x21,
    0x0C, 0x81, 0x7F, 0x6C, 0x0C, 0x0C, 0x0E, 0xFF, 0x99, 0x18, 0xAE, 0xCE, 0x07, 0x0A, 0xFC, 0xFC,
    0xFF, 0xFF, 0xFF, 0x3E, 0x16, 0x06, 0x00, 0x54, 0xA5, 0x29, 0x10, 0x78, 0x9C, 0x6B, 0xED, 0xE8,
    0x60, 0x00, 0x82, 0x16, 0x20, 0xD5, 0xFA, 0x2F, 0x0F, 0xCC, 0xFC, 0x5B, 0xC7, 0xC0, 0xF0, 0x8F,
    0x0D, 0xC4, 0x64, 0xF8, 0xC3, 0x0E, 0x64, 0xB2, 0x40, 0x98, 0x6C, 0xC4, 0x30, 0xCD, 0x8C, 0x99,
    0x60, 0xCC, 0xBD, 0xA7, 0xDF, 0x4B, 0xC2, 0x15, 0x4C, 0x78, 0xCF, 0x04, 0x57, 0xFB, 0x9B, 0x1B,
    0xCE, 0xFC, 0x2A, 0x0F, 0x67, 0x7E, 0xD6, 0x87, 0x33, 0xBF, 0x20, 0x44, 0xBF, 0xF3, 0x81, 0x99,
    0xFF, 0x59, 0x18, 0x04, 0xFE, 0xB1, 0x33, 0xFC, 0x65, 0x65, 0x30, 0xF8, 0xCF, 0xCC, 0x70, 0x65,
    0x3D, 0x83, 0xC2, 0x7F, 0x56, 0x86, 0x1F, 0xFF, 0xFF, 0xFF, 0xDF, 0xC7, 0xCA, 0xF0, 0xFD, 0xFF,
    0x7F, 0x46, 0x00, 0xE3, 0x95, 0x39, 0xBA, 0x78, 0x9C, 0x6B, 0xED, 0xE8, 0x60, 0x00, 0x82, 0xD6,
    0x7F, 0x79, 0x20, 0x8A, 0xE1, 0x1F, 0x1B, 0x84, 0x62, 0xC1, 0x43, 0x99, 0x19, 0x33, 0x81, 0xA8,
    0xBD, 0xA7, 0xFF, 0x79, 0x83, 0x05, 0x03, 0xFE, 0xB3, 0x81, 0xE5, 0xBE, 0xC9, 0x83, 0xA9, 0x0F,
    0xF9, 0x60, 0xEA, 0x41, 0x3F, 0x84, 0xAA, 0x07, 0x53, 0x1F, 0xFD, 0x19, 0xFE, 0x03, 0xA9, 0x9F,
    0x3C, 0x06, 0xFF, 0x99, 0x19, 0x16, 0xDF, 0x67, 0xFC, 0xF1, 0xFF, 0xFF, 0xFF, 0x73, 0xEC, 0x0C,
    0x00, 0xA1, 0xF0, 0x25, 0x35, 0x78, 0x9C, 0x13, 0x90, 0x6E, 0xBA, 0x73, 0xD6, 0x82, 0x81, 0x81,
    0x41, 0x61, 0x7F, 0x9D, 0x72, 0xF1, 0x3F, 0x29, 0x20, 0xE3, 0x3D, 0x23, 0x03, 0xC3, 0x86, 0xFB,
    0x8C, 0x0C, 0x0A, 0xF9, 0x40, 0x61, 0x86, 0x3F, 0xDC, 0x0C, 0x0A, 0xFC, 0x20, 0xC6, 0xA7, 0x78,
    0x06, 0x05, 0x2E, 0x10, 0x63, 0xC3, 0x7E, 0x20, 0x31, 0x09, 0x88, 0x0B, 0xFE, 0x03, 0x89, 0xC3,
    0x40, 0xEC, 0xF0, 0x9F, 0x99, 0x81, 0xE1, 0xF1, 0xCC, 0x99, 0x33, 0x4F, 0xFE, 0x67, 0x61, 0x60,
    0xF8, 0xDC, 0x55, 0x5E, 0x3E, 0x0D, 0xC4, 0xD8, 0x0C, 0x96, 0x62, 0x62, 0x60, 0x08, 0x02, 0x32,
    0x12, 0x40, 0x8A, 0xC1, 0xDA, 0xD7, 0x43, 0x19, 0x1F, 0xED, 0x19, 0x1A, 0xC0, 0x8C, 0xDF, 0x5C,
    0x0C, 0x0B, 0x38, 0x81, 0xF4, 0x04, 0xA0, 0xA5, 0x0C, 0x37, 0xC5, 0x18, 0x02, 0xFF, 0xCA, 0x00,
    0x79, 0x01, 0x7F, 0xFE, 0xFF, 0xAF, 0x05, 0xCB, 0x2B, 0xA4, 0xAA, 0x82, 0x28, 0x00, 0xA6, 0xAF,
    0x2A, 0x09, 0x78, 0x9C, 0x6B, 0xED, 0xE8, 0x60, 0x60, 0x60, 0x28, 0xBC, 0xB3, 0xD7, 0x02, 0x48,
    0xB5, 0xFE, 0xCB, 0x63, 0x60, 0x28, 0x38, 0xAF, 0x9A, 0xFC, 0x57, 0x0A, 0xC8, 0xFB, 0xC7, 0xC6,
    0xC0, 0xF0, 0x83, 0x8B, 0x81, 0x61, 0xC2, 0x7D, 0x46, 0x20, 0x87, 0x85, 0x21, 0xE0, 0x3C, 0x50,
    0x90, 0xE1, 0x37, 0x2F, 0x98, 0xF3, 0xC0, 0x1F, 0xC4, 0xF9, 0xD8, 0x0F, 0xE6, 0x7C, 0xE5, 0x03,
    0x71, 0x26, 0xBC, 0x07, 0x73, 0x7E, 0x73, 0x81, 0x38, 0x06, 0xFF, 0x59, 0x41, 0x9C, 0x7F, 0xEC,
    0x20, 0x0E, 0xC3, 0x7F, 0x4E, 0x86, 0x7F, 0x95, 0xE5, 0xFF, 0xD9, 0xC0, 0x9C, 0x3F, 0xDC, 0x0C,
    0xFF, 0x56, 0xCF, 0x84, 0x72, 0x7E, 0xF3, 0x80, 0x94, 0xFD, 0xE7, 0x80, 0xC8, 0x70, 0x81, 0x38,
    0x7F, 0xB9, 0xC1, 0x1C, 0xA0, 0x56, 0x20, 0xE7, 0x27, 0x3F, 0x88, 0xAD, 0xF0, 0x9F, 0x19, 0xC4,
    0xF9, 0x1C, 0x0F, 0xE2, 0x34, 0x9C, 0x07, 0xDB, 0xB3, 0xE1, 0x3E, 0x88, 0xF3, 0xD0, 0x1E, 0x68,
    0x3A, 0x0B, 0x50, 0x01, 0xC8, 0x84, 0xDF, 0xEC, 0x40, 0x7B, 0x45, 0x18, 0x18, 0x1E, 0x03, 0x9D,
    0x75, 0xA8, 0x1E, 0xE8, 0xFA, 0xFF, 0xFF, 0x19, 0x18, 0x04, 0x7E, 0xED, 0x3B, 0xB5, 0x9F, 0x99,
    0x01, 0x06, 0x42, 0x5C, 0x81, 0xBE, 0x61, 0x00, 0x00, 0xBB, 0x2E, 0x43, 0xB1, 0x78, 0x9C, 0x63,
    0x60, 0x60, 0x48, 0x6E, 0xEF, 0xE8, 0xB0, 0x60, 0x60, 0xB8, 0xFC, 0xBE, 0x72, 0xFB, 0x7F, 0x4D,
    0x06, 0x81, 0x7F, 0x5C, 0x0C, 0x05, 0xF7, 0x19, 0x18, 0x1A, 0xDE, 0x33, 0x30, 0x14, 0xEC, 0x67,
    0x60, 0x38, 0xB0, 0x1E, 0x4A, 0xF7, 0x43, 0xE8, 0x05, 0x50, 0x7E, 0xC0, 0x7F, 0x46, 0x30, 0xCD,
    0xF0, 0x8B, 0x0B, 0x42, 0x17, 0xDC, 0x33, 0x9B, 0x0C, 0xA2, 0x19, 0x9E, 0xEC, 0xBF, 0x0D, 0xA2,
    0x1D, 0xFE, 0xB3, 0x81, 0xC5, 0x1F, 0xCC, 0x87, 0xC8, 0xFF, 0xE4, 0x05, 0xD3, 0x0E, 0xFF, 0x59,
    0xC0, 0xF4, 0xC3, 0xF9, 0x40, 0x3B, 0xF6, 0x33, 0x08, 0xFC, 0xE6, 0x05, 0xDB, 0xF1, 0xED, 0x3D,
    0x13, 0x83, 0xC2, 0xFF, 0xFF, 0xF5, 0x00, 0x9A, 0x3E, 0x31, 0x44, 0x78, 0x9C, 0x63, 0x70, 0xB8,
    0x75, 0x4F, 0x82, 0x81, 0x81, 0xE1, 0xA7, 0x58, 0xE1, 0x79, 0x06, 0x06, 0x87, 0xF5, 0x0C, 0x0C,
    0x7F, 0x58, 0x19, 0x1C, 0xF6, 0x33, 0x30, 0xFC, 0xE2, 0x60, 0x60, 0x10, 0x61, 0x60, 0xF8, 0xC1,
    0xC9, 0x00, 0x02, 0x3F, 0xB8, 0x80, 0xC4, 0xD2, 0xB7, 0xFF, 0x80, 0xBC, 0xA7, 0x75, 0x4C, 0x40,
    0xC1, 0x84, 0xF3, 0x60, 0xB9, 0x0F, 0xF1, 0x60, 0xEA, 0xA3, 0x3F, 0x50, 0x03, 0x27, 0xC3, 0x83,
    0xF3, 0x42, 0x5B, 0xFE, 0x71, 0x30, 0x38, 0xFC, 0xFB, 0x9F, 0xF7, 0xF5, 0x3F, 0x0B, 0x83, 0x83,
    0x1B, 0x48, 0x2B, 0x00, 0x98, 0x9E, 0x1E, 0xCE, 0x78, 0x9C, 0x63, 0x60, 0x60, 0x60, 0x70, 0xE0,
    0x61, 0x60, 0x30, 0x98, 0xF6, 0x87, 0x93, 0x21, 0xE0, 0xEF, 0xFF, 0xF7, 0x4C, 0x0C, 0xDF, 0xFF,
    0xAF, 0x15, 0x63, 0x70, 0x38, 0xCF, 0x02, 0x94, 0xB9, 0xC0, 0x05, 0x24, 0x18, 0x3E, 0x33, 0x82,
    0xC8, 0x15, 0x01, 0x77, 0xEE, 0x4B, 0x30, 0x44, 0xDF, 0x60, 0x6A, 0x78, 0xCF, 0xD4, 0xAB, 0xCF,
    0xC0, 0xF0, 0x9B, 0xF7, 0x1F, 0x37, 0x50, 0xCE, 0xFF, 0x3F, 0x07, 0x03, 0xC3, 0x87, 0xF9, 0xFF,
    0xD8, 0x18, 0x18, 0x0E, 0xAC, 0xFF, 0xC3, 0xCE, 0xC0, 0xB0, 0x61, 0xFE, 0x4F, 0xA0, 0xC8, 0x81,
    0xFA, 0x2F, 0x40, 0x53, 0x3F, 0xE8, 0x5F, 0x00, 0xAA, 0xFC, 0xCA, 0x6D, 0x70, 0x9E, 0x41, 0xE0,
    0x2D, 0x23, 0xC3, 0xE1, 0x75, 0xAF, 0xA4, 0x80, 0x26, 0x05, 0x89, 0x30, 0x30, 0x00, 0x00, 0x0D,
    0xA3, 0x27, 0x00, 0x78, 0x9C, 0x6B, 0xEF, 0xE8, 0xC8, 0x60, 0x66, 0x58, 0xFE, 0x3F, 0xEB, 0xF8,
    0x79, 0xC6, 0x84, 0xFB, 0x0C, 0x0C, 0x7F, 0xD9, 0x13, 0xCE, 0x33, 0x30, 0xFC, 0xE6, 0x04, 0x91,
    0x7F, 0x59, 0x81, 0x64, 0xC3, 0x7C, 0x86, 0x84, 0xFF, 0x77, 0xFF, 0x5B, 0x31, 0x24, 0x9C, 0x17,
    0x2C, 0xFA, 0x0F, 0x96, 0xFD, 0x2A, 0x0F, 0x22, 0x3F, 0xF9, 0x27, 0xEC, 0x07, 0xB1, 0x17, 0xEC,
    0x67, 0x08, 0xFC, 0xC7, 0xF1, 0xE7, 0xFF, 0xFF, 0xFF, 0x31, 0x0C, 0x00, 0x2D, 0x4D, 0x22, 0xBD,
    0x78, 0x9C, 0x6B, 0xEF, 0xE8, 0xE8, 0xF0, 0x58, 0x7E, 0xBF, 0xE3, 0x66, 0x7F, 0xC2, 0x7E, 0x06,
    0x86, 0x39, 0x20, 0x62, 0x1A, 0x88, 0x50, 0x04, 0x11, 0x0C, 0xD8, 0x88, 0x02, 0x10, 0xB1, 0x60,
    0x3D, 0x90, 0xF8, 0xF3, 0xDF, 0x9E, 0x81, 0x01, 0x00, 0x11, 0xF2, 0x14, 0xE1, 0x78, 0x9C, 0x63,
    0x68, 0xE9, 0x00, 0x02, 0x0B, 0x06, 0x86, 0xD6, 0xDF, 0xD5, 0xED, 0xFF, 0x35, 0x19, 0x18, 0x18,
    0xBE, 0x33, 0x28, 0xFC, 0x67, 0x04, 0xD2, 0x27, 0x80, 0x34, 0x90, 0x62, 0xD8, 0x09, 0xA5, 0x67,
    0x41, 0xE9, 0x1A, 0x28, 0xED, 0x07, 0xA1, 0x05, 0xF4, 0x21, 0x74, 0x00, 0x1F, 0x83, 0x01, 0x88,
    0xDE, 0xC0, 0x05, 0xA1, 0xBF, 0x30, 0x33, 0x4C, 0x78, 0xCF, 0xC0, 0xF0, 0xED, 0x3F, 0x18, 0x30,
    0x7E, 0x67, 0x03, 0xA9, 0xFD, 0xCD, 0x78, 0x1D, 0xA4, 0x95, 0xE1, 0x33, 0xE3, 0x72, 0x30, 0xFD,
    0x81, 0xB1, 0x1D, 0x4C, 0x3F, 0x60, 0x34, 0x06, 0xD3, 0x09, 0x0C, 0x00, 0x8C, 0x4C, 0x26, 0xC0,
    0x78, 0x9C, 0x63, 0x50, 0x38, 0x79, 0x8E, 0x9D, 0x81, 0xE1, 0xBB, 0x65, 0xE2, 0x7D, 0xC6, 0x82,
    0x7E, 0x06, 0x86, 0x6F, 0x5C, 0x9F, 0xF8, 0x19, 0x18, 0x3E, 0xCA, 0xFF, 0xF0, 0x75, 0x71, 0xF9,
    0x12, 0xFF, 0xE7, 0xDC, 0x9E, 0xDD, 0xAB, 0xAC, 0xFE, 0x71, 0x31, 0x00, 0xC1, 0x3F, 0x6E, 0x10,
    0xF9, 0x87, 0x0F, 0x44, 0x7E, 0xB7, 0x07, 0x91, 0x0F, 0xF7, 0x03, 0x89, 0x70, 0x87, 0xFF, 0x52,
    0x0C, 0x9B, 0xB9, 0x19, 0x0E, 0xFF, 0xFF, 0x57, 0x07, 0xE4, 0x06, 0x99, 0x31, 0x30, 0x00, 0x00,
    0xF7, 0x76, 0x1B, 0xAA, 0x78, 0x9C, 0x6B, 0xE9, 0xE0, 0x48, 0xE8, 0xE8, 0x60, 0x6A, 0xED, 0x60,
    0x6F, 0xBA, 0xCF, 0x9E, 0xF0, 0xAB, 0x9E, 0x71, 0xCA, 0x7E, 0x56, 0x86, 0x4B, 0x1C, 0x0C, 0x5F,
    0xF9, 0x18, 0x1E, 0xB3, 0x31, 0x30, 0x08, 0xE4, 0x32, 0x7C, 0xE3, 0x11, 0x88, 0x63, 0x00, 0x82,
    0x87, 0x2C, 0xDF, 0x78, 0x2E, 0xB0, 0x81, 0x58, 0x06, 0x7A, 0xDF, 0x78, 0x66, 0x83, 0x18, 0x0C,
    0x0E, 0xFF, 0xFF, 0xBF, 0x5F, 0x0F, 0x66, 0x7D, 0xF2, 0xFF, 0xC6, 0xFD, 0x97, 0x03, 0xC8, 0x10,
    0xF8, 0xC7, 0xF1, 0x8D, 0xFB, 0x53, 0x3C, 0x90, 0xB5, 0xE1, 0x3C, 0xC3, 0x37, 0xEE, 0x82, 0xFF,
    0x4C, 0x0C, 0x0C, 0x3F, 0xF4, 0x19, 0xBE, 0x73, 0x33, 0xFC, 0xE6, 0x65, 0x48, 0xF8, 0xCF, 0xCA,
    0xF0, 0x8B, 0x8B, 0xE1, 0xE2, 0x7E, 0x86, 0xDF, 0xF9, 0x0C, 0x07, 0xFE, 0xFF, 0x67, 0x56, 0xF8,
    0xAB, 0x07, 0x00, 0xCC, 0xF2, 0x2C, 0xBB, 0x78, 0x9C, 0x4B, 0x48, 0xBB, 0xBD, 0x96, 0x99, 0xA1,
    0xE1, 0xBC, 0xF0, 0x93, 0x78, 0x86, 0x06, 0x39, 0x86, 0x84, 0xF7, 0x0C, 0x0D, 0xEC, 0x0C, 0x0E,
    0xFF, 0x19, 0x02, 0x98, 0x19, 0x12, 0xF6, 0x33, 0x00, 0xC1, 0x23, 0x5D, 0x20, 0xF1, 0xFA, 0x3E,
    0x2B, 0x90, 0x14, 0x3C, 0x72, 0x1E, 0x24, 0x22, 0xF0, 0x8F, 0x7D, 0x03, 0x17, 0x03, 0xC3, 0x6F,
    0xEE, 0xCF, 0xFC, 0x0C, 0x0C, 0x7F, 0x38, 0x1F, 0xF0, 0x32, 0x18, 0xFC, 0x67, 0x52, 0x78, 0x53,
    0xF9, 0xCB, 0x16, 0x28, 0x97, 0xAA, 0xCA, 0xC0, 0x00, 0x00, 0x56, 0x59, 0x18, 0xEE, 0x78, 0x9C,
    0x6B, 0xEF, 0xD0, 0x60, 0x68, 0xE9, 0xF0, 0x58, 0xFE, 0x5F, 0x9C, 0xA1, 0xE4, 0xBF, 0x76, 0xC2,
    0x7D, 0x06, 0x86, 0x86, 0xFF, 0xCC, 0x09, 0xE7, 0x19, 0x18, 0xBE, 0xFC, 0x67, 0x04, 0x52, 0x0A,
    0x7E, 0x40, 0x6A, 0x3F, 0xC3, 0x45, 0x36, 0x30, 0x35, 0x5B, 0x00, 0x44, 0x35, 0xF0, 0x80, 0xA9,
    0xA7, 0x8C, 0x02, 0xFF, 0x19, 0x12, 0xDE, 0xDB, 0x33, 0x00, 0xA9, 0x82, 0xFF, 0x6C, 0x0C, 0x0A,
    0xFF, 0x19, 0x16, 0xFC, 0x67, 0x60, 0x08, 0xF8, 0xCF, 0xF0, 0xE7, 0xBF, 0x3D, 0xC3, 0xF7, 0xFF,
    0xFD, 0x00, 0xC2, 0x62, 0x26, 0xD5, 0x78, 0x9C, 0x63, 0x30, 0x90, 0x62, 0x58, 0xC2, 0xC8, 0xC0,
    0x30, 0x21, 0x9E, 0xE1, 0x17, 0x0B, 0x03, 0x83, 0xC1, 0xFA, 0xB4, 0x3B, 0x0C, 0x40, 0x90, 0xD8,
    0xC1, 0xC2, 0x00, 0x03, 0xED, 0x1D, 0x1A, 0x0C, 0x2D, 0x1D, 0x1E, 0xCB, 0xFF, 0x8B, 0x33, 0x94,
    0xFC, 0xD7, 0x4E, 0xB8, 0xCF, 0xC0, 0xD0, 0xF0, 0x9F, 0x39, 0xE1, 0x3C, 0x03, 0xC3, 0x97, 0xFF,
    0x8C, 0x40, 0x4A, 0xC1, 0x0F, 0x48, 0xED, 0x67, 0xB8, 0xC8, 0x06, 0xA6, 0x66, 0x0B, 0x80, 0xA8,
    0x06, 0x1E, 0x30, 0xF5, 0x94, 0x51, 0xE0, 0x3F, 0x43, 0xC2, 0x7B, 0x7B, 0x06, 0x20, 0x55, 0xF0,
    0x9F, 0x8D, 0x41, 0xE1, 0x3F, 0xC3, 0x82, 0xFF, 0x0C, 0x0C, 0x01, 0xFF, 0x19, 0xFE, 0xFC, 0xB7,
    0x67, 0xF8, 0xFE, 0xBF, 0x1F, 0x00, 0x5C, 0x47, 0x2C, 0xBF, 0x78, 0x9C, 0x6B, 0xE8, 0xE8, 0x60,
    0x68, 0xED, 0x60, 0x2B, 0xF8, 0x13, 0xCF, 0xB0, 0x74, 0x3F, 0x0B, 0xC3, 0x4F, 0x2E, 0x86, 0x27,
    0x6C, 0x0C, 0x0C, 0xBF, 0x38, 0x0C, 0xFC, 0x18, 0x40, 0xD4, 0x63, 0x16, 0x10, 0x65, 0x11, 0xC7,
    0x00, 0xA2, 0xDE, 0xAF, 0x07, 0x53, 0xE2, 0xFF, 0x38, 0x41, 0x14, 0xFB, 0xE7, 0x7C, 0x30, 0x55,
    0xF0, 0x9F, 0x99, 0x81, 0xE1, 0x37, 0x3B, 0xC3, 0x1F, 0x39, 0x06, 0x86, 0x7F, 0x6C, 0x0C, 0x0F,
    0xCF, 0x33, 0x3E, 0xFC, 0xFF, 0x9F, 0x41, 0xE1, 0xAF, 0x3D, 0x00, 0x5F, 0xB9, 0x1F, 0x4F, 0x78,
    0x9C, 0x63, 0x68, 0xE8, 0x00, 0x82, 0x08, 0x86, 0x86, 0x1B, 0xF3, 0xCB, 0xFF, 0xD9, 0x30, 0x30,
    0x1C, 0xE0, 0x62, 0xF8, 0xC7, 0xCA, 0xC0, 0x70, 0x81, 0x9D, 0xE1, 0x1F, 0x33, 0x03, 0xC3, 0x03,
    0x36, 0x30, 0xF5, 0x81, 0x05, 0x4C, 0x7D, 0x62, 0x02, 0x53, 0x5F, 0x19, 0xC0, 0xD4, 0x0D, 0x08,
    0xD5, 0xC3, 0xC0, 0xF0, 0x9F, 0xD9, 0x51, 0xC1, 0x1E, 0x44, 0xFD, 0xDE, 0xC6, 0xCD, 0x60, 0xF0,
    0x9F, 0xE9, 0xE7, 0x79, 0x46, 0x86, 0xAF, 0xFF, 0xD7, 0x1B, 0x00, 0x65, 0x81, 0x00, 0x00, 0x2B,
    0xFD, 0x1E, 0xA2, 0x78, 0x9C, 0x13, 0xE8, 0xD0, 0x60, 0x60, 0x60, 0x28, 0xE8, 0x60, 0x14, 0xB8,
    0x3E, 0x1F, 0xC8, 0xF8, 0x5C, 0xCF, 0xC0, 0x70, 0xE0, 0x3F, 0x90, 0xF1, 0x93, 0x8F, 0x81, 0xE1,
    0xC1, 0x3F, 0x36, 0x06, 0x81, 0xFF, 0xFC, 0x0C, 0x0C, 0x1F, 0xBE, 0xF3, 0x32, 0x14, 0xBC, 0x92,
    0x67, 0x60, 0xF8, 0xF4, 0xC0, 0x9F, 0xE1, 0xC2, 0x61, 0x7F, 0x06, 0x86, 0x27, 0x0D, 0xFB, 0x19,
    0xAE, 0x4C, 0xC8, 0x67, 0x60, 0x38, 0x26, 0xF0, 0x9F, 0x29, 0xAB, 0x00, 0xA8, 0x75, 0x05, 0xC3,
    0x6F, 0x49, 0x3E, 0x87, 0xFD, 0x0C, 0x0C, 0x9D, 0x0C, 0x5F, 0xFA, 0x38, 0x15, 0xEE, 0x33, 0x30,
    0x64, 0x33, 0x5C, 0xF8, 0xCF, 0xC4, 0xF0, 0x9F, 0x41, 0xC0, 0x9E, 0xA1, 0xE0, 0x3C, 0x83, 0xC2,
    0x7F, 0x86, 0x47, 0xFF, 0xB9, 0x04, 0xE2, 0x19, 0x9E, 0xFC, 0x5F, 0x0F, 0x00, 0x0D, 0xB2, 0x29,
    0xE0, 0x78, 0x9C, 0x6B, 0xEF, 0xD0, 0x60, 0x68, 0xED, 0xB0, 0x58, 0xFE, 0x5F, 0x9C, 0xA1, 0xF5,
    0xBF, 0x56, 0xC2, 0x7D, 0x06, 0x06, 0x85, 0xFF, 0x8C, 0x09, 0xE7, 0x41, 0x14, 0x03, 0x8C, 0xDA,
    0x0F, 0xA1, 0xFE, 0xBF, 0x7B, 0xF7, 0x0F, 0x48, 0xBD, 0x57, 0x12, 0x72, 0x84, 0x08, 0x1A, 0xC0,
    0xA9, 0x02, 0x08, 0xB5, 0x60, 0x3D, 0x03, 0x43, 0xC1, 0x7B, 0x86, 0x3F, 0xFF, 0xED, 0x19, 0x7E,
    0xFC, 0xCF, 0x07, 0x00, 0x7E, 0x4C, 0x25, 0x64, 0x78, 0x9C, 0x63, 0x50, 0x38, 0x79, 0x56, 0x9C,
    0x81, 0x81, 0xE1, 0xBB, 0x66, 0xE0, 0x3B, 0x16, 0x86, 0x82, 0xF9, 0x0C, 0x0C, 0x9F, 0xEC, 0x19,
    0x3E, 0xC9, 0x33, 0x30, 0x2C, 0xB8, 0xCF, 0xF0, 0x83, 0x87, 0x81, 0x21, 0xE0, 0x3F, 0xCB, 0x1F,
    0x2E, 0x06, 0x06, 0x81, 0xFF, 0xEC, 0xFF, 0x38, 0x81, 0xCA, 0xFE, 0x73, 0xFC, 0xE3, 0x02, 0x51,
    0xEC, 0x7F, 0x78, 0x41, 0x82, 0x2C, 0xDF, 0x81, 0x2A, 0x1D, 0xDE, 0x33, 0x3C, 0xEC, 0x07, 0x6A,
    0xC8, 0x67, 0x70, 0xF8, 0xCF, 0xCA, 0xF0, 0x15, 0xA8, 0x6C, 0xD3, 0xF9, 0x53, 0x79, 0x40, 0x55,
    0x0C, 0x4E, 0xA6, 0x40, 0x02, 0x00, 0x09, 0x96, 0x1D, 0xE2, 0x78, 0x9C, 0x6B, 0xEF, 0x00, 0x01,
    0x8D, 0xE5, 0xFF, 0xBB, 0xCB, 0xA7, 0xFF, 0x97, 0x48, 0x78, 0xCF, 0xC0, 0x10, 0xF0, 0x9E, 0x21,
    0xE1, 0x3C, 0x03, 0x43, 0xC2, 0x7D, 0x08, 0x75, 0x9E, 0x18, 0xAA, 0x60, 0x3F, 0x03, 0x08, 0x2F,
    0x00, 0x52, 0x40, 0xFC, 0xE7, 0xBF, 0x3D, 0x08, 0x03, 0x00, 0xA8, 0x29, 0x24, 0x6E, 0x78, 0x9C,
    0x13, 0x98, 0x2C, 0x7A, 0x62, 0x2F, 0x1B, 0xC3, 0x97, 0xFF, 0x77, 0x22, 0x5E, 0x9C, 0x67, 0x64,
    0xF8, 0xC9, 0xC3, 0x20, 0xF0, 0x8F, 0x9B, 0xE1, 0x27, 0x07, 0x03, 0xC3, 0x57, 0x7F, 0x30, 0xF5,
    0x61, 0x3D, 0x98, 0x3A, 0x70, 0x1E, 0x4C, 0x6D, 0xB8, 0x0F, 0xE1, 0xED, 0x07, 0x53, 0x0F, 0xFA,
    0x19, 0x7E, 0x01, 0xA9, 0x4F, 0xF6, 0x60, 0xEA, 0x27, 0x17, 0xC3, 0x2F, 0x69, 0x86, 0x84, 0xF3,
    0x0C, 0x0C, 0xBF, 0xDE, 0xAE, 0xFE, 0x03, 0x14, 0xF8, 0xC5, 0x11, 0x22, 0xC2, 0xC0, 0x00, 0x96,
    0x43, 0xA2, 0xD8, 0xC1, 0xD4, 0x1F, 0x30, 0xD5, 0xF0, 0x7F, 0x0E, 0x88, 0x4A, 0x48, 0x0B, 0x03,
    0x51, 0x00, 0xBF, 0x0A, 0x2A, 0xF1, 0x78, 0x9C, 0x63, 0x50, 0x38, 0x71, 0xCF, 0x92, 0x81, 0xE1,
    0x9B, 0xB5, 0xC2, 0x0F, 0xB6, 0x80, 0xF5, 0x0C, 0x0C, 0x0F, 0xF8, 0x3F, 0xCA, 0x33, 0x30, 0x7C,
    0x94, 0xFF, 0xCE, 0xC3, 0xC0, 0x10, 0xC0, 0xFA, 0x87, 0x8B, 0x01, 0x08, 0xFE, 0x71, 0x82, 0x49,
    0x30, 0xFB, 0x0F, 0x2F, 0x88, 0xFC, 0x61, 0x0F, 0x22, 0x3F, 0x9E, 0x07, 0x12, 0x56, 0x01, 0xFF,
    0x6D, 0x18, 0x8E, 0x70, 0x32, 0x1C, 0xFE, 0xFF, 0x3F, 0x0F, 0xC8, 0x0D, 0x32, 0x63, 0x60, 0x00,
    0x00, 0xFF, 0x8E, 0x17, 0x13, 0x78, 0x9C, 0x6B, 0xEA, 0x00, 0x82, 0x88, 0x6F, 0x73, 0x5E, 0xAC,
    0x5F, 0xB1, 0xFF, 0x18, 0xC3, 0x03, 0x7F, 0x86, 0xE3, 0xD3, 0x40, 0xE4, 0x61, 0x25, 0x10, 0x69,
    0xC0, 0x00, 0x22, 0x19, 0x70, 0x93, 0x1F, 0xEC, 0x41, 0xE4, 0x27, 0x10, 0x19, 0xF0, 0xFF, 0x3F,
    0x37, 0x03, 0x00, 0x9A, 0xE5, 0x18, 0xF4, 0x78, 0x9C, 0x6B, 0xEF, 0xD0, 0x60, 0x48, 0xE8, 0xE0,
    0x38, 0xFE, 0x5F, 0x82, 0x21, 0xE1, 0x17, 0x67, 0xC2, 0x7F, 0x46, 0x06, 0x86, 0xD5, 0x0C, 0x0C,
    0xFF, 0x59, 0x19, 0x04, 0xF4, 0x19, 0x18, 0x7E, 0x72, 0x33, 0x24, 0xF0, 0x30, 0x30, 0x7C, 0xB4,
    0x67, 0x38, 0xC0, 0xC6, 0xC0, 0xB0, 0x60, 0x3D, 0xC3, 0x47, 0xA0, 0xB4, 0xC2, 0x7F, 0xA6, 0xED,
    0x0C, 0x40, 0xF0, 0x9B, 0x33, 0x06, 0x44, 0x7D, 0xB6, 0xE7, 0x07, 0x51, 0x07, 0xDE, 0x73, 0x81,
    0x28, 0x87, 0xFF, 0x2C, 0x20, 0x8A, 0xE1, 0x2D, 0x98, 0x64, 0xE8, 0x84, 0x50, 0x7A, 0x60, 0x32,
    0x80, 0x07, 0x4C, 0x6D, 0x00, 0x1A, 0xC5, 0xD0, 0x20, 0xFB, 0x18, 0xAC, 0x6B, 0xBD, 0x1F, 0x88,
    0x32, 0xD8, 0x0D, 0xD6, 0x05, 0x00, 0x7B, 0xCC, 0x1C, 0xB5, 0x78, 0x9C, 0x63, 0x60, 0x60, 0x70,
    0xDE, 0xC1, 0x00, 0x01, 0x77, 0xCF, 0x43, 0x19, 0x0E, 0x30, 0x46, 0x00, 0x2E, 0x86, 0xC3, 0xAD,
    0xB7, 0xFF, 0x6F, 0xAF, 0x65, 0x66, 0x60, 0xF8, 0x69, 0x79, 0xE8, 0xBF, 0xEB, 0xCF, 0x7A, 0x86,
    0x86, 0xF9, 0x20, 0xA9, 0x80, 0xFF, 0xAC, 0x9F, 0xE4, 0xC1, 0x6A, 0xFE, 0xF0, 0xFE, 0xE0, 0x01,
    0x33, 0xBE, 0xD9, 0xFF, 0xE1, 0x02, 0x33, 0x3E, 0xC7, 0xFF, 0xE3, 0x04, 0x33, 0x3E, 0xE6, 0xC3,
    0x18, 0xF1, 0x7F, 0xB9, 0x21, 0x52, 0xFA, 0x3F, 0x21, 0xBA, 0xBE, 0xF1, 0x7E, 0xAA, 0x67, 0x08,
    0xB8, 0x0F, 0xD4, 0xCE, 0x5A, 0xF0, 0x9F, 0x35, 0xE0, 0x3F, 0x43, 0xC1, 0x7C, 0x06, 0x86, 0x67,
    0xEF, 0xFF, 0xFC, 0x9F, 0xF3, 0x87, 0x1D, 0x68, 0x6B, 0x4A, 0xC8, 0xF9, 0x14, 0x16, 0x1C, 0x0E,
    0x4B, 0x80, 0x31, 0x0A, 0x60, 0x8C, 0x67, 0xEF, 0x35, 0x21, 0x8C, 0xD4, 0x34, 0x31, 0x20, 0x09,
    0x00, 0x7E, 0x75, 0x41, 0xCA, 0x78, 0x9C, 0x6B, 0xEE, 0x88, 0x60, 0x68, 0xED, 0x60, 0x9E, 0xFC,
    0xDF, 0x9A, 0x61, 0xEA, 0x7E, 0x26, 0x86, 0x3F, 0x9C, 0x0C, 0x07, 0xD8, 0x19, 0x18, 0x3E, 0xD9,
    0x33, 0xCC, 0x62, 0x60, 0x60, 0x08, 0xB8, 0xDF, 0xC0, 0x0D, 0xA4, 0x18, 0x7E, 0xDD, 0x01, 0x91,
    0x0C, 0x17, 0xFA, 0xC1, 0xD4, 0xC5, 0xFF, 0xAC, 0x20, 0x6A, 0xF6, 0x17, 0x7D, 0x20, 0x59, 0xC0,
    0x5B, 0x70, 0x9F, 0x91, 0x81, 0xE1, 0x0B, 0x13, 0xC3, 0x2F, 0x6E, 0x06, 0x83, 0x38, 0x06, 0x86,
    0x0F, 0xF5, 0x0C, 0x5F, 0xFF, 0xF3, 0x30, 0xFC, 0xFE, 0xCF, 0x0F, 0x00, 0xDD, 0x89, 0x1B, 0x7E,
    0x78, 0x9C, 0x6B, 0xEF, 0xD0, 0x60, 0xE8, 0xE8, 0xE0, 0x58, 0xFE, 0x5F, 0x9C, 0xE1, 0xC4, 0x7F,
    0xD6, 0x84, 0xFB, 0x0C, 0x0C, 0x13, 0xD6, 0x33, 0x24, 0x9C, 0x07, 0x52, 0xF3, 0x19, 0x12, 0xF6,
    0x03, 0xA9, 0x7E, 0x82, 0xD4, 0x82, 0x7E, 0x86, 0x02, 0x10, 0x55, 0xCF, 0xB0, 0x60, 0x3D, 0x03,
    0xC3, 0xA3, 0x7A, 0x86, 0x3F, 0xFF, 0x41, 0x00, 0xC8, 0x06, 0x82, 0x00, 0x08, 0xC5, 0xB0, 0x0A,
    0x42, 0x2D, 0x87, 0x50, 0xCB, 0x20, 0x94, 0x13, 0x00, 0x0F, 0xF5, 0x27, 0x15, 0x78, 0x9C, 0x6B,
    0xE9, 0xF0, 0x50, 0xE8, 0xE8, 0x60, 0x2B, 0xF9, 0xAF, 0xAD, 0x70, 0xFD, 0x3D, 0x8B, 0xC0, 0x7F,
    0x66, 0x86, 0x03, 0xF5, 0x0C, 0x02, 0xFF, 0x19, 0x19, 0x0E, 0xE4, 0x33, 0x30, 0x40, 0xA9, 0x3F,
    0x6C, 0x0C, 0x07, 0xE2, 0x19, 0x18, 0xBE, 0xD6, 0x1B, 0x3F, 0x05, 0x52, 0x01, 0x7F, 0xFF, 0xFF,
    0x03, 0x52, 0x0C, 0x0C, 0x8C, 0x07, 0xC0, 0x14, 0x03, 0x94, 0xBA, 0x00, 0xA1, 0x3E, 0xFA, 0x83,
    0x48, 0x83, 0x7F, 0xFF, 0x79, 0x01, 0xB0, 0x22, 0x1C, 0x6F, 0x78, 0x9C, 0x6B, 0xEF, 0xD0, 0x68,
    0xE8, 0xE8, 0x30, 0xE8, 0xE8, 0x60, 0x5D, 0xFE, 0x5F, 0xBC, 0xE1, 0x77, 0xBE, 0xC1, 0xF7, 0xF3,
    0xCC, 0x09, 0xF7, 0x19, 0x18, 0x7E, 0x72, 0x31, 0x7C, 0xF0, 0x67, 0x48, 0x38, 0x0F, 0x64, 0x71,
    0x32, 0x7C, 0xB0, 0x67, 0x48, 0xD8, 0x0F, 0x64, 0x71, 0x30, 0x7C, 0xD0, 0x27, 0x83, 0x55, 0x00,
    0x64, 0xFD, 0x02, 0xB3, 0x16, 0xAC, 0x67, 0x50, 0xF8, 0xC7, 0xCE, 0xF0, 0x4D, 0x9E, 0xE1, 0xCF,
    0x7F, 0x28, 0xE0, 0x04, 0x00, 0xAD, 0x58, 0x33, 0xDE, 0x78, 0x9C, 0x6B, 0xEF, 0xD0, 0x68, 0xE8,
    0xE8, 0x30, 0xE8, 0xE8, 0x60, 0x5D, 0xFE, 0x5F, 0xBC, 0xE1, 0x77, 0xBE, 0xC1, 0xF7, 0xF3, 0xCC,
    0x09, 0xF7, 0x19, 0x18, 0x7E, 0x72, 0x31, 0x7C, 0xF0, 0x67, 0x48, 0x38, 0x0F, 0x64, 0x71, 0x32,
    0x7C, 0xB0, 0x67, 0x48, 0xD8, 0x0F, 0x64, 0x71, 0x30, 0x7C, 0xD0, 0x27, 0x83, 0x55, 0x00, 0x64,
    0xFD, 0x02, 0xB3, 0x16, 0xAC, 0x67, 0x50, 0xF8, 0xC7, 0xCE, 0xF0, 0x4D, 0x9E, 0xE1, 0xCF, 0x7F,
    0x28, 0xF0, 0x67, 0x80, 0x82, 0x05, 0x70, 0x96, 0x00, 0x9C, 0xC5, 0xE0, 0x0B, 0x67, 0xF9, 0xC0,
    0x59, 0xAA, 0x00, 0x19, 0x7D, 0x36, 0x30, 0x78, 0x9C, 0x6B, 0xEA, 0xE8, 0xE8, 0x60, 0x66, 0x60,
    0xF8, 0x36, 0xE7, 0x57, 0x3F, 0x23, 0x03, 0xC3, 0x31, 0x86, 0xCF, 0xFC, 0x0C, 0x0C, 0x0C, 0x6D,
    0x0C, 0x5F, 0xF8, 0x80, 0x94, 0x12, 0x84, 0x62, 0x60, 0xF8, 0xE2, 0x67, 0xC2, 0x04, 0xA2, 0xD6,
    0x9F, 0xBA, 0xCF, 0xCA, 0x00, 0x12, 0xFC, 0xEC, 0x0F, 0xA6, 0x26, 0xAC, 0x07, 0x53, 0x05, 0xFB,
    0xC1, 0xD4, 0x82, 0xF9, 0x0C, 0x0C, 0x3F, 0xF8, 0x04, 0xBE, 0xCB, 0x31, 0x4C, 0xF8, 0xFF, 0xFF,
    0xFF, 0x3A, 0x26, 0x00, 0xF8, 0xAD, 0x1D, 0xD6, 0x78, 0x9C, 0x6B, 0xEF, 0x90, 0x60, 0x60, 0x08,
    0xE8, 0xE8, 0x60, 0x5E, 0xFE, 0x9F, 0x1D, 0xC8, 0xF8, 0xB1, 0x9E, 0x29, 0xE1, 0x3E, 0x03, 0x10,
    0x7C, 0x92, 0x67, 0x48, 0x38, 0x0F, 0x66, 0xF0, 0x23, 0x31, 0xEE, 0xBB, 0x08, 0x43, 0x18, 0xEF,
    0x77, 0xFD, 0x95, 0x66, 0xF8, 0x0C, 0x96, 0x9A, 0x70, 0x1F, 0xCA, 0x60, 0xF8, 0xCF, 0xFC, 0x99,
    0x0F, 0xCC, 0xF8, 0xC7, 0x02, 0x62, 0xEC, 0x67, 0x10, 0xF8, 0xCF, 0xF4, 0x85, 0x8F, 0x61, 0xC1,
    0x7E, 0x86, 0xC3, 0xF3, 0x19, 0xBE, 0xF3, 0x31, 0xFC, 0xF9, 0xFF, 0xFF, 0x3E, 0xDB, 0x84, 0xFF,
    0xFF, 0xD9, 0x00, 0xDB, 0x44, 0x2B, 0x0A, 0x78, 0x9C, 0x6B, 0xEF, 0x90, 0x60, 0x60, 0x60, 0x58,
    0xFE, 0x9F, 0x1D, 0x48, 0x26, 0xDC, 0x67, 0x00, 0x91, 0xE7, 0x91, 0xC8, 0xFB, 0x2E, 0xC2, 0x40,
    0xF2, 0xFD, 0xAA, 0x3F, 0x36, 0x20, 0x11, 0x87, 0xFF, 0x4C, 0x20, 0xF1, 0xDF, 0x1C, 0x20, 0xF2,
    0x27, 0x67, 0xC2, 0x7E, 0x06, 0x86, 0x3F, 0x6C, 0x0B, 0xF6, 0x33, 0x4C, 0xBA, 0xCF, 0xF0, 0xE7,
    0xFF, 0xFF, 0xF7, 0x92, 0x0C, 0x00, 0x80, 0x60, 0x1A, 0xFF, 0x78, 0x9C, 0x6B, 0x59, 0x7C, 0x37,
    0x9B, 0x81, 0xE1, 0x5B, 0x9C, 0xE0, 0x77, 0x5B, 0x86, 0x6F, 0x4C, 0x0C, 0x09, 0xEF, 0x19, 0x97,
    0x31, 0x30, 0x30, 0xFC, 0xE3, 0x74, 0x06, 0x92, 0x3F, 0xF9, 0x81, 0x04, 0xC3, 0x37, 0x7D, 0x86,
    0x07, 0xEF, 0xDE, 0xFD, 0xF7, 0x67, 0x50, 0x50, 0x12, 0xFC, 0x66, 0x0F, 0x16, 0xE1, 0xFF, 0xC1,
    0x0C, 0x94, 0xE5, 0xFA, 0xCB, 0xCA, 0x20, 0xF0, 0x8F, 0xE9, 0x3B, 0x1B, 0xC3, 0x86, 0x7C, 0x86,
    0x82, 0xF3, 0x33, 0xDF, 0xB1, 0x32, 0x30, 0x38, 0x84, 0x02, 0x65, 0x00, 0xD4, 0x7B, 0x1B, 0x94,
    0x78, 0x9C, 0x6B, 0xEF, 0xD0, 0x60, 0x30, 0xB8, 0xB5, 0x97, 0x95, 0x81, 0x61, 0xF9, 0x7F, 0x71,
    0x86, 0x1F, 0x1A, 0x85, 0xE7, 0x99, 0x18, 0x12, 0xEE, 0x33, 0x14, 0xCC, 0x67, 0x60, 0xF8, 0xC6,
    0xCB, 0x90, 0x70, 0x9E, 0xE1, 0xA3, 0x3C, 0x03, 0xC3, 0x83, 0xF9, 0x20, 0xD6, 0x0F, 0x1E, 0x06,
    0x86, 0x09, 0xFF, 0x41, 0xAC, 0x3F, 0x5C, 0x0C, 0x0C, 0x09, 0xFF, 0x99, 0x13, 0xFE, 0xBF, 0xFB,
    0xCF, 0xC9, 0xC0, 0xE0, 0xF0, 0x9F, 0x25, 0xE1, 0xBC, 0xD0, 0x3F, 0xA0, 0x98, 0x01, 0x50, 0x6C,
    0x3F, 0xC3, 0x1F, 0x5E, 0x06, 0x86, 0x00, 0xA0, 0xBA, 0xFD, 0x0C, 0xDF, 0x81, 0x7A, 0x1B, 0xD6,
    0x33, 0x14, 0xEC, 0x67, 0x78, 0xD8, 0x0F, 0x34, 0x45, 0x9F, 0x61, 0xC1, 0x7A, 0x90, 0x6A, 0x86,
    0x9F, 0xAC, 0x0C, 0x7F, 0xFE, 0xDB, 0x33, 0x1C, 0xDA, 0x7F, 0xCB, 0x87, 0x01, 0x02, 0x82, 0x4C,
    0x81, 0x04, 0x00, 0x2E, 0x38, 0x31, 0x1F, 0x78, 0x9C, 0x63, 0x60, 0x48, 0x6A, 0xEF, 0xE8, 0x60,
    0x61, 0x58, 0xF0, 0xBE, 0xF2, 0xE7, 0x7A, 0x26, 0x86, 0x1F, 0x3C, 0x0C, 0x9F, 0xE4, 0x19, 0x18,
    0xFE, 0xB2, 0x31, 0x7C, 0xE2, 0x07, 0x52, 0xAC, 0x60, 0xEA, 0x17, 0x27, 0x98, 0x7A, 0x98, 0x0F,
    0xA6, 0x18, 0x9E, 0xBD, 0xFF, 0x0F, 0xA2, 0x7E, 0x71, 0x83, 0x78, 0x0D, 0xEF, 0xC1, 0x82, 0x5F,
    0xFC, 0x19, 0x3E, 0xF3, 0x33, 0x18, 0xFC, 0x67, 0x67, 0xF8, 0xCE, 0xCF, 0xF0, 0xBD, 0x9E, 0xA1,
    0xE1, 0xFF, 0x7F, 0x76, 0x00, 0x91, 0x15, 0x1F, 0xF6, 0x78, 0x9C, 0x63, 0x60, 0x80, 0x80, 0xD7,
    0x8C, 0x20, 0xF2, 0x27, 0x17, 0x88, 0x5C, 0xE0, 0x0F, 0x16, 0xBA, 0x09, 0x26, 0x1D, 0x18, 0x60,
    0x40, 0xE1, 0xE4, 0x39, 0x76, 0x06, 0x86, 0xEF, 0x96, 0x89, 0xF7, 0x19, 0x0B, 0xFA, 0x19, 0x18,
    0xBE, 0x71, 0x7D, 0xE2, 0x67, 0x60, 0xF8, 0x28, 0xFF, 0xC3, 0xD7, 0xC5, 0xE5, 0x4B, 0xFC, 0x9F,
    0x73, 0x7B, 0x76, 0xAF, 0xB2, 0xFA, 0x07, 0xD6, 0xFF, 0x8F, 0x1B, 0x44, 0xFE, 0xE1, 0x03, 0x91,
    0xDF, 0xED, 0x41, 0xE4, 0xC3, 0xFD, 0x40, 0x22, 0xDC, 0xE1, 0xBF, 0x14, 0xC3, 0x66, 0x6E, 0x86,
    0xC3, 0xFF, 0xFF, 0xD5, 0x01, 0xB9, 0x41, 0x66, 0x0C, 0x0C, 0x00, 0xA3, 0x9D, 0x1F, 0xA1, 0x78,
    0x9C, 0x63, 0x10, 0x60, 0x64, 0x60, 0x62, 0x60, 0x78, 0x20, 0x7F, 0xC0, 0x9F, 0x81, 0xE1, 0x93,
    0xFD, 0x87, 0x7C, 0x06, 0x86, 0x02, 0x8E, 0x00, 0x4E, 0x06, 0x14, 0xA0, 0x70, 0xF2, 0x1C, 0x3B,
    0x03, 0xC3, 0x77, 0xCB, 0xC4, 0xFB, 0x8C, 0x05, 0xFD, 0x0C, 0x0C, 0xDF, 0xB8, 0x3E, 0xF1, 0x33,
    0x30, 0x7C, 0x94, 0xFF, 0xE1, 0xEB, 0xE2, 0xF2, 0x25, 0xFE, 0xCF, 0xB9, 0x3D, 0xBB, 0x57, 0x59,
    0xFD, 0xE3, 0x02, 0x29, 0xFC, 0xC7, 0x0D, 0x22, 0xFF, 0xF0, 0x81, 0xC8, 0xEF, 0xF6, 0x20, 0xF2,
    0xE1, 0x7E, 0x20, 0x11, 0xEE, 0xF0, 0x5F, 0x8A, 0x61, 0x33, 0x37, 0xC3, 0xE1, 0xFF, 0xFF, 0xEA,
    0x80, 0xDC, 0x20, 0x33, 0x06, 0x06, 0x00, 0x46, 0xAD, 0x21, 0x2C, 0x78, 0x9C, 0x33, 0x58, 0xCA,
    0xCE, 0x00, 0x04, 0x97, 0xFF, 0x71, 0x80, 0x28, 0x86, 0x9F, 0x60, 0x6A, 0xC9, 0xDF, 0xB5, 0xAB,
    0xB2, 0x18, 0x18, 0x8A, 0xFF, 0x64, 0x87, 0x99, 0xC2, 0x05, 0x41, 0x14, 0x23, 0x88, 0xD2, 0xF8,
    0xF5, 0x5F, 0x07, 0x48, 0xDD, 0x35, 0xDF, 0xF2, 0x1E, 0x48, 0xF1, 0x30, 0x30, 0xFC, 0x63, 0x05,
    0x2B, 0xF9, 0xC1, 0x09, 0xA6, 0xBE, 0x72, 0x83, 0xA9, 0x2F, 0x3C, 0x60, 0xEA, 0x33, 0x3A, 0xF5,
    0x0B, 0x42, 0xFD, 0x65, 0x07, 0x51, 0x0F, 0xFF, 0xFF, 0x07, 0xF3, 0x40, 0xE0, 0x0B, 0x37, 0x98,
    0xFA, 0xC6, 0x09, 0xA6, 0x7E, 0xB0, 0x81, 0xA9, 0x7F, 0x20, 0x1B, 0x4D, 0xB6, 0xD4, 0x83, 0xD8,
    0xCB, 0x66, 0x33, 0x33, 0x00, 0x00, 0x04, 0xC7, 0x2F, 0x0B, 0x78, 0x9C, 0x63, 0x60, 0x00, 0x03,
    0x81, 0x7D, 0x40, 0x62, 0x43, 0x3F, 0x90, 0xF8, 0xCA, 0x09, 0x24, 0xFA, 0x40, 0x62, 0x2C, 0x10,
    0x29, 0x86, 0xF6, 0x8E, 0x8E, 0x0E, 0x8F, 0xE5, 0xF7, 0x3B, 0x6E, 0xF6, 0x27, 0xEC, 0x67, 0x60,
    0x98, 0x03, 0x22, 0xA6, 0x81, 0x08, 0x45, 0x10, 0xC1, 0x80, 0x8D, 0x28, 0x00, 0x11, 0x0B, 0xD6,
    0x03, 0x89, 0x3F, 0xFF, 0xED, 0x19, 0x18, 0x00, 0x48, 0x0E, 0x18, 0x7E, 0x78, 0x9C, 0x63, 0x50,
    0x38, 0x71, 0xCF, 0x92, 0x81, 0xE1, 0x9B, 0xB5, 0xC2, 0x0F, 0xB6, 0x80, 0xF5, 0x0C, 0x0C, 0x0F,
    0xF8, 0x3F, 0xCA, 0x33, 0x30, 0x7C, 0x94, 0xFF, 0xCE, 0xC3, 0xC0, 0x10, 0xC0, 0xFA, 0x87, 0x8B,
    0x01, 0x08, 0xFE, 0xBD, 0x7F, 0xF7, 0x8E, 0x95, 0xE1, 0x9F, 0x8E, 0x92, 0x20, 0x03, 0xC3, 0x1F,
    0x5E, 0x90, 0xC8, 0x0F, 0x7B, 0x10, 0xF9, 0xF1, 0x3C, 0x90, 0xB0, 0x0A, 0xF8, 0x6F, 0xC3, 0x70,
    0x84, 0x93, 0xE1, 0xF0, 0xFF, 0xFF, 0x79, 0x40, 0x6E, 0x90, 0x19, 0x03, 0x03, 0x00, 0x8C, 0xA6,
    0x1A, 0x2F, 0x78, 0x9C, 0x01, 0x46, 0x00, 0xB9, 0xFF, 0x00, 0xC8, 0xCE, 0x58, 0x08, 0xD0, 0x4E,
    0x21, 0xFA, 0x0A, 0xF7, 0x05, 0x00, 0xC0, 0x0A, 0xFA, 0x06, 0x00, 0x50, 0x0A, 0xF9, 0x3E, 0x00,
    0x10, 0x06, 0xF3, 0xFF, 0x3A, 0x00, 0x00, 0x40, 0xFD, 0xFF, 0x4C, 0x00, 0x00, 0x60, 0xFC, 0xFF,
    0x09, 0x01, 0x00, 0x40, 0xFC, 0x4F, 0x2A, 0x00, 0x00, 0xC0, 0x8F, 0x8A, 0x00, 0x00, 0x80, 0x6F,
    0xF9, 0x06, 0x00, 0xD1, 0x1F, 0xB9, 0xDD, 0xB9, 0xDF, 0x03, 0x11, 0x30, 0x65, 0x03, 0x00, 0xB2,
    0xA9, 0x1A, 0x06, 0x78, 0x9C, 0x63, 0x50, 0x60, 0x60, 0x60, 0xF8, 0xC1, 0xC9, 0xC0, 0xF0, 0x87,
    0x97, 0x81, 0x61, 0x0B, 0x0B, 0x03, 0x0C, 0x08, 0x14, 0x71, 0x30, 0x7C, 0xFC, 0xC7, 0xCD, 0xC0,
    0xF0, 0x8D, 0x00, 0xFE, 0x0E, 0xC4, 0xBF, 0xB8, 0x18, 0x0E, 0xFC, 0xFF, 0xCF, 0x0C, 0x00, 0x3F,
    0x97, 0x12, 0x36, 0x78, 0x9C, 0x33, 0x60, 0x50, 0x60, 0xF8, 0xC9, 0xFE, 0x8D, 0xEB, 0x0F, 0xE7,
    0x4F, 0x9E, 0xC5, 0x4C, 0x8B, 0x98, 0x19, 0xA0, 0x40, 0xA0, 0x88, 0x83, 0xE1, 0xE3, 0x3F, 0x6E,
    0x06, 0x86, 0x6F, 0x04, 0xF0, 0x77, 0x20, 0xFE, 0xC5, 0xC5, 0x70, 0xE0, 0xFF, 0x7F, 0x66, 0x00,
    0xFB, 0x90, 0x14, 0xF8, 0x78, 0x9C, 0x63, 0x60, 0x60, 0x60, 0x62, 0x60, 0xD8, 0x90, 0xCF, 0xC0,
    0xF0, 0x61, 0x3E, 0x03, 0x43, 0x82, 0x36, 0x03, 0x1C, 0x18, 0x66, 0x30, 0x04, 0xFC, 0xEF, 0x67,
    0x60, 0x98, 0x00, 0xC5, 0x0B, 0x88, 0xC1, 0xF5, 0x40, 0x0C, 0x34, 0x6B, 0x83, 0x3F, 0x03, 0xC3,
    0x01, 0xFE, 0x05, 0x1C, 0x1F, 0x38, 0x3E, 0xE5, 0x9F, 0x66, 0x28, 0x58, 0xCD, 0xC6, 0x00, 0x00,
    0xDA, 0xF7, 0x1B, 0x81, 0x78, 0x9C, 0x63, 0x68, 0xE8, 0x00, 0x02, 0x0E, 0x06, 0x06, 0x86, 0x86,
    0x17, 0xF3, 0xB7, 0xFF, 0x67, 0x03, 0x32, 0x18, 0x2E, 0x70, 0x35, 0xEC, 0x07, 0xD1, 0x0C, 0x0F,
    0x38, 0x1A, 0xD6, 0x83, 0x19, 0x1F, 0xD8, 0x1A, 0xE6, 0x43, 0x18, 0x2C, 0x0D, 0xFB, 0x5D, 0x98,
    0x81, 0x8C, 0x4F, 0x4C, 0x0D, 0xEF, 0x77, 0xFD, 0x63, 0x67, 0x60, 0xF8, 0xCA, 0x00, 0x94, 0x3A,
    0x58, 0xCF, 0xC0, 0x70, 0x03, 0xC4, 0x08, 0x78, 0xCF, 0xC0, 0xD0, 0x03, 0x62, 0x18, 0xFC, 0x77,
    0x54, 0xD0, 0x67, 0x98, 0x30, 0x9F, 0xA1, 0xE0, 0xFC, 0xEF, 0xA5, 0xDC, 0x0C, 0x17, 0xE6, 0x0B,
    0x7C, 0xF5, 0xFF, 0x75, 0x9F, 0x91, 0xE1, 0xDF, 0xFF, 0xFF, 0xFB, 0x99, 0x03, 0x58, 0x19, 0x20,
    0x00, 0x00, 0x04, 0x69, 0x2A, 0x0A, 0x78, 0x9C, 0x6B, 0xE9, 0xF0, 0x60, 0x68, 0xEB, 0xD0, 0x60,
    0x60, 0x60, 0x68, 0xF9, 0xAF, 0xC5, 0x30, 0xED, 0xBF, 0x04, 0x90, 0x25, 0xF0, 0x9F, 0x89, 0xC1,
    0xE1, 0x3F, 0x90, 0xC1, 0xA0, 0xF0, 0x9F, 0x91, 0xC1, 0xE1, 0x3D, 0x84, 0xC5, 0x00, 0x67, 0xB9,
    0xB8, 0xB4, 0xBC, 0x77, 0x61, 0x06, 0xB1, 0xCE, 0x9E, 0xF9, 0xF3, 0x7F, 0xD7, 0x5F, 0x29, 0x98,
    0xEC, 0x84, 0xFD, 0x70, 0x75, 0xFF, 0x99, 0xE0, 0x2C, 0x66, 0x30, 0xEB, 0x3E, 0xC8, 0xB0, 0x04,
    0x20, 0xAB, 0xE1, 0x3E, 0xC3, 0xE5, 0x7E, 0x86, 0xEF, 0xFF, 0xEB, 0x19, 0x7E, 0xFD, 0xFF, 0x7F,
    0x9E, 0x8D, 0x01, 0x00, 0xB2, 0xAA, 0x2E, 0xB3, 0x78, 0x9C, 0x13, 0x08, 0xAE, 0x62, 0x00, 0x01,
    0x87, 0x37, 0xFD, 0x60, 0x9A, 0x61, 0x01, 0x84, 0x7E, 0xFA, 0xEF, 0xFF, 0xBB, 0x77, 0x9C, 0x0C,
    0x0C, 0x93, 0x7F, 0xFE, 0xEF, 0xE8, 0x60, 0x45, 0x88, 0x03, 0xE9, 0x84, 0xDB, 0xBD, 0x20, 0x7A,
    0xFF, 0xDA, 0xF6, 0x7F, 0xDC, 0x40, 0xFA, 0x3E, 0x13, 0xC3, 0x27, 0x7B, 0x88, 0x3C, 0x0C, 0x17,
    0xAC, 0x87, 0xD0, 0x09, 0xFB, 0x09, 0xD3, 0x1B, 0xEA, 0x81, 0xEA, 0x81, 0xF4, 0x83, 0x7C, 0x90,
    0x99, 0x0C, 0x02, 0xFF, 0xFE, 0xF3, 0x33, 0xFC, 0xFE, 0x6F, 0x0F, 0x00, 0xBA, 0x14, 0x30, 0x36,
    0x78, 0x9C, 0x63, 0x60, 0x80, 0x83, 0x37, 0x60, 0xB2, 0xE0, 0x3C, 0x98, 0xFA, 0x28, 0x03, 0xA6,
    0x4E, 0x41, 0xA4, 0x98, 0x11, 0xAA, 0x1A, 0x3A, 0x3A, 0x18, 0x5A, 0x3B, 0xD8, 0x0A, 0xFE, 0xC4,
    0x33, 0x2C, 0xDD, 0xCF, 0xC2, 0xF0, 0x93, 0x8B, 0xE1, 0x09, 0x1B, 0x03, 0xC3, 0x2F, 0x0E, 0x03,
    0x3F, 0x06, 0x10, 0xF5, 0x98, 0x05, 0x44, 0x59, 0xC4, 0x81, 0x94, 0xFE, 0x7A, 0xBF, 0x1E, 0x4C,
    0x89, 0xFF, 0xE3, 0x04, 0x51, 0xEC, 0x9F, 0xF3, 0xC1, 0x54, 0xC1, 0x7F, 0xA0, 0x71, 0xBF, 0xD9,
    0x19, 0xFE, 0xC8, 0x31, 0x30, 0xFC, 0x63, 0x63, 0x78, 0x78, 0x9E, 0xF1, 0xE1, 0xFF, 0xFF, 0x0C,
    0x0A, 0x7F, 0xED, 0x01, 0x40, 0x66, 0x23, 0x54, 0x78, 0x9C, 0x63, 0x60, 0x80, 0x82, 0x8F, 0xDC,
    0x60, 0xEA, 0x42, 0x3C, 0x98, 0x12, 0x78, 0xCB, 0x08, 0xA6, 0x0F, 0x72, 0x42, 0x64, 0x99, 0x61,
    0xCA, 0x18, 0xDA, 0x3B, 0x34, 0x18, 0x5A, 0x3A, 0x3C, 0x96, 0xFF, 0x17, 0x67, 0x28, 0xF9, 0xAF,
    0x9D, 0x70, 0x9F, 0x81, 0xA1, 0xE1, 0x3F, 0x73, 0xC2, 0x79, 0x06, 0x86, 0x2F, 0xFF, 0x19, 0x81,
    0x94, 0x82, 0x1F, 0x90, 0xDA, 0xCF, 0x70, 0x91, 0x0D, 0x4C, 0xCD, 0x16, 0x00, 0x51, 0x0D, 0x3C,
    0x60, 0xEA, 0x29, 0xA3, 0xC0, 0x7F, 0x86, 0x84, 0xF7, 0xF6, 0x0C, 0x40, 0xAA, 0xE0, 0x3F, 0x1B,
    0x83, 0xC2, 0x7F, 0x86, 0x05, 0xFF, 0x19, 0x18, 0x02, 0xFE, 0x33, 0xFC, 0xF9, 0x6F, 0xCF, 0xF0,
    0xFD, 0x7F, 0x3F, 0x00, 0xA0, 0x4E, 0x2A, 0xCB, 0x78, 0x9C, 0x63, 0x08, 0xE0, 0x62, 0x98, 0xC6,
    0xC0, 0xC0, 0x70, 0x40, 0x9F, 0xE1, 0x0F, 0x13, 0x03, 0x43, 0x42, 0x7F, 0xE9, 0x3E, 0x20, 0x8F,
    0xA1, 0xA8, 0x82, 0x99, 0x01, 0x06, 0xDA, 0x3B, 0x34, 0x18, 0x12, 0x3A, 0x38, 0x8E, 0xFF, 0x97,
    0x60, 0x48, 0xF8, 0xC5, 0x99, 0xF0, 0x9F, 0x91, 0x81, 0x61, 0x35, 0x03, 0xC3, 0x7F, 0x56, 0x06,
    0x01, 0x7D, 0x06, 0x86, 0x9F, 0xDC, 0x0C, 0x09, 0x3C, 0x0C, 0x0C, 0x1F, 0xED, 0x19, 0x0E, 0xB0,
    0x31, 0x30, 0x2C, 0x58, 0xCF, 0xF0, 0x11, 0x28, 0xAD, 0xF0, 0x9F, 0x69, 0x3B, 0x48, 0xE7, 0x6F,
    0xCE, 0x18, 0x10, 0xF5, 0xD9, 0x9E, 0x1F, 0x44, 0x1D, 0x78, 0xCF, 0x05, 0xA2, 0x1C, 0xFE, 0xB3,
    0x80, 0x8D, 0x7D, 0x0B, 0x31, 0xBD, 0x13, 0x42, 0xE9, 0x81, 0xC9, 0x00, 0x1E, 0x30, 0xB5, 0x01,
    0x68, 0x14, 0x43, 0x83, 0xEC, 0x63, 0xB0, 0xAE, 0xF5, 0x7E, 0x20, 0xCA, 0x60, 0x37, 0x58, 0x17,
    0x00, 0x39, 0xB6, 0x22, 0xA1, 0x78, 0x9C, 0x6B, 0xEB, 0xD0, 0x60, 0x68, 0xEB, 0xD0, 0x58, 0xF6,
    0x5F, 0x82, 0x01, 0x88, 0x03, 0xDE, 0x33, 0x30, 0x00, 0x71, 0xC2, 0x7D, 0x06, 0x10, 0x4E, 0x38,
    0xCF, 0x00, 0xC2, 0x44, 0x50, 0x05, 0xFB, 0x19, 0x18, 0x0A, 0xCE, 0x33, 0x2C, 0x00, 0x52, 0x07,
    0xF7, 0x33, 0xFC, 0xF9, 0x0F, 0x02, 0xFE, 0x40, 0x99, 0x7E, 0x06, 0x30, 0xE8, 0x81, 0x50, 0x1D,
    0x10, 0xAA, 0x1D, 0x42, 0x19, 0x03, 0x31, 0x00, 0x5A, 0x1C, 0x27, 0x67, 0x78, 0x9C, 0x7B, 0xF2,
    0xEE, 0xDD, 0xBB, 0xBA, 0x2B, 0x77, 0xEF, 0x9E, 0xCD, 0x01, 0x00, 0x2E, 0x6B, 0x07, 0xF4, 0x78,
    0x9C, 0x7B, 0xF2, 0x0E, 0x04, 0x18, 0xAE, 0xDC, 0xBD, 0x7B, 0xF7, 0xEC, 0x19, 0x06, 0x00, 0x56,
    0x66, 0x0A, 0x8F, 0x78, 0x9C, 0x7B, 0xF2, 0x0E, 0x0A, 0x98, 0xAF, 0xDC, 0x05, 0x81, 0xB3, 0x67,
    0xCE, 0x30, 0x03, 0x00, 0xB2, 0xFF, 0x0F, 0xE5, 0x78, 0x9C, 0x4B, 0x60, 0x7B, 0xC0, 0x78, 0x94,
    0x61, 0x16, 0xC3, 0x1D, 0x8E, 0xDF, 0xFE, 0x8F, 0x65, 0x01, 0x28, 0xB5, 0x05, 0xD5, 0x78, 0x9C,
    0x4B, 0x60, 0xFB, 0x52, 0xFF, 0x79, 0xBF, 0xC0, 0x4A, 0x86, 0x6A, 0x06, 0xF9, 0x02, 0x4E, 0x05,
    0x06, 0x00, 0x3A, 0x72, 0x05, 0x78, 0x78, 0x9C, 0x4B, 0x60, 0xFB, 0xD2, 0xFF, 0xE9, 0xBC, 0xC0,
    0x4E, 0x86, 0x2A, 0x06, 0xF9, 0x04, 0x2E, 0x05, 0x46, 0x00, 0x3C, 0x33, 0x05, 0x98, 0x78, 0x9C,
    0x4B, 0x60, 0x13, 0xE0, 0x7E, 0xC0, 0x38, 0x81, 0xE3, 0x28, 0xC3, 0x03, 0xA6, 0x59, 0x0C, 0x5F,
    0x18, 0xEE, 0x70, 0x7C, 0xB3, 0xFC, 0xED, 0xFF, 0x75, 0xFD, 0x63, 0xD9, 0x0D, 0xF1, 0x00, 0x95,
    0x5F, 0x0C, 0x40, 0x78, 0x9C, 0x4B, 0x60, 0x33, 0x50, 0x67, 0xF8, 0x52, 0xFF, 0xE0, 0x3E, 0xC3,
    0xE7, 0xFD, 0x07, 0xFE, 0x33, 0x09, 0xAC, 0x64, 0xF8, 0xC2, 0xC8, 0x50, 0xCD, 0x70, 0x85, 0x81,
    0x41, 0x9E, 0xA1, 0x92, 0xA1, 0x80, 0x53, 0x40, 0x8E, 0x41, 0x81, 0x81, 0x81, 0x99, 0x01, 0x00,
    0x35, 0xC5, 0x0B, 0xC2, 0x78, 0x9C, 0x4B, 0x60, 0x53, 0x50, 0x67, 0xF8, 0xD2, 0x7F, 0xE1, 0x3D,
    0xC3, 0xA7, 0xF3, 0x1B, 0xFE, 0x33, 0x09, 0xEC, 0x64, 0xF8, 0xCC, 0xC8, 0x50, 0xC5, 0xF0, 0x84,
    0x81, 0x41, 0x9E, 0xA1, 0x93, 0x21, 0x81, 0x4B, 0x40, 0x8E, 0x41, 0x81, 0x91, 0x81, 0x99, 0x01,
    0x00, 0x37, 0xFB, 0x0B, 0xE1, 0x78, 0x9C, 0x63, 0x60, 0x48, 0xB0, 0x67, 0x00, 0x81, 0x0D, 0xFD,
    0x60, 0x6A, 0x41, 0x3E, 0x98, 0x2A, 0xF0, 0x07, 0x53, 0x01, 0xFA, 0x60, 0x4A, 0x81, 0x1F, 0x44,
    0x30, 0x31, 0xF0, 0x08, 0x08, 0x33, 0x7C, 0xF9, 0xBF, 0x76, 0xCF, 0xBF, 0xFF, 0x8C, 0x8D, 0x11,
    0xCC, 0xD2, 0xC9, 0x15, 0x40, 0x61, 0x03, 0x7E, 0x88, 0x06, 0x14, 0x53, 0x1E, 0xAC, 0x07, 0x53,
    0x07, 0xE6, 0x43, 0xCC, 0xAC, 0x07, 0x53, 0x13, 0x50, 0x8C, 0x86, 0x5A, 0x0B, 0xB5, 0xC1, 0x41,
    0x1E, 0x4C, 0x41, 0x0D, 0x53, 0x80, 0x52, 0x7C, 0x60, 0x4A, 0x00, 0x42, 0x31, 0xF0, 0x42, 0x28,
    0x4E, 0x20, 0x06, 0x00, 0xD0, 0x8B, 0x16, 0x1D, 0x78, 0x9C, 0x63, 0x60, 0x50, 0xC8, 0x63, 0x00,
    0x81, 0x82, 0xFD, 0x60, 0x2A, 0x61, 0x3D, 0x98, 0x72, 0xE8, 0x07, 0x53, 0x0A, 0xF9, 0x60, 0x8A,
    0xC1, 0x1E, 0x42, 0xF1, 0x00, 0xF1, 0x83, 0xF7, 0x3D, 0xDD, 0xB7, 0xFF, 0xB3, 0x4C, 0x98, 0x6D,
    0xA6, 0xDD, 0xBA, 0x8A, 0x09, 0x28, 0xA0, 0x07, 0x96, 0x12, 0x88, 0x07, 0x53, 0x01, 0xF3, 0xC1,
    0xD4, 0x84, 0xFB, 0x10, 0x33, 0xCF, 0x23, 0x1B, 0xC6, 0x00, 0x51, 0xC2, 0xA0, 0x0B, 0xC4, 0x07,
    0xCE, 0x65, 0x65, 0x9F, 0x7C, 0xC7, 0xBC, 0x61, 0x6F, 0x84, 0xD7, 0xF2, 0x33, 0xCC, 0x40, 0x01,
    0x59, 0x88, 0x9C, 0x3F, 0xB2, 0xB5, 0x50, 0xC3, 0xA0, 0x2E, 0x83, 0x52, 0x02, 0xDE, 0x40, 0x02,
    0x00, 0xB5, 0x7B, 0x1D, 0xD1, 0x78, 0x9C, 0x01, 0x24, 0x00, 0xDB, 0xFF, 0x00, 0x00, 0x00, 0x00,
    0x20, 0xFB, 0xBF, 0x02, 0xE1, 0xFF, 0xFF, 0x1E, 0xF8, 0xFF, 0xFF, 0x9F, 0xFB, 0xFF, 0xFF, 0xBF,
    0xF9, 0xFF, 0xFF, 0xAF, 0xF3, 0xFF, 0xFF, 0x3F, 0x60, 0xFF, 0xFF, 0x06, 0x00, 0x40, 0x04, 0x00,
    0x88, 0x82, 0x15, 0xA5, 0x78, 0x9C, 0x9B, 0x20, 0xCD, 0x20, 0x30, 0x9B, 0x81, 0xE1, 0x08, 0xDB,
    0xD7, 0x7A, 0x86, 0x09, 0xFF, 0x99, 0x19, 0xFE, 0xF2, 0x7F, 0x8E, 0x67, 0x28, 0xF8, 0xCF, 0xC8,
    0xF0, 0x9B, 0xD7, 0x80, 0x85, 0x81, 0x41, 0x95, 0x81, 0x21, 0x80, 0x11, 0x00, 0xDF, 0x13, 0x0A,
    0xA7, 0x78, 0x9C, 0x63, 0x60, 0x60, 0x60, 0x58, 0xFA, 0x76, 0x0E, 0xB3, 0x35, 0x90, 0xBE, 0x3C,
    0x5F, 0x65, 0xCA, 0x79, 0x7B, 0x06, 0x06, 0x83, 0xFB, 0x4C, 0x0C, 0x0C, 0x5F, 0xE4, 0x19, 0x18,
    0x1E, 0xCA, 0x01, 0x45, 0x17, 0xF0, 0x33, 0x30, 0xFC, 0x62, 0x07, 0x32, 0x1C, 0xF8, 0x18, 0x04,
    0xFE, 0x33, 0x80, 0x00, 0x8B, 0xC3, 0xD4, 0xFB, 0xA1, 0xA1, 0xAE, 0x2E, 0x0C, 0x0C, 0x1F, 0xFE,
    0x83, 0xC0, 0x7E, 0x06, 0x06, 0x85, 0x4B, 0xFD, 0x82, 0x82, 0x82, 0x8C, 0x40, 0xC9, 0x0B, 0xF5,
    0x60, 0x35, 0x0C, 0x13, 0x7E, 0xDF, 0x5F, 0xB5, 0x6A, 0x15, 0xD0, 0xA4, 0x03, 0x6F, 0xFE, 0x9F,
    0x39, 0xB3, 0x06, 0x24, 0x54, 0xF0, 0x1E, 0x22, 0x05, 0x34, 0x87, 0x15, 0xCA, 0xFA, 0x09, 0xB2,
    0x82, 0xA1, 0x10, 0x68, 0xD7, 0x79, 0xA0, 0x66, 0x85, 0x18, 0x20, 0xFE, 0x97, 0xC7, 0x68, 0xF0,
    0x02, 0x24, 0x3F, 0xE1, 0xDF, 0xFF, 0xFF, 0x5A, 0x60, 0x55, 0x06, 0xA9, 0x22, 0x0C, 0x0C, 0x00,
    0x3A, 0x72, 0x2E, 0xF8, 0x78, 0x9C, 0x4D, 0xCD, 0xB1, 0x0A, 0x82, 0x70, 0x10, 0x06, 0xF0, 0xCF,
    0x28, 0x25, 0x41, 0x72, 0x6A, 0x0C, 0xA7, 0xC6, 0x7C, 0x03, 0x75, 0x6C, 0x32, 0x9F, 0x24, 0x87,
    0xF6, 0xA6, 0x84, 0xA6, 0xE8, 0x05, 0xC2, 0xDE, 0xA0, 0x7A, 0x83, 0x1E, 0x20, 0xAA, 0xB5, 0xC1,
    0xA4, 0xAD, 0x25, 0x83, 0x40, 0xCA, 0x08, 0xFF, 0xDD, 0xA9, 0x41, 0x1F, 0xDC, 0x1D, 0x3F, 0xEE,
    0xE0, 0x26, 0x7D, 0x50, 0x82, 0xA9, 0xA2, 0x9F, 0x16, 0x12, 0x02, 0x51, 0x63, 0x9D, 0xE5, 0x8B,
    0xBA, 0xE9, 0x00, 0xB9, 0xC6, 0xCB, 0x21, 0xDE, 0x30, 0x42, 0xD2, 0x8A, 0xE5, 0xE2, 0x00, 0x24,
    0xC0, 0x58, 0xC8, 0x2C, 0x9D, 0x74, 0x03, 0x7A, 0x2F, 0xB3, 0xD8, 0xDD, 0x81, 0x3D, 0x60, 0x6D,
    0xE3, 0x42, 0x59, 0xDD, 0xF1, 0x49, 0x46, 0xAE, 0xB2, 0xD6, 0xB3, 0x6B, 0x93, 0x84, 0xD4, 0x67,
    0x61, 0xD4, 0x05, 0x6B, 0x4E, 0x2F, 0x5D, 0x94, 0xB1, 0x80, 0x8F, 0x06, 0xD7, 0x4B, 0x28, 0x0A,
    0xEB, 0x11, 0x92, 0xA2, 0x28, 0xDA, 0xC9, 0x2C, 0x4F, 0x34, 0xFE, 0x2E, 0x91, 0x99, 0xFF, 0x3A,
    0xC6, 0x83, 0x4A, 0x36, 0x95, 0x21, 0x2A, 0x39, 0xB6, 0x44, 0x3D, 0xAD, 0xF4, 0x14, 0x2D, 0xEA,
    0xCB, 0xDF, 0x65, 0x99, 0x76, 0x39, 0xBE, 0xA5, 0xD3, 0x3A, 0x1D,
};
const GFXglyph BookishLora25Glyphs[] = {
    { 0, 0, 7, 0, 0, 8, 0 }, //
    { 4, 19, 7, 1, 18, 46, 8 }, // !
    { 7, 6, 9, 1, 18, 33, 54 }, // "
    { 20, 19, 21, 0, 18, 155, 87 }, // #
    { 12, 25, 13, 1, 21, 125, 242 }, // $
    { 21, 19, 22, 0, 18, 185, 367 }, // %
    { 18, 19, 17, 0, 18, 151, 552 }, // &
    { 3, 6, 5, 1, 18, 20, 703 }, // '
    { 8, 26, 8, 0, 19, 90, 723 }, // (
    { 7, 26, 8, 0, 19, 100, 813 }, // )
    { 13, 11, 13, 0, 18, 71, 913 }, // *
    { 12, 12, 13, 1, 15, 36, 984 }, // +
    { 4, 8, 6, 1, 3, 24, 1020 }, // ,
    { 10, 2, 12, 1, 9, 19, 1044 }, // -
    { 4, 4, 6, 1, 3, 16, 1063 }, // .
    { 17, 26, 17, 0, 19, 108, 1079 }, // /
    { 14, 19, 16, 1, 18, 123, 1187 }, // 0
    { 9, 18, 9, 0, 18, 45, 1310 }, // 1
    { 12, 18, 13, 1, 18, 98, 1355 }, // 2
    { 12, 19, 14, 1, 18, 110, 1453 }, // 3
    { 13, 18, 14, 0, 18, 85, 1563 }, // 4
    { 12, 21, 14, 1, 20, 98, 1648 }, // 5
    { 13, 19, 14, 1, 18, 126, 1746 }, // 6
    { 12, 19, 12, 0, 18, 81, 1872 }, // 7
    { 12, 19, 14, 1, 18, 120, 1953 }, // 8
    { 12, 19, 14, 1, 18, 118, 2073 }, // 9
    { 4, 14, 6, 1, 13, 22, 2191 }, // :
    { 4, 18, 7, 1, 13, 34, 2213 }, // ;
    { 12, 12, 13, 0, 14, 66, 2247 }, // <
    { 12, 6, 13, 1, 12, 27, 2313 }, // =
    { 12, 12, 13, 1, 14, 59, 2340 }, // >
    { 11, 19, 12, 0, 18, 90, 2399 }, // ?
    { 18, 20, 20, 1, 17, 174, 2489 }, // @
    { 17, 18, 16, -1, 18, 120, 2663 }, // A
    { 14, 18, 16, 1, 18, 100, 2783 }, // B
    { 16, 19, 17, 1, 18, 118, 2883 }, // C
    { 17, 18, 19, 1, 18, 112, 3001 }, // D
    { 14, 18, 16, 1, 18, 83, 3113 }, // E
    { 13, 18, 14, 1, 18, 75, 3196 }, // F
    { 18, 19, 19, 1, 18, 130, 3271 }, // G
    { 18, 18, 20, 1, 18, 82, 3401 }, // H
    { 6, 18, 8, 1, 18, 30, 3483 }, // I
    { 10, 19, 9, -1, 18, 53, 3513 }, // J
    { 16, 18, 17, 1, 18, 110, 3566 }, // K
    { 13, 18, 14, 1, 18, 51, 3676 }, // L
    { 22, 19, 23, 1, 18, 182, 3727 }, // M
    { 17, 19, 19, 1, 18, 117, 3909 }, // N
    { 18, 19, 20, 1, 18, 140, 4026 }, // O
    { 14, 18, 15, 1, 18, 88, 4166 }, // P
    { 19, 24, 20, 1, 18, 177, 4254 }, // Q
    { 15, 18, 16, 1, 18, 107, 4431 }, // R
    { 13, 19, 14, 1, 18, 122, 4538 }, // S
    { 16, 18, 16, 0, 18, 60, 4660 }, // T
    { 19, 19, 19, 0, 18, 108, 4720 }, // U
    { 18, 19, 16, -1, 18, 130, 4828 }, // V
    { 26, 19, 25, 0, 18, 194, 4958 }, // W
    { 17, 18, 16, 0, 18, 133, 5152 }, // X
    { 18, 18, 16, -1, 18, 105, 5285 }, // Y
    { 14, 18, 15, 1, 18, 99, 5390 }, // Z
    { 8, 26, 9, 1, 19, 37, 5489 }, // [
    { 17, 26, 17, 0, 19, 106, 5526 }, // <backslash>
    { 7, 26, 9, 0, 19, 40, 5632 }, // ]
    { 19, 8, 21, 1, 18, 63, 5672 }, // ^
    { 16, 2, 18, 1, -1, 20, 5735 }, // _
    { 5, 6, 6, 1, 20, 26, 5755 }, // `
    { 13, 14, 13, 0, 13, 93, 5781 }, // a
    { 14, 20, 15, 0, 19, 90, 5874 }, // b
    { 12, 14, 13, 1, 13, 79, 5964 }, // c
    { 14, 20, 15, 1, 19, 90, 6043 }, // d
    { 12, 14, 14, 1, 13, 84, 6133 }, // e
    { 10, 19, 8, 0, 19, 66, 6217 }, // f
    { 15, 22, 14, 0, 15, 157, 6283 }, // g
    { 15, 19, 15, 0, 19, 70, 6440 }, // h
    { 7, 19, 7, 0, 19, 48, 6510 }, // i
    { 8, 26, 7, -3, 19, 64, 6558 }, // j
    { 14, 19, 13, 0, 19, 86, 6622 }, // k
    { 6, 19, 7, 0, 19, 27, 6708 }, // l
    { 22, 13, 22, 0, 13, 92, 6735 }, // m
    { 15, 13, 15, 0, 13, 67, 6827 }, // n
    { 13, 14, 15, 1, 13, 98, 6894 }, // o
    { 14, 20, 15, 0, 13, 104, 6992 }, // p
    { 14, 20, 14, 1, 13, 101, 7096 }, // q
    { 11, 13, 11, 0, 13, 48, 7197 }, // r
    { 10, 14, 12, 1, 13, 81, 7245 }, // s
    { 10, 17, 10, 0, 16, 60, 7326 }, // t
    { 15, 14, 15, 0, 13, 70, 7386 }, // u
    { 13, 14, 13, 0, 13, 91, 7456 }, // v
    { 20, 14, 20, 0, 13, 134, 7547 }, // w
    { 13, 13, 13, 0, 13, 91, 7681 }, // x
    { 14, 20, 13, 0, 13, 115, 7772 }, // y
    { 11, 13, 13, 1, 13, 76, 7887 }, // z
    { 9, 26, 8, 0, 19, 87, 7963 }, // {
    { 3, 26, 6, 1, 19, 17, 8050 }, // |
    { 9, 26, 8, 0, 19, 83, 8067 }, // }
    { 12, 5, 13, 1, 10, 38, 8150 }, // ~
    { 0, 0, 7, 0, 0, 8, 8188 }, //  
    { 4, 19, 6, 1, 13, 45, 8196 }, // ¡
    { 13, 20, 13, 0, 16, 104, 8241 }, // ¢
    { 12, 19, 14, 1, 18, 103, 8345 }, // £
    { 11, 11, 13, 1, 12, 73, 8448 }, // ¤
    { 17, 18, 18, 0, 18, 122, 8521 }, // ¥
    { 2, 26, 6, 2, 19, 24, 8643 }, // ¦
    { 13, 25, 13, 0, 19, 158, 8667 }, // §
    { 8, 4, 10, 1, 19, 24, 8825 }, // ¨
    { 20, 21, 22, 1, 19, 195, 8849 }, // ©
    { 9, 9, 10, 1, 18, 56, 9044 }, // ª
    { 12, 15, 13, 0, 14, 87, 9100 }, // «
    { 13, 6, 13, 0, 9, 32, 9187 }, // ¬
    { 20, 21, 22, 1, 19, 194, 9219 }, // ®
    { 7, 2, 9, 1, 18, 16, 9413 }, // ¯
    { 8, 8, 10, 1, 18, 39, 9429 }, // °
    { 12, 15, 13, 1, 15, 46, 9468 }, // ±
    { 8, 11, 10, 1, 18, 52, 9514 }, // ²
    { 7, 11, 9, 1, 18, 53, 9566 }, // ³
    { 5, 6, 6, 1, 20, 26, 9619 }, // ´
    { 13, 20, 15, 2, 13, 76, 9645 }, // µ
    { 11, 25, 13, 0, 18, 57, 9721 }, // ¶
    { 4, 4, 6, 1, 10, 16, 9778 }, // ·
    { 6, 8, 7, 1, 1, 31, 9794 }, // ¸
    { 5, 11, 7, 1, 18, 28, 9825 }, // ¹
    { 9, 9, 10, 1, 18, 56, 9853 }, // º
    { 12, 15, 13, 1, 14, 85, 9909 }, // »
    { 17, 19, 19, 1, 18, 122, 9994 }, // ¼
    { 18, 19, 20, 1, 18, 126, 10116 }, // ½
    { 18, 19, 20, 1, 18, 151, 10242 }, // ¾
    { 11, 19, 12, 0, 13, 84, 10393 }, // ¿
    { 17, 24, 16, -1, 24, 137, 10477 }, // À
    { 17, 24, 16, -1, 24, 139, 10614 }, // Á
    { 17, 24, 16, -1, 24, 143, 10753 }, // Â
    { 17, 23, 16, -1, 23, 145, 10896 }, // Ã
    { 17, 23, 16, -1, 23, 135, 11041 }, // Ä
    { 17, 24, 16, -1, 24, 147, 11176 }, // Å
    { 24, 18, 24, -1, 18, 149, 11323 }, // Æ
    { 16, 25, 17, 1, 18, 143, 11472 }, // Ç
    { 14, 24, 16, 1, 24, 107, 11615 }, // È
    { 14, 24, 16, 1, 24, 106, 11722 }, // É
    { 14, 24, 16, 1, 24, 111, 11828 }, // Ê
    { 14, 23, 16, 1, 23, 110, 11939 }, // Ë
    { 7, 24, 8, 0, 24, 57, 12049 }, // Ì
    { 7, 24, 8, 1, 24, 56, 12106 }, // Í
    { 9, 24, 8, 0, 24, 65, 12162 }, // Î
    { 8, 23, 8, 0, 23, 51, 12227 }, // Ï
    { 18, 18, 19, 0, 18, 121, 12278 }, // Ð
    { 17, 24, 19, 1, 23, 145, 12399 }, // Ñ
    { 18, 25, 20, 1, 24, 157, 12544 }, // Ò
    { 18, 25, 20, 1, 24, 156, 12701 }, // Ó
    { 18, 25, 20, 1, 24, 163, 12857 }, // Ô
    { 18, 24, 20, 1, 23, 166, 13020 }, // Õ
    { 18, 24, 20, 1, 23, 150, 13186 }, // Ö
    { 10, 10, 13, 2, 14, 58, 13336 }, // ×
    { 18, 21, 20, 1, 19, 179, 13394 }, // Ø
    { 19, 25, 19, 0, 24, 127, 13573 }, // Ù
    { 19, 25, 19, 0, 24, 132, 13700 }, // Ú
    { 19, 25, 19, 0, 24, 137, 13832 }, // Û
    { 19, 24, 19, 0, 23, 131, 13969 }, // Ü
    { 18, 24, 16, -1, 24, 121, 14100 }, // Ý
    { 14, 18, 15, 1, 18, 88, 14221 }, // Þ
    { 17, 20, 17, 0, 19, 151, 14309 }, // ß
    { 13, 22, 13, 0, 21, 110, 14460 }, // à
    { 13, 22, 13, 0, 21, 112, 14570 }, // á
    { 13, 22, 13, 0, 21, 119, 14682 }, // â
    { 13, 21, 13, 0, 20, 114, 14801 }, // ã
    { 13, 21, 13, 0, 20, 114, 14915 }, // ä
    { 13, 22, 13, 0, 21, 116, 15029 }, // å
    { 19, 14, 19, 0, 13, 138, 15145 }, // æ
    { 12, 20, 13, 1, 13, 100, 15283 }, // ç
    { 12, 21, 14, 1, 20, 102, 15383 }, // è
    { 12, 21, 14, 1, 20, 101, 15485 }, // é
    { 12, 21, 14, 1, 20, 114, 15586 }, // ê
    { 12, 20, 14, 1, 19, 108, 15700 }, // ë
    { 7, 20, 7, 0, 20, 54, 15808 }, // ì
    { 7, 20, 7, 0, 20, 52, 15862 }, // í
    { 7, 20, 7, 0, 20, 53, 15914 }, // î
    { 7, 19, 7, 0, 19, 49, 15967 }, // ï
    { 12, 21, 14, 1, 20, 124, 16016 }, // ð
    { 15, 19, 15, 0, 19, 91, 16140 }, // ñ
    { 13, 21, 15, 1, 20, 116, 16231 }, // ò
    { 13, 21, 15, 1, 20, 118, 16347 }, // ó
    { 13, 21, 15, 1, 20, 124, 16465 }, // ô
    { 13, 20, 15, 1, 19, 121, 16589 }, // õ
    { 13, 20, 15, 1, 19, 119, 16710 }, // ö
    { 12, 12, 13, 1, 15, 40, 16829 }, // ÷
    { 13, 17, 15, 1, 15, 117, 16869 }, // ø
    { 15, 21, 15, 0, 20, 93, 16986 }, // ù
    { 15, 21, 15, 0, 20, 91, 17079 }, // ú
    { 15, 21, 15, 0, 20, 101, 17170 }, // û
    { 15, 20, 15, 0, 19, 95, 17271 }, // ü
    { 14, 27, 13, 0, 20, 134, 17366 }, // ý
    { 14, 26, 14, 0, 19, 104, 17500 }, // þ
    { 14, 26, 13, 0, 19, 140, 17604 }, // ÿ
    { 14, 24, 16, 1, 24, 105, 17744 }, // Ѐ
    { 14, 23, 16, 1, 23, 106, 17849 }, // Ё
    { 19, 19, 19, 0, 18, 115, 17955 }, // Ђ
    { 13, 24, 14, 1, 24, 77, 18070 }, // Ѓ
    { 16, 19, 17, 1, 18, 136, 18147 }, // Є
    { 13, 19, 14, 1, 18, 122, 18283 }, // Ѕ
    { 6, 18, 8, 1, 18, 30, 18405 }, // І
    { 8, 23, 8, 0, 23, 51, 18435 }, // Ї
    { 10, 19, 9, -1, 18, 53, 18486 }, // Ј
    { 23, 19, 24, 0, 18, 142, 18539 }, // Љ
    { 24, 18, 25, 1, 18, 120, 18681 }, // Њ
    { 19, 18, 20, 0, 18, 109, 18801 }, // Ћ
    { 16, 25, 17, 1, 25, 130, 18910 }, // Ќ
    { 18, 24, 20, 1, 24, 131, 19040 }, // Ѝ
    { 17, 24, 15, -1, 23, 155, 19171 }, // Ў
    { 17, 23, 19, 1, 18, 83, 19326 }, // Џ
    { 17, 18, 16, -1, 18, 120, 19409 }, // А
    { 14, 18, 16, 1, 18, 86, 19529 }, // Б
    { 14, 18, 16, 1, 18, 100, 19615 }, // В
    { 13, 18, 14, 1, 18, 53, 19715 }, // Г
    { 17, 23, 17, 0, 18, 123, 19768 }, // Д
    { 14, 18, 16, 1, 18, 83, 19891 }, // Е
    { 24, 18, 24, 0, 18, 174, 19974 }, // Ж
    { 14, 19, 15, 1, 18, 112, 20148 }, // З
    { 18, 18, 20, 1, 18, 108, 20260 }, // И
    { 18, 23, 20, 1, 23, 140, 20368 }, // Й
    { 16, 18, 17, 1, 18, 110, 20508 }, // К
    { 17, 19, 18, 0, 18, 96, 20618 }, // Л
    { 22, 19, 23, 1, 18, 182, 20714 }, // М
    { 18, 18, 20, 1, 18, 82, 20896 }, // Н
    { 18, 19, 20, 1, 18, 140, 20978 }, // О
    { 17, 18, 19, 1, 18, 60, 21118 }, // П
    { 14, 18, 15, 1, 18, 88, 21178 }, // Р
    { 16, 19, 17, 1, 18, 118, 21266 }, // С
    { 16, 18, 16, 0, 18, 60, 21384 }, // Т
    { 17, 19, 15, -1, 18, 123, 21444 }, // У
    { 19, 21, 20, 1, 19, 155, 21567 }, // Ф
    { 17, 18, 16, 0, 18, 133, 21722 }, // Х
    { 17, 23, 19, 1, 18, 81, 21855 }, // Ц
    { 17, 18, 18, 0, 18, 87, 21936 }, // Ч
    { 23, 18, 25, 1, 18, 80, 22023 }, // Ш
    { 24, 23, 25, 1, 18, 98, 22103 }, // Щ
    { 18, 18, 18, 0, 18, 98, 22201 }, // Ъ
    { 21, 18, 22, 1, 18, 108, 22299 }, // Ы
    { 14, 18, 15, 1, 18, 78, 22407 }, // Ь
    { 17, 19, 17, 0, 18, 141, 22485 }, // Э
    { 25, 19, 27, 1, 18, 187, 22626 }, // Ю
    { 16, 18, 17, 0, 18, 110, 22813 }, // Я
    { 13, 14, 13, 0, 13, 93, 22923 }, // а
    { 12, 20, 14, 1, 19, 123, 23016 }, // б
    { 12, 13, 13, 1, 13, 77, 23139 }, // в
    { 10, 13, 11, 1, 13, 45, 23216 }, // г
    { 15, 18, 15, 0, 13, 99, 23261 }, // д
    { 12, 14, 14, 1, 13, 84, 23360 }, // е
    { 20, 13, 19, 0, 13, 131, 23444 }, // ж
    { 11, 14, 11, 0, 13, 87, 23575 }, // з
    { 14, 13, 16, 1, 13, 88, 23662 }, // и
    { 14, 18, 16, 1, 18, 116, 23750 }, // й
    { 14, 13, 13, 0, 13, 85, 23866 }, // к
    { 14, 14, 15, 0, 13, 84, 23951 }, // л
    { 18, 13, 18, 0, 13, 126, 24035 }, // м
    { 14, 13, 16, 1, 13, 71, 24161 }, // н
    { 13, 14, 15, 1, 13, 98, 24232 }, // о
    { 14, 13, 15, 1, 13, 52, 24330 }, // п
    { 14, 20, 15, 0, 13, 104, 24382 }, // р
    { 12, 14, 13, 1, 13, 79, 24486 }, // с
    { 12, 13, 12, 0, 13, 50, 24565 }, // т
    { 14, 20, 13, 0, 13, 115, 24615 }, // у
    { 18, 26, 19, 1, 19, 139, 24730 }, // ф
    { 13, 13, 13, 0, 13, 91, 24869 }, // х
    { 14, 18, 15, 1, 13, 77, 24960 }, // ц
    { 13, 13, 14, 0, 13, 77, 25037 }, // ч
    { 19, 13, 21, 1, 13, 79, 25114 }, // ш
    { 20, 18, 21, 1, 13, 94, 25193 }, // щ
    { 14, 13, 15, 0, 13, 81, 25287 }, // ъ
    { 17, 13, 19, 1, 13, 95, 25368 }, // ы
    { 11, 13, 13, 1, 13, 67, 25463 }, // ь
    { 12, 14, 13, 1, 13, 86, 25530 }, // э
    { 19, 14, 20, 1, 13, 135, 25616 }, // ю
    { 13, 13, 14, 0, 13, 82, 25751 }, // я
    { 12, 21, 14, 1, 20, 102, 25833 }, // ѐ
    { 12, 20, 14, 1, 19, 108, 25935 }, // ё
    { 13, 25, 14, 0, 19, 111, 26043 }, // ђ
    { 10, 20, 11, 1, 20, 66, 26154 }, // ѓ
    { 12, 14, 13, 1, 13, 86, 26220 }, // є
    { 10, 14, 12, 1, 13, 81, 26306 }, // ѕ
    { 7, 19, 7, 0, 19, 48, 26387 }, // і
    { 7, 19, 7, 0, 19, 49, 26435 }, // ї
    { 8, 26, 7, -3, 19, 64, 26484 }, // ј
    { 18, 14, 19, 0, 13, 114, 26548 }, // љ
    { 19, 13, 20, 1, 13, 98, 26662 }, // њ
    { 16, 19, 15, -1, 19, 88, 26760 }, // ћ
    { 14, 20, 13, 0, 20, 104, 26848 }, // ќ
    { 14, 20, 16, 1, 20, 112, 26952 }, // ѝ
    { 14, 25, 13, 0, 18, 141, 27064 }, // ў
    { 14, 18, 15, 1, 13, 71, 27205 }, // џ
    { 10, 2, 12, 1, 9, 19, 27276 }, // ‐
    { 13, 2, 15, 1, 9, 20, 27295 }, // –
    { 19, 2, 21, 1, 9, 21, 27315 }, // —
    { 4, 7, 6, 1, 19, 22, 27336 }, // ‘
    { 4, 8, 4, 0, 19, 24, 27358 }, // ’
    { 4, 8, 6, 1, 3, 24, 27382 }, // ‚
    { 8, 7, 10, 1, 19, 37, 27406 }, // “
    { 9, 8, 9, 0, 19, 49, 27443 }, // ”
    { 9, 8, 11, 1, 3, 49, 27492 }, // „
    { 13, 26, 13, 0, 19, 99, 27541 }, // †
    { 13, 26, 13, 0, 19, 109, 27640 }, // ‡
    { 8, 9, 10, 1, 14, 47, 27749 }, // •
    { 18, 4, 20, 1, 3, 45, 27796 }, // …
    { 18, 19, 19, 0, 18, 147, 27841 }, // €
    { 27, 19, 29, 1, 18, 183, 27988 }, // №
};
const UnicodeInterval BookishLora25Intervals[] = {
    { 0x20, 0x20, 0x0 },
    { 0x21, 0x21, 0x1 },
    { 0x22, 0x22, 0x2 },
    { 0x23, 0x23, 0x3 },
    { 0x24, 0x24, 0x4 },
    { 0x25, 0x25, 0x5 },
    { 0x26, 0x26, 0x6 },
    { 0x27, 0x27, 0x7 },
    { 0x28, 0x28, 0x8 },
    { 0x29, 0x29, 0x9 },
    { 0x2A, 0x2A, 0xA },
    { 0x2B, 0x2B, 0xB },
    { 0x2C, 0x2C, 0xC },
    { 0x2D, 0x2D, 0xD },
    { 0x2E, 0x2E, 0xE },
    { 0x2F, 0x2F, 0xF },
    { 0x30, 0x30, 0x10 },
    { 0x31, 0x31, 0x11 },
    { 0x32, 0x32, 0x12 },
    { 0x33, 0x33, 0x13 },
    { 0x34, 0x34, 0x14 },
    { 0x35, 0x35, 0x15 },
    { 0x36, 0x36, 0x16 },
    { 0x37, 0x37, 0x17 },
    { 0x38, 0x38, 0x18 },
    { 0x39, 0x39, 0x19 },
    { 0x3A, 0x3A, 0x1A },
    { 0x3B, 0x3B, 0x1B },
    { 0x3C, 0x3C, 0x1C },
    { 0x3D, 0x3D, 0x1D },
    { 0x3E, 0x3E, 0x1E },
    { 0x3F, 0x3F, 0x1F },
    { 0x40, 0x40, 0x20 },
    { 0x41, 0x41, 0x21 },
    { 0x42, 0x42, 0x22 },
    { 0x43, 0x43, 0x23 },
    { 0x44, 0x44, 0x24 },
    { 0x45, 0x45, 0x25 },
    { 0x46, 0x46, 0x26 },
    { 0x47, 0x47, 0x27 },
    { 0x48, 0x48, 0x28 },
    { 0x49, 0x49, 0x29 },
    { 0x4A, 0x4A, 0x2A },
    { 0x4B, 0x4B, 0x2B },
    { 0x4C, 0x4C, 0x2C },
    { 0x4D, 0x4D, 0x2D },
    { 0x4E, 0x4E, 0x2E },
    { 0x4F, 0x4F, 0x2F },
    { 0x50, 0x50, 0x30 },
    { 0x51, 0x51, 0x31 },
    { 0x52, 0x52, 0x32 },
    { 0x53, 0x53, 0x33 },
    { 0x54, 0x54, 0x34 },
    { 0x55, 0x55, 0x35 },
    { 0x56, 0x56, 0x36 },
    { 0x57, 0x57, 0x37 },
    { 0x58, 0x58, 0x38 },
    { 0x59, 0x59, 0x39 },
    { 0x5A, 0x5A, 0x3A },
    { 0x5B, 0x5B, 0x3B },
    { 0x5C, 0x5C, 0x3C },
    { 0x5D, 0x5D, 0x3D },
    { 0x5E, 0x5E, 0x3E },
    { 0x5F, 0x5F, 0x3F },
    { 0x60, 0x60, 0x40 },
    { 0x61, 0x61, 0x41 },
    { 0x62, 0x62, 0x42 },
    { 0x63, 0x63, 0x43 },
    { 0x64, 0x64, 0x44 },
    { 0x65, 0x65, 0x45 },
    { 0x66, 0x66, 0x46 },
    { 0x67, 0x67, 0x47 },
    { 0x68, 0x68, 0x48 },
    { 0x69, 0x69, 0x49 },
    { 0x6A, 0x6A, 0x4A },
    { 0x6B, 0x6B, 0x4B },
    { 0x6C, 0x6C, 0x4C },
    { 0x6D, 0x6D, 0x4D },
    { 0x6E, 0x6E, 0x4E },
    { 0x6F, 0x6F, 0x4F },
    { 0x70, 0x70, 0x50 },
    { 0x71, 0x71, 0x51 },
    { 0x72, 0x72, 0x52 },
    { 0x73, 0x73, 0x53 },
    { 0x74, 0x74, 0x54 },
    { 0x75, 0x75, 0x55 },
    { 0x76, 0x76, 0x56 },
    { 0x77, 0x77, 0x57 },
    { 0x78, 0x78, 0x58 },
    { 0x79, 0x79, 0x59 },
    { 0x7A, 0x7A, 0x5A },
    { 0x7B, 0x7B, 0x5B },
    { 0x7C, 0x7C, 0x5C },
    { 0x7D, 0x7D, 0x5D },
    { 0x7E, 0x7E, 0x5E },
    { 0xA0, 0xA0, 0x5F },
    { 0xA1, 0xA1, 0x60 },
    { 0xA2, 0xA2, 0x61 },
    { 0xA3, 0xA3, 0x62 },
    { 0xA4, 0xA4, 0x63 },
    { 0xA5, 0xA5, 0x64 },
    { 0xA6, 0xA6, 0x65 },
    { 0xA7, 0xA7, 0x66 },
    { 0xA8, 0xA8, 0x67 },
    { 0xA9, 0xA9, 0x68 },
    { 0xAA, 0xAA, 0x69 },
    { 0xAB, 0xAB, 0x6A },
    { 0xAC, 0xAC, 0x6B },
    { 0xAE, 0xAE, 0x6C },
    { 0xAF, 0xAF, 0x6D },
    { 0xB0, 0xB0, 0x6E },
    { 0xB1, 0xB1, 0x6F },
    { 0xB2, 0xB2, 0x70 },
    { 0xB3, 0xB3, 0x71 },
    { 0xB4, 0xB4, 0x72 },
    { 0xB5, 0xB5, 0x73 },
    { 0xB6, 0xB6, 0x74 },
    { 0xB7, 0xB7, 0x75 },
    { 0xB8, 0xB8, 0x76 },
    { 0xB9, 0xB9, 0x77 },
    { 0xBA, 0xBA, 0x78 },
    { 0xBB, 0xBB, 0x79 },
    { 0xBC, 0xBC, 0x7A },
    { 0xBD, 0xBD, 0x7B },
    { 0xBE, 0xBE, 0x7C },
    { 0xBF, 0xBF, 0x7D },
    { 0xC0, 0xC0, 0x7E },
    { 0xC1, 0xC1, 0x7F },
    { 0xC2, 0xC2, 0x80 },
    { 0xC3, 0xC3, 0x81 },
    { 0xC4, 0xC4, 0x82 },
    { 0xC5, 0xC5, 0x83 },
    { 0xC6, 0xC6, 0x84 },
    { 0xC7, 0xC7, 0x85 },
    { 0xC8, 0xC8, 0x86 },
    { 0xC9, 0xC9, 0x87 },
    { 0xCA, 0xCA, 0x88 },
    { 0xCB, 0xCB, 0x89 },
    { 0xCC, 0xCC, 0x8A },
    { 0xCD, 0xCD, 0x8B },
    { 0xCE, 0xCE, 0x8C },
    { 0xCF, 0xCF, 0x8D },
    { 0xD0, 0xD0, 0x8E },
    { 0xD1, 0xD1, 0x8F },
    { 0xD2, 0xD2, 0x90 },
    { 0xD3, 0xD3, 0x91 },
    { 0xD4, 0xD4, 0x92 },
    { 0xD5, 0xD5, 0x93 },
    { 0xD6, 0xD6, 0x94 },
    { 0xD7, 0xD7, 0x95 },
    { 0xD8, 0xD8, 0x96 },
    { 0xD9, 0xD9, 0x97 },
    { 0xDA, 0xDA, 0x98 },
    { 0xDB, 0xDB, 0x99 },
    { 0xDC, 0xDC, 0x9A },
    { 0xDD, 0xDD, 0x9B },
    { 0xDE, 0xDE, 0x9C },
    { 0xDF, 0xDF, 0x9D },
    { 0xE0, 0xE0, 0x9E },
    { 0xE1, 0xE1, 0x9F },
    { 0xE2, 0xE2, 0xA0 },
    { 0xE3, 0xE3, 0xA1 },
    { 0xE4, 0xE4, 0xA2 },
    { 0xE5, 0xE5, 0xA3 },
    { 0xE6, 0xE6, 0xA4 },
    { 0xE7, 0xE7, 0xA5 },
    { 0xE8, 0xE8, 0xA6 },
    { 0xE9, 0xE9, 0xA7 },
    { 0xEA, 0xEA, 0xA8 },
    { 0xEB, 0xEB, 0xA9 },
    { 0xEC, 0xEC, 0xAA },
    { 0xED, 0xED, 0xAB },
    { 0xEE, 0xEE, 0xAC },
    { 0xEF, 0xEF, 0xAD },
    { 0xF0, 0xF0, 0xAE },
    { 0xF1, 0xF1, 0xAF },
    { 0xF2, 0xF2, 0xB0 },
    { 0xF3, 0xF3, 0xB1 },
    { 0xF4, 0xF4, 0xB2 },
    { 0xF5, 0xF5, 0xB3 },
    { 0xF6, 0xF6, 0xB4 },
    { 0xF7, 0xF7, 0xB5 },
    { 0xF8, 0xF8, 0xB6 },
    { 0xF9, 0xF9, 0xB7 },
    { 0xFA, 0xFA, 0xB8 },
    { 0xFB, 0xFB, 0xB9 },
    { 0xFC, 0xFC, 0xBA },
    { 0xFD, 0xFD, 0xBB },
    { 0xFE, 0xFE, 0xBC },
    { 0xFF, 0xFF, 0xBD },
    { 0x400, 0x400, 0xBE },
    { 0x401, 0x401, 0xBF },
    { 0x402, 0x402, 0xC0 },
    { 0x403, 0x403, 0xC1 },
    { 0x404, 0x404, 0xC2 },
    { 0x405, 0x405, 0xC3 },
    { 0x406, 0x406, 0xC4 },
    { 0x407, 0x407, 0xC5 },
    { 0x408, 0x408, 0xC6 },
    { 0x409, 0x409, 0xC7 },
    { 0x40A, 0x40A, 0xC8 },
    { 0x40B, 0x40B, 0xC9 },
    { 0x40C, 0x40C, 0xCA },
    { 0x40D, 0x40D, 0xCB },
    { 0x40E, 0x40E, 0xCC },
    { 0x40F, 0x40F, 0xCD },
    { 0x410, 0x410, 0xCE },
    { 0x411, 0x411, 0xCF },
    { 0x412, 0x412, 0xD0 },
    { 0x413, 0x413, 0xD1 },
    { 0x414, 0x414, 0xD2 },
    { 0x415, 0x415, 0xD3 },
    { 0x416, 0x416, 0xD4 },
    { 0x417, 0x417, 0xD5 },
    { 0x418, 0x418, 0xD6 },
    { 0x419, 0x419, 0xD7 },
    { 0x41A, 0x41A, 0xD8 },
    { 0x41B, 0x41B, 0xD9 },
    { 0x41C, 0x41C, 0xDA },
    { 0x41D, 0x41D, 0xDB },
    { 0x41E, 0x41E, 0xDC },
    { 0x41F, 0x41F, 0xDD },
    { 0x420, 0x420, 0xDE },
    { 0x421, 0x421, 0xDF },
    { 0x422, 0x422, 0xE0 },
    { 0x423, 0x423, 0xE1 },
    { 0x424, 0x424, 0xE2 },
    { 0x425, 0x425, 0xE3 },
    { 0x426, 0x426, 0xE4 },
    { 0x427, 0x427, 0xE5 },
    { 0x428, 0x428, 0xE6 },
    { 0x429, 0x429, 0xE7 },
    { 0x42A, 0x42A, 0xE8 },
    { 0x42B, 0x42B, 0xE9 },
    { 0x42C, 0x42C, 0xEA },
    { 0x42D, 0x42D, 0xEB },
    { 0x42E, 0x42E, 0xEC },
    { 0x42F, 0x42F, 0xED },
    { 0x430, 0x430, 0xEE },
    { 0x431, 0x431, 0xEF },
    { 0x432, 0x432, 0xF0 },
    { 0x433, 0x433, 0xF1 },
    { 0x434, 0x434, 0xF2 },
    { 0x435, 0x435, 0xF3 },
    { 0x436, 0x436, 0xF4 },
    { 0x437, 0x437, 0xF5 },
    { 0x438, 0x438, 0xF6 },
    { 0x439, 0x439, 0xF7 },
    { 0x43A, 0x43A, 0xF8 },
    { 0x43B, 0x43B, 0xF9 },
    { 0x43C, 0x43C, 0xFA },
    { 0x43D, 0x43D, 0xFB },
    { 0x43E, 0x43E, 0xFC },
    { 0x43F, 0x43F, 0xFD },
    { 0x440, 0x440, 0xFE },
    { 0x441, 0x441, 0xFF },
    { 0x442, 0x442, 0x100 },
    { 0x443, 0x443, 0x101 },
    { 0x444, 0x444, 0x102 },
    { 0x445, 0x445, 0x103 },
    { 0x446, 0x446, 0x104 },
    { 0x447, 0x447, 0x105 },
    { 0x448, 0x448, 0x106 },
    { 0x449, 0x449, 0x107 },
    { 0x44A, 0x44A, 0x108 },
    { 0x44B, 0x44B, 0x109 },
    { 0x44C, 0x44C, 0x10A },
    { 0x44D, 0x44D, 0x10B },
    { 0x44E, 0x44E, 0x10C },
    { 0x44F, 0x44F, 0x10D },
    { 0x450, 0x450, 0x10E },
    { 0x451, 0x451, 0x10F },
    { 0x452, 0x452, 0x110 },
    { 0x453, 0x453, 0x111 },
    { 0x454, 0x454, 0x112 },
    { 0x455, 0x455, 0x113 },
    { 0x456, 0x456, 0x114 },
    { 0x457, 0x457, 0x115 },
    { 0x458, 0x458, 0x116 },
    { 0x459, 0x459, 0x117 },
    { 0x45A, 0x45A, 0x118 },
    { 0x45B, 0x45B, 0x119 },
    { 0x45C, 0x45C, 0x11A },
    { 0x45D, 0x45D, 0x11B },
    { 0x45E, 0x45E, 0x11C },
    { 0x45F, 0x45F, 0x11D },
    { 0x2010, 0x2010, 0x11E },
    { 0x2013, 0x2013, 0x11F },
    { 0x2014, 0x2014, 0x120 },
    { 0x2018, 0x2018, 0x121 },
    { 0x2019, 0x2019, 0x122 },
    { 0x201A, 0x201A, 0x123 },
    { 0x201C, 0x201C, 0x124 },
    { 0x201D, 0x201D, 0x125 },
    { 0x201E, 0x201E, 0x126 },
    { 0x2020, 0x2020, 0x127 },
    { 0x2021, 0x2021, 0x128 },
    { 0x2022, 0x2022, 0x129 },
    { 0x2026, 0x2026, 0x12A },
    { 0x20AC, 0x20AC, 0x12B },
    { 0x2116, 0x2116, 0x12C },
};
const GFXfont BookishLora25 = {
    (uint8_t*)BookishLora25Bitmaps,
    (GFXglyph*)BookishLora25Glyphs,
    (UnicodeInterval*)BookishLora25Intervals,
    301,
    1,
    32,
    26,
    -7,
};
