// Generated by tools/generate_bookish_fonts.py; font license: assets/fonts.
#pragma once
#include "epd_driver.h"
const uint8_t BookishArimo22Bitmaps[22456] = {
    0x78, 0x9C, 0x03, 0x00, 0x00, 0x00, 0x00, 0x01, 0x78, 0x9C, 0x53, 0x60, 0xFA, 0x20, 0xFF, 0x41,
    0xFE, 0x01, 0x3F, 0x08, 0x5E, 0x00, 0xC2, 0x03, 0x7C, 0x20, 0xD8, 0xC0, 0xC5, 0xC0, 0xA0, 0x00,
    0x96, 0x01, 0x00, 0xD3, 0x6F, 0x0C, 0x00, 0x78, 0x9C, 0x53, 0x60, 0x52, 0x60, 0xFC, 0xC0, 0xFB,
    0x91, 0xF7, 0x03, 0xEF, 0x07, 0x1E, 0x20, 0xE4, 0x7E, 0xC0, 0xFD, 0x81, 0xBB, 0x81, 0x6D, 0x02,
    0x1B, 0x00, 0x6F, 0x03, 0x09, 0x31, 0x78, 0x9C, 0x63, 0x60, 0x80, 0x82, 0x99, 0x0C, 0x05, 0xDC,
    0x40, 0x2A, 0x87, 0x61, 0x03, 0x3B, 0x90, 0xD2, 0x67, 0x78, 0xC0, 0xC2, 0xC0, 0x60, 0xC0, 0xCF,
    0xF0, 0x89, 0x81, 0x61, 0xF1, 0xA9, 0xF5, 0xAB, 0xFE, 0xAC, 0x62, 0x6C, 0xBA, 0xD1, 0xD3, 0x71,
    0xA6, 0x83, 0x91, 0xE1, 0x02, 0x2B, 0x50, 0x11, 0x03, 0xC3, 0x47, 0x26, 0x06, 0x7B, 0x20, 0xF5,
    0x04, 0xA4, 0x88, 0xA1, 0xFD, 0x75, 0xC7, 0x8E, 0xBE, 0x08, 0x86, 0x19, 0xE7, 0x66, 0xBE, 0x9C,
    0x13, 0xC9, 0xC0, 0xE0, 0x07, 0x52, 0xC4, 0xA0, 0xC0, 0x0F, 0x52, 0xC4, 0x10, 0xC0, 0x0B, 0x54,
    0xC4, 0xC0, 0xD0, 0xC0, 0xC5, 0xB0, 0x1D, 0x48, 0x01, 0x00, 0xF7, 0x77, 0x1C, 0x7E, 0x78, 0x9C,
    0x63, 0x60, 0x10, 0x60, 0x61, 0x00, 0x82, 0x02, 0x3E, 0x20, 0x51, 0xF8, 0xFA, 0xBC, 0x25, 0x83,
    0xC1, 0xFF, 0xBB, 0xE7, 0xFF, 0xB3, 0x5F, 0xF0, 0x2F, 0xE0, 0x7B, 0xAC, 0xFF, 0x81, 0xB7, 0x80,
    0x2F, 0xC1, 0xE7, 0x03, 0x1F, 0x48, 0x76, 0xC1, 0xFE, 0x22, 0x20, 0x29, 0xF0, 0xFB, 0x7F, 0x3E,
    0x13, 0x03, 0x83, 0xC1, 0xCB, 0xFF, 0xE7, 0x99, 0x81, 0xBA, 0xE2, 0x7E, 0xD9, 0x83, 0xF4, 0x26,
    0xAC, 0x0F, 0x64, 0x04, 0xAA, 0xB9, 0xFF, 0x83, 0xBD, 0x80, 0x4F, 0xE1, 0xFC, 0xA7, 0xFC, 0x02,
    0xBE, 0x43, 0xF5, 0x0E, 0xFF, 0xDE, 0xBF, 0xFF, 0xCF, 0xC9, 0x90, 0x70, 0x73, 0xBF, 0x05, 0xCC,
    0x7C, 0x06, 0x03, 0x76, 0x06, 0x06, 0x00, 0x87, 0x11, 0x26, 0x46, 0x78, 0x9C, 0x63, 0x50, 0x60,
    0x66, 0x00, 0x02, 0x21, 0x06, 0x06, 0x81, 0xBF, 0xFF, 0x59, 0x19, 0x18, 0x1A, 0xEC, 0x19, 0x18,
    0x16, 0xE8, 0x2D, 0x90, 0x67, 0x60, 0xF8, 0xC4, 0xC1, 0xC0, 0xF0, 0x81, 0x43, 0x21, 0x9F, 0x81,
    0xE1, 0x0E, 0x50, 0xC1, 0x27, 0x36, 0x86, 0x7E, 0x86, 0x02, 0xA0, 0x24, 0xC3, 0x67, 0x56, 0x86,
    0xF9, 0x60, 0x49, 0x88, 0xD8, 0x1D, 0x81, 0x32, 0x56, 0x86, 0x0F, 0x9C, 0x06, 0xF9, 0x05, 0xF6,
    0x0F, 0xCF, 0xED, 0x67, 0x58, 0x20, 0xB7, 0x40, 0xFE, 0x13, 0xE7, 0x4F, 0xC6, 0xAF, 0xAC, 0x02,
    0x7F, 0xFF, 0xB1, 0xDD, 0x66, 0x58, 0x07, 0x94, 0x63, 0x70, 0x10, 0x4D, 0xF0, 0x07, 0x2A, 0xBD,
    0xC0, 0x0D, 0xD4, 0xF4, 0x91, 0x13, 0xC4, 0xE2, 0x01, 0xB2, 0x5E, 0x33, 0x00, 0x0D, 0x7A, 0x00,
    0x14, 0x0B, 0xF0, 0x67, 0x60, 0x38, 0xC3, 0xF0, 0x11, 0x68, 0xE4, 0x43, 0x2E, 0x06, 0x86, 0x6F,
    0x62, 0xBF, 0x98, 0x18, 0x18, 0x5E, 0x31, 0x02, 0xDD, 0xF2, 0x3F, 0x8E, 0x01, 0x0A, 0x04, 0x18,
    0x18, 0x00, 0xFF, 0x85, 0x2C, 0xD0, 0x78, 0x9C, 0x63, 0x60, 0x60, 0x50, 0x64, 0x00, 0x83, 0xCB,
    0xFF, 0xD7, 0x83, 0x28, 0x81, 0x7B, 0x22, 0xDF, 0x38, 0x81, 0xB4, 0x43, 0x3C, 0xC3, 0x06, 0x3E,
    0x20, 0x1D, 0xE0, 0xCF, 0x70, 0x81, 0x17, 0x48, 0x1B, 0xD4, 0x33, 0xFC, 0x64, 0x03, 0x29, 0xB8,
    0xF7, 0xBC, 0x1E, 0xAC, 0xEE, 0xCF, 0x7C, 0x26, 0x10, 0xFD, 0xED, 0x3F, 0x2F, 0x43, 0x03, 0x17,
    0x43, 0xC0, 0xF9, 0xA4, 0x7A, 0x86, 0x07, 0x3C, 0x0C, 0x0F, 0xE4, 0x18, 0xFE, 0x30, 0x7F, 0x61,
    0x63, 0xF8, 0xC4, 0xC5, 0xF0, 0x49, 0xF6, 0x0D, 0x23, 0x88, 0x0E, 0xB8, 0x9F, 0xCF, 0xC0, 0xF0,
    0x41, 0x8E, 0x81, 0xE1, 0xB7, 0x3C, 0x03, 0x43, 0xC1, 0x7D, 0xB3, 0x25, 0xEF, 0xEF, 0xA7, 0x33,
    0x31, 0x3C, 0xFB, 0xFF, 0x9E, 0xE3, 0xF9, 0x7F, 0x16, 0x06, 0x06, 0x23, 0xA0, 0x31, 0x82, 0x0C,
    0x00, 0x03, 0x32, 0x26, 0xB0, 0x78, 0x9C, 0x53, 0x64, 0xF8, 0xCB, 0xF0, 0x07, 0x08, 0x5F, 0x33,
    0xB4, 0x31, 0x00, 0x00, 0x1D, 0xFA, 0x04, 0x88, 0x78, 0x9C, 0x63, 0x10, 0xD8, 0xCB, 0xC0, 0x70,
    0x41, 0x9E, 0x81, 0xE1, 0x07, 0x1B, 0x83, 0xC0, 0x7D, 0x06, 0x86, 0x09, 0xF9, 0x0C, 0x0C, 0x0F,
    0x80, 0xDC, 0xCF, 0x3C, 0x0C, 0x0C, 0xDF, 0x38, 0x80, 0xC2, 0xEC, 0x0C, 0x0C, 0x3F, 0xD9, 0x18,
    0x18, 0x7E, 0xB1, 0x02, 0x69, 0x20, 0xFE, 0x0E, 0xE4, 0x7F, 0xE5, 0x64, 0x60, 0xF8, 0xC8, 0xCB,
    0xC0, 0x70, 0x40, 0x9F, 0x81, 0x21, 0xA1, 0x9F, 0x81, 0x81, 0xE1, 0x2F, 0x23, 0x03, 0xC3, 0x17,
    0x2E, 0x06, 0x86, 0x86, 0x78, 0x20, 0xA7, 0x9D, 0x01, 0x00, 0x6D, 0xD3, 0x13, 0xDA, 0x78, 0x9C,
    0xFB, 0xCE, 0xCA, 0xB0, 0xC1, 0x9E, 0x41, 0xE0, 0x3E, 0x03, 0xC3, 0x0F, 0x36, 0x86, 0x8F, 0xBC,
    0x20, 0x4E, 0x41, 0x3F, 0x83, 0xC1, 0x7E, 0x06, 0x05, 0xA0, 0xD0, 0x7B, 0x06, 0x86, 0xFF, 0x20,
    0x12, 0xC8, 0x76, 0x58, 0xCF, 0xD0, 0x90, 0xCF, 0x70, 0x41, 0x9E, 0xE1, 0x33, 0x37, 0xC3, 0x6F,
    0x66, 0x87, 0xF9, 0x0C, 0x0F, 0x79, 0x19, 0xA6, 0x32, 0x31, 0x00, 0x00, 0x81, 0xD5, 0x13, 0xBC,
    0x78, 0x9C, 0x63, 0x60, 0x60, 0x62, 0x60, 0x60, 0x48, 0xE0, 0x07, 0x12, 0x01, 0x40, 0xE2, 0x6A,
    0x9A, 0xDD, 0x4D, 0x86, 0x25, 0xFF, 0xFE, 0xF7, 0x30, 0x30, 0x3C, 0xAC, 0x07, 0x8A, 0xDD, 0xFA,
    0xCA, 0xCC, 0x90, 0xE0, 0xBF, 0x81, 0x97, 0x81, 0x81, 0x55, 0x81, 0x99, 0x01, 0x00, 0xE9, 0xDE,
    0x0B, 0x16, 0x78, 0x9C, 0x63, 0x60, 0xD8, 0xC2, 0xC4, 0x00, 0x04, 0xDF, 0x98, 0x51, 0x49, 0x41,
    0xC1, 0x6F, 0x22, 0x82, 0x8C, 0xFF, 0xFE, 0x03, 0x01, 0x4F, 0x59, 0xF9, 0xAF, 0xCA, 0x72, 0x56,
    0x4C, 0x35, 0x30, 0x52, 0x00, 0x88, 0x01, 0x88, 0x8A, 0x10, 0xB6, 0x78, 0x9C, 0x0B, 0x60, 0xFD,
    0xA0, 0xFF, 0x41, 0x5F, 0x40, 0x3E, 0x80, 0x77, 0x01, 0x1B, 0x00, 0x1B, 0x7B, 0x03, 0xC6, 0x78,
    0x9C, 0xDB, 0xB0, 0x7B, 0x37, 0xF3, 0x87, 0xFF, 0xFF, 0x59, 0x19, 0x80, 0x00, 0x00, 0x2C, 0x4A,
    0x05, 0x1D, 0x78, 0x9C, 0x0B, 0x65, 0xF8, 0xCF, 0xF8, 0x9F, 0x11, 0x00, 0x08, 0x02, 0x02, 0x56,
    0x78, 0x9C, 0x0D, 0xCB, 0xC1, 0x09, 0x40, 0x50, 0x00, 0x00, 0xD0, 0x27, 0x49, 0x51, 0xAC, 0xA0,
    0x0C, 0xC0, 0x26, 0x56, 0xB1, 0x01, 0x1B, 0x58, 0xC5, 0x06, 0x4C, 0x62, 0x00, 0x39, 0x50, 0x14,
    0x37, 0xFF, 0xF0, 0x8E, 0x8F, 0x1D, 0x0B, 0xED, 0xC0, 0xD8, 0xB0, 0x16, 0x5C, 0x19, 0x4F, 0xC2,
    0x17, 0xB1, 0x51, 0x4D, 0xF4, 0x1D, 0x73, 0xC9, 0x99, 0x73, 0xA7, 0xBC, 0x31, 0x47, 0x98, 0x75,
    0xF0, 0x03, 0xF0, 0x3E, 0x0D, 0xD0, 0x78, 0x9C, 0x63, 0x60, 0x70, 0x54, 0x65, 0x60, 0x60, 0x58,
    0xF8, 0xFF, 0xBF, 0x0E, 0x03, 0xC3, 0x1F, 0xEF, 0x96, 0xF7, 0x8C, 0x01, 0xFB, 0x19, 0x18, 0x7E,
    0x70, 0x2C, 0xF0, 0x67, 0x60, 0xF8, 0xC8, 0xF7, 0x80, 0x9F, 0x81, 0xE1, 0x82, 0xFC, 0x07, 0x3E,
    0x06, 0x86, 0x05, 0xFE, 0x1F, 0x79, 0x81, 0x64, 0xFC, 0x27, 0x20, 0x39, 0x21, 0x1E, 0xC2, 0x06,
    0x89, 0x6F, 0xB0, 0xBF, 0x20, 0x0F, 0x52, 0x33, 0x21, 0x9E, 0x81, 0xE1, 0x13, 0x8F, 0xC1, 0x7D,
    0x06, 0x86, 0x5F, 0x6C, 0x0C, 0x3F, 0x6B, 0xB7, 0x9D, 0x67, 0x60, 0x68, 0xF8, 0xFF, 0x9F, 0x13,
    0x68, 0xB4, 0x02, 0x13, 0x03, 0x03, 0x00, 0xBC, 0x82, 0x21, 0x08, 0x78, 0x9C, 0x63, 0x60, 0x50,
    0x60, 0x64, 0x60, 0x60, 0x08, 0xF8, 0xC7, 0x0E, 0x24, 0x7F, 0xFD, 0x07, 0x92, 0x17, 0xEA, 0xBF,
    0x03, 0xC9, 0x0D, 0xCC, 0x20, 0x92, 0x81, 0x81, 0x1C, 0x72, 0xF1, 0xAA, 0x3F, 0x6B, 0x57, 0x31,
    0x7E, 0xFD, 0x0F, 0x04, 0x4C, 0x00, 0xEC, 0xAD, 0x18, 0xF7, 0x78, 0x9C, 0x63, 0x50, 0x08, 0x61,
    0x66, 0x60, 0x50, 0xF8, 0xFD, 0xFF, 0x3D, 0x2B, 0xC3, 0xC3, 0xFD, 0xAE, 0x3F, 0xFC, 0x19, 0x7E,
    0x70, 0x31, 0x14, 0xEC, 0x67, 0xD8, 0xCE, 0xCC, 0xA0, 0x70, 0x9F, 0x01, 0x08, 0x14, 0xCE, 0x83,
    0xC8, 0x86, 0x7A, 0x10, 0xF9, 0x85, 0x17, 0x48, 0x04, 0xBC, 0x67, 0x02, 0x92, 0xDF, 0x75, 0x81,
    0xC4, 0x82, 0xFD, 0x8C, 0x40, 0xF2, 0x17, 0x27, 0x90, 0x98, 0x30, 0x1F, 0xAC, 0x80, 0x1B, 0x44,
    0xFE, 0x59, 0xB3, 0x6A, 0xD5, 0x2A, 0xC6, 0x7F, 0xFF, 0x81, 0x80, 0x09, 0x00, 0x1C, 0x58, 0x1D,
    0x24, 0x78, 0x9C, 0x63, 0x60, 0x08, 0x32, 0x65, 0x60, 0x60, 0xB8, 0xFC, 0xFF, 0x7F, 0x1C, 0x83,
    0xC2, 0xFF, 0xC8, 0x29, 0xFF, 0x59, 0x16, 0xD4, 0x33, 0x30, 0xFC, 0xE0, 0x6A, 0x90, 0x66, 0x60,
    0xF8, 0xCC, 0x0B, 0x94, 0x61, 0xF8, 0xC2, 0x0D, 0x22, 0xFF, 0xB0, 0x32, 0x30, 0xB4, 0xBC, 0xCA,
    0x03, 0xB2, 0x7E, 0xFC, 0xD7, 0x00, 0x92, 0x8A, 0xC5, 0xFF, 0x58, 0x41, 0xE2, 0x9F, 0xF8, 0x40,
    0xE4, 0x01, 0xFB, 0x0F, 0xFC, 0x0C, 0x0C, 0x17, 0xEC, 0x0F, 0xF4, 0x03, 0xD5, 0xF3, 0x1B, 0xFC,
    0xAF, 0x5E, 0xFE, 0x9F, 0x8D, 0x61, 0xF3, 0xFF, 0xFF, 0xB1, 0x40, 0x39, 0x05, 0x61, 0x06, 0x06,
    0x00, 0x36, 0x56, 0x1F, 0x0A, 0x78, 0x9C, 0x63, 0x60, 0x60, 0x10, 0x10, 0x62, 0x00, 0x82, 0x87,
    0xF5, 0x20, 0xF2, 0x17, 0x88, 0x0C, 0x38, 0x0F, 0x22, 0x1F, 0xC6, 0x80, 0xC8, 0xDF, 0x41, 0x40,
    0x32, 0x21, 0x3F, 0x00, 0x48, 0x7E, 0xE2, 0x06, 0x91, 0xAF, 0x19, 0x81, 0x64, 0x41, 0x3C, 0x03,
    0x90, 0xFC, 0xC4, 0x05, 0x22, 0xBF, 0xFF, 0x07, 0x82, 0xF9, 0x53, 0x66, 0xCE, 0xDC, 0x79, 0x3E,
    0x12, 0xA4, 0x19, 0x6C, 0x0E, 0x9C, 0x04, 0x00, 0xE2, 0x24, 0x1C, 0x56, 0x78, 0x9C, 0x63, 0x50,
    0x02, 0x02, 0x06, 0x83, 0xFF, 0x40, 0xC0, 0xEE, 0x70, 0xBE, 0xA3, 0xA3, 0x83, 0x39, 0xA0, 0x9F,
    0x01, 0x08, 0x12, 0xEA, 0x41, 0x64, 0x41, 0x3E, 0x88, 0x6C, 0x88, 0x6F, 0xE9, 0x62, 0x61, 0x98,
    0xF0, 0xFE, 0xFF, 0xFF, 0xFD, 0x0C, 0x0B, 0xCE, 0x33, 0x3B, 0xFC, 0xE5, 0x04, 0x89, 0x7E, 0x92,
    0x07, 0x91, 0x07, 0xEC, 0xC1, 0xA4, 0x7F, 0x01, 0x07, 0x03, 0xC3, 0x03, 0xFD, 0x03, 0x40, 0xF5,
    0x3F, 0x78, 0x0C, 0xFE, 0x67, 0x6D, 0xFF, 0xCF, 0xCC, 0xB0, 0xF9, 0xFF, 0x7F, 0x6D, 0xA0, 0x9C,
    0x02, 0x13, 0x03, 0x03, 0x00, 0x92, 0x3D, 0x20, 0x11, 0x78, 0x9C, 0x63, 0x60, 0x08, 0x66, 0x66,
    0x60, 0x60, 0x78, 0xF2, 0xFF, 0x3D, 0x2B, 0x83, 0xC3, 0x7B, 0xB3, 0x67, 0xFE, 0x0C, 0x17, 0xF4,
    0x19, 0x1C, 0xFA, 0x19, 0xBE, 0x70, 0x02, 0x45, 0x19, 0x7E, 0xB0, 0x82, 0xC8, 0xDF, 0x46, 0x3B,
    0xAB, 0x19, 0x18, 0xFE, 0x7E, 0x3F, 0xFB, 0x4F, 0x96, 0xE1, 0xAF, 0x1D, 0xC3, 0x82, 0xF5, 0x0C,
    0x7F, 0xD9, 0x19, 0x04, 0xFE, 0x33, 0xFE, 0x61, 0x61, 0x60, 0xF8, 0xC3, 0xFC, 0x93, 0x15, 0x44,
    0x7E, 0x05, 0xAA, 0xFF, 0xC7, 0xF8, 0x40, 0x9F, 0x21, 0xE1, 0x3C, 0x43, 0xC0, 0xFB, 0x8C, 0x9F,
    0xF6, 0x0C, 0x0C, 0x57, 0xFF, 0x9F, 0x07, 0x19, 0x6D, 0xC4, 0xC8, 0xC0, 0x00, 0x00, 0xDF, 0x89,
    0x22, 0x5A, 0x78, 0x9C, 0x53, 0x54, 0x02, 0x02, 0x86, 0x7F, 0xFF, 0x81, 0x80, 0xA9, 0xBD, 0xA3,
    0xA3, 0xE3, 0x3F, 0x23, 0x03, 0x03, 0x43, 0x42, 0x3D, 0x90, 0x60, 0xF8, 0xC8, 0x03, 0x22, 0x7F,
    0x31, 0x03, 0x09, 0x83, 0xF5, 0x20, 0xE6, 0x01, 0x79, 0x10, 0xF9, 0x99, 0x0B, 0x2E, 0x2C, 0x70,
    0x1F, 0xC4, 0x4C, 0xE8, 0x07, 0x91, 0x0B, 0xFC, 0x41, 0xE4, 0x05, 0x7D, 0x10, 0xF9, 0x81, 0x1F,
    0x4E, 0x02, 0x00, 0xDB, 0x79, 0x15, 0x20, 0x78, 0x9C, 0x01, 0x66, 0x00, 0x99, 0xFF, 0x00, 0x00,
    0x52, 0x35, 0x00, 0x00, 0x00, 0xD3, 0xFF, 0xFF, 0x5E, 0x00, 0x20, 0xFF, 0x27, 0x52, 0xFE, 0x04,
    0x80, 0x8F, 0x00, 0x00, 0xF5, 0x0C, 0xA0, 0x5F, 0x00, 0x00, 0xF2, 0x0E, 0x80, 0x6F, 0x00, 0x00,
    0xF3, 0x0C, 0x20, 0xEF, 0x02, 0x00, 0xFB, 0x05, 0x00, 0xD4, 0xCF, 0xEB, 0x6E, 0x00, 0x00, 0xC4,
    0xDF, 0xFD, 0x7D, 0x00, 0x40, 0xCF, 0x02, 0x00, 0xFA, 0x08, 0xC0, 0x3F, 0x00, 0x00, 0xE0, 0x1F,
    0xF0, 0x0F, 0x00, 0x00, 0xC0, 0x3F, 0xF0, 0x1F, 0x00, 0x00, 0xD0, 0x3F, 0xB0, 0x7F, 0x00, 0x00,
    0xF3, 0x0F, 0x30, 0xFF, 0x59, 0x74, 0xFE, 0x06, 0x00, 0xB3, 0xFF, 0xFF, 0x5D, 0x00, 0x00, 0x00,
    0x20, 0x13, 0x00, 0x00, 0x83, 0x99, 0x25, 0x17, 0x78, 0x9C, 0x63, 0x50, 0x08, 0x65, 0x62, 0x60,
    0x50, 0xF8, 0xF3, 0x7F, 0x3F, 0x23, 0xC3, 0xC3, 0xF5, 0x2E, 0xBF, 0x78, 0x19, 0x7E, 0x72, 0x32,
    0x6C, 0xC8, 0x67, 0xF8, 0xCB, 0xC4, 0x60, 0x70, 0x9E, 0xE1, 0x3F, 0x03, 0x03, 0x10, 0xFF, 0x63,
    0x04, 0x92, 0x8C, 0xBF, 0x59, 0x19, 0x0C, 0xFE, 0x33, 0x7D, 0xD5, 0x63, 0xB8, 0xF8, 0x9F, 0x69,
    0xC2, 0xFF, 0x33, 0xEB, 0xFF, 0x30, 0x32, 0x6C, 0xDD, 0xC3, 0xFA, 0x17, 0xA8, 0x82, 0x41, 0xE0,
    0x3E, 0x83, 0x00, 0x03, 0x43, 0x42, 0x3F, 0xC3, 0x77, 0x0E, 0x86, 0x87, 0xFA, 0x40, 0x73, 0xCA,
    0xFE, 0xB1, 0x83, 0xCC, 0xCC, 0x03, 0xC9, 0x29, 0x01, 0x09, 0x00, 0x6F, 0x91, 0x23, 0xAD, 0x78,
    0x9C, 0x5B, 0xC9, 0xF8, 0x9F, 0x71, 0x26, 0x23, 0x03, 0x12, 0x30, 0x66, 0xF8, 0x0F, 0x14, 0x03,
    0x00, 0x39, 0x3D, 0x04, 0x78, 0x78, 0x9C, 0x9B, 0x20, 0xF5, 0x41, 0x7F, 0x82, 0x24, 0x03, 0x12,
    0x30, 0x60, 0xFE, 0xA0, 0xFF, 0x41, 0x5F, 0x40, 0x3E, 0x80, 0x77, 0x01, 0x1B, 0x00, 0x5E, 0x0F,
    0x06, 0x16, 0x78, 0x9C, 0x63, 0x60, 0x60, 0x60, 0x70, 0xE0, 0x00, 0x12, 0x85, 0x7F, 0xB9, 0x19,
    0x18, 0x26, 0xFF, 0xCF, 0x61, 0x60, 0x38, 0xFA, 0xDF, 0x8A, 0x81, 0xE1, 0xF9, 0x7B, 0x09, 0xA0,
    0xE0, 0x3B, 0x56, 0x20, 0xC1, 0xF0, 0x2F, 0x97, 0x01, 0xAC, 0xA0, 0x8F, 0x09, 0xA4, 0xF8, 0xF7,
    0x7E, 0x16, 0x20, 0xA5, 0xF0, 0xE2, 0x3E, 0x58, 0xEE, 0x18, 0x0F, 0x88, 0x64, 0x60, 0x02, 0x00,
    0x86, 0x86, 0x10, 0xC6, 0x78, 0x9C, 0x3B, 0x7D, 0x06, 0x08, 0x38, 0x4F, 0x83, 0x49, 0x06, 0x0C,
    0xE0, 0x02, 0x02, 0xCC, 0xFF, 0xFE, 0x03, 0x01, 0x0F, 0x84, 0x0D, 0x00, 0xA6, 0x2D, 0x0F, 0xBD,
    0x78, 0x9C, 0xB3, 0x64, 0x00, 0x81, 0x7F, 0x39, 0x20, 0xB2, 0xE0, 0x6F, 0x1F, 0x13, 0x90, 0x72,
    0xF8, 0xBD, 0x9F, 0x05, 0x48, 0x29, 0xFC, 0xBC, 0xCF, 0x06, 0x12, 0xFD, 0xCE, 0x03, 0x24, 0x0A,
    0xFF, 0x01, 0xC9, 0x49, 0xFF, 0x73, 0x19, 0x18, 0x8E, 0xFE, 0xB7, 0x62, 0x60, 0x78, 0xFE, 0x5E,
    0x1C, 0x28, 0x78, 0x8E, 0x15, 0x24, 0xCF, 0x04, 0x36, 0x01, 0x00, 0x86, 0x60, 0x10, 0xD9, 0x78,
    0x9C, 0x63, 0x60, 0x70, 0x72, 0x65, 0x60, 0x60, 0x38, 0xF4, 0xFF, 0xFF, 0x7C, 0x06, 0x85, 0x7F,
    0x35, 0x6D, 0xFF, 0xB9, 0x16, 0xCC, 0x67, 0x60, 0x78, 0x64, 0xFF, 0x41, 0x9E, 0x81, 0x61, 0x41,
    0xBE, 0x00, 0x13, 0x03, 0xC3, 0x84, 0x78, 0xA0, 0x3C, 0xC3, 0x43, 0x20, 0x9F, 0x41, 0xE0, 0x0F,
    0x3B, 0x90, 0x7C, 0x9C, 0x0F, 0x24, 0x0C, 0xDE, 0x33, 0x03, 0xC9, 0x0B, 0xFA, 0x20, 0xB9, 0x4F,
    0xDC, 0x0C, 0x70, 0xA0, 0xC0, 0x08, 0x22, 0xBF, 0xF0, 0xC0, 0x48, 0x00, 0x02, 0xC9, 0x15, 0x33,
    0x78, 0x9C, 0x63, 0x60, 0x60, 0x08, 0xB8, 0xF5, 0x6E, 0x0D, 0x2B, 0x03, 0x10, 0x04, 0xFC, 0xEB,
    0x29, 0x3F, 0xF1, 0x9E, 0x05, 0xC8, 0xFA, 0x25, 0x09, 0x24, 0x36, 0xE5, 0x33, 0x30, 0x2C, 0xF0,
    0x07, 0x49, 0x30, 0xFC, 0x62, 0x66, 0xF8, 0xCE, 0xC2, 0xB0, 0x7D, 0x8E, 0x90, 0xE7, 0x05, 0x6E,
    0x81, 0xF9, 0x0C, 0x8F, 0xF6, 0x9F, 0xAC, 0x8B, 0x2F, 0x90, 0x2F, 0x90, 0x67, 0xF8, 0xCB, 0xCC,
    0xF0, 0x53, 0xDE, 0xC0, 0xFF, 0x02, 0x77, 0x01, 0x50, 0xF1, 0x27, 0x3E, 0x81, 0xFC, 0x0F, 0xEC,
    0x17, 0xF8, 0x80, 0x2C, 0x2E, 0x81, 0xFC, 0xCF, 0xAC, 0x1F, 0xB8, 0x19, 0x18, 0xBE, 0xB2, 0x29,
    0xF8, 0x7F, 0x66, 0xF9, 0xC4, 0xC9, 0xC0, 0xF0, 0x9B, 0x39, 0x41, 0xFE, 0x33, 0xEB, 0x47, 0x2E,
    0x06, 0x83, 0xFF, 0x0C, 0x07, 0x78, 0x3E, 0xB2, 0x3F, 0x90, 0x63, 0x78, 0xFC, 0x87, 0xE1, 0x2B,
    0xCB, 0x03, 0x9E, 0x84, 0xFB, 0x2B, 0xF3, 0xBF, 0xCF, 0xEC, 0x67, 0x68, 0xB0, 0x67, 0x38, 0xB6,
    0x96, 0x65, 0xE1, 0x5E, 0x56, 0x06, 0x81, 0x7B, 0x8C, 0x0C, 0x50, 0xF0, 0xD9, 0x16, 0x48, 0x08,
    0x5C, 0x07, 0xF2, 0x15, 0xFE, 0xF6, 0x86, 0xB5, 0xFD, 0xE9, 0x07, 0xBB, 0xF4, 0xF5, 0xFF, 0xFB,
    0x51, 0x0C, 0xC8, 0x00, 0x00, 0xFA, 0x48, 0x3F, 0xBC, 0x78, 0x9C, 0x63, 0x60, 0x60, 0x50, 0x64,
    0x64, 0x00, 0x01, 0x81, 0xFF, 0x3C, 0x60, 0xBA, 0xE0, 0xBD, 0x3D, 0x98, 0xBE, 0x10, 0x3F, 0x1F,
    0x4C, 0x7F, 0xE1, 0xFA, 0x07, 0xA6, 0x7F, 0xB1, 0xFC, 0x60, 0x03, 0x29, 0x7B, 0xCF, 0xF0, 0x09,
    0xA4, 0xB0, 0xA0, 0x9E, 0xE1, 0x00, 0x48, 0xE1, 0x03, 0x79, 0x86, 0x04, 0x90, 0xC2, 0x2F, 0xDC,
    0x40, 0x13, 0x80, 0xF4, 0xEF, 0xFF, 0x40, 0xC0, 0xC6, 0xA0, 0xF0, 0x7E, 0xE6, 0xCC, 0x99, 0x3F,
    0x79, 0x19, 0x1A, 0xFA, 0x41, 0x46, 0xD9, 0x33, 0x3C, 0xD0, 0x07, 0xE9, 0x99, 0xCF, 0xF0, 0x95,
    0x07, 0x6C, 0x15, 0xC3, 0x1F, 0x56, 0xB0, 0x99, 0x6C, 0x00, 0x5E, 0xCF, 0x21, 0xC3, 0x78, 0x9C,
    0x53, 0x50, 0x52, 0x12, 0x62, 0x60, 0x60, 0xF8, 0xFC, 0xFF, 0xFF, 0xFF, 0x79, 0x8C, 0x0C, 0x9F,
    0xFB, 0x3A, 0x56, 0xFC, 0x93, 0x63, 0xF8, 0xCC, 0xCB, 0xC0, 0x70, 0xA1, 0x1E, 0x4C, 0x15, 0xCC,
    0x07, 0x53, 0x0D, 0x10, 0xDE, 0x67, 0xA0, 0xDC, 0xFE, 0xDD, 0xB7, 0xF7, 0x33, 0x31, 0x7C, 0x7E,
    0xFF, 0xEE, 0xDF, 0x79, 0x76, 0xB0, 0xE0, 0xA2, 0xF5, 0x60, 0x8A, 0xE1, 0x2F, 0x0B, 0x98, 0xFA,
    0xC9, 0x0E, 0xA6, 0x7E, 0xB3, 0x81, 0xA8, 0x80, 0xFF, 0x4C, 0x9F, 0xD7, 0xAF, 0x5A, 0xF5, 0x37,
    0x1F, 0x6C, 0xC3, 0x5A, 0x66, 0x06, 0x00, 0xA1, 0x10, 0x2D, 0x94, 0x78, 0x9C, 0x63, 0x60, 0x50,
    0x08, 0x51, 0x66, 0x00, 0x82, 0x80, 0x3F, 0xFF, 0xFF, 0xC7, 0x00, 0xE9, 0x5F, 0xEB, 0xC3, 0xB6,
    0xFD, 0xE7, 0x64, 0x28, 0x78, 0xCF, 0xCC, 0xC0, 0xF0, 0x38, 0x9E, 0xE1, 0xA3, 0x3D, 0x48, 0xAE,
    0x96, 0xE1, 0x3B, 0x37, 0x03, 0x18, 0xFC, 0x66, 0x83, 0xD0, 0x7F, 0x58, 0x20, 0xF4, 0x5F, 0x66,
    0x54, 0xFE, 0x2F, 0x0E, 0x08, 0xFD, 0x95, 0x17, 0x44, 0x8A, 0x31, 0x3C, 0xA8, 0x07, 0xE9, 0x3F,
    0xCF, 0x10, 0xF0, 0x9F, 0x9D, 0x81, 0xE1, 0x1B, 0xD0, 0xB0, 0x6F, 0xEF, 0x2B, 0x6F, 0xFE, 0x07,
    0x2A, 0x36, 0xF8, 0xF5, 0xFF, 0xBF, 0x16, 0x58, 0xA9, 0x21, 0x13, 0x90, 0x00, 0x00, 0xDF, 0xD2,
    0x20, 0x81, 0x78, 0x9C, 0x53, 0x50, 0x52, 0x62, 0x64, 0x60, 0x60, 0xF8, 0xFC, 0xFF, 0xFF, 0xFF,
    0x5E, 0x46, 0x86, 0xCF, 0x7D, 0x1D, 0x2B, 0xFE, 0xC5, 0x33, 0x7C, 0xE6, 0x65, 0x60, 0x28, 0xF8,
    0xCF, 0x0A, 0xA2, 0x18, 0xBE, 0xF2, 0x81, 0xA9, 0x03, 0xF9, 0x60, 0xAA, 0x60, 0x3D, 0x98, 0x72,
    0x38, 0x8F, 0x4C, 0x05, 0xEC, 0x07, 0x53, 0x13, 0xE6, 0x83, 0xA9, 0x07, 0xF6, 0x60, 0xEA, 0x27,
    0x0F, 0x88, 0x5A, 0xF8, 0x9F, 0xE9, 0xF3, 0xFA, 0x55, 0xA7, 0xFE, 0xDB, 0x82, 0x6C, 0x78, 0x9F,
    0xCD, 0xC0, 0x00, 0x00, 0xB9, 0x9D, 0x29, 0x76, 0x78, 0x9C, 0x53, 0x50, 0x02, 0x01, 0x86, 0xCF,
    0xFF, 0x41, 0x80, 0xE5, 0x73, 0x5F, 0x07, 0x10, 0x30, 0x7D, 0xE6, 0x65, 0x00, 0x01, 0xEC, 0xD4,
    0xFC, 0x99, 0x33, 0x67, 0x66, 0x42, 0x34, 0xAC, 0xC7, 0xA1, 0x04, 0x95, 0x5A, 0xBF, 0x0A, 0x08,
    0xD8, 0x21, 0x36, 0x70, 0x03, 0x00, 0x65, 0x2B, 0x27, 0x0E, 0x78, 0x9C, 0x53, 0x50, 0x02, 0x02,
    0xA1, 0xCF, 0xFF, 0x81, 0x60, 0xFE, 0xE7, 0xBE, 0x8E, 0x8E, 0x0E, 0x8F, 0xCF, 0xBC, 0x0C, 0x40,
    0x80, 0x93, 0xBC, 0x7F, 0xF7, 0xEE, 0x5D, 0x5B, 0x30, 0xE9, 0x4B, 0x40, 0x25, 0x98, 0x04, 0x00,
    0x99, 0x30, 0x1E, 0x06, 0x78, 0x9C, 0x63, 0x60, 0x10, 0x08, 0x51, 0x61, 0x00, 0x82, 0x84, 0xBF,
    0xFF, 0xFF, 0xCF, 0x63, 0x64, 0x60, 0xF8, 0xB5, 0x3E, 0x6C, 0xDA, 0x3F, 0x59, 0x86, 0x09, 0xEF,
    0x99, 0x18, 0x18, 0x0E, 0xEE, 0x67, 0xF8, 0x64, 0x0F, 0x94, 0x13, 0xC8, 0x62, 0xF8, 0xCE, 0xC5,
    0x00, 0x06, 0xBF, 0xD9, 0x20, 0xF4, 0x5F, 0x66, 0x04, 0x3D, 0x63, 0xE6, 0x4C, 0x96, 0x3F, 0x2C,
    0x0C, 0x0C, 0xFF, 0xFF, 0xFF, 0x67, 0xFF, 0xC5, 0xCE, 0xC0, 0xA0, 0xA4, 0xF4, 0x83, 0xFD, 0x2B,
    0x0F, 0x48, 0xF6, 0x1B, 0xFB, 0x83, 0x7C, 0x08, 0xED, 0xF0, 0x1F, 0xA8, 0x31, 0xE1, 0x1F, 0x1B,
    0xC3, 0xD7, 0xFB, 0x95, 0x2B, 0xFE, 0x01, 0x05, 0x15, 0x5E, 0xFE, 0xFF, 0xDF, 0xCB, 0x08, 0x92,
    0x54, 0x04, 0xDA, 0xC4, 0x00, 0x00, 0x90, 0x7A, 0x28, 0x04, 0x78, 0x9C, 0x53, 0x60, 0x64, 0x60,
    0x60, 0x50, 0x60, 0xFA, 0xCC, 0x0B, 0xA4, 0x3E, 0xC8, 0x13, 0x43, 0xED, 0xDF, 0xBD, 0x7B, 0xF7,
    0x6F, 0xF9, 0xCF, 0xFF, 0x41, 0x80, 0x28, 0x0D, 0x28, 0x14, 0x00, 0x13, 0x3C, 0x26, 0x11, 0x78,
    0x9C, 0x53, 0x62, 0xF8, 0xCF, 0x88, 0x0F, 0x02, 0x00, 0xF4, 0x51, 0x0F, 0x23, 0x78, 0x9C, 0x63,
    0x60, 0x50, 0x54, 0x62, 0x62, 0x60, 0xF8, 0xF9, 0x3F, 0x9F, 0x81, 0xA1, 0xF5, 0x06, 0x90, 0x60,
    0x58, 0x40, 0x2C, 0x11, 0xFF, 0x9D, 0x83, 0xE1, 0x80, 0xFF, 0x17, 0x39, 0x86, 0xCF, 0xF2, 0x1B,
    0xDE, 0xCF, 0xF8, 0xCF, 0x21, 0xF0, 0xF3, 0x7F, 0x3D, 0x50, 0x5C, 0x89, 0x81, 0x01, 0x00, 0xA3,
    0xCD, 0x18, 0x09, 0x78, 0x9C, 0x53, 0x60, 0x64, 0x60, 0x60, 0x50, 0x62, 0xFC, 0xCC, 0xCB, 0xC0,
    0x50, 0x70, 0x1F, 0x4C, 0x7D, 0x93, 0x65, 0x00, 0x52, 0x09, 0xF7, 0x19, 0x41, 0xD4, 0x57, 0x39,
    0x06, 0x20, 0x15, 0xF0, 0x9E, 0x09, 0x44, 0x7D, 0xD1, 0x03, 0xAA, 0xFD, 0xEC, 0xFB, 0x9F, 0x15,
    0x44, 0xFD, 0xFF, 0x27, 0x07, 0xA2, 0xF6, 0x37, 0xDE, 0x07, 0x51, 0x7C, 0x0C, 0xBF, 0xB8, 0x41,
    0x4A, 0x18, 0x0E, 0xCC, 0x07, 0x53, 0x02, 0xFF, 0xD8, 0x41, 0x14, 0xC3, 0x67, 0x7F, 0x30, 0x15,
    0xF0, 0x9F, 0x19, 0x44, 0x31, 0xFC, 0x90, 0x03, 0x00, 0x6A, 0x72, 0x22, 0xE6, 0x78, 0x9C, 0x53,
    0x60, 0x64, 0x00, 0x82, 0xCF, 0xBC, 0x54, 0x25, 0xD7, 0xAF, 0x5A, 0xB5, 0x8A, 0xF5, 0xF3, 0x7F,
    0x20, 0xE0, 0x00, 0x00, 0x02, 0xE9, 0x15, 0xBE, 0x78, 0x9C, 0x53, 0x10, 0x62, 0x00, 0x02, 0x05,
    0xA1, 0xCF, 0xFB, 0x41, 0xF4, 0xD7, 0xFE, 0xCF, 0xFF, 0x99, 0x80, 0xF4, 0xEF, 0xFE, 0xCF, 0x7F,
    0x38, 0x18, 0x18, 0x04, 0xCE, 0xF7, 0x7F, 0xBE, 0xC9, 0xC7, 0xC0, 0x50, 0xD0, 0xDF, 0xFF, 0xB9,
    0xD3, 0x9F, 0x81, 0xE1, 0x42, 0x5C, 0xFF, 0x67, 0xAD, 0xF5, 0x0C, 0x0C, 0x9F, 0x23, 0xFA, 0x3F,
    0x73, 0xFD, 0x61, 0x64, 0xF8, 0x19, 0x04, 0xA4, 0xBF, 0xB1, 0x31, 0x9C, 0x0F, 0x00, 0xD2, 0x1F,
    0x78, 0x03, 0xF2, 0x41, 0xF4, 0x02, 0xFB, 0x0D, 0xFC, 0x20, 0xDA, 0x61, 0xFE, 0x47, 0x4E, 0x10,
    0xCD, 0x70, 0xF7, 0x3B, 0x33, 0x98, 0xFE, 0x7E, 0x97, 0x01, 0x4C, 0x7F, 0xAC, 0x87, 0xD0, 0x1B,
    0xE4, 0x81, 0x34, 0x00, 0xB0, 0x17, 0x34, 0xB0, 0x78, 0x9C, 0x53, 0x60, 0x62, 0x60, 0x60, 0x10,
    0x60, 0xFA, 0x3C, 0x1F, 0x48, 0x1D, 0x90, 0xFF, 0xFC, 0x9F, 0x19, 0x4C, 0xFD, 0xE1, 0x05, 0x53,
    0x33, 0xEB, 0xC1, 0x94, 0xE4, 0x3F, 0x26, 0x10, 0xC5, 0xF5, 0x95, 0x1B, 0x4C, 0x6D, 0x88, 0x07,
    0x53, 0x0A, 0xEF, 0x19, 0x41, 0x14, 0xC3, 0x77, 0x2E, 0x30, 0x75, 0xC1, 0x1F, 0x4C, 0x19, 0xDC,
    0xDF, 0x00, 0xA2, 0x18, 0x7E, 0xEE, 0x00, 0x53, 0x0F, 0xEE, 0x83, 0xA9, 0x80, 0xFF, 0x60, 0x8A,
    0xE1, 0xB7, 0x3C, 0x00, 0xEA, 0x85, 0x29, 0xBA, 0x78, 0x9C, 0x63, 0x60, 0x10, 0x08, 0x56, 0x61,
    0x00, 0x82, 0x84, 0x3F, 0xFF, 0xFF, 0xE7, 0x02, 0xE9, 0x5F, 0xEB, 0xC3, 0xA6, 0xFD, 0xE7, 0x66,
    0x68, 0xB8, 0xCF, 0xC4, 0xC0, 0x70, 0x71, 0x3D, 0xC3, 0x27, 0x7D, 0xA0, 0x98, 0xC0, 0x7F, 0x96,
    0x1F, 0x9C, 0x20, 0x45, 0x3F, 0x38, 0xFF, 0xB0, 0x82, 0xE8, 0xCF, 0x7C, 0x7F, 0x99, 0x40, 0xF4,
    0x47, 0xFE, 0x7F, 0x60, 0xFA, 0x03, 0xFF, 0x5F, 0x66, 0x08, 0xFF, 0x37, 0x1B, 0x88, 0xFE, 0xC2,
    0xFB, 0x8D, 0x1B, 0x44, 0xFF, 0xE4, 0xF8, 0x18, 0x0F, 0xA4, 0x14, 0xFE, 0x33, 0x25, 0xFC, 0x07,
    0x6A, 0x7C, 0x5C, 0xCF, 0xC0, 0xF0, 0xFD, 0x7E, 0xE5, 0x89, 0xFF, 0x1C, 0x0C, 0x0C, 0x06, 0xBF,
    0xFE, 0xFF, 0xB7, 0x02, 0xA9, 0x61, 0x30, 0x64, 0x04, 0x12, 0x00, 0xD4, 0x02, 0x27, 0xF2, 0x78,
    0x9C, 0x53, 0x50, 0x52, 0x12, 0x62, 0x60, 0x60, 0xF8, 0xFC, 0xFF, 0xFF, 0xFF, 0xF3, 0xAC, 0x0C,
    0x9F, 0xFB, 0x3A, 0x66, 0xFC, 0xEE, 0x67, 0xF8, 0xCC, 0xCB, 0xC0, 0xE0, 0xF0, 0x9F, 0x09, 0x44,
    0x31, 0xFC, 0x66, 0x03, 0x53, 0x3F, 0xD9, 0x91, 0x78, 0x0E, 0xFF, 0x19, 0xC1, 0x2A, 0xF3, 0xC1,
    0xFA, 0xF6, 0xB3, 0x30, 0x7C, 0x96, 0x15, 0x14, 0x04, 0x99, 0x02, 0x52, 0x82, 0x9F, 0x02, 0x00,
    0x0C, 0x1D, 0x22, 0xD9, 0x78, 0x9C, 0x63, 0x60, 0x10, 0x08, 0x56, 0x61, 0x00, 0x82, 0x84, 0x3F,
    0xFF, 0xFF, 0xD7, 0x02, 0xE9, 0x5F, 0xEB, 0xC3, 0xA6, 0xFD, 0xE7, 0x66, 0x68, 0xB8, 0xCF, 0xC4,
    0xC0, 0x70, 0x71, 0x3D, 0xC3, 0x27, 0x7D, 0xA0, 0x98, 0xC0, 0x7F, 0xE6, 0x1F, 0x9C, 0x20, 0x45,
    0x3F, 0x38, 0xFF, 0xB0, 0x82, 0xE8, 0xCF, 0xBC, 0x7F, 0x99, 0x40, 0xF4, 0x47, 0xFE, 0x7F, 0x60,
    0xFA, 0x03, 0xFF, 0x5F, 0x66, 0x08, 0xFF, 0x37, 0x1B, 0x88, 0xFE, 0xC2, 0xFB, 0x9D, 0x1B, 0x44,
    0xFF, 0xE4, 0xF8, 0x18, 0x0F, 0xA4, 0x14, 0xFE, 0x33, 0x25, 0xFC, 0x07, 0x6A, 0x7C, 0x5C, 0xCF,
    0xC0, 0xF0, 0xFD, 0x7E, 0xE5, 0x89, 0xFF, 0x1C, 0x0C, 0x0C, 0x06, 0xBF, 0xFE, 0xBF, 0xB7, 0x02,
    0xA9, 0x81, 0x58, 0x01, 0x04, 0x13, 0xF6, 0x43, 0x68, 0x81, 0x7F, 0x35, 0x62, 0x60, 0xC6, 0xA1,
    0xFF, 0x50, 0x19, 0x01, 0x06, 0x06, 0x00, 0x56, 0x76, 0x2D, 0xCF, 0x78, 0x9C, 0x53, 0x50, 0x52,
    0x52, 0x62, 0x64, 0x60, 0xF8, 0xFC, 0x1F, 0x08, 0xAC, 0x19, 0x3E, 0xF7, 0x75, 0x74, 0xDC, 0xFC,
    0xCF, 0xFA, 0x99, 0x97, 0x81, 0x81, 0xE1, 0x3B, 0x1F, 0x98, 0x7A, 0x60, 0x0F, 0xA6, 0x2E, 0x40,
    0xA8, 0x4F, 0xFC, 0x20, 0xCA, 0xE0, 0x2F, 0xE7, 0xE7, 0xF7, 0xEF, 0xDE, 0xFD, 0x5F, 0xCF, 0xF0,
    0x79, 0xFF, 0xEE, 0xDB, 0xF7, 0x99, 0x18, 0x40, 0x82, 0xFF, 0x58, 0xC0, 0xD4, 0x17, 0x5E, 0x30,
    0xB5, 0x61, 0x3E, 0x98, 0x12, 0xF8, 0xCF, 0x0C, 0x31, 0x8C, 0x17, 0x4C, 0x1D, 0xE8, 0x07, 0x00,
    0xF2, 0x55, 0x2A, 0xD6, 0x78, 0x9C, 0x63, 0x60, 0x70, 0x72, 0x65, 0x62, 0x60, 0x60, 0x78, 0xFE,
    0xFF, 0xFF, 0x7B, 0x76, 0x86, 0x09, 0xEF, 0xDD, 0x9D, 0x7F, 0xF4, 0x33, 0x7C, 0x94, 0x67, 0x60,
    0x30, 0xF8, 0xCF, 0xF8, 0x85, 0x07, 0x28, 0xE1, 0xCA, 0xF0, 0x59, 0x8E, 0x01, 0x04, 0x0E, 0xDC,
    0x17, 0x05, 0x51, 0x02, 0x7F, 0xFE, 0xCF, 0x65, 0x01, 0xD2, 0x0E, 0xAF, 0xFE, 0xFF, 0x97, 0x04,
    0x09, 0x04, 0xFD, 0xBA, 0x0F, 0x96, 0x17, 0xF8, 0xCB, 0x06, 0xA6, 0xBF, 0x71, 0xBE, 0x62, 0x06,
    0x52, 0xDF, 0x39, 0x7F, 0xCA, 0x82, 0x04, 0x59, 0x0E, 0xFC, 0xAF, 0x2A, 0xFB, 0xB5, 0x9E, 0x81,
    0xE1, 0xFA, 0xFF, 0xFF, 0xE7, 0x59, 0x81, 0x12, 0x8A, 0xCA, 0x40, 0x02, 0x00, 0xA5, 0xC0, 0x24,
    0xC2, 0x78, 0x9C, 0x53, 0x54, 0x02, 0x01, 0xA6, 0x1F, 0xFF, 0x41, 0x80, 0xBF, 0xA5, 0x63, 0xC7,
    0xFB, 0x8E, 0x0E, 0x0E, 0x06, 0x86, 0x80, 0xFD, 0x0C, 0x20, 0x40, 0x7D, 0x0A, 0x00, 0xA7, 0x0A,
    0x18, 0x5E, 0x78, 0x9C, 0x53, 0x60, 0x64, 0x60, 0x60, 0x10, 0x60, 0xFA, 0xC2, 0x03, 0xA4, 0x2E,
    0xD8, 0x53, 0x46, 0xE9, 0x7F, 0xE2, 0x05, 0x52, 0x1F, 0xF8, 0x1F, 0xE8, 0x03, 0xA9, 0xAF, 0x3C,
    0x0D, 0xE7, 0x19, 0x19, 0x0C, 0xFE, 0xB1, 0x32, 0xFC, 0x9E, 0xDF, 0xFE, 0xBB, 0x9F, 0x81, 0x21,
    0xE1, 0xEF, 0xFF, 0xFD, 0x2C, 0x20, 0xCB, 0x94, 0x80, 0x04, 0x00, 0x8E, 0xB0, 0x22, 0x47, 0x78,
    0x9C, 0x53, 0x64, 0x00, 0x01, 0x45, 0xC6, 0x5F, 0x1C, 0x20, 0xFA, 0x2F, 0xEB, 0x67, 0x3E, 0x20,
    0x65, 0xF0, 0x9E, 0xE1, 0x82, 0x3F, 0x90, 0x9E, 0xD0, 0xCF, 0x90, 0xB0, 0x1E, 0x48, 0x7F, 0x90,
    0x67, 0x60, 0xF8, 0xCF, 0xC8, 0xC0, 0xF0, 0x8D, 0x8B, 0x81, 0xE1, 0x27, 0x3B, 0x03, 0xC3, 0x1F,
    0x16, 0x06, 0x86, 0xCF, 0xBC, 0x0C, 0x0A, 0xF7, 0x81, 0x72, 0x07, 0xFC, 0x19, 0x26, 0xD4, 0x03,
    0x69, 0xA0, 0xC2, 0x07, 0xF2, 0x20, 0x33, 0xFE, 0x31, 0x7E, 0xE5, 0x02, 0xD1, 0x3F, 0xD8, 0x7F,
    0x33, 0x83, 0xE8, 0x4F, 0x32, 0xF7, 0xC1, 0x76, 0x6C, 0xE8, 0xCF, 0x07, 0xD3, 0x01, 0xFF, 0xF9,
    0xC1, 0x34, 0xC3, 0x3F, 0x4E, 0x20, 0x01, 0x00, 0x6E, 0xB8, 0x1C, 0xEA, 0x78, 0x9C, 0x15, 0x8E,
    0xCB, 0x0D, 0x82, 0x00, 0x10, 0x05, 0x07, 0x49, 0xC0, 0xA0, 0x09, 0x5A, 0x81, 0x50, 0x81, 0x76,
    0x80, 0x1D, 0xE8, 0xC5, 0x33, 0x25, 0x48, 0x07, 0xD2, 0x01, 0x67, 0x4F, 0x58, 0x02, 0x1D, 0x40,
    0x07, 0x52, 0x80, 0x09, 0x56, 0xA0, 0x68, 0x10, 0xF9, 0x08, 0xB8, 0x5C, 0x36, 0x73, 0x78, 0x6F,
    0xDE, 0xDA, 0xC0, 0x62, 0x22, 0xC7, 0x56, 0x5A, 0x0D, 0x92, 0x50, 0xB0, 0xD1, 0xCB, 0x19, 0xE4,
    0x99, 0x60, 0xAF, 0xBE, 0x4D, 0xF8, 0x74, 0x0A, 0xD6, 0x93, 0x74, 0x07, 0x75, 0xA9, 0xE1, 0x85,
    0xF8, 0x01, 0x3C, 0x5E, 0x06, 0x91, 0xCB, 0x26, 0xC3, 0x0A, 0x53, 0x93, 0x5C, 0x82, 0xBD, 0xE2,
    0xB9, 0xBE, 0x43, 0x21, 0xF5, 0x46, 0x8B, 0x56, 0xDB, 0x80, 0x4A, 0x97, 0xBA, 0x91, 0xCF, 0xB9,
    0xD2, 0xC9, 0xCC, 0xCB, 0x2C, 0xA6, 0xB4, 0xCB, 0x51, 0x9D, 0x38, 0x95, 0xCA, 0xF7, 0x20, 0x22,
    0xBC, 0xD3, 0x0F, 0xDE, 0x67, 0xD1, 0x63, 0xC5, 0x31, 0xDC, 0x6F, 0xE2, 0x12, 0xDB, 0x11, 0x2E,
    0x83, 0x31, 0x62, 0xBD, 0x86, 0xFD, 0x20, 0x0F, 0xFE, 0x01, 0xA5, 0x35, 0x36, 0xD0, 0x78, 0x9C,
    0x53, 0x60, 0x62, 0x60, 0x60, 0x10, 0x10, 0x62, 0x98, 0xB0, 0x1E, 0x48, 0x3F, 0xF0, 0x67, 0x60,
    0xF8, 0xCB, 0xCA, 0xC0, 0xF0, 0x8B, 0x93, 0x81, 0xE1, 0x93, 0x3E, 0x43, 0xC0, 0x7D, 0xA0, 0x58,
    0xC2, 0x79, 0x86, 0x87, 0xFA, 0x40, 0x9A, 0xE1, 0x17, 0xFB, 0x6F, 0x36, 0x10, 0xFD, 0x70, 0xFE,
    0x7E, 0x10, 0xC5, 0x60, 0xF0, 0x5F, 0x0E, 0x4C, 0x0B, 0xFC, 0xE3, 0x05, 0xD3, 0x1B, 0xF6, 0xCF,
    0x07, 0xD3, 0xDF, 0x39, 0xFF, 0xB0, 0x82, 0xA4, 0xEF, 0x33, 0x7C, 0x02, 0x29, 0x78, 0x68, 0xCF,
    0x50, 0x00, 0xD2, 0xF0, 0x8B, 0x83, 0x81, 0xE1, 0x0F, 0x3B, 0xC8, 0x38, 0xB0, 0xD9, 0x9F, 0x40,
    0x66, 0x26, 0xDC, 0x67, 0x00, 0x00, 0x77, 0xB5, 0x1F, 0x22, 0x78, 0x9C, 0x53, 0x64, 0x64, 0x00,
    0x02, 0x25, 0x86, 0x4F, 0xFA, 0x40, 0xAA, 0xE0, 0x3C, 0x08, 0x31, 0x80, 0x39, 0x7F, 0xD8, 0x18,
    0x18, 0x7E, 0xB3, 0x03, 0xD9, 0xF2, 0x0C, 0x09, 0x20, 0xB1, 0x82, 0xFD, 0x0C, 0x0F, 0x41, 0x6A,
    0x18, 0xFE, 0xB0, 0xFE, 0x62, 0x07, 0xD1, 0x9F, 0xE2, 0x40, 0xC2, 0x40, 0x89, 0xFF, 0x60, 0x61,
    0x06, 0x86, 0xBF, 0x1C, 0x10, 0xFA, 0x37, 0x2B, 0x09, 0x34, 0x00, 0xF3, 0x1E, 0x18, 0x4C, 0x78,
    0x9C, 0x13, 0x50, 0x02, 0x01, 0x86, 0x86, 0xFF, 0x20, 0xC0, 0xE2, 0xD0, 0xD1, 0xD1, 0xB1, 0xE2,
    0x3F, 0x13, 0x03, 0x10, 0x1C, 0x88, 0x07, 0x91, 0x0C, 0x3F, 0x39, 0x41, 0x64, 0xC0, 0x79, 0x30,
    0xE7, 0x93, 0x1E, 0x98, 0xFA, 0xCB, 0x02, 0x22, 0x17, 0xF4, 0x83, 0x39, 0xDF, 0xB9, 0x41, 0xA4,
    0xC1, 0x7B, 0x46, 0x10, 0xF5, 0xD0, 0x1E, 0x2C, 0xF6, 0x87, 0x1D, 0x44, 0x36, 0xAC, 0x07, 0x73,
    0x3E, 0xEF, 0x5F, 0x05, 0x04, 0x1C, 0x5F, 0xC0, 0x36, 0xF0, 0x00, 0x00, 0x9D, 0x30, 0x20, 0x1C,
    0x78, 0x9C, 0xFB, 0xF6, 0x9F, 0xEF, 0x7B, 0x15, 0xDB, 0x77, 0x76, 0x06, 0x92, 0xD1, 0x3D, 0x9E,
    0xC9, 0x33, 0x39, 0x00, 0x0E, 0xD6, 0x17, 0x6E, 0x78, 0x9C, 0x3B, 0xCB, 0xC0, 0xC0, 0xF0, 0x93,
    0x91, 0x81, 0xE1, 0x2B, 0x2B, 0x03, 0xC3, 0x47, 0x2E, 0x06, 0x86, 0x03, 0x7C, 0x0C, 0x0C, 0x0D,
    0xFA, 0x0C, 0x0C, 0x0E, 0xF5, 0x40, 0x89, 0xFD, 0x40, 0xFC, 0x1B, 0x88, 0xBF, 0xB3, 0x30, 0x30,
    0x7C, 0xE2, 0x60, 0x60, 0x78, 0xC0, 0xCB, 0xC0, 0xB0, 0x40, 0x9E, 0x81, 0x21, 0x20, 0x9E, 0x81,
    0x41, 0x60, 0x3D, 0x50, 0xE2, 0x2D, 0x10, 0x1B, 0x31, 0x00, 0x00, 0x04, 0x4D, 0x0D, 0xE1, 0x78,
    0x9C, 0xFB, 0xF3, 0x9F, 0xA3, 0xF4, 0x27, 0x07, 0xC3, 0x57, 0x92, 0xD1, 0xAD, 0xBF, 0x1C, 0xD3,
    0x67, 0xB2, 0x00, 0x00, 0xFA, 0xEA, 0x17, 0x5A, 0x78, 0x9C, 0x63, 0x60, 0x50, 0x62, 0x00, 0x02,
    0x87, 0xFF, 0x1C, 0x40, 0xF2, 0xC0, 0x5C, 0x79, 0x20, 0xF9, 0x45, 0x6D, 0x3E, 0x90, 0x7C, 0xC3,
    0xF0, 0x8B, 0x91, 0xC1, 0x21, 0x9F, 0xE1, 0x13, 0x27, 0xC3, 0x01, 0x3E, 0x86, 0x05, 0xF2, 0x0C,
    0x5F, 0xD8, 0x19, 0x14, 0xE6, 0x33, 0xEC, 0x00, 0x4A, 0xED, 0x60, 0x00, 0x00, 0x43, 0xDF, 0x0C,
    0xE7, 0x78, 0x9C, 0x63, 0x60, 0x00, 0x83, 0xAF, 0xFF, 0x41, 0xA0, 0x3E, 0x31, 0x0D, 0x04, 0xD4,
    0x00, 0x53, 0x01, 0x08, 0xF5, 0x78, 0x9C, 0x33, 0x62, 0x64, 0xF8, 0xC6, 0xCB, 0xE0, 0xB0, 0x8E,
    0x81, 0xE1, 0x12, 0x1B, 0x03, 0x03, 0x23, 0x00, 0x1B, 0x05, 0x02, 0xFE, 0x78, 0x9C, 0x0D, 0xC8,
    0xBD, 0x0D, 0x40, 0x50, 0x14, 0x80, 0xD1, 0x4F, 0x24, 0xBC, 0xCE, 0x4B, 0x0C, 0xC0, 0x00, 0x56,
    0x90, 0x28, 0xD0, 0xD2, 0xDA, 0x4E, 0x62, 0x00, 0x16, 0x40, 0xAF, 0xB2, 0x81, 0x5A, 0x34, 0x1A,
    0xF1, 0x97, 0xB8, 0x5E, 0x75, 0x92, 0x43, 0x39, 0xF5, 0x0E, 0xF0, 0x0C, 0x5B, 0x0B, 0xC9, 0x82,
    0xFE, 0x6C, 0xC2, 0x1C, 0x2E, 0xD7, 0x2C, 0xFA, 0x54, 0xD0, 0x7C, 0x22, 0x8A, 0x52, 0xAA, 0xEC,
    0x56, 0xCC, 0x05, 0x98, 0xDC, 0x3D, 0x78, 0x0D, 0x81, 0x79, 0x45, 0x3D, 0xA6, 0xEB, 0x11, 0xA3,
    0x5F, 0x89, 0x3A, 0xB1, 0xD1, 0x3E, 0x58, 0xFC, 0x86, 0x54, 0x1E, 0xB9, 0x78, 0x9C, 0xFB, 0xCE,
    0xC6, 0x00, 0x04, 0x3F, 0x30, 0x49, 0xB5, 0x93, 0x73, 0x98, 0x18, 0x7E, 0xFC, 0x58, 0xFB, 0x57,
    0x9F, 0xE1, 0x47, 0x3D, 0xC3, 0x84, 0xFD, 0x0C, 0x3F, 0x78, 0x19, 0x04, 0xFE, 0x33, 0xFC, 0xE0,
    0x64, 0x60, 0xF8, 0xCB, 0xFC, 0x83, 0x9D, 0x81, 0xE1, 0x37, 0x0B, 0x48, 0x25, 0x90, 0x04, 0xB2,
    0xFF, 0x30, 0xFF, 0xE0, 0x62, 0x60, 0xF8, 0xC7, 0xF8, 0x43, 0x9E, 0xC1, 0xE1, 0x3C, 0xC3, 0x8F,
    0xDB, 0xA6, 0xCF, 0xE2, 0x19, 0x7E, 0x94, 0xFE, 0xFF, 0x0F, 0x32, 0x4A, 0x81, 0x89, 0x81, 0x01,
    0x00, 0x7F, 0xE5, 0x22, 0x21, 0x78, 0x9C, 0x63, 0x70, 0x38, 0x35, 0x87, 0x89, 0x81, 0xE1, 0xC7,
    0xBE, 0x3F, 0xFE, 0x0C, 0x0E, 0xE7, 0x19, 0x1C, 0xDE, 0x33, 0x6C, 0xF0, 0x67, 0x60, 0xD8, 0xC9,
    0xF4, 0x40, 0x9E, 0x01, 0x08, 0x3E, 0xF0, 0xA3, 0x93, 0x07, 0xEC, 0x19, 0x18, 0x5A, 0x99, 0x0A,
    0xD6, 0x33, 0x30, 0xFC, 0x63, 0x62, 0xF8, 0x1B, 0x75, 0x6C, 0x3E, 0x03, 0xC3, 0xC2, 0xFF, 0xFF,
    0x39, 0x80, 0x32, 0x0A, 0x40, 0x63, 0x00, 0x94, 0x90, 0x15, 0xC8, 0x78, 0x9C, 0x63, 0x60, 0x60,
    0x60, 0xF8, 0xC4, 0x0D, 0x24, 0x18, 0x3E, 0xF3, 0xA0, 0x90, 0x05, 0x67, 0xAC, 0x80, 0xE4, 0x9F,
    0xB9, 0xBF, 0x7F, 0xF0, 0x24, 0xEC, 0x67, 0x50, 0xF8, 0xC7, 0x73, 0xC0, 0x9F, 0x81, 0xE1, 0x07,
    0xCF, 0x07, 0x7E, 0x06, 0x86, 0x2F, 0x60, 0xF2, 0x33, 0xCF, 0x47, 0x30, 0x09, 0x11, 0x79, 0xA0,
    0xCF, 0xC0, 0xF0, 0x9D, 0x67, 0x42, 0x3F, 0x03, 0xC3, 0x5F, 0x1E, 0x85, 0xFF, 0x1E, 0xC7, 0x7E,
    0xF3, 0x30, 0x3C, 0xF9, 0x3F, 0xFF, 0x23, 0xD0, 0x34, 0x25, 0xA0, 0x79, 0x00, 0x31, 0x40, 0x21,
    0x6E, 0x78, 0x9C, 0x63, 0x30, 0x38, 0xB9, 0x97, 0x95, 0x81, 0xE1, 0xFB, 0xFE, 0x57, 0xFB, 0x19,
    0x0C, 0xEE, 0x33, 0x31, 0xFC, 0x66, 0x5F, 0x10, 0xCF, 0xC0, 0xF0, 0x91, 0xEF, 0x81, 0x3C, 0x03,
    0xC3, 0x05, 0xF9, 0x0F, 0xEF, 0xDF, 0xBD, 0xFB, 0x67, 0xFF, 0x61, 0xFE, 0xCC, 0x99, 0x33, 0x35,
    0x3F, 0x00, 0x45, 0x18, 0x18, 0x0E, 0xF8, 0x83, 0xC8, 0x84, 0xFD, 0x0C, 0x0C, 0x0F, 0x39, 0x18,
    0xFE, 0x44, 0x97, 0xFC, 0x63, 0x65, 0x98, 0xF8, 0xFF, 0xBF, 0x2F, 0x50, 0x4C, 0x41, 0x88, 0x81,
    0x01, 0x00, 0xF3, 0x1E, 0x1D, 0x97, 0x78, 0x9C, 0x63, 0x58, 0xF4, 0x8E, 0x91, 0xE1, 0xCF, 0x1A,
    0x46, 0x86, 0xFF, 0x0C, 0x0C, 0x0C, 0xEF, 0x19, 0x18, 0x96, 0xFD, 0x5F, 0xC5, 0x78, 0xE2, 0xFF,
    0x19, 0x46, 0x01, 0x20, 0x9B, 0x18, 0x0C, 0x00, 0xD7, 0x16, 0x14, 0x03, 0x78, 0x9C, 0x63, 0x28,
    0x38, 0xAD, 0xB9, 0x80, 0x9D, 0xE1, 0xCF, 0xBA, 0x3F, 0x5F, 0x79, 0x0A, 0xCE, 0x33, 0x24, 0xFC,
    0xE7, 0x39, 0xE0, 0xCF, 0xC0, 0xF0, 0x87, 0xE7, 0x03, 0x3F, 0x03, 0xC3, 0x37, 0x30, 0xF9, 0x85,
    0xE7, 0x23, 0x1F, 0x03, 0xC3, 0x67, 0x30, 0xFB, 0x2B, 0xCF, 0x03, 0x7D, 0x06, 0x86, 0x9F, 0x3C,
    0x13, 0xFA, 0x19, 0x14, 0xFE, 0xF3, 0x28, 0xFC, 0x8F, 0x7C, 0xFE, 0x83, 0x87, 0xE1, 0xCA, 0xFF,
    0xD8, 0x4F, 0xDC, 0x0C, 0x40, 0xF0, 0x85, 0x5B, 0xC1, 0x9D, 0x81, 0xE1, 0x07, 0x87, 0xC1, 0x7B,
    0xE6, 0x80, 0xFF, 0x4C, 0x0C, 0xDF, 0xFF, 0xFF, 0x8F, 0x67, 0x60, 0x10, 0x68, 0xCB, 0x60, 0x64,
    0x00, 0x00, 0x13, 0x6A, 0x26, 0x8C, 0x78, 0x9C, 0xFB, 0xCE, 0xC6, 0xC0, 0xC0, 0xF0, 0x9D, 0x1D,
    0x95, 0x10, 0x3F, 0x31, 0x87, 0xE9, 0xFB, 0x8B, 0xBD, 0x7F, 0xF5, 0xBF, 0xD7, 0x33, 0x2C, 0x98,
    0xFF, 0x9D, 0x87, 0xC1, 0xE1, 0xFC, 0x77, 0x0E, 0x06, 0x85, 0xF3, 0x40, 0x59, 0x85, 0xFB, 0xF8,
    0x09, 0x00, 0x99, 0xC1, 0x1E, 0xD4, 0x78, 0x9C, 0xFB, 0xCE, 0xF6, 0x9C, 0x95, 0x01, 0x08, 0x96,
    0xB2, 0xFC, 0x60, 0xC3, 0x06, 0x01, 0xCD, 0xE7, 0x0D, 0x7D, 0x78, 0x9C, 0x63, 0xF8, 0xCE, 0xC6,
    0xF0, 0x9C, 0x95, 0x01, 0x02, 0x96, 0xB2, 0x30, 0xFC, 0x60, 0x23, 0x0A, 0xFD, 0x61, 0xF9, 0x71,
    0x9F, 0xA1, 0x45, 0x9C, 0x01, 0x00, 0x1E, 0x9B, 0x12, 0xEB, 0x78, 0x9C, 0xFB, 0xCE, 0xC6, 0x00,
    0x04, 0x3F, 0xB0, 0x91, 0x05, 0x5E, 0x20, 0xF2, 0x07, 0x37, 0x90, 0x4C, 0xD8, 0x0F, 0x12, 0xF9,
    0xCA, 0x03, 0x24, 0xCD, 0xEE, 0x33, 0x02, 0xC9, 0x97, 0xFE, 0x20, 0x35, 0xEF, 0xEF, 0x83, 0x48,
    0x99, 0x9F, 0x5C, 0x20, 0xD9, 0x03, 0xF9, 0x20, 0x52, 0xE1, 0x3F, 0x13, 0x48, 0xD7, 0x57, 0x5E,
    0x10, 0x39, 0x61, 0x3D, 0x03, 0x00, 0x04, 0x42, 0x1D, 0x71, 0x78, 0x9C, 0xFB, 0xCE, 0xF6, 0x03,
    0x2F, 0x04, 0x00, 0x0D, 0x8F, 0x0F, 0xE0, 0x78, 0x9C, 0x5B, 0xAA, 0x7C, 0xB2, 0x86, 0x61, 0xCB,
    0x1A, 0x96, 0xEF, 0xCF, 0xF7, 0xFC, 0xCF, 0xD8, 0xFF, 0xC7, 0xFF, 0x7B, 0x3C, 0xC3, 0xA7, 0xFB,
    0x4C, 0x05, 0xEB, 0xBF, 0xF3, 0x30, 0x5C, 0xA8, 0x67, 0x10, 0xB8, 0xFF, 0x9D, 0x83, 0xE1, 0x80,
    0x3D, 0x03, 0xC3, 0xFD, 0xEF, 0xEC, 0x0C, 0x07, 0xF4, 0x19, 0x18, 0xDE, 0x93, 0x4A, 0x03, 0x00,
    0x54, 0xA9, 0x27, 0xE7, 0x78, 0x9C, 0x5B, 0x2A, 0x7C, 0x62, 0x2D, 0xF3, 0xF7, 0x67, 0x7B, 0xFF,
    0xEA, 0x7F, 0xAF, 0x67, 0x58, 0x30, 0xFF, 0x3B, 0x0F, 0x83, 0xC3, 0xF9, 0xEF, 0x1C, 0x0C, 0x0A,
    0xE7, 0xBF, 0xB3, 0x33, 0x28, 0xDC, 0xC7, 0x4F, 0x00, 0x00, 0x69, 0xBE, 0x1A, 0x97, 0x78, 0x9C,
    0x63, 0x70, 0x38, 0xB5, 0x97, 0x8D, 0x81, 0xE1, 0xE7, 0xBA, 0x5B, 0xE7, 0x19, 0x1D, 0xEE, 0x33,
    0x32, 0xFC, 0xE4, 0xDC, 0x10, 0xCF, 0xC0, 0xF0, 0x91, 0xFF, 0x83, 0x3C, 0x03, 0xC3, 0x05, 0xFD,
    0x0F, 0xFC, 0x0C, 0x0C, 0x1B, 0xFC, 0x11, 0xE4, 0x01, 0xFB, 0x03, 0xF6, 0x0C, 0x0C, 0x1F, 0xF8,
    0x0B, 0xD6, 0x33, 0x30, 0x7C, 0xE3, 0x66, 0xF8, 0xEB, 0xD5, 0xF2, 0x9F, 0x89, 0x61, 0xE1, 0xFF,
    0xFF, 0xDA, 0x0C, 0x0C, 0x0C, 0x0A, 0xC2, 0x0C, 0x0C, 0x00, 0x73, 0xF3, 0x1B, 0x3F, 0x78, 0x9C,
    0x5B, 0xAA, 0x7C, 0x72, 0x0E, 0x13, 0xC3, 0x8F, 0xE7, 0x7B, 0xFF, 0xEA, 0x33, 0xFC, 0xA8, 0x67,
    0x98, 0xB0, 0x9F, 0xE1, 0x07, 0x2F, 0x83, 0xC0, 0x7F, 0x86, 0x1F, 0x9C, 0x0C, 0x0C, 0x7F, 0x99,
    0x7F, 0xB0, 0x33, 0x30, 0xFC, 0x66, 0xF9, 0xC1, 0x06, 0x26, 0x81, 0xEC, 0x3F, 0xCC, 0x3F, 0xB8,
    0x18, 0x18, 0xFE, 0x31, 0xFE, 0x90, 0x67, 0x70, 0x38, 0xCF, 0xF0, 0xE3, 0x8E, 0xE9, 0xB3, 0x78,
    0x86, 0x1F, 0x65, 0xFF, 0xFF, 0xB3, 0x31, 0xFC, 0x60, 0x53, 0x60, 0x62, 0x60, 0x00, 0xA9, 0x44,
    0x25, 0xA7, 0x30, 0x83, 0x48, 0x00, 0x17, 0xA4, 0x22, 0x64, 0x78, 0x9C, 0x63, 0x28, 0x38, 0xE3,
    0x75, 0x80, 0x93, 0xE1, 0xCF, 0xDC, 0xDF, 0xDF, 0x79, 0x12, 0xF6, 0x33, 0x28, 0xFC, 0xE3, 0x39,
    0xE0, 0xCF, 0xC0, 0xF0, 0x83, 0xE7, 0x83, 0x3C, 0x03, 0xC3, 0x17, 0x9E, 0x0F, 0xFC, 0x0C, 0x0C,
    0x9F, 0x79, 0x3E, 0x82, 0x49, 0x10, 0xFB, 0x0B, 0xCF, 0x03, 0x7D, 0x06, 0x86, 0xEF, 0x3C, 0x13,
    0xFA, 0x19, 0x18, 0xFE, 0xF1, 0x28, 0xFC, 0xF7, 0xB8, 0xF6, 0x9B, 0x87, 0xE1, 0xC9, 0xFF, 0xF9,
    0x9F, 0x79, 0x18, 0x18, 0x94, 0x18, 0x41, 0x24, 0x48, 0x25, 0x3A, 0x39, 0x91, 0x0D, 0x00, 0xD0,
    0x14, 0x22, 0x04, 0x78, 0x9C, 0x5B, 0xEA, 0x74, 0xFA, 0xFB, 0xF7, 0xFF, 0xDF, 0x7B, 0x19, 0xBE,
    0xF3, 0x31, 0x7C, 0xE7, 0x64, 0xF8, 0xCE, 0x8E, 0x05, 0x01, 0x00, 0x4C, 0x7D, 0x0F, 0x1B, 0x78,
    0x9C, 0x63, 0x68, 0x3A, 0xDD, 0xCD, 0xC4, 0xE0, 0xF0, 0x7F, 0xCD, 0x1F, 0x7B, 0x86, 0x03, 0xF6,
    0x0C, 0x06, 0xE7, 0x19, 0x1E, 0xF0, 0x33, 0x30, 0x08, 0x31, 0x6C, 0x58, 0xCF, 0xCC, 0xC0, 0xC0,
    0x20, 0xF0, 0xE7, 0x7D, 0x14, 0x90, 0x72, 0x78, 0xF9, 0xDF, 0x0E, 0x48, 0x31, 0x4C, 0x7A, 0x0F,
    0x22, 0x19, 0xFE, 0x30, 0x3D, 0xE2, 0x64, 0x60, 0xF8, 0xCB, 0x78, 0x60, 0xBD, 0xEB, 0xD6, 0xFD,
    0x0C, 0x02, 0xBF, 0xFE, 0xBF, 0xE7, 0x00, 0x8A, 0x1A, 0x31, 0x32, 0x30, 0x00, 0x00, 0xFF, 0x4D,
    0x18, 0xE0, 0x78, 0x9C, 0x63, 0x50, 0x62, 0x60, 0x98, 0xCB, 0x20, 0x30, 0x9F, 0x61, 0xDB, 0xFD,
    0xAA, 0x1B, 0xEF, 0xE7, 0x04, 0xCC, 0x67, 0xC0, 0x82, 0xD6, 0x33, 0x18, 0xFC, 0x4F, 0x63, 0xF8,
    0xF5, 0x9E, 0x41, 0x80, 0x09, 0x00, 0x98, 0xC1, 0x10, 0xF9, 0x78, 0x9C, 0x5B, 0xCA, 0xCC, 0xA0,
    0x50, 0xF5, 0x93, 0x8D, 0xC1, 0x60, 0x3F, 0x3E, 0xC2, 0x61, 0xFF, 0x0F, 0x36, 0x86, 0x84, 0xFD,
    0xDF, 0x39, 0x19, 0x2E, 0xEC, 0xFF, 0xD4, 0x9F, 0x3A, 0x77, 0x7F, 0xC2, 0xFF, 0xFF, 0x12, 0xFB,
    0x19, 0x14, 0x98, 0x18, 0x18, 0x00, 0x3B, 0xE4, 0x1A, 0x1A, 0x78, 0x9C, 0x5B, 0xC1, 0xC4, 0xC0,
    0xB0, 0x88, 0xE3, 0x07, 0x07, 0x03, 0xC3, 0x0F, 0x8E, 0x4F, 0xBC, 0x0C, 0x0C, 0x7F, 0x99, 0x0E,
    0xD8, 0x33, 0x18, 0x9C, 0x67, 0x48, 0xE8, 0x67, 0x98, 0x90, 0xCF, 0x20, 0x70, 0x9F, 0xE1, 0x01,
    0x3F, 0x03, 0xC3, 0x6F, 0xE6, 0x2F, 0x5C, 0x0C, 0x0C, 0x5F, 0x39, 0x7E, 0xB2, 0x30, 0x30, 0x7C,
    0xE0, 0x7D, 0xC7, 0xC0, 0x00, 0x94, 0xEB, 0x07, 0x92, 0x06, 0xEF, 0xF5, 0x81, 0x24, 0xC3, 0x3F,
    0x1E, 0x06, 0x06, 0x00, 0x2A, 0xA4, 0x14, 0xE4, 0x78, 0x9C, 0x01, 0x6C, 0x00, 0x93, 0xFF, 0x90,
    0x09, 0x00, 0x10, 0x9A, 0x00, 0x00, 0x90, 0x08, 0xB0, 0x2F, 0x00, 0x60, 0xFF, 0x04, 0x00, 0xF3,
    0x09, 0x70, 0x6F, 0x00, 0xA0, 0xED, 0x08, 0x00, 0xF8, 0x05, 0x20, 0xAF, 0x00, 0xE0, 0xBA, 0x0C,
    0x00, 0xFC, 0x00, 0x00, 0xEE, 0x00, 0xF2, 0x76, 0x0F, 0x00, 0xCF, 0x00, 0x00, 0xF9, 0x02, 0xF7,
    0x31, 0x4F, 0x40, 0x7F, 0x00, 0x00, 0xF5, 0x06, 0xDB, 0x00, 0x8F, 0x80, 0x2F, 0x00, 0x00, 0xF0,
    0x0A, 0x9F, 0x00, 0xCB, 0xC0, 0x0E, 0x00, 0x00, 0xC0, 0x3E, 0x5F, 0x00, 0xF8, 0xF2, 0x09, 0x00,
    0x00, 0x70, 0x9F, 0x1F, 0x00, 0xF4, 0xF9, 0x05, 0x00, 0x00, 0x30, 0xFF, 0x0D, 0x00, 0xF0, 0xFF,
    0x00, 0x00, 0x00, 0x00, 0xFE, 0x09, 0x00, 0xC0, 0xCF, 0x00, 0x00, 0xCC, 0x0E, 0x24, 0xD8, 0x78,
    0x9C, 0x5B, 0xCC, 0xCE, 0xC0, 0xB0, 0x82, 0xE9, 0x80, 0x3F, 0x43, 0xC0, 0x7E, 0x06, 0x85, 0xF7,
    0x0C, 0x0F, 0xE5, 0x18, 0x18, 0xBE, 0x71, 0xFE, 0x62, 0x65, 0x60, 0x58, 0x50, 0xBF, 0x9E, 0x81,
    0x81, 0x41, 0xE0, 0x1F, 0x2F, 0x90, 0x64, 0x00, 0x93, 0x0B, 0xE6, 0xCF, 0x07, 0x92, 0x5F, 0xB9,
    0x80, 0xB2, 0x02, 0xEF, 0x18, 0x81, 0x2A, 0x37, 0xC4, 0x33, 0x24, 0xEC, 0x67, 0xF8, 0xC6, 0xC5,
    0xC0, 0xF0, 0x9B, 0x0D, 0x00, 0x03, 0xC4, 0x15, 0x7C, 0x78, 0x9C, 0x5B, 0xC1, 0xC4, 0xC0, 0xB0,
    0x90, 0xE3, 0x07, 0x07, 0x03, 0xC3, 0x77, 0x8E, 0x8F, 0x7C, 0x0C, 0x0C, 0x7F, 0x99, 0x36, 0xF8,
    0x33, 0x28, 0x9C, 0x67, 0x08, 0x58, 0xCF, 0xD0, 0x10, 0xCF, 0xC0, 0xF0, 0x8F, 0xF1, 0x02, 0x3F,
    0x03, 0xC3, 0x0F, 0xF6, 0x4F, 0x9C, 0x0C, 0x0C, 0x9F, 0x78, 0x7F, 0x30, 0x33, 0x30, 0x6C, 0xD0,
    0xBF, 0xC7, 0xC0, 0xC0, 0x10, 0xB0, 0xBF, 0x1E, 0x48, 0x32, 0xFC, 0x93, 0x07, 0x91, 0x3F, 0xB8,
    0xC0, 0x24, 0x0B, 0x90, 0x10, 0xB8, 0x0F, 0x62, 0x1E, 0xF2, 0x07, 0x12, 0x5F, 0xFE, 0xB3, 0x03,
    0xC9, 0x26, 0x0B, 0x90, 0x00, 0x00, 0xDC, 0xD4, 0x1A, 0x09, 0x78, 0x9C, 0x2B, 0x58, 0xB5, 0x6A,
    0x55, 0xD6, 0x82, 0x77, 0xEF, 0xFE, 0xAD, 0x67, 0x60, 0x60, 0xF8, 0x64, 0x0F, 0x24, 0xFE, 0xB0,
    0x31, 0x30, 0x4C, 0x00, 0xF1, 0xBE, 0xF2, 0x32, 0x30, 0x28, 0xFC, 0x67, 0x66, 0x60, 0x38, 0x90,
    0x0F, 0xE4, 0xFD, 0xE4, 0x62, 0x60, 0x08, 0xB8, 0x0F, 0x64, 0x7C, 0x58, 0xDF, 0xD1, 0x51, 0xF1,
    0xF1, 0xFF, 0xFF, 0xFF, 0xEF, 0x01, 0xBC, 0x5C, 0x17, 0xFD, 0x78, 0x9C, 0x63, 0x30, 0x78, 0xCD,
    0xC7, 0xF0, 0x60, 0x3D, 0x1B, 0xC3, 0x67, 0x6E, 0x06, 0x86, 0xAF, 0x1C, 0x40, 0xCC, 0x8E, 0xC0,
    0xDF, 0x80, 0xF8, 0x17, 0x0B, 0xC3, 0x92, 0xF5, 0x40, 0x4A, 0x97, 0x81, 0xC1, 0xE1, 0x1D, 0x23,
    0x03, 0xC3, 0x0F, 0x36, 0x54, 0x35, 0x20, 0xFC, 0x05, 0xA8, 0xEF, 0x13, 0x2F, 0x03, 0xC3, 0x86,
    0xFF, 0x3C, 0x0C, 0x0C, 0xAD, 0x1C, 0x00, 0xD9, 0xFC, 0x16, 0x83, 0x78, 0x9C, 0xFB, 0xC0, 0xFD,
    0x81, 0x87, 0x18, 0xB8, 0x80, 0x1D, 0x00, 0xC5, 0x37, 0x14, 0x57, 0x78, 0x9C, 0x7B, 0x99, 0xCB,
    0xC0, 0xD0, 0xF2, 0x9F, 0x99, 0x81, 0xE1, 0x1B, 0x07, 0x03, 0xC3, 0x27, 0x4E, 0x20, 0xE6, 0x42,
    0xC5, 0x1F, 0xF8, 0x18, 0x18, 0x12, 0xCE, 0xB3, 0x31, 0x30, 0xFC, 0xE2, 0x67, 0xD8, 0x50, 0xCF,
    0xC8, 0xF0, 0x91, 0x07, 0x53, 0xCD, 0x67, 0xA0, 0xBE, 0x9F, 0xEC, 0x0C, 0x2F, 0xDE, 0x33, 0x32,
    0xB4, 0x8A, 0x33, 0x30, 0x00, 0x00, 0xDB, 0x7A, 0x16, 0x8F, 0x78, 0x9C, 0x13, 0x98, 0x9E, 0xC9,
    0xC8, 0xA0, 0xF0, 0xE1, 0xFE, 0xBF, 0xF3, 0x15, 0xB7, 0x0A, 0x18, 0x14, 0x8E, 0xFF, 0x8F, 0x65,
    0x00, 0x03, 0x00, 0x7F, 0xF8, 0x08, 0xD3, 0x78, 0x9C, 0x03, 0x00, 0x00, 0x00, 0x00, 0x01, 0x78,
    0x9C, 0x5B, 0xCC, 0xFE, 0x95, 0xBB, 0x99, 0x8D, 0x81, 0x21, 0x80, 0xE9, 0x13, 0xFB, 0x67, 0xF6,
    0xCF, 0x1C, 0x9F, 0x39, 0xBE, 0x70, 0x82, 0xE0, 0x57, 0xAE, 0xAF, 0x5C, 0xDF, 0xB8, 0x9A, 0x59,
    0x01, 0xCA, 0x70, 0x0C, 0xEC, 0x78, 0x9C, 0x63, 0x60, 0x50, 0x60, 0x00, 0x82, 0xCF, 0x8C, 0x0C,
    0x0C, 0x0A, 0x3F, 0xC4, 0x18, 0x18, 0x7E, 0xFD, 0xFF, 0xCF, 0x3E, 0x61, 0x3D, 0xD3, 0x13, 0xFF,
    0x8F, 0x7C, 0x0C, 0x01, 0xFB, 0xBF, 0x72, 0x31, 0x30, 0x30, 0x7E, 0xE7, 0x00, 0x2A, 0xF8, 0xC1,
    0x0E, 0x24, 0xC0, 0x2C, 0x90, 0x98, 0xF2, 0x47, 0x7E, 0x06, 0x87, 0xF3, 0x13, 0xF6, 0x33, 0x5E,
    0x8E, 0x67, 0xF8, 0xFD, 0xFF, 0x3F, 0x07, 0x83, 0xC1, 0x4F, 0x75, 0xA8, 0x29, 0x0C, 0x81, 0x0C,
    0x0C, 0x00, 0x31, 0x00, 0x19, 0x0A, 0x78, 0x9C, 0x63, 0x60, 0x50, 0x70, 0x65, 0x62, 0x60, 0x50,
    0xF8, 0xF3, 0x7F, 0x3F, 0x23, 0xC3, 0x85, 0xF5, 0x21, 0x7F, 0xB8, 0x19, 0x3E, 0xF3, 0x32, 0x4C,
    0x60, 0x61, 0xF8, 0xCA, 0xC9, 0x00, 0x04, 0xDF, 0x10, 0xA4, 0xC0, 0x37, 0x49, 0x41, 0x46, 0x86,
    0x6F, 0xFF, 0xFF, 0xFF, 0xE7, 0x67, 0x70, 0xFC, 0xE1, 0xE5, 0xC2, 0x02, 0x14, 0xE7, 0x00, 0xC9,
    0x7E, 0x67, 0x07, 0x91, 0xBF, 0x98, 0x19, 0x18, 0xC2, 0x1D, 0xD6, 0x33, 0x30, 0x04, 0xAC, 0xFF,
    0xBC, 0x7E, 0xD5, 0xAA, 0xDF, 0xF6, 0x5F, 0x80, 0x2A, 0xCF, 0xB3, 0x00, 0x00, 0x39, 0x52, 0x1F,
    0xDD, 0x78, 0x9C, 0x63, 0x60, 0x00, 0x81, 0x67, 0x5B, 0xFF, 0xC5, 0xCC, 0x61, 0x78, 0xFC, 0x7F,
    0xF5, 0xBF, 0x7C, 0x86, 0x07, 0x7A, 0x0C, 0x1B, 0xEC, 0x19, 0xBE, 0xB2, 0x31, 0x08, 0xAC, 0x67,
    0xF8, 0xCE, 0xC4, 0xC0, 0x70, 0x8E, 0xE1, 0x1B, 0x0B, 0x03, 0xC3, 0x7E, 0x86, 0x4F, 0x3C, 0x0C,
    0x0D, 0xF9, 0x0C, 0x17, 0xEE, 0xA7, 0xFF, 0xB6, 0x67, 0xF8, 0xF1, 0xEA, 0xFF, 0xFA, 0x73, 0x0C,
    0x0E, 0x0C, 0xCE, 0x8C, 0xC2, 0x0C, 0x00, 0x3F, 0x05, 0x18, 0xF5, 0x78, 0x9C, 0x53, 0x60, 0x62,
    0x60, 0x60, 0x50, 0x60, 0x5A, 0x50, 0x0F, 0xA4, 0x3E, 0xF3, 0x0A, 0xFC, 0x67, 0x64, 0x60, 0xF8,
    0xC3, 0xC2, 0xF0, 0x8D, 0x8B, 0x21, 0x61, 0x3D, 0x03, 0xC3, 0x05, 0x7B, 0x86, 0x07, 0xF2, 0x0C,
    0x0C, 0x06, 0xE7, 0x19, 0x7E, 0xB0, 0x03, 0xE5, 0x7F, 0xA9, 0xDE, 0x07, 0x92, 0x0C, 0x1F, 0xF7,
    0xF9, 0x03, 0xC9, 0x99, 0x37, 0xFF, 0xCF, 0x9F, 0xC9, 0xC8, 0xB0, 0x6B, 0xF7, 0xFF, 0xDD, 0xBB,
    0x41, 0x66, 0xFC, 0x05, 0xEA, 0x64, 0x58, 0xB9, 0xEA, 0xFF, 0xAA, 0x55, 0x8C, 0x0C, 0xA7, 0xCF,
    0xFC, 0x3F, 0x73, 0x06, 0x2E, 0x88, 0x42, 0x01, 0x00, 0x44, 0xCC, 0x21, 0xF0, 0x78, 0x9C, 0xFB,
    0xC0, 0xFD, 0x81, 0x07, 0x19, 0x26, 0xB0, 0x32, 0x80, 0xC1, 0x06, 0x0E, 0x54, 0xF1, 0x05, 0xEC,
    0x00, 0x70, 0x50, 0x10, 0x88, 0x78, 0x9C, 0x63, 0xD8, 0xF6, 0xAE, 0x87, 0x71, 0xC2, 0xF9, 0x8A,
    0x9F, 0x7A, 0x1F, 0x78, 0x18, 0x0C, 0xFA, 0x3F, 0x72, 0x33, 0x30, 0x30, 0x6C, 0x58, 0xCF, 0x04,
    0x24, 0x7F, 0xDD, 0xF7, 0x64, 0x50, 0x78, 0xBB, 0xEB, 0xBF, 0xCC, 0x03, 0x1E, 0x86, 0x86, 0xFD,
    0x5F, 0xD8, 0x18, 0x18, 0xFE, 0x7C, 0xE6, 0x62, 0x60, 0xB8, 0xBB, 0xE0, 0xBC, 0xDA, 0x62, 0x7F,
    0x86, 0xEB, 0xFF, 0xFF, 0xB3, 0x30, 0x30, 0x24, 0xFD, 0xD6, 0x03, 0xAA, 0x74, 0xD8, 0x1F, 0x08,
    0x24, 0xDF, 0xFE, 0x60, 0x67, 0x50, 0xD8, 0x7F, 0xF1, 0xFC, 0xCC, 0xDF, 0x76, 0x0C, 0xDB, 0xEF,
    0x76, 0x33, 0x02, 0x00, 0x89, 0x34, 0x24, 0xDF, 0x78, 0x9C, 0x13, 0x60, 0x10, 0x60, 0xF8, 0xC1,
    0xF2, 0x85, 0xFD, 0x39, 0xF3, 0x13, 0x36, 0x00, 0x14, 0x96, 0x03, 0xEC, 0x78, 0x9C, 0x63, 0x60,
    0x60, 0x08, 0x32, 0x65, 0x00, 0x81, 0xE7, 0xFB, 0x6E, 0xF7, 0x31, 0x32, 0x30, 0x1C, 0xB4, 0x66,
    0x60, 0x98, 0x64, 0xCB, 0xC0, 0xD0, 0xC3, 0x20, 0xC0, 0xC4, 0xF0, 0x94, 0x71, 0x02, 0x57, 0xC0,
    0xBF, 0xF7, 0xEC, 0x05, 0x3C, 0x1F, 0x19, 0xBF, 0x48, 0x04, 0xE4, 0x33, 0xF8, 0x2E, 0x63, 0xD8,
    0xC3, 0xC0, 0xA0, 0xCC, 0x30, 0xAD, 0x92, 0xA1, 0x1E, 0xA4, 0xE9, 0x70, 0x16, 0x43, 0x3E, 0x88,
    0xBE, 0x54, 0xC9, 0x50, 0x07, 0xA2, 0x8F, 0x6C, 0x65, 0xB8, 0xC5, 0xC0, 0x50, 0xC6, 0xD0, 0xFE,
    0x81, 0xE9, 0x93, 0x75, 0x51, 0x3C, 0x83, 0x5D, 0x01, 0x8F, 0xC2, 0xEF, 0xF3, 0xAC, 0x13, 0xB8,
    0x18, 0x56, 0x81, 0xA4, 0xAF, 0x33, 0x30, 0x4C, 0xC8, 0x65, 0x64, 0x38, 0x2A, 0x0D, 0x64, 0x6F,
    0x79, 0xFF, 0x2F, 0x07, 0x6C, 0xB1, 0x02, 0x13, 0x90, 0x00, 0x00, 0xB7, 0x5B, 0x23, 0xD3, 0x78,
    0x9C, 0x63, 0x08, 0x12, 0x65, 0x60, 0x68, 0x38, 0xFF, 0x87, 0x8D, 0xE1, 0x13, 0xFB, 0x02, 0x3E,
    0x06, 0x01, 0x86, 0x02, 0x79, 0x86, 0x82, 0x37, 0xFF, 0xE5, 0x19, 0xBE, 0x89, 0x03, 0x59, 0xAF,
    0x18, 0x36, 0xC8, 0x33, 0xFC, 0x30, 0xBB, 0x99, 0xCF, 0xB0, 0xF1, 0xBD, 0xC4, 0x6B, 0x26, 0x00,
    0x45, 0xC4, 0x0F, 0xE9, 0x78, 0x9C, 0x01, 0x3C, 0x00, 0xC3, 0xFF, 0x00, 0x00, 0x10, 0x00, 0x00,
    0x01, 0x00, 0x20, 0xEE, 0x01, 0xE2, 0x2E, 0x00, 0xD1, 0x3F, 0x10, 0xFD, 0x03, 0x00, 0xFC, 0x04,
    0xC0, 0x4F, 0x00, 0xB0, 0x5F, 0x00, 0xFB, 0x05, 0x00, 0xF1, 0x1E, 0x10, 0xEF, 0x01, 0x00, 0x40,
    0xCF, 0x00, 0xF4, 0x0C, 0x00, 0x00, 0xF5, 0x0B, 0x50, 0xCF, 0x00, 0x00, 0x60, 0xAF, 0x00, 0xF6,
    0x0B, 0x00, 0x00, 0x75, 0x02, 0x50, 0x27, 0x08, 0x45, 0x11, 0xAA, 0x78, 0x9C, 0x13, 0x14, 0x04,
    0x02, 0xC6, 0x7F, 0xFF, 0x81, 0x80, 0xA7, 0xAC, 0xBC, 0xBC, 0xFC, 0x39, 0x0F, 0x03, 0x10, 0x1C,
    0xC0, 0x41, 0x32, 0x30, 0x00, 0x00, 0x6C, 0xD0, 0x0B, 0x5B, 0x78, 0x9C, 0xDB, 0xB0, 0x7B, 0x37,
    0xF3, 0x87, 0xFF, 0xFF, 0x59, 0x19, 0x80, 0x00, 0x00, 0x2C, 0x4A, 0x05, 0x1D, 0x78, 0x9C, 0x63,
    0x60, 0x60, 0x08, 0x32, 0x65, 0x00, 0x81, 0xE7, 0xFB, 0x6E, 0xF7, 0x31, 0x32, 0x30, 0x1C, 0xB4,
    0x66, 0x60, 0x98, 0x64, 0xCB, 0xC0, 0xD0, 0x03, 0x12, 0x7B, 0xCA, 0x38, 0x81, 0xEB, 0xC3, 0xFF,
    0xFB, 0x6C, 0x05, 0x3C, 0x1F, 0x19, 0x3F, 0xB0, 0x25, 0xD8, 0x33, 0xF8, 0x2E, 0x63, 0xF8, 0xC0,
    0xC6, 0x90, 0xC7, 0x30, 0xAD, 0x12, 0x48, 0x1B, 0xF8, 0x33, 0x1C, 0xCE, 0x62, 0xF8, 0x70, 0xF6,
    0x0F, 0x27, 0xC3, 0x25, 0x20, 0xDF, 0x63, 0x0F, 0x03, 0xC3, 0x91, 0xAD, 0x40, 0xF1, 0x4F, 0x2C,
    0x0C, 0xED, 0x1F, 0x98, 0x3E, 0xB0, 0x4D, 0xE0, 0x63, 0xB0, 0x2B, 0xE0, 0xB9, 0xC0, 0xCA, 0x50,
    0x3B, 0x81, 0x8B, 0x61, 0x15, 0xC8, 0xBC, 0xEB, 0x0C, 0x0C, 0x13, 0x72, 0x19, 0x19, 0x8E, 0x4A,
    0x03, 0xD9, 0x5B, 0xDE, 0xFF, 0xCB, 0x01, 0x5B, 0xAC, 0xC0, 0x04, 0x24, 0x00, 0x3C, 0x21, 0x28,
    0xF4, 0x78, 0x9C, 0x9B, 0x38, 0x13, 0x04, 0x2C, 0x13, 0xD3, 0x40, 0x40, 0x0D, 0x00, 0x35, 0x68,
    0x06, 0x4D, 0x78, 0x9C, 0x63, 0x08, 0x66, 0x62, 0x58, 0x70, 0xBF, 0x9E, 0xE1, 0x19, 0xE3, 0x67,
    0xE6, 0x2E, 0x86, 0x0D, 0xEC, 0x3B, 0x18, 0x1E, 0xB0, 0x3E, 0xCC, 0xBA, 0xC3, 0xA0, 0xB0, 0x53,
    0x82, 0x01, 0x00, 0x90, 0x71, 0x0A, 0x27, 0x78, 0x9C, 0x63, 0x60, 0x10, 0x60, 0x64, 0x00, 0x82,
    0x03, 0xBC, 0xD8, 0xC8, 0x2B, 0x77, 0xFF, 0xDE, 0xBF, 0x1B, 0xBB, 0x79, 0xF7, 0xEB, 0xFD, 0xBB,
    0xBD, 0xB1, 0xA9, 0xD9, 0xC0, 0xC3, 0x00, 0x05, 0x93, 0x66, 0x02, 0x81, 0xE5, 0x97, 0xFF, 0x40,
    0x90, 0x0F, 0x00, 0x24, 0xE3, 0x17, 0xDC, 0x78, 0x9C, 0x63, 0x30, 0x60, 0x62, 0x48, 0x78, 0x7F,
    0x9F, 0xF1, 0x33, 0xDB, 0x43, 0xCE, 0x20, 0x86, 0x03, 0xDC, 0x0C, 0x0C, 0x9F, 0xD9, 0x18, 0x1C,
    0xD6, 0x31, 0x30, 0x7C, 0x67, 0x67, 0x98, 0xE0, 0xCF, 0xC0, 0xF0, 0xD5, 0xC3, 0x85, 0xF9, 0xC7,
    0xFF, 0xFF, 0xBC, 0x00, 0xFF, 0x43, 0x0D, 0xAD, 0x78, 0x9C, 0x63, 0x30, 0x64, 0x62, 0x68, 0x78,
    0x7F, 0x9E, 0xF1, 0x0B, 0xEB, 0x27, 0x0E, 0x47, 0x86, 0x0B, 0x9C, 0x0C, 0x8E, 0x2F, 0x99, 0x18,
    0x1E, 0xF7, 0x33, 0x30, 0x30, 0x5C, 0xE4, 0x4A, 0x61, 0x98, 0xC0, 0xFB, 0x4D, 0xF4, 0x31, 0x57,
    0xC3, 0xBF, 0xF5, 0x8C, 0x40, 0x01, 0x06, 0x00, 0x48, 0x05, 0x0E, 0x20, 0x78, 0x9C, 0x63, 0x30,
    0x10, 0x66, 0xF8, 0x26, 0x63, 0xB0, 0x9E, 0xE1, 0x02, 0x3B, 0x83, 0x00, 0x03, 0x03, 0x00, 0x1B,
    0xAB, 0x03, 0x1C, 0x78, 0x9C, 0x5B, 0xCA, 0xC2, 0x20, 0x50, 0xC5, 0xF0, 0x83, 0x9D, 0xC1, 0xE0,
    0x3C, 0x71, 0x24, 0x07, 0x43, 0x02, 0x90, 0xE4, 0x61, 0xB8, 0x00, 0x24, 0xD7, 0xA7, 0xAE, 0xF9,
    0x2F, 0xFA, 0xE3, 0xCF, 0x7F, 0xAE, 0x9F, 0xFA, 0x3F, 0xD8, 0x85, 0x18, 0x14, 0x98, 0x80, 0x6A,
    0x80, 0x00, 0x99, 0x9C, 0xC2, 0x0C, 0x22, 0x01, 0x09, 0xBE, 0x20, 0xB0, 0x78, 0x9C, 0x63, 0x60,
    0x50, 0x54, 0x52, 0x62, 0x64, 0xF8, 0xF1, 0xFF, 0xFF, 0x7F, 0xDE, 0x86, 0xFF, 0xFF, 0x19, 0xBA,
    0x19, 0x3E, 0x80, 0xC9, 0x8F, 0x48, 0xE4, 0x01, 0x30, 0x69, 0xF0, 0x0F, 0x44, 0x32, 0x04, 0xFC,
    0x04, 0x91, 0x0C, 0x5F, 0xC8, 0x22, 0x2F, 0x33, 0x64, 0x32, 0x00, 0x00, 0x91, 0x32, 0x28, 0x67,
    0x78, 0x9C, 0x53, 0x60, 0xFC, 0xC6, 0xFD, 0x8D, 0xDB, 0x90, 0x09, 0x00, 0x0B, 0x67, 0x02, 0x57,
    0x78, 0x9C, 0xDB, 0xC0, 0xC6, 0xF0, 0xB1, 0x8F, 0x81, 0xE1, 0x1B, 0x53, 0xCA, 0x6B, 0x86, 0xE5,
    0x1A, 0x0C, 0x00, 0x2D, 0x0B, 0x05, 0x4C, 0x78, 0x9C, 0x63, 0x50, 0x60, 0x64, 0x10, 0xF8, 0xC5,
    0xC1, 0xF0, 0xE0, 0x25, 0x07, 0x83, 0xC3, 0x03, 0x0E, 0x06, 0x06, 0x34, 0x6C, 0xF0, 0xD8, 0x8A,
    0xE9, 0xD3, 0xFF, 0xFF, 0x3C, 0x00, 0xD2, 0xAD, 0x0C, 0x18, 0x78, 0x9C, 0x63, 0x08, 0x54, 0x65,
    0x28, 0xB8, 0xFF, 0x97, 0xF3, 0x33, 0x7B, 0x42, 0xFC, 0x0F, 0x06, 0x86, 0xF5, 0xBF, 0x18, 0x18,
    0xF6, 0xFE, 0x64, 0x60, 0x58, 0xF7, 0x9D, 0x49, 0xA0, 0xFF, 0xA1, 0xCD, 0x66, 0x79, 0x83, 0xDF,
    0xE7, 0x99, 0x01, 0x08, 0x66, 0x0F, 0x0E, 0x78, 0x9C, 0x01, 0x3C, 0x00, 0xC3, 0xFF, 0x10, 0x01,
    0x00, 0x11, 0x00, 0x00, 0xC0, 0x4F, 0x00, 0xFC, 0x04, 0x00, 0x10, 0xFD, 0x03, 0xD1, 0x3F, 0x00,
    0x00, 0xE2, 0x2E, 0x10, 0xEE, 0x02, 0x00, 0x30, 0xDF, 0x01, 0xF2, 0x1E, 0x00, 0x00, 0xFC, 0x03,
    0xB0, 0x4F, 0x00, 0xA0, 0x7F, 0x00, 0xF9, 0x07, 0x00, 0xF9, 0x08, 0x80, 0x8F, 0x00, 0x70, 0x9F,
    0x00, 0xF7, 0x09, 0x00, 0x70, 0x07, 0x00, 0x77, 0x00, 0x00, 0x09, 0x6E, 0x11, 0xAC, 0x78, 0x9C,
    0x63, 0x50, 0x60, 0x00, 0x02, 0x01, 0x46, 0x06, 0x83, 0xBF, 0x2C, 0x40, 0xC6, 0x67, 0x56, 0x86,
    0xC7, 0x3F, 0x40, 0x8C, 0xBD, 0x0C, 0x0C, 0x42, 0x9F, 0x80, 0x8C, 0x02, 0x79, 0x20, 0x07, 0xC4,
    0xF8, 0xC4, 0x0E, 0x65, 0xDC, 0x66, 0x80, 0x30, 0x02, 0xEC, 0x19, 0x14, 0xC1, 0x8C, 0x87, 0x9C,
    0x0C, 0x7F, 0x99, 0x0C, 0xBF, 0x9A, 0x31, 0xBE, 0x64, 0x98, 0xF0, 0x97, 0xE9, 0xDB, 0xFF, 0xFF,
    0x16, 0xF1, 0x0C, 0x5F, 0xBE, 0x32, 0x01, 0x55, 0x5D, 0xE0, 0x16, 0x88, 0xFB, 0x02, 0x62, 0x7C,
    0x67, 0x5A, 0xC0, 0x05, 0x62, 0x28, 0xD4, 0x33, 0x7C, 0x55, 0xFE, 0x06, 0x34, 0x64, 0x03, 0x2F,
    0xC3, 0xCF, 0xFF, 0xFF, 0xE3, 0x19, 0x18, 0xBE, 0x32, 0x03, 0xA5, 0xBF, 0x30, 0x33, 0x08, 0xCC,
    0x03, 0x19, 0xFB, 0x99, 0x09, 0x00, 0x04, 0x54, 0x27, 0x4C, 0x78, 0x9C, 0x63, 0x50, 0x60, 0x00,
    0x02, 0x01, 0x46, 0x06, 0x83, 0xBF, 0x2C, 0x40, 0xC6, 0x67, 0x56, 0x86, 0xC7, 0x3F, 0x40, 0x8C,
    0xBD, 0x0C, 0x0C, 0x42, 0x9F, 0x80, 0x8C, 0x02, 0x79, 0x20, 0x07, 0xC4, 0xF8, 0xC4, 0x0E, 0x65,
    0xDC, 0x66, 0x80, 0x30, 0x02, 0xEC, 0x05, 0x94, 0xC1, 0x8C, 0x87, 0x9C, 0x3F, 0xFE, 0x71, 0x1B,
    0x7E, 0x35, 0x63, 0x7C, 0x19, 0xE0, 0xAF, 0x50, 0xFF, 0xED, 0xFF, 0x7F, 0x8B, 0x78, 0x05, 0x56,
    0x86, 0x3E, 0xA0, 0xAA, 0x0B, 0xDC, 0x0C, 0x40, 0x65, 0x40, 0xC6, 0x77, 0x26, 0x06, 0x86, 0xAF,
    0x40, 0x03, 0x14, 0xEA, 0x19, 0x18, 0x26, 0xC4, 0x03, 0x05, 0x36, 0xF0, 0x32, 0x30, 0xBC, 0x06,
    0x0A, 0x32, 0x7C, 0x65, 0x66, 0x68, 0xA8, 0x77, 0x31, 0x61, 0x10, 0x98, 0xC7, 0xC0, 0xB0, 0xE0,
    0xFF, 0xFF, 0xFD, 0x00, 0x72, 0xDC, 0x24, 0xBA, 0x78, 0x9C, 0x63, 0x50, 0x10, 0x66, 0x60, 0x60,
    0x10, 0x60, 0x62, 0x50, 0xF8, 0xFB, 0x8F, 0x8D, 0x81, 0xE1, 0x21, 0x07, 0xC3, 0x01, 0x9E, 0x09,
    0xFC, 0x0C, 0x0C, 0xB7, 0x18, 0x18, 0x0C, 0x98, 0x02, 0xE4, 0x19, 0x1C, 0xFC, 0x81, 0xD2, 0x06,
    0x57, 0x39, 0x19, 0x2E, 0x70, 0x01, 0x19, 0x1B, 0xEE, 0xB3, 0x30, 0xFC, 0x60, 0x04, 0x32, 0x18,
    0x0A, 0xF4, 0x15, 0xF2, 0x19, 0x14, 0x19, 0x12, 0x98, 0x04, 0xE2, 0x0F, 0xF0, 0x30, 0xFC, 0x65,
    0x7A, 0xA0, 0xDD, 0xA8, 0xFF, 0x8D, 0x79, 0xC2, 0x5F, 0x26, 0x83, 0x3F, 0xEF, 0x45, 0xFB, 0x18,
    0xBE, 0x7C, 0x65, 0x02, 0x2A, 0x5A, 0xC0, 0x27, 0x10, 0xF7, 0x05, 0xC4, 0xF8, 0xC2, 0xBA, 0x80,
    0x0B, 0xCC, 0xD8, 0xCB, 0xF0, 0x55, 0xF9, 0x1B, 0x0B, 0x03, 0x43, 0x83, 0x3C, 0xC3, 0xCF, 0xFF,
    0xFF, 0xE3, 0x19, 0x18, 0x3E, 0xB1, 0x83, 0xA4, 0x99, 0x19, 0x18, 0xCE, 0x80, 0x4C, 0xFD, 0xCC,
    0x04, 0x00, 0x1C, 0x28, 0x27, 0x30, 0x78, 0x9C, 0x63, 0x60, 0x98, 0x20, 0xC5, 0x00, 0x04, 0x1F,
    0xF4, 0x41, 0x64, 0x83, 0x04, 0x03, 0x1C, 0x34, 0x70, 0x82, 0xC8, 0x4F, 0xBC, 0x40, 0x42, 0xE0,
    0x0F, 0x2B, 0x90, 0x7C, 0x9C, 0x0F, 0x24, 0x02, 0xDE, 0xB3, 0x00, 0xC9, 0x8F, 0x7A, 0x20, 0xB9,
    0xEF, 0xEC, 0x20, 0xF2, 0x27, 0x1B, 0x03, 0xC3, 0x21, 0xCE, 0xEF, 0x5C, 0x0C, 0x0C, 0x3F, 0xB8,
    0x3E, 0xF5, 0x33, 0x35, 0xFE, 0x67, 0x0E, 0xF8, 0xFF, 0xFF, 0x7F, 0x3C, 0x03, 0x43, 0xE1, 0xAE,
    0x2A, 0x46, 0x06, 0x00, 0x02, 0xC1, 0x15, 0xD2, 0x78, 0x9C, 0x63, 0x60, 0x10, 0x60, 0x64, 0x00,
    0x83, 0x83, 0xFD, 0x10, 0x9A, 0xE1, 0x3B, 0x3B, 0x84, 0x36, 0x90, 0x80, 0xD0, 0x8A, 0x10, 0x05,
    0x02, 0xFF, 0x79, 0xC0, 0x74, 0xC1, 0x7B, 0x7B, 0x30, 0x7D, 0x21, 0x7E, 0x3E, 0x98, 0xFE, 0xC2,
    0xF5, 0x0F, 0x4C, 0xFF, 0x62, 0xF9, 0xC1, 0x06, 0x52, 0xF6, 0x9E, 0xE1, 0x13, 0x48, 0x61, 0x41,
    0x3D, 0xC3, 0x01, 0x90, 0xC2, 0x07, 0xF2, 0x0C, 0x09, 0x20, 0x85, 0x5F, 0xB8, 0x81, 0x26, 0x00,
    0xE9, 0xDF, 0xFF, 0x81, 0x80, 0x8D, 0x41, 0xE1, 0xFD, 0xCC, 0x99, 0x33, 0x7F, 0xF2, 0x32, 0x34,
    0x80, 0x6C, 0xBD, 0x60, 0xCF, 0xF0, 0x40, 0x1F, 0xA4, 0x67, 0x3E, 0xC3, 0x57, 0x1E, 0xB0, 0x55,
    0x0C, 0x7F, 0x58, 0xC1, 0x66, 0xB2, 0x01, 0x00, 0xDE, 0xFB, 0x24, 0x6A, 0x78, 0x9C, 0x63, 0x60,
    0x60, 0x60, 0x10, 0x64, 0x00, 0x83, 0x80, 0xFB, 0x4C, 0x60, 0xFA, 0x2B, 0x27, 0x84, 0xEF, 0x01,
    0xA1, 0x18, 0x14, 0x19, 0xC1, 0x94, 0xC0, 0x7F, 0x1E, 0x30, 0x5D, 0xF0, 0xDE, 0x1E, 0x4C, 0x5F,
    0x88, 0x9F, 0x0F, 0xA6, 0xBF, 0x70, 0xFD, 0x03, 0xD3, 0xBF, 0x58, 0x7E, 0xB0, 0x81, 0x94, 0xBD,
    0x67, 0xF8, 0x04, 0x52, 0x58, 0x50, 0xCF, 0x70, 0x00, 0xA4, 0xF0, 0x81, 0x3C, 0x43, 0x02, 0x48,
    0xE1, 0x17, 0x6E, 0xA0, 0x09, 0x40, 0xFA, 0xF7, 0x7F, 0x20, 0x60, 0x63, 0x50, 0x78, 0x3F, 0x73,
    0xE6, 0xCC, 0x9F, 0xBC, 0x0C, 0x0D, 0xFD, 0x20, 0xA3, 0xEC, 0x19, 0x1E, 0xE8, 0x83, 0xF4, 0xCC,
    0x67, 0xF8, 0xCA, 0x03, 0xB6, 0x8A, 0xE1, 0x0F, 0x2B, 0xD8, 0x4C, 0x36, 0x00, 0xCB, 0x41, 0x24,
    0x4B, 0x78, 0x9C, 0x63, 0x60, 0x60, 0x30, 0x66, 0x62, 0x00, 0x81, 0x84, 0xFF, 0xF6, 0x60, 0xFA,
    0x9B, 0xE5, 0x1B, 0x90, 0x80, 0x80, 0x05, 0x43, 0x02, 0x3B, 0x58, 0x40, 0x91, 0x11, 0x4C, 0x09,
    0xFC, 0xE7, 0x01, 0xD3, 0x05, 0xEF, 0x21, 0xEA, 0x2E, 0xC4, 0xCF, 0x07, 0xD3, 0x5F, 0xB8, 0xFE,
    0x81, 0xE9, 0x5F, 0x2C, 0x3F, 0xD8, 0x40, 0xCA, 0xDE, 0x33, 0x7C, 0x02, 0x29, 0x2C, 0xA8, 0x67,
    0x38, 0x00, 0x52, 0xF8, 0x40, 0x9E, 0x21, 0x01, 0xA4, 0xF0, 0x0B, 0x37, 0xD0, 0x04, 0x20, 0xFD,
    0xFB, 0x3F, 0x10, 0xB0, 0x31, 0x28, 0xBC, 0x9F, 0x39, 0x73, 0xE6, 0x4F, 0x5E, 0x86, 0x86, 0x7E,
    0x90, 0x51, 0xF6, 0x0C, 0x0F, 0xF4, 0x41, 0x7A, 0xE6, 0x33, 0x7C, 0xE5, 0x01, 0x5B, 0xC5, 0xF0,
    0x87, 0x15, 0x6C, 0x26, 0x1B, 0x00, 0xF5, 0x77, 0x26, 0x62, 0x78, 0x9C, 0x63, 0x60, 0x70, 0x60,
    0x64, 0x60, 0x61, 0x00, 0x82, 0x3F, 0xEB, 0x8D, 0xF8, 0x81, 0x94, 0x43, 0xDC, 0x8F, 0xFF, 0xDC,
    0x20, 0x9A, 0x55, 0xA0, 0x9C, 0x01, 0x0C, 0x14, 0x19, 0xC1, 0x94, 0xC0, 0x7F, 0x1E, 0x30, 0x5D,
    0xF0, 0xDE, 0x1E, 0x4C, 0x5F, 0x88, 0x9F, 0x0F, 0xA6, 0xBF, 0x70, 0xFD, 0x03, 0xD3, 0xBF, 0x58,
    0x7E, 0xB0, 0x81, 0x94, 0xBD, 0x67, 0xF8, 0x04, 0x52, 0x58, 0x50, 0xCF, 0x70, 0x00, 0xA4, 0xF0,
    0x81, 0x3C, 0x43, 0x02, 0x48, 0xE1, 0x17, 0x6E, 0xA0, 0x09, 0x40, 0xFA, 0xF7, 0x7F, 0x20, 0x60,
    0x63, 0x50, 0x78, 0x3F, 0x73, 0xE6, 0xCC, 0x9F, 0xBC, 0x0C, 0x0D, 0xFD, 0x20, 0xA3, 0xEC, 0x19,
    0x1E, 0xE8, 0x83, 0xF4, 0xCC, 0x67, 0xF8, 0xCA, 0x03, 0xB6, 0x8A, 0xE1, 0x0F, 0x2B, 0xD8, 0x4C,
    0x36, 0x00, 0x84, 0xA0, 0x27, 0x60, 0x78, 0x9C, 0x63, 0x60, 0x48, 0x66, 0x4C, 0x62, 0x62, 0x00,
    0x82, 0x9F, 0x4C, 0xDF, 0xD8, 0x40, 0xF4, 0x54, 0xC6, 0xC9, 0xCC, 0x20, 0x9A, 0x41, 0x91, 0x11,
    0x4C, 0x09, 0xFC, 0xE7, 0x01, 0xD3, 0x05, 0xEF, 0xED, 0xC1, 0xF4, 0x85, 0xF8, 0xF9, 0x60, 0xFA,
    0x0B, 0xD7, 0x3F, 0x30, 0xFD, 0x8B, 0xE5, 0x07, 0x48, 0x9F, 0xC0, 0x7B, 0x86, 0x4F, 0x20, 0x85,
    0x05, 0xF5, 0x0C, 0x07, 0x40, 0x0A, 0x1F, 0xC8, 0x33, 0x24, 0x80, 0x14, 0x7E, 0xE1, 0x06, 0x9A,
    0x00, 0xA4, 0x7F, 0xFF, 0x07, 0x02, 0x36, 0x06, 0x85, 0xF7, 0x33, 0x67, 0xCE, 0xFC, 0xC9, 0xCB,
    0xD0, 0xD0, 0x0F, 0x32, 0xCA, 0x9E, 0xE1, 0x81, 0x3E, 0x48, 0xCF, 0x7C, 0x86, 0xAF, 0x3C, 0x60,
    0xAB, 0x18, 0xFE, 0xB0, 0x82, 0xCD, 0x64, 0x03, 0x00, 0x84, 0x44, 0x25, 0xAE, 0x78, 0x9C, 0x63,
    0x60, 0x60, 0xD8, 0xC1, 0xC6, 0x00, 0x02, 0x07, 0xAA, 0x6B, 0xC1, 0xF4, 0x27, 0x86, 0x27, 0x60,
    0xFA, 0xA3, 0xF2, 0x75, 0x30, 0x3D, 0xE1, 0xBF, 0x3F, 0x98, 0x2E, 0xF8, 0x6F, 0x0F, 0xA6, 0x2F,
    0xC4, 0xCF, 0x07, 0xD3, 0x5F, 0xB8, 0xFE, 0x81, 0xE9, 0x5F, 0x2C, 0x3F, 0x40, 0x06, 0x08, 0xBC,
    0x67, 0xF8, 0xC4, 0x03, 0x52, 0x56, 0xCF, 0x70, 0x00, 0xA4, 0xF0, 0x81, 0x3C, 0x43, 0x02, 0x48,
    0xE1, 0x17, 0x6E, 0x06, 0x81, 0xFF, 0x40, 0xFA, 0xF7, 0x7F, 0x20, 0x60, 0x63, 0x50, 0x78, 0x3F,
    0x73, 0xE6, 0xCC, 0x9F, 0xBC, 0x0C, 0x0D, 0xFD, 0x20, 0xA3, 0xEC, 0x19, 0x1E, 0xE8, 0x83, 0xF4,
    0xCC, 0x67, 0xF8, 0x0A, 0xD2, 0x0B, 0x54, 0xF8, 0x87, 0x15, 0x6C, 0x26, 0x1B, 0x00, 0xF3, 0xE7,
    0x28, 0xAB, 0x78, 0x9C, 0x63, 0x60, 0x60, 0x60, 0x50, 0x02, 0x03, 0x46, 0x20, 0x6B, 0xC3, 0x7F,
    0x30, 0xE0, 0x04, 0x32, 0x3F, 0xD5, 0xFC, 0xE9, 0xE9, 0xE8, 0xE8, 0x60, 0x05, 0x32, 0x7F, 0xB1,
    0xFC, 0x64, 0x67, 0x00, 0x03, 0x85, 0xFB, 0x0C, 0x30, 0xE6, 0x82, 0x78, 0x38, 0xF3, 0x13, 0x1F,
    0x9C, 0xF9, 0x93, 0x8D, 0xE1, 0xE7, 0x9C, 0x99, 0x33, 0x67, 0x32, 0x30, 0x08, 0xBC, 0x07, 0xF2,
    0x40, 0x86, 0x31, 0x30, 0x4C, 0xE8, 0x67, 0x80, 0x29, 0xF8, 0x08, 0x12, 0x81, 0x30, 0x7F, 0x00,
    0xD5, 0xFD, 0x05, 0x33, 0x05, 0xFE, 0x33, 0xC2, 0x14, 0x34, 0xCC, 0x67, 0x80, 0x31, 0x3F, 0xEA,
    0x83, 0x98, 0x6B, 0x57, 0xAD, 0x5A, 0xC5, 0xF5, 0x9D, 0x8B, 0x01, 0x6A, 0x98, 0x3C, 0x00, 0x48,
    0x4A, 0x38, 0x52, 0x78, 0x9C, 0x63, 0x60, 0x50, 0x08, 0x51, 0x66, 0x00, 0x82, 0x80, 0x3F, 0xFF,
    0xFF, 0xC7, 0x00, 0xE9, 0x5F, 0xEB, 0xC3, 0xB6, 0xFD, 0xE7, 0x64, 0x28, 0x78, 0xCF, 0xCC, 0xC0,
    0xF0, 0x38, 0x9E, 0xE1, 0xA3, 0x3D, 0x48, 0xAE, 0x96, 0xE1, 0x3B, 0x37, 0x03, 0x18, 0xFC, 0x66,
    0x83, 0xD0, 0x7F, 0x58, 0x20, 0xF4, 0x5F, 0x66, 0x54, 0xFE, 0x2F, 0x0E, 0x08, 0xFD, 0x95, 0x17,
    0x44, 0x8A, 0x31, 0x3C, 0xA8, 0x07, 0xE9, 0x3F, 0xCF, 0x10, 0xF0, 0x9F, 0x9D, 0x81, 0xE1, 0x1B,
    0xD0, 0xB0, 0x6F, 0xEF, 0x2B, 0x6F, 0xFE, 0x07, 0x2A, 0x36, 0xF8, 0xF5, 0xFF, 0xBF, 0x16, 0x44,
    0x29, 0x13, 0x44, 0xCB, 0x4F, 0x1D, 0x08, 0xCD, 0x30, 0x17, 0x4C, 0x0A, 0x94, 0xD5, 0x83, 0x69,
    0x85, 0x59, 0xAC, 0x40, 0x12, 0x00, 0x4A, 0x82, 0x24, 0xCB, 0x78, 0x9C, 0x63, 0x60, 0x10, 0x64,
    0x00, 0x01, 0x85, 0xBF, 0xAC, 0x60, 0x7A, 0x42, 0x3C, 0x98, 0x62, 0x68, 0x01, 0x89, 0x29, 0x81,
    0x00, 0xC3, 0xE7, 0xFF, 0x20, 0xC0, 0xF2, 0xB9, 0xAF, 0x03, 0x08, 0x98, 0x3E, 0xF3, 0x82, 0xE5,
    0xB1, 0x53, 0xF3, 0x67, 0xCE, 0x9C, 0x99, 0x09, 0xD1, 0xB0, 0x1E, 0x87, 0x12, 0x54, 0x6A, 0xFD,
    0x2A, 0x20, 0x60, 0x87, 0xD8, 0xC0, 0x0D, 0x00, 0xB2, 0x36, 0x29, 0xB4, 0x78, 0x9C, 0x63, 0x60,
    0x60, 0x60, 0x60, 0x64, 0x00, 0x81, 0xAF, 0xBA, 0x20, 0xD2, 0x61, 0x3E, 0x98, 0xD3, 0xC0, 0x02,
    0x24, 0x14, 0x94, 0x40, 0x80, 0xE1, 0xF3, 0x7F, 0x10, 0x60, 0xF9, 0xDC, 0xD7, 0x01, 0x04, 0x4C,
    0x9F, 0x79, 0xC1, 0x0A, 0xB0, 0x53, 0xF3, 0x67, 0xCE, 0x9C, 0x99, 0x09, 0xD1, 0xB0, 0x1E, 0x87,
    0x12, 0x54, 0x6A, 0xFD, 0x2A, 0x20, 0x60, 0x87, 0xD8, 0xC0, 0x0D, 0x00, 0xA0, 0xAA, 0x29, 0x94,
    0x78, 0x9C, 0x63, 0x60, 0x50, 0x30, 0x66, 0x00, 0x81, 0xCF, 0xFF, 0xD9, 0x80, 0xA4, 0xC1, 0xF9,
    0xC9, 0xF1, 0x40, 0xAA, 0x80, 0x95, 0xA1, 0x99, 0x81, 0x41, 0x41, 0x09, 0x04, 0x80, 0x32, 0x20,
    0xC0, 0xF2, 0xB9, 0xAF, 0x03, 0x08, 0x98, 0x3E, 0xF3, 0x42, 0x94, 0x63, 0xA5, 0xE6, 0xCF, 0x9C,
    0x39, 0x33, 0x13, 0xA2, 0x61, 0x3D, 0x0E, 0x25, 0xA8, 0xD4, 0xFA, 0x55, 0x40, 0xC0, 0x0E, 0xB1,
    0x81, 0x1B, 0x00, 0xF3, 0x2A, 0x2C, 0x42, 0x78, 0x9C, 0x63, 0x30, 0x10, 0x13, 0x30, 0x63, 0x60,
    0x60, 0x28, 0xF0, 0x37, 0xE8, 0x07, 0x52, 0x0E, 0x9A, 0x0A, 0x9E, 0x0C, 0x0C, 0x0A, 0x4A, 0x20,
    0xC0, 0xF0, 0xF9, 0x3F, 0x08, 0xB0, 0x7C, 0xEE, 0xEB, 0x00, 0x02, 0xA6, 0xCF, 0xBC, 0x0C, 0x20,
    0x80, 0x9D, 0x9A, 0x3F, 0x73, 0xE6, 0xCC, 0x4C, 0x88, 0x86, 0xF5, 0x38, 0x94, 0xA0, 0x52, 0xEB,
    0x57, 0x01, 0x01, 0x3B, 0xC4, 0x06, 0x6E, 0x00, 0xC4, 0x59, 0x29, 0xEA, 0x78, 0x9C, 0x13, 0x64,
    0x60, 0xF8, 0xC1, 0xC3, 0x60, 0x70, 0x96, 0x81, 0xA1, 0x81, 0x85, 0x41, 0x89, 0x81, 0xE1, 0x3F,
    0x23, 0xF1, 0x08, 0x00, 0xEB, 0xA3, 0x11, 0xB9, 0x78, 0x9C, 0x63, 0x10, 0x60, 0x64, 0xF8, 0xC5,
    0xB5, 0x20, 0x8E, 0xA1, 0x99, 0x91, 0x41, 0x81, 0x89, 0xE1, 0x83, 0x3C, 0x09, 0x08, 0x00, 0x0E,
    0x40, 0x12, 0x9B, 0x78, 0x9C, 0x63, 0x30, 0x10, 0x66, 0x60, 0xF8, 0x75, 0x9F, 0x71, 0x41, 0xFD,
    0x53, 0x9E, 0x66, 0x46, 0x06, 0x77, 0x06, 0x05, 0x26, 0x06, 0x86, 0x0F, 0xF2, 0x64, 0x63, 0x00,
    0x59, 0x07, 0x14, 0xFC, 0x78, 0x9C, 0x0B, 0x65, 0x48, 0x61, 0xB8, 0xC7, 0xF0, 0x9B, 0xB1, 0x82,
    0x61, 0x1A, 0x03, 0x83, 0x12, 0x03, 0x03, 0xC3, 0x7F, 0x46, 0xB2, 0x31, 0x00, 0xD9, 0xC0, 0x12,
    0xC4, 0x78, 0x9C, 0x63, 0x50, 0x52, 0x12, 0x62, 0x00, 0x02, 0x83, 0xFF, 0xFF, 0xFF, 0xDF, 0x97,
    0x00, 0xD2, 0xEF, 0x3B, 0x3A, 0x5E, 0xFD, 0x67, 0x65, 0x30, 0xB8, 0x0F, 0x14, 0xFC, 0x1E, 0x0F,
    0xA1, 0x03, 0xDE, 0x43, 0x68, 0x86, 0x3F, 0x6C, 0x10, 0xFA, 0x3B, 0xD7, 0x8A, 0xFF, 0x33, 0x67,
    0x32, 0x31, 0x7C, 0xE1, 0xF9, 0x0B, 0xD4, 0xC7, 0x0C, 0xA4, 0x21, 0xE2, 0x5F, 0xB9, 0x21, 0xF4,
    0x4F, 0x4E, 0x08, 0xFD, 0x8F, 0x19, 0x4C, 0x4F, 0x38, 0x0F, 0xD6, 0x2F, 0xF0, 0x4B, 0x1F, 0x68,
    0xCF, 0xAA, 0x55, 0x7F, 0xEE, 0x33, 0x83, 0xED, 0xDB, 0xC7, 0xC6, 0xC0, 0x00, 0x00, 0xFD, 0xAD,
    0x2D, 0x7C, 0x78, 0x9C, 0x63, 0x60, 0x70, 0x64, 0x60, 0x60, 0x61, 0x60, 0x50, 0xF8, 0x5F, 0x9F,
    0xC8, 0xC3, 0xC0, 0x30, 0x21, 0xFA, 0xD7, 0x7F, 0x36, 0x06, 0x86, 0x04, 0x26, 0x85, 0x70, 0xA0,
    0x18, 0x13, 0x03, 0x03, 0x83, 0x00, 0xD3, 0xE7, 0xF9, 0x40, 0xEA, 0x80, 0xFC, 0xE7, 0xFF, 0xCC,
    0x60, 0xEA, 0x0F, 0x2F, 0x98, 0x9A, 0x59, 0x0F, 0xA6, 0x24, 0xFF, 0x31, 0x81, 0x28, 0xAE, 0xAF,
    0xDC, 0x60, 0x6A, 0x43, 0x3C, 0x98, 0x52, 0x78, 0xCF, 0x08, 0xA2, 0x18, 0xBE, 0x73, 0x81, 0xA9,
    0x0B, 0xFE, 0x60, 0xCA, 0xE0, 0xFE, 0x06, 0x10, 0xC5, 0xF0, 0x73, 0x07, 0x98, 0x7A, 0x70, 0x1F,
    0x4C, 0x05, 0xFC, 0x07, 0x53, 0x0C, 0xBF, 0xE5, 0x01, 0xE3, 0xED, 0x2F, 0xCD, 0x78, 0x9C, 0x63,
    0x60, 0x10, 0x60, 0x64, 0x00, 0x83, 0x0D, 0xF3, 0x21, 0x34, 0xC3, 0x37, 0x4E, 0x08, 0xAD, 0xA0,
    0x01, 0xA6, 0x04, 0x82, 0x55, 0x40, 0x54, 0xC2, 0x9F, 0xFF, 0xFF, 0x73, 0x81, 0xF4, 0xAF, 0xF5,
    0x61, 0xD3, 0xFE, 0x73, 0x33, 0x34, 0xDC, 0x67, 0x62, 0x60, 0xB8, 0xB8, 0x9E, 0xE1, 0x93, 0x3E,
    0x48, 0xC9, 0x7F, 0x96, 0x1F, 0x60, 0x4D, 0x3F, 0x38, 0xFF, 0xB0, 0x82, 0xE8, 0xCF, 0x7C, 0x7F,
    0x99, 0x40, 0xF4, 0x47, 0xFE, 0x7F, 0x60, 0xFA, 0x03, 0xFF, 0x5F, 0x66, 0x08, 0xFF, 0x37, 0x1B,
    0x88, 0xFE, 0xC2, 0xFB, 0x8D, 0x1B, 0x44, 0xFF, 0xE4, 0xF8, 0x18, 0x0F, 0xB2, 0xE9, 0x3F, 0x53,
    0xC2, 0x7F, 0xA0, 0xC6, 0xC7, 0xF5, 0x0C, 0x0C, 0xDF, 0xEF, 0x57, 0x9E, 0xF8, 0xCF, 0xC1, 0xC0,
    0x60, 0xF0, 0xEB, 0xFF, 0x7F, 0x2B, 0xB0, 0x03, 0x0C, 0x41, 0x0E, 0x04, 0x00, 0x69, 0x4A, 0x2A,
    0x99, 0x78, 0x9C, 0x63, 0x60, 0x60, 0x60, 0x10, 0x64, 0x00, 0x83, 0x86, 0xFD, 0x8C, 0x60, 0xFA,
    0x07, 0x3B, 0x98, 0x52, 0xD0, 0x80, 0x08, 0x0B, 0x04, 0xAB, 0x80, 0xA8, 0x84, 0x3F, 0xFF, 0xFF,
    0xE7, 0x02, 0xE9, 0x5F, 0xEB, 0xC3, 0xA6, 0xFD, 0xE7, 0x66, 0x68, 0xB8, 0xCF, 0xC4, 0xC0, 0x70,
    0x71, 0x3D, 0xC3, 0x27, 0x7D, 0x90, 0x92, 0xFF, 0x2C, 0x3F, 0x38, 0xC1, 0x5A, 0x39, 0xFF, 0xB0,
    0x82, 0xE8, 0xCF, 0x7C, 0x7F, 0x99, 0x40, 0xF4, 0x47, 0xFE, 0x7F, 0x60, 0xFA, 0x03, 0xFF, 0x5F,
    0x66, 0x08, 0xFF, 0x37, 0x1B, 0x88, 0xFE, 0xC2, 0xFB, 0x8D, 0x1B, 0x44, 0xFF, 0xE4, 0xF8, 0x18,
    0x0F, 0xB2, 0xEA, 0x3F, 0x53, 0xC2, 0x7F, 0xA0, 0xC6, 0xC7, 0xF5, 0x0C, 0x0C, 0xDF, 0xEF, 0x57,
    0x9E, 0xF8, 0xCF, 0xC1, 0xC0, 0x60, 0xF0, 0xEB, 0xFF, 0x7F, 0x2B, 0xB0, 0x03, 0x0C, 0x41, 0xCE,
    0x02, 0x00, 0x5E, 0xCF, 0x2A, 0x8A, 0x78, 0x9C, 0x63, 0x60, 0x60, 0x30, 0x62, 0x66, 0x00, 0x01,
    0x83, 0xFF, 0xF9, 0x60, 0xFA, 0xB3, 0xCD, 0x4F, 0x56, 0x10, 0x1D, 0xCE, 0x60, 0xC0, 0x01, 0xA2,
    0x05, 0x82, 0x55, 0x40, 0x54, 0xC2, 0x9F, 0xFF, 0xFF, 0x73, 0x81, 0xF4, 0xAF, 0xF5, 0x61, 0xD3,
    0xFE, 0x73, 0x33, 0x34, 0xDC, 0x67, 0x62, 0x60, 0xB8, 0xB8, 0x9E, 0xE1, 0x93, 0x3E, 0x48, 0xC9,
    0x7F, 0x96, 0x1F, 0x9C, 0x20, 0x45, 0x3F, 0x38, 0xFF, 0x80, 0xF5, 0x7E, 0xE6, 0xFB, 0xCB, 0x04,
    0xA2, 0x3F, 0xF2, 0xFF, 0x03, 0xD3, 0x1F, 0xF8, 0xFF, 0x32, 0x43, 0xF8, 0xBF, 0xD9, 0x40, 0xF4,
    0x17, 0xDE, 0x6F, 0xDC, 0x20, 0xFA, 0x27, 0xC7, 0xC7, 0x78, 0x20, 0xA5, 0xF0, 0x9F, 0x29, 0xE1,
    0x3F, 0x50, 0xE3, 0xE3, 0x7A, 0x06, 0x86, 0xEF, 0xF7, 0x2B, 0x4F, 0xFC, 0x07, 0x5A, 0x6C, 0xF0,
    0xEB, 0xFF, 0x7F, 0x2B, 0xB0, 0x83, 0x0C, 0x19, 0x81, 0x04, 0x00, 0x87, 0x17, 0x2C, 0x81, 0x78,
    0x9C, 0x63, 0x60, 0x30, 0x60, 0x62, 0x10, 0x66, 0x00, 0x82, 0x3F, 0xEB, 0x95, 0xE5, 0x81, 0x94,
    0x41, 0xDC, 0xF3, 0xFF, 0x3C, 0x20, 0x9A, 0x95, 0xA1, 0x8C, 0x11, 0x24, 0x2E, 0x10, 0xAC, 0x02,
    0xA2, 0x12, 0xFE, 0xFC, 0xFF, 0x9F, 0x0B, 0xA4, 0x7F, 0xAD, 0x0F, 0x9B, 0xF6, 0x9F, 0x9B, 0xA1,
    0xE1, 0x3E, 0x13, 0x03, 0xC3, 0xC5, 0xF5, 0x0C, 0x9F, 0xF4, 0x41, 0x4A, 0xFE, 0xB3, 0xFC, 0xE0,
    0x04, 0x29, 0xFA, 0xC1, 0xF9, 0x87, 0x15, 0x44, 0x7F, 0xE6, 0xFB, 0xCB, 0x04, 0xA2, 0x3F, 0xF2,
    0xFF, 0x03, 0xD3, 0x1F, 0xF8, 0xFF, 0x32, 0x43, 0xF8, 0xBF, 0xD9, 0x40, 0xF4, 0x17, 0xDE, 0x6F,
    0xDC, 0x20, 0xFA, 0x27, 0xC7, 0xC7, 0x78, 0x20, 0xA5, 0xF0, 0x9F, 0x29, 0xE1, 0x3F, 0x50, 0xE3,
    0xE3, 0x7A, 0x06, 0x86, 0xEF, 0xF7, 0x2B, 0x4F, 0xFC, 0xE7, 0x00, 0xDA, 0xFF, 0xEB, 0xFF, 0x7F,
    0x2B, 0x90, 0x1A, 0x06, 0x43, 0x90, 0x33, 0x00, 0x02, 0xA5, 0x2D, 0x50, 0x78, 0x9C, 0x63, 0x60,
    0x48, 0x62, 0x4A, 0x64, 0x66, 0x00, 0x82, 0xEF, 0xAC, 0x9F, 0x39, 0x40, 0xF4, 0x14, 0xA6, 0x89,
    0x2C, 0x20, 0x5A, 0x20, 0x58, 0x05, 0x44, 0x25, 0xFC, 0xF9, 0xFF, 0x3F, 0x17, 0x48, 0xFF, 0x5A,
    0x1F, 0x36, 0xED, 0x3F, 0x37, 0x43, 0xC3, 0x7D, 0x26, 0x06, 0x86, 0x8B, 0xEB, 0x19, 0x3E, 0xE9,
    0x83, 0x94, 0xFC, 0x67, 0xF9, 0xC1, 0x09, 0x52, 0xF4, 0x83, 0xF3, 0x0F, 0x2B, 0x88, 0xFE, 0xCC,
    0xF7, 0x97, 0x09, 0x44, 0x7F, 0xE4, 0xFF, 0x07, 0xA6, 0x3F, 0xF0, 0xFF, 0x65, 0x86, 0xF0, 0x7F,
    0xB3, 0x81, 0xE8, 0x2F, 0xBC, 0xDF, 0xB8, 0x41, 0xF4, 0x4F, 0x8E, 0x8F, 0xF1, 0x40, 0x4A, 0xE1,
    0x3F, 0x53, 0xC2, 0x7F, 0xA0, 0xC6, 0xC7, 0xF5, 0x40, 0xEB, 0xEF, 0x57, 0x9E, 0xF8, 0x0F, 0x74,
    0x80, 0xC1, 0xAF, 0xFF, 0xFF, 0xAD, 0x40, 0x6A, 0x18, 0x0C, 0x19, 0x81, 0x04, 0x00, 0x18, 0x4B,
    0x2B, 0xDC, 0x78, 0x9C, 0x63, 0x60, 0x00, 0x81, 0x47, 0x6C, 0x0C, 0x0C, 0x37, 0x18, 0x0F, 0xE4,
    0x33, 0x34, 0xEC, 0x67, 0x60, 0xF8, 0xC3, 0xF6, 0x83, 0x9B, 0x81, 0xE1, 0xC0, 0xFE, 0xF5, 0x20,
    0x99, 0x7F, 0x3C, 0x40, 0xA2, 0xE1, 0x7F, 0x3E, 0x90, 0xFC, 0x21, 0xFD, 0x87, 0x0D, 0xA4, 0x00,
    0xA8, 0xEC, 0x33, 0x17, 0x50, 0x19, 0xA3, 0x03, 0x50, 0xD0, 0x81, 0x01, 0x00, 0x5C, 0x68, 0x12,
    0x58, 0x78, 0x9C, 0x0D, 0x8D, 0x3F, 0x0E, 0xC1, 0x60, 0x18, 0xC6, 0x7F, 0x2A, 0xA4, 0x61, 0x69,
    0x62, 0x97, 0x5E, 0x40, 0xFA, 0x39, 0x41, 0x2D, 0x66, 0x6E, 0x60, 0xB7, 0xE8, 0x62, 0x6E, 0x4D,
    0xC6, 0xBA, 0x80, 0x70, 0x83, 0x4F, 0x62, 0x30, 0x18, 0x98, 0xAC, 0x7A, 0x03, 0x5C, 0x40, 0x13,
    0x22, 0x84, 0xA6, 0xAF, 0xF7, 0x99, 0x9E, 0x3C, 0x7F, 0x81, 0x6E, 0xDF, 0x61, 0x5F, 0x81, 0x93,
    0x48, 0xBE, 0x1B, 0xC1, 0x5A, 0xC6, 0xD3, 0xAF, 0xB8, 0xF0, 0xE9, 0x40, 0x24, 0x4D, 0x7C, 0x71,
    0xE0, 0x59, 0x0C, 0x48, 0x56, 0xE0, 0xDD, 0x67, 0x96, 0xA3, 0xC6, 0xB2, 0xD0, 0xE4, 0x64, 0x01,
    0xFC, 0x6A, 0x9E, 0x70, 0x0D, 0x48, 0x52, 0x50, 0x12, 0xF2, 0x6A, 0xA0, 0xCA, 0x66, 0x62, 0xCE,
    0xD0, 0xBB, 0x10, 0x1D, 0x6E, 0x6D, 0x58, 0xC4, 0x2A, 0x96, 0x55, 0x78, 0x68, 0xE5, 0xAD, 0x43,
    0xA6, 0xAC, 0xEB, 0x85, 0x2C, 0xE7, 0x45, 0x0C, 0x43, 0xBB, 0x15, 0xB1, 0xEA, 0x26, 0x2E, 0x7E,
    0x0B, 0xC5, 0x1F, 0xBB, 0x83, 0x36, 0x95, 0x78, 0x9C, 0x63, 0x60, 0x10, 0x60, 0x00, 0x83, 0x27,
    0xF6, 0x60, 0x4A, 0xE0, 0x37, 0x33, 0x98, 0x0E, 0x60, 0x67, 0x60, 0x50, 0x60, 0x04, 0x09, 0x30,
    0x7D, 0xE1, 0x01, 0x52, 0x17, 0xEC, 0x29, 0xA3, 0xF4, 0x3F, 0xF1, 0x02, 0xA9, 0x0F, 0xFC, 0x0F,
    0xF4, 0x81, 0xD4, 0x57, 0x9E, 0x86, 0xF3, 0x8C, 0x0C, 0x06, 0xFF, 0x58, 0x19, 0x7E, 0xCF, 0x6F,
    0xFF, 0xDD, 0xCF, 0xC0, 0x90, 0xF0, 0xF7, 0xFF, 0x7E, 0x16, 0x90, 0x65, 0x4A, 0x40, 0x02, 0x00,
    0xE7, 0x79, 0x24, 0xDF, 0x78, 0x9C, 0x63, 0x60, 0x60, 0x60, 0x60, 0x64, 0x00, 0x81, 0xCF, 0x7E,
    0x20, 0x52, 0x61, 0x1F, 0x98, 0x57, 0xC0, 0x06, 0x62, 0x83, 0x98, 0x02, 0x4C, 0x5F, 0x78, 0x80,
    0xD4, 0x05, 0x7B, 0xCA, 0x28, 0xFD, 0x4F, 0xBC, 0x40, 0xEA, 0x03, 0xFF, 0x03, 0x7D, 0x20, 0xF5,
    0x95, 0xA7, 0xE1, 0x3C, 0x23, 0x83, 0xC1, 0x3F, 0x56, 0x86, 0xDF, 0xF3, 0xDB, 0x7F, 0xF7, 0x33,
    0x30, 0x24, 0xFC, 0xFD, 0xBF, 0x9F, 0x05, 0x64, 0x99, 0x12, 0x90, 0x00, 0x00, 0xE5, 0x64, 0x24,
    0xDE, 0x78, 0x9C, 0x63, 0x60, 0x60, 0x30, 0x66, 0x00, 0x81, 0x03, 0xFF, 0xB9, 0x41, 0xD4, 0xEB,
    0xB4, 0x7D, 0x40, 0xD2, 0x81, 0x9D, 0xA1, 0x91, 0x99, 0x41, 0x81, 0x11, 0xC8, 0x14, 0x60, 0xFA,
    0xC2, 0x03, 0xA4, 0x2E, 0xD8, 0x53, 0x46, 0xE9, 0x7F, 0xE2, 0x05, 0x52, 0x1F, 0xF8, 0x1F, 0xE8,
    0x03, 0xA9, 0xAF, 0x3C, 0x0D, 0xE7, 0x19, 0x19, 0x0C, 0xFE, 0xB1, 0x32, 0xFC, 0x9E, 0xDF, 0xFE,
    0xBB, 0x9F, 0x81, 0x21, 0xE1, 0xEF, 0xFF, 0xFD, 0x2C, 0x20, 0xCB, 0x94, 0x80, 0x04, 0x00, 0x0E,
    0xCC, 0x27, 0x1E, 0x78, 0x9C, 0x63, 0x60, 0x70, 0x63, 0x08, 0x65, 0x60, 0x60, 0x10, 0xD8, 0xCF,
    0xF0, 0x16, 0x48, 0x31, 0x64, 0x32, 0xB4, 0x33, 0x30, 0x28, 0x30, 0x82, 0x44, 0x98, 0xBE, 0xF0,
    0x00, 0xA9, 0x0B, 0xF6, 0x94, 0x51, 0xFA, 0x9F, 0x78, 0x81, 0xD4, 0x07, 0xFE, 0x07, 0xFA, 0x40,
    0xEA, 0x2B, 0x4F, 0xC3, 0x79, 0x46, 0x06, 0x83, 0x7F, 0xAC, 0x0C, 0xBF, 0xE7, 0xB7, 0xFF, 0xEE,
    0x67, 0x60, 0x48, 0xF8, 0xFB, 0x7F, 0x3F, 0x0B, 0xC8, 0x32, 0x25, 0x20, 0x01, 0x00, 0x36, 0x63,
    0x25, 0x8E, 0x78, 0x9C, 0x63, 0x60, 0x60, 0x60, 0x10, 0x64, 0x00, 0x83, 0x82, 0xF3, 0x8C, 0x60,
    0xFA, 0x1B, 0x07, 0x98, 0x12, 0xB0, 0x00, 0x91, 0x8A, 0x60, 0x31, 0x25, 0x86, 0x4F, 0xFA, 0x60,
    0x15, 0x20, 0xC4, 0x00, 0xE6, 0xFC, 0x61, 0x63, 0x60, 0xF8, 0xCD, 0x0E, 0x64, 0xCB, 0x33, 0x24,
    0x80, 0xC4, 0x0A, 0xF6, 0x33, 0x3C, 0x04, 0xA9, 0x61, 0xF8, 0xC3, 0xFA, 0x8B, 0x1D, 0x44, 0x7F,
    0x8A, 0x3B, 0x0F, 0x31, 0xF6, 0xBF, 0x3E, 0xC4, 0xFC, 0xBF, 0x10, 0x73, 0x19, 0x7E, 0xB3, 0x92,
    0x40, 0x03, 0x00, 0x68, 0x7D, 0x1A, 0xE3, 0x78, 0x9C, 0x53, 0x60, 0x64, 0x00, 0x81, 0xCF, 0xBC,
    0x28, 0x54, 0x5E, 0x5A, 0x9A, 0x08, 0x90, 0xFA, 0x0F, 0x04, 0x5C, 0x0C, 0x9F, 0x65, 0x05, 0x15,
    0xAF, 0xEE, 0x07, 0xCB, 0x09, 0xFC, 0x63, 0x06, 0x2B, 0xF9, 0xC5, 0x0E, 0xA6, 0x7E, 0x42, 0xA8,
    0xBF, 0x2C, 0x20, 0x6A, 0xC2, 0x7D, 0x86, 0xCF, 0xFB, 0x77, 0x9F, 0xFE, 0xA7, 0xCB, 0xF0, 0xF9,
    0xFE, 0xDD, 0xB3, 0x59, 0x18, 0x66, 0x42, 0x28, 0x00, 0x5B, 0x45, 0x21, 0xFD, 0x78, 0x9C, 0x63,
    0x58, 0xFC, 0x76, 0x2D, 0x33, 0x43, 0xC0, 0xFF, 0xD9, 0xBF, 0xE3, 0x19, 0x3E, 0xF8, 0x33, 0x18,
    0xBC, 0x67, 0xF8, 0xCA, 0xCD, 0xC0, 0xF0, 0x8F, 0xE1, 0x3B, 0x07, 0x83, 0xC3, 0x7E, 0x86, 0xEF,
    0xEC, 0x0C, 0x9F, 0xF5, 0x41, 0xE4, 0x3F, 0x66, 0x20, 0x69, 0xB0, 0x9E, 0x01, 0x48, 0x0A, 0xFC,
    0x67, 0x01, 0x89, 0x7C, 0xEF, 0x07, 0x91, 0x01, 0xFF, 0xB8, 0x80, 0x24, 0xC3, 0x45, 0x7B, 0x10,
    0x99, 0x50, 0x0F, 0x22, 0x0B, 0x80, 0xE4, 0xD6, 0xF0, 0xEF, 0xFA, 0xDF, 0xD9, 0x9F, 0xFC, 0xBF,
    0xCF, 0xC2, 0xC0, 0xC0, 0x60, 0xC4, 0xC8, 0x00, 0x00, 0xDB, 0x40, 0x25, 0xC5, 0x78, 0x9C, 0x63,
    0x50, 0x10, 0x66, 0x00, 0x81, 0x84, 0xFB, 0x60, 0x8A, 0xE1, 0x09, 0x17, 0x98, 0x52, 0xC8, 0x85,
    0x70, 0x05, 0x40, 0x44, 0xC0, 0xA9, 0xBD, 0x6C, 0x40, 0xEA, 0xD7, 0xBE, 0xD7, 0xEB, 0x19, 0x18,
    0x1C, 0xEE, 0x33, 0x08, 0xFC, 0x63, 0x66, 0x50, 0x70, 0x63, 0x60, 0xF8, 0xC1, 0x0E, 0x56, 0xF2,
    0x9D, 0x83, 0x81, 0x61, 0xF1, 0xBF, 0xFF, 0xFF, 0x39, 0x18, 0x02, 0xFE, 0x47, 0xBA, 0xFE, 0xE4,
    0x60, 0xB8, 0xE0, 0xCF, 0xC0, 0x00, 0x14, 0xFC, 0xC0, 0xCF, 0xC0, 0xF0, 0x1B, 0x48, 0xC9, 0x03,
    0xC5, 0x39, 0x18, 0x16, 0xEC, 0x77, 0x79, 0xF9, 0xD5, 0x96, 0x41, 0xE0, 0xF7, 0x7F, 0x9D, 0x0D,
    0xFF, 0x99, 0x19, 0x04, 0x80, 0xD6, 0x32, 0x32, 0x00, 0x00, 0xD5, 0xFD, 0x21, 0xB6, 0x78, 0x9C,
    0x63, 0x60, 0x60, 0x30, 0x64, 0x66, 0x00, 0x81, 0x3F, 0x1C, 0x20, 0xB2, 0x21, 0x1E, 0xCC, 0x79,
    0x02, 0x11, 0x83, 0x80, 0x80, 0x53, 0x7B, 0xD9, 0x80, 0xD4, 0xAF, 0x7D, 0xAF, 0xD7, 0x33, 0x30,
    0x38, 0xDC, 0x67, 0x10, 0xF8, 0xC7, 0xCC, 0xA0, 0xE0, 0xC6, 0xC0, 0xF0, 0x83, 0x1D, 0x24, 0x2B,
    0xF0, 0x1D, 0xA8, 0x71, 0xF1, 0xBF, 0xFF, 0xFF, 0x39, 0x18, 0x02, 0xFE, 0x47, 0xBA, 0xFE, 0xE4,
    0x60, 0xB8, 0xE0, 0xCF, 0xC0, 0x00, 0x14, 0xFC, 0xC0, 0xCF, 0xC0, 0xF0, 0x1B, 0x48, 0xC9, 0x03,
    0xC5, 0x39, 0x18, 0x16, 0xEC, 0x77, 0x79, 0xF9, 0xD5, 0x96, 0x41, 0xE0, 0xF7, 0x7F, 0x9D, 0x0D,
    0xFF, 0x99, 0x19, 0x04, 0x84, 0x19, 0x18, 0x18, 0x19, 0x00, 0xD1, 0xA8, 0x21, 0xB7, 0x78, 0x9C,
    0x63, 0x60, 0x80, 0x82, 0x9F, 0xF5, 0x20, 0xB2, 0x60, 0xFE, 0x2F, 0x56, 0x20, 0xF5, 0x84, 0xB5,
    0x40, 0x0F, 0x22, 0xCC, 0x08, 0xC4, 0x01, 0xA7, 0xF6, 0xB2, 0x01, 0xA9, 0x5F, 0xFB, 0x5E, 0xAF,
    0x67, 0x60, 0x70, 0xB8, 0xCF, 0x20, 0xF0, 0x8F, 0x99, 0x41, 0xC1, 0x8D, 0x81, 0xE1, 0x07, 0x3B,
    0x48, 0x85, 0xC0, 0x77, 0x0E, 0x06, 0x86, 0xC5, 0xFF, 0xFE, 0xFF, 0xE7, 0x60, 0x08, 0xF8, 0x1F,
    0xE9, 0xFA, 0x93, 0x83, 0xE1, 0x82, 0x3F, 0x03, 0x03, 0x50, 0xF0, 0x03, 0x3F, 0x03, 0xC3, 0x6F,
    0x20, 0x25, 0x0F, 0x14, 0xE7, 0x60, 0x58, 0xB0, 0xDF, 0xE5, 0xE5, 0x57, 0x5B, 0x06, 0x81, 0xDF,
    0xFF, 0x75, 0x36, 0xFC, 0x67, 0x66, 0x10, 0x10, 0x06, 0x99, 0x0D, 0x00, 0xB1, 0x25, 0x23, 0xC7,
    0x78, 0x9C, 0x63, 0x48, 0xE8, 0x66, 0xDC, 0xC0, 0xC0, 0xC0, 0xF0, 0xF9, 0xEF, 0xFC, 0xD3, 0x40,
    0x6A, 0x86, 0xC0, 0x2F, 0x7F, 0x06, 0x38, 0x08, 0x38, 0xB5, 0x97, 0x0D, 0x48, 0xFD, 0xDA, 0xF7,
    0x7A, 0x3D, 0x03, 0x83, 0xC3, 0x7D, 0x06, 0x81, 0x7F, 0xCC, 0x0C, 0x0A, 0x6E, 0x0C, 0x0C, 0x3F,
    0xD8, 0x41, 0xB2, 0x02, 0xDF, 0x39, 0x18, 0x18, 0x16, 0xFF, 0xFB, 0xFF, 0x9F, 0x83, 0x21, 0xE0,
    0x7F, 0xA4, 0xEB, 0x4F, 0x0E, 0x86, 0x0B, 0x40, 0xBD, 0x40, 0xC1, 0x0F, 0xFC, 0x0C, 0x0C, 0xBF,
    0x81, 0x94, 0x3C, 0x50, 0x9C, 0x83, 0x61, 0xC1, 0x7E, 0x97, 0x97, 0x5F, 0x6D, 0x19, 0x04, 0x7E,
    0xFF, 0xD7, 0xD9, 0xF0, 0x9F, 0x99, 0x41, 0x40, 0x98, 0x81, 0x81, 0x91, 0x01, 0x00, 0x78, 0x49,
    0x25, 0xA0, 0x78, 0x9C, 0x63, 0x10, 0x60, 0x60, 0x60, 0x64, 0x60, 0x60, 0xF8, 0xC0, 0x73, 0x80,
    0x1F, 0x48, 0x3D, 0xE0, 0x5E, 0xC0, 0xC7, 0x00, 0x07, 0x01, 0xA7, 0xF6, 0xB2, 0x01, 0xA9, 0x5F,
    0xFB, 0x5E, 0xAF, 0x67, 0x60, 0x70, 0xB8, 0xCF, 0x20, 0xF0, 0x8F, 0x99, 0x41, 0xC1, 0x8D, 0x81,
    0xE1, 0x07, 0x3B, 0x48, 0x56, 0xE0, 0x3B, 0x07, 0x03, 0xC3, 0xE2, 0x7F, 0xFF, 0xFF, 0x73, 0x30,
    0x04, 0xFC, 0x8F, 0x74, 0xFD, 0xC9, 0xC1, 0x70, 0xC1, 0x9F, 0x81, 0x01, 0x28, 0xF8, 0x01, 0x68,
    0xD2, 0x6F, 0x20, 0x25, 0x0F, 0x14, 0xE7, 0x60, 0x58, 0xB0, 0xDF, 0xE5, 0xE5, 0x57, 0x5B, 0x06,
    0x81, 0xDF, 0xFF, 0x75, 0x36, 0xFC, 0x67, 0x66, 0x10, 0x10, 0x06, 0x59, 0x08, 0x00, 0xF8, 0x51,
    0x22, 0x2E, 0x78, 0x9C, 0x63, 0x60, 0x58, 0x6C, 0xC5, 0x00, 0x04, 0x06, 0xFD, 0x2F, 0x98, 0x80,
    0x54, 0x03, 0xD7, 0x02, 0x0E, 0x20, 0x55, 0xC0, 0x7D, 0x80, 0x1D, 0x48, 0x09, 0x9C, 0xBD, 0xCB,
    0x08, 0x92, 0x4C, 0x60, 0x03, 0x91, 0x01, 0xA7, 0xF6, 0x82, 0xE8, 0x5F, 0xFB, 0x5E, 0xAF, 0x67,
    0x60, 0x70, 0xB8, 0xCF, 0x20, 0xF0, 0x8F, 0x99, 0x41, 0xC1, 0x8D, 0x81, 0xE1, 0x07, 0x48, 0x29,
    0x83, 0xC0, 0x77, 0xA0, 0xC6, 0xC5, 0xFF, 0xFE, 0xFF, 0xE7, 0x60, 0x08, 0xF8, 0x1F, 0xE9, 0xFA,
    0x93, 0x83, 0xE1, 0x82, 0x3F, 0x03, 0x03, 0x50, 0xF0, 0x03, 0x3F, 0x03, 0xC3, 0x6F, 0x20, 0x25,
    0x0F, 0x14, 0xE7, 0x60, 0x58, 0xB0, 0xDF, 0xE5, 0xE5, 0x57, 0x5B, 0x06, 0x81, 0xDF, 0xFF, 0x75,
    0x36, 0xFC, 0x67, 0x66, 0x10, 0x10, 0x66, 0x60, 0x60, 0x64, 0x00, 0x00, 0xB1, 0xF8, 0x25, 0xD4,
    0x78, 0x9C, 0x63, 0x48, 0x38, 0xB5, 0x86, 0xB5, 0xF1, 0x4E, 0x35, 0x23, 0x83, 0xC0, 0x9F, 0xB5,
    0xBF, 0xD7, 0xFF, 0x5B, 0xF3, 0x47, 0x8F, 0xA1, 0x61, 0x3D, 0x83, 0xC0, 0xBF, 0x7C, 0x86, 0x84,
    0xF3, 0x0C, 0x06, 0x6A, 0x0C, 0x0C, 0xBF, 0x78, 0x18, 0x18, 0xFE, 0x30, 0x33, 0x30, 0x30, 0x08,
    0xFC, 0xE4, 0x60, 0x60, 0xF8, 0xC1, 0xC6, 0xB0, 0xF5, 0xDF, 0xFF, 0xFF, 0xEF, 0xDF, 0xBD, 0xFB,
    0xC7, 0xD1, 0xF0, 0x3E, 0xC3, 0xF5, 0xD7, 0x9C, 0x99, 0x33, 0x67, 0xB2, 0x7E, 0xD4, 0x67, 0x60,
    0xF8, 0xC9, 0x0E, 0x54, 0xC3, 0xF0, 0x85, 0x9B, 0x81, 0xE1, 0x2F, 0x17, 0x88, 0xF5, 0x89, 0x97,
    0x21, 0xE1, 0x1D, 0x50, 0x7C, 0x37, 0xE3, 0x85, 0xF9, 0x21, 0xBF, 0x92, 0xDF, 0xBB, 0x1D, 0x5D,
    0xCF, 0x60, 0xF0, 0xF7, 0xBF, 0x0D, 0xC3, 0xD5, 0xFF, 0xEF, 0x81, 0x06, 0x09, 0x08, 0x03, 0xD5,
    0x18, 0x32, 0x32, 0x30, 0x00, 0x00, 0xA6, 0xF1, 0x31, 0xE4, 0x78, 0x9C, 0x63, 0x70, 0x38, 0x35,
    0x87, 0x89, 0x81, 0xE1, 0xC7, 0xBE, 0x3F, 0xFE, 0x0C, 0x0E, 0xE7, 0x19, 0x1C, 0xDE, 0x33, 0x6C,
    0xF0, 0x67, 0x60, 0xD8, 0xC9, 0xF4, 0x40, 0x9E, 0x01, 0x08, 0x3E, 0xF0, 0xA3, 0x93, 0x07, 0xEC,
    0x19, 0x18, 0x5A, 0x99, 0x0A, 0xD6, 0x33, 0x30, 0xFC, 0x63, 0x62, 0xF8, 0x1B, 0x75, 0x6C, 0x3E,
    0x03, 0xC3, 0xC2, 0xFF, 0xFF, 0x39, 0x40, 0xF2, 0x6C, 0x20, 0xF9, 0xCF, 0xB9, 0x20, 0x92, 0xE1,
    0x07, 0x88, 0x48, 0xBD, 0x03, 0x22, 0x67, 0x88, 0x33, 0x30, 0x00, 0x00, 0xF1, 0x48, 0x1A, 0xE4,
    0x78, 0x9C, 0x63, 0x10, 0x50, 0x66, 0x00, 0x02, 0x85, 0xBF, 0x2C, 0x20, 0xEA, 0xA0, 0x1C, 0x88,
    0x64, 0x38, 0x09, 0x26, 0x05, 0x80, 0xD8, 0xE0, 0xE4, 0x5E, 0x56, 0x06, 0x86, 0xEF, 0xFB, 0x5F,
    0xED, 0x67, 0x30, 0xB8, 0xCF, 0xC4, 0xF0, 0x9B, 0x7D, 0x41, 0x3C, 0x03, 0xC3, 0x47, 0xBE, 0x07,
    0xF2, 0x0C, 0x0C, 0x17, 0xE4, 0x3F, 0xBC, 0x7F, 0xF7, 0xEE, 0x9F, 0xFD, 0x87, 0xF9, 0x33, 0x67,
    0xCE, 0xD4, 0xFC, 0x20, 0x0F, 0xD2, 0x72, 0xC0, 0x1F, 0x44, 0x26, 0xEC, 0x67, 0x60, 0x78, 0xC8,
    0xC1, 0xF0, 0x27, 0xBA, 0xE4, 0x1F, 0x2B, 0xC3, 0xC4, 0xFF, 0xFF, 0x7D, 0x41, 0x16, 0x08, 0x31,
    0x30, 0x00, 0x00, 0x14, 0xAB, 0x20, 0xA3, 0x78, 0x9C, 0x63, 0x60, 0x60, 0x30, 0x60, 0x66, 0x00,
    0x82, 0xEF, 0xD2, 0x40, 0xC2, 0x60, 0x3E, 0x88, 0xF9, 0x90, 0x1D, 0x44, 0x0A, 0x80, 0x08, 0x83,
    0x93, 0x7B, 0x59, 0x81, 0x72, 0xFB, 0x5F, 0xED, 0x67, 0x30, 0xB8, 0xCF, 0xC4, 0xF0, 0x9B, 0x7D,
    0x41, 0x3C, 0x03, 0xC3, 0x47, 0xBE, 0x07, 0xF2, 0x0C, 0x0C, 0x17, 0xE4, 0x3F, 0xBC, 0x7F, 0xF7,
    0xEE, 0x9F, 0xFD, 0x87, 0xF9, 0x33, 0x67, 0xCE, 0xD4, 0xFC, 0x20, 0x0F, 0x52, 0x7E, 0xC0, 0x1F,
    0x44, 0x26, 0xEC, 0x07, 0x9A, 0xC1, 0xC1, 0xF0, 0x27, 0xBA, 0xE4, 0x1F, 0x2B, 0xC3, 0xC4, 0xFF,
    0xFF, 0x7D, 0x81, 0x62, 0x0A, 0x42, 0x0C, 0x0C, 0x00, 0x12, 0x59, 0x20, 0xA3, 0x78, 0x9C, 0x63,
    0x60, 0x80, 0x80, 0x2F, 0xFB, 0x81, 0x84, 0xC1, 0xF9, 0x1F, 0x9C, 0x0C, 0x0C, 0x0F, 0x39, 0x0C,
    0xF2, 0x18, 0x18, 0x04, 0xC0, 0xC8, 0xE0, 0xE4, 0x5E, 0x56, 0x06, 0x86, 0xEF, 0xFB, 0x5F, 0xED,
    0x67, 0x30, 0xB8, 0xCF, 0xC4, 0xF0, 0x9B, 0x7D, 0x41, 0x3C, 0x03, 0xC3, 0x47, 0xBE, 0x07, 0xF2,
    0x0C, 0x0C, 0x17, 0xE4, 0x3F, 0xBC, 0x7F, 0xF7, 0xEE, 0x9F, 0xFD, 0x87, 0xF9, 0x33, 0x67, 0xCE,
    0xD4, 0xFC, 0x20, 0x0F, 0x32, 0xE5, 0x80, 0x3F, 0x88, 0x4C, 0xD8, 0x0F, 0x32, 0x84, 0xE1, 0x4F,
    0x74, 0xC9, 0x3F, 0x56, 0x86, 0x89, 0xFF, 0xFF, 0xFB, 0x02, 0xC5, 0x14, 0x84, 0x18, 0x18, 0x00,
    0xE8, 0x1A, 0x22, 0xF1, 0x78, 0x9C, 0x63, 0x10, 0x60, 0x64, 0x60, 0x64, 0x60, 0xB8, 0xC0, 0x37,
    0x41, 0x9F, 0x81, 0xE1, 0x00, 0x6F, 0x83, 0x1E, 0x03, 0x14, 0x18, 0x9C, 0xDC, 0xCB, 0xCA, 0xC0,
    0xF0, 0x7D, 0xFF, 0xAB, 0xFD, 0x0C, 0x06, 0xF7, 0x99, 0x18, 0x7E, 0xB3, 0x2F, 0x88, 0x67, 0x60,
    0xF8, 0xC8, 0xF7, 0x40, 0x1E, 0xA8, 0x58, 0xFE, 0xC3, 0xFB, 0x77, 0xEF, 0xFE, 0xD9, 0x7F, 0x98,
    0x3F, 0x73, 0xE6, 0x4C, 0xCD, 0x0F, 0xF2, 0x20, 0xE5, 0x07, 0xFC, 0x41, 0x64, 0xC2, 0x7E, 0x06,
    0x86, 0x87, 0x1C, 0x0C, 0x7F, 0xA2, 0x4B, 0xFE, 0xB1, 0x32, 0x4C, 0xFC, 0xFF, 0xDF, 0x17, 0x28,
    0xA6, 0x20, 0xC4, 0xC0, 0x00, 0x00, 0x14, 0x1E, 0x20, 0xC1, 0x78, 0x9C, 0x33, 0x62, 0x64, 0xF8,
    0xC6, 0xCB, 0xE0, 0x30, 0x9F, 0x81, 0xE1, 0x11, 0x2B, 0x03, 0x10, 0xAC, 0x64, 0x60, 0xF8, 0x47,
    0x00, 0x01, 0x00, 0x57, 0x20, 0x0E, 0x90, 0x78, 0x9C, 0x63, 0x30, 0x60, 0x66, 0xF8, 0xCD, 0xD1,
    0x10, 0xCF, 0xF0, 0x84, 0x99, 0x01, 0x08, 0x26, 0x70, 0x31, 0x3C, 0xE0, 0x27, 0x80, 0x00, 0x54,
    0x44, 0x0D, 0xDC, 0x78, 0x9C, 0x63, 0x60, 0x00, 0x82, 0x6F, 0xEB, 0x19, 0x1C, 0xF6, 0xFF, 0x60,
    0x7F, 0xC4, 0x1E, 0x10, 0x27, 0x00, 0xE2, 0x4F, 0xE0, 0x62, 0x60, 0x78, 0xC0, 0x4F, 0x34, 0x06,
    0x00, 0x3E, 0x63, 0x10, 0x2A, 0x78, 0x9C, 0x13, 0x64, 0x10, 0x60, 0xB8, 0xC7, 0xF0, 0x8B, 0xF1,
    0x2C, 0xC3, 0x4B, 0x46, 0x06, 0x10, 0x58, 0x09, 0xC4, 0xFF, 0x88, 0xC7, 0x00, 0xED, 0x94, 0x0F,
    0x45, 0x78, 0x9C, 0x63, 0x60, 0x60, 0x60, 0x10, 0x60, 0x60, 0x68, 0x98, 0x67, 0xF8, 0x13, 0xC8,
    0xFA, 0xF2, 0x5F, 0x93, 0x81, 0xA1, 0xE0, 0xDE, 0x5F, 0x16, 0x06, 0x86, 0x8D, 0x2C, 0x0F, 0xF5,
    0x81, 0x22, 0x0C, 0x0E, 0xE7, 0x81, 0x44, 0x69, 0xF8, 0x6F, 0x16, 0x86, 0xA7, 0xFF, 0xFF, 0xFF,
    0xE7, 0x36, 0x78, 0xCF, 0xAA, 0xF0, 0x87, 0x7F, 0x43, 0x3C, 0x03, 0xC3, 0x47, 0xFB, 0x0F, 0xF2,
    0x0C, 0x0C, 0x1B, 0xE2, 0x3F, 0xF0, 0x33, 0x30, 0x2C, 0xC8, 0x07, 0x93, 0xF1, 0x0F, 0x80, 0x5A,
    0x0E, 0xE8, 0x4F, 0xE8, 0x67, 0x60, 0xF8, 0xCC, 0x2B, 0xF0, 0x2F, 0xAA, 0xE4, 0x3F, 0x0B, 0xC3,
    0xC2, 0xFF, 0xFF, 0x7D, 0x80, 0x26, 0x28, 0x08, 0x33, 0x30, 0x00, 0x00, 0x6A, 0xC7, 0x24, 0x22,
    0x78, 0x9C, 0x63, 0xD8, 0x26, 0xC1, 0xC0, 0x6D, 0x70, 0xFF, 0xFF, 0x4E, 0x9E, 0x06, 0xCE, 0x85,
    0xFF, 0x59, 0x18, 0x40, 0x60, 0x89, 0xF0, 0x89, 0xB5, 0xCC, 0xDF, 0xAE, 0xEF, 0xFD, 0x6B, 0xFF,
    0xAD, 0x9F, 0x61, 0xC2, 0xFA, 0x6F, 0xBC, 0x0C, 0x06, 0xE7, 0xBF, 0x71, 0x32, 0x08, 0xDC, 0xFF,
    0xC6, 0x41, 0x90, 0x00, 0x00, 0x07, 0x75, 0x1F, 0xFE, 0x78, 0x9C, 0x63, 0x10, 0x50, 0x66, 0x00,
    0x02, 0x85, 0xBF, 0x2C, 0x20, 0x6A, 0xA3, 0x1C, 0x88, 0x64, 0x38, 0x09, 0x26, 0x05, 0x80, 0xD8,
    0xE1, 0xD4, 0x5E, 0x36, 0x06, 0x86, 0x9F, 0xEB, 0x6E, 0x9D, 0x67, 0x74, 0xB8, 0xCF, 0xC8, 0xF0,
    0x93, 0x73, 0x43, 0x3C, 0x03, 0xC3, 0x47, 0xFE, 0x0F, 0xF2, 0x0C, 0x0C, 0x17, 0xF4, 0x3F, 0xF0,
    0x33, 0x30, 0x6C, 0xF0, 0x47, 0x90, 0x07, 0xEC, 0x0F, 0xD8, 0x33, 0x30, 0x7C, 0xE0, 0x2F, 0x58,
    0xCF, 0xC0, 0xF0, 0x8D, 0x9B, 0xE1, 0xAF, 0x57, 0xCB, 0x7F, 0x26, 0x86, 0x85, 0xFF, 0xFF, 0x6B,
    0x83, 0x2C, 0x10, 0x66, 0x60, 0x00, 0x00, 0x8F, 0x91, 0x1E, 0x3B, 0x78, 0x9C, 0x63, 0x60, 0x60,
    0x30, 0x60, 0x66, 0x00, 0x82, 0x9F, 0x5C, 0x40, 0x22, 0xA0, 0x1F, 0xC4, 0x7C, 0xC8, 0x0A, 0x22,
    0x05, 0x40, 0x84, 0xC3, 0xA9, 0xBD, 0x6C, 0x40, 0xB9, 0x75, 0xB7, 0xCE, 0x33, 0x3A, 0xDC, 0x67,
    0x64, 0xF8, 0xC9, 0xB9, 0x21, 0x9E, 0x81, 0xE1, 0x23, 0xFF, 0x07, 0x79, 0x06, 0x86, 0x0B, 0xFA,
    0x1F, 0xF8, 0x19, 0x18, 0x36, 0xF8, 0x23, 0xC8, 0x03, 0xF6, 0x07, 0xEC, 0x19, 0x18, 0x3E, 0xF0,
    0x17, 0xAC, 0x67, 0x60, 0xF8, 0xC6, 0xCD, 0xF0, 0xD7, 0xAB, 0xE5, 0x3F, 0x13, 0xC3, 0xC2, 0xFF,
    0xFF, 0xB5, 0x81, 0x06, 0x29, 0x08, 0x33, 0x30, 0x00, 0x00, 0x92, 0xA5, 0x1E, 0x4A, 0x78, 0x9C,
    0x63, 0x60, 0x80, 0x80, 0xAF, 0xFB, 0x81, 0x84, 0xC1, 0xF9, 0x1F, 0x1C, 0x0C, 0x0C, 0x8F, 0x38,
    0x1C, 0xE2, 0x18, 0x18, 0x04, 0xC0, 0xC8, 0xE1, 0xD4, 0x5E, 0x36, 0x06, 0x86, 0x9F, 0xEB, 0x6E,
    0x9D, 0x67, 0x74, 0xB8, 0xCF, 0xC8, 0xF0, 0x93, 0x73, 0x43, 0x3C, 0x03, 0xC3, 0x47, 0xFE, 0x0F,
    0xF2, 0x0C, 0x0C, 0x17, 0xF4, 0x3F, 0xF0, 0x33, 0x30, 0x6C, 0xF0, 0x47, 0x90, 0x07, 0xEC, 0x0F,
    0xD8, 0x33, 0x30, 0x7C, 0xE0, 0x2F, 0x58, 0xCF, 0xC0, 0xF0, 0x8D, 0x9B, 0xE1, 0xAF, 0x57, 0xCB,
    0x7F, 0x26, 0x86, 0x85, 0xFF, 0xFF, 0x6B, 0x03, 0x8D, 0x56, 0x10, 0x66, 0x60, 0x00, 0x00, 0x69,
    0x60, 0x20, 0x9A, 0x78, 0x9C, 0x63, 0x48, 0xE8, 0x66, 0xDC, 0xC0, 0xC0, 0xF0, 0xF9, 0xEF, 0xFC,
    0xDB, 0x0C, 0x0C, 0xD3, 0x05, 0x7E, 0xFA, 0x33, 0x40, 0x81, 0xC3, 0xA9, 0xBD, 0x6C, 0x0C, 0x0C,
    0x3F, 0xD7, 0xDD, 0x3A, 0xCF, 0xE8, 0x70, 0x9F, 0x91, 0xE1, 0x27, 0xE7, 0x86, 0x78, 0x06, 0x86,
    0x8F, 0xFC, 0x1F, 0xE4, 0x19, 0x18, 0x2E, 0xE8, 0x7F, 0xE0, 0x67, 0x60, 0xD8, 0xE0, 0x8F, 0x20,
    0x0F, 0xD8, 0x1F, 0xB0, 0x67, 0x60, 0xF8, 0xC0, 0x5F, 0xB0, 0x9E, 0x81, 0xE1, 0x1B, 0x37, 0xC3,
    0x5F, 0xAF, 0x96, 0xFF, 0x4C, 0x0C, 0x0B, 0xFF, 0xFF, 0xD7, 0x06, 0x1A, 0xA4, 0x20, 0xCC, 0xC0,
    0x00, 0x00, 0xFC, 0xCA, 0x22, 0x34, 0x78, 0x9C, 0x63, 0x10, 0x60, 0x64, 0x60, 0x64, 0x60, 0xB8,
    0xC0, 0x3F, 0x41, 0x9F, 0x81, 0xE1, 0x00, 0x6F, 0x83, 0x1E, 0x03, 0x14, 0x38, 0x9C, 0xDA, 0xCB,
    0xC6, 0xC0, 0xF0, 0x73, 0xDD, 0xAD, 0xF3, 0x8C, 0x0E, 0xF7, 0x19, 0x19, 0x7E, 0x72, 0x6E, 0x88,
    0x67, 0x60, 0xF8, 0xC8, 0xFF, 0x41, 0x1E, 0xA8, 0x58, 0xFF, 0x03, 0x3F, 0x03, 0xC3, 0x06, 0x7F,
    0x04, 0x79, 0xC0, 0xFE, 0x80, 0x3D, 0x03, 0xC3, 0x07, 0xFE, 0x82, 0xF5, 0x0C, 0x0C, 0xDF, 0xB8,
    0x19, 0xFE, 0x7A, 0xB5, 0xFC, 0x67, 0x62, 0x58, 0xF8, 0xFF, 0xBF, 0x36, 0xD0, 0x20, 0x05, 0x61,
    0x06, 0x06, 0x00, 0x95, 0x42, 0x1E, 0x6A, 0x78, 0x9C, 0x63, 0x60, 0x30, 0x60, 0x66, 0x00, 0x82,
    0x0B, 0xFC, 0x20, 0x72, 0x02, 0x17, 0x03, 0x14, 0x08, 0x08, 0x02, 0x01, 0xE3, 0x97, 0xFF, 0x40,
    0x90, 0x5F, 0x54, 0x0E, 0x04, 0xEA, 0x30, 0x19, 0x07, 0x56, 0x84, 0xFA, 0x06, 0x4E, 0x06, 0x06,
    0x00, 0x74, 0x9B, 0x0B, 0x83, 0x78, 0x9C, 0x63, 0x60, 0xD8, 0xB6, 0xD7, 0xF2, 0x0B, 0x07, 0xC3,
    0xC5, 0xFB, 0xBB, 0xFE, 0xAF, 0x67, 0x60, 0xF8, 0xC5, 0xC1, 0xF0, 0xD9, 0x9F, 0x41, 0xE0, 0x3F,
    0x03, 0xC3, 0xDF, 0xF9, 0x0C, 0x0E, 0xFB, 0x19, 0x36, 0xC4, 0xDD, 0x67, 0x48, 0x98, 0xCF, 0xF0,
    0x53, 0xF8, 0x3D, 0x90, 0x2A, 0x88, 0x17, 0x78, 0xCF, 0xE0, 0xB0, 0xFE, 0x2B, 0xBB, 0xC2, 0x7D,
    0x06, 0x85, 0xF7, 0xEB, 0x19, 0x02, 0x80, 0x1A, 0xFE, 0xF0, 0x30, 0x1C, 0x88, 0x07, 0xAA, 0xAE,
    0x0F, 0xF9, 0xCD, 0x0D, 0x54, 0xFD, 0xF7, 0xFF, 0x7C, 0x06, 0x86, 0x24, 0x26, 0x01, 0x65, 0x06,
    0x06, 0x06, 0x00, 0xC4, 0x52, 0x23, 0x47, 0x78, 0x9C, 0x63, 0x30, 0x64, 0x66, 0x60, 0x60, 0x38,
    0x98, 0x0F, 0x24, 0x18, 0x7E, 0x81, 0x98, 0x05, 0xBC, 0x20, 0x26, 0x23, 0xC3, 0x52, 0x16, 0x06,
    0x81, 0xAA, 0x1F, 0xEC, 0x0C, 0x0A, 0xE7, 0xF1, 0x11, 0x06, 0xE7, 0xBF, 0xB3, 0x33, 0x04, 0x9C,
    0xFF, 0xC6, 0xC5, 0x70, 0xE1, 0xFC, 0xC7, 0xF9, 0xA9, 0x73, 0xCE, 0x07, 0xFC, 0xFB, 0xCF, 0x79,
    0x9E, 0x41, 0x81, 0x89, 0x81, 0x01, 0x00, 0x1F, 0xF6, 0x1D, 0x08, 0x78, 0x9C, 0x63, 0x60, 0x60,
    0x30, 0x66, 0x60, 0x60, 0xD8, 0xD0, 0x0F, 0x24, 0xBE, 0xB3, 0x31, 0x30, 0x18, 0xD8, 0x31, 0x40,
    0xC0, 0x52, 0x16, 0x06, 0x81, 0xAA, 0x1F, 0xEC, 0x0C, 0x0A, 0xE7, 0xF1, 0x11, 0x06, 0xE7, 0xBF,
    0xB3, 0x33, 0x04, 0x9C, 0xFF, 0xC6, 0xC5, 0x70, 0xE1, 0xFC, 0xC7, 0xF9, 0xA9, 0x73, 0xCE, 0x07,
    0xFC, 0xFB, 0xCF, 0x79, 0x9E, 0x41, 0x81, 0x89, 0x81, 0x01, 0x00, 0x1E, 0x77, 0x1D, 0x06, 0x78,
    0x9C, 0x63, 0x60, 0x00, 0x81, 0x80, 0xFF, 0xDC, 0x0C, 0x0C, 0x9F, 0x7B, 0xFA, 0x19, 0x14, 0xFA,
    0x18, 0x9E, 0xB0, 0x32, 0x30, 0x32, 0x30, 0x30, 0x2E, 0x65, 0x61, 0x10, 0xA8, 0xFA, 0xC1, 0xCE,
    0xA0, 0x70, 0x1E, 0x1F, 0x61, 0x70, 0xFE, 0x3B, 0x3B, 0x43, 0xC0, 0xF9, 0x6F, 0x5C, 0x0C, 0x17,
    0xCE, 0x7F, 0x9C, 0x9F, 0x3A, 0xE7, 0x7C, 0xC0, 0xBF, 0xFF, 0x9C, 0xE7, 0x19, 0x14, 0x98, 0x18,
    0x18, 0x00, 0xBF, 0x37, 0x1F, 0x2A, 0x78, 0x9C, 0x63, 0x60, 0x64, 0x10, 0x60, 0x60, 0x38, 0xCF,
    0xF0, 0x9B, 0x81, 0x61, 0x1F, 0xC3, 0x2B, 0x06, 0x30, 0x58, 0xCA, 0xC2, 0x20, 0x50, 0xF5, 0x83,
    0x9D, 0x41, 0xE1, 0x3C, 0x3E, 0xC2, 0xE0, 0xFC, 0x77, 0x76, 0x86, 0x80, 0xF3, 0xDF, 0xB8, 0x18,
    0x2E, 0x9C, 0xFF, 0x38, 0x3F, 0x75, 0xCE, 0xF9, 0x80, 0x7F, 0xFF, 0x39, 0xCF, 0x33, 0x28, 0x30,
    0x31, 0x30, 0x00, 0x00, 0x43, 0x31, 0x1D, 0xAC, 0x78, 0x9C, 0x63, 0x60, 0x60, 0x30, 0x62, 0x64,
    0x60, 0x60, 0x08, 0x38, 0x0F, 0x22, 0x3F, 0x71, 0x01, 0x09, 0x86, 0x5E, 0x10, 0xC1, 0x00, 0xE2,
    0xAF, 0x60, 0x62, 0x60, 0x58, 0xC8, 0xF1, 0x83, 0x83, 0x81, 0xE1, 0x3B, 0xC7, 0x47, 0x3E, 0x06,
    0x86, 0xBF, 0x4C, 0x1B, 0xFC, 0x19, 0x14, 0xCE, 0x33, 0x04, 0xAC, 0x67, 0x68, 0x88, 0x67, 0x60,
    0xF8, 0xC7, 0x78, 0x81, 0x9F, 0x81, 0xE1, 0x07, 0xFB, 0x27, 0x4E, 0xA0, 0x56, 0xDE, 0x1F, 0xCC,
    0x0C, 0x0C, 0x1B, 0xF4, 0xEF, 0x81, 0x0C, 0xDB, 0x5F, 0x0F, 0x32, 0xE1, 0x9F, 0x3C, 0x88, 0xFC,
    0x01, 0x36, 0xF3, 0x07, 0x0B, 0x90, 0x10, 0xB8, 0x0F, 0x62, 0x1E, 0xF2, 0x07, 0x12, 0x5F, 0xFE,
    0xB3, 0x03, 0xC9, 0x26, 0x0B, 0x90, 0x00, 0x00, 0x33, 0xA9, 0x1C, 0xE6, 0x78, 0x9C, 0xFB, 0xCE,
    0xC6, 0x00, 0x04, 0x3F, 0x30, 0x49, 0xB5, 0x93, 0x73, 0x98, 0x18, 0x7E, 0xBC, 0xD8, 0xFB, 0x57,
    0x9F, 0xE1, 0x47, 0x3D, 0xC3, 0x84, 0xFD, 0x0C, 0x3F, 0x78, 0x19, 0x04, 0xFE, 0x33, 0xFC, 0xE0,
    0x64, 0x60, 0xF8, 0xCB, 0xFC, 0x83, 0x9D, 0x81, 0xE1, 0x37, 0x0B, 0x48, 0x25, 0x90, 0x04, 0xB2,
    0xFF, 0x30, 0xFF, 0xE0, 0x62, 0x60, 0xF8, 0xC7, 0xF8, 0x43, 0x9E, 0xC1, 0xE1, 0x3C, 0xC3, 0x8F,
    0x3B, 0xA6, 0xCF, 0xE2, 0x19, 0x7E, 0x94, 0xFD, 0xFF, 0xCF, 0x06, 0x34, 0x4D, 0x81, 0x09, 0x9B,
    0xF9, 0x53, 0x98, 0x41, 0x24, 0x00, 0x0A, 0x3C, 0x26, 0xB2, 0x78, 0x9C, 0x63, 0x10, 0x60, 0x10,
    0x60, 0x60, 0x60, 0xF8, 0xC1, 0xF2, 0x85, 0x9D, 0x81, 0xE1, 0x39, 0xF3, 0x63, 0x20, 0x09, 0x06,
    0x2B, 0x98, 0x18, 0x18, 0x16, 0x72, 0xFC, 0xE0, 0x60, 0x60, 0xF8, 0xCE, 0xF1, 0x91, 0x8F, 0x81,
    0xE1, 0x2F, 0xD3, 0x06, 0x7F, 0x06, 0x85, 0xF3, 0x0C, 0x01, 0xEB, 0x19, 0x1A, 0xE2, 0x19, 0x18,
    0xFE, 0x31, 0x5E, 0xE0, 0x07, 0xEA, 0x62, 0xFF, 0xC4, 0xC9, 0xC0, 0xF0, 0x89, 0xF7, 0x07, 0x33,
    0x03, 0xC3, 0x06, 0xFD, 0x7B, 0x40, 0x6D, 0x01, 0xFB, 0xEB, 0x41, 0xBA, 0xFF, 0xC9, 0x83, 0xC8,
    0x1F, 0x5C, 0x60, 0x92, 0x05, 0x48, 0x08, 0xDC, 0x07, 0x31, 0x0F, 0xF9, 0x03, 0x89, 0x2F, 0xFF,
    0x41, 0x76, 0x34, 0x59, 0x80, 0x04, 0x00, 0xA1, 0x10, 0x1D, 0xF4, 0x78, 0x9C, 0x63, 0x60, 0x10,
    0x64, 0x00, 0x83, 0xDF, 0x9C, 0x60, 0x2A, 0xA1, 0x1F, 0xC2, 0x6D, 0x62, 0x62, 0x60, 0x50, 0x50,
    0x02, 0x01, 0x86, 0xCF, 0xFF, 0x41, 0x80, 0xE5, 0x73, 0x5F, 0x07, 0x10, 0x30, 0x7D, 0xE6, 0x05,
    0xCB, 0x63, 0xA7, 0xE6, 0xCF, 0x9C, 0x39, 0x33, 0x13, 0xA2, 0x61, 0x3D, 0x0E, 0x25, 0xA8, 0xD4,
    0xFA, 0x55, 0x40, 0xC0, 0x0E, 0xB1, 0x81, 0x1B, 0x00, 0xA2, 0x86, 0x29, 0x96, 0x78, 0x9C, 0x63,
    0x30, 0x10, 0x13, 0x30, 0x63, 0x60, 0x60, 0x28, 0xF0, 0x37, 0xE8, 0x07, 0x52, 0x0E, 0x9A, 0x0A,
    0x9E, 0x0C, 0x0C, 0x0A, 0x4A, 0x20, 0xC0, 0xF0, 0xF9, 0x3F, 0x08, 0xB0, 0x7C, 0xEE, 0xEB, 0x00,
    0x02, 0xA6, 0xCF, 0xBC, 0x0C, 0x20, 0x80, 0x9D, 0x9A, 0x3F, 0x73, 0xE6, 0xCC, 0x4C, 0x88, 0x86,
    0xF5, 0x38, 0x94, 0xA0, 0x52, 0xEB, 0x57, 0x01, 0x01, 0x3B, 0xC4, 0x06, 0x6E, 0x00, 0xC4, 0x59,
    0x29, 0xEA, 0x78, 0x9C, 0x53, 0x54, 0x02, 0x01, 0x26, 0x06, 0x86, 0x1F, 0xFF, 0x41, 0x80, 0x9F,
    0x81, 0xA1, 0xA5, 0x63, 0xC7, 0xFB, 0x8E, 0x0E, 0x0E, 0x06, 0x20, 0x08, 0xD8, 0xCF, 0x00, 0x01,
    0xC8, 0x0C, 0x27, 0x17, 0x46, 0x10, 0xE3, 0xFD, 0x9F, 0xFF, 0xFF, 0xF7, 0x03, 0x59, 0x01, 0xFF,
    0x67, 0xA7, 0xB7, 0xFE, 0xE3, 0x81, 0xAA, 0xF9, 0x68, 0x0F, 0x65, 0x1C, 0x88, 0x87, 0x32, 0x36,
    0xE0, 0x62, 0x18, 0x30, 0x3C, 0xD0, 0x07, 0x33, 0xBE, 0x55, 0xFF, 0x86, 0x68, 0x3F, 0xF4, 0xFF,
    0x3C, 0x13, 0xC4, 0x1A, 0x43, 0x26, 0x06, 0x00, 0xB9, 0xFD, 0x2B, 0x98, 0x78, 0x9C, 0x63, 0x60,
    0x60, 0x10, 0x64, 0x00, 0x82, 0x82, 0xF3, 0x8C, 0x40, 0xF2, 0x3B, 0x3B, 0x90, 0x10, 0xB0, 0x00,
    0x12, 0x0A, 0x4A, 0x40, 0xC0, 0xF8, 0xF9, 0x3F, 0x10, 0x70, 0x7C, 0xEE, 0xEB, 0xE8, 0xE8, 0x60,
    0xF9, 0xCC, 0x0B, 0x52, 0x47, 0x39, 0xF9, 0x09, 0x4C, 0x02, 0x00, 0x2D, 0x45, 0x18, 0x54, 0x78,
    0x9C, 0x63, 0x60, 0x50, 0x08, 0x51, 0x61, 0x00, 0x82, 0x80, 0x3F, 0xFF, 0xFF, 0xE7, 0x02, 0xE9,
    0x5F, 0xEB, 0xC3, 0xB6, 0xFD, 0xE7, 0x64, 0x28, 0x78, 0xCF, 0xC4, 0xC0, 0xF0, 0x38, 0x9E, 0xE1,
    0xA3, 0x3D, 0x48, 0xAE, 0x96, 0xE1, 0x3B, 0x37, 0x03, 0x18, 0xFC, 0x66, 0x83, 0xD0, 0x7F, 0xBA,
    0x3A, 0x3A, 0x34, 0x80, 0xF4, 0xDF, 0xFF, 0xFF, 0xFF, 0xFB, 0x83, 0xF8, 0x6A, 0x4A, 0x4A, 0x4C,
    0x20, 0xED, 0xEC, 0x10, 0xF9, 0xAF, 0xBC, 0x20, 0x52, 0x8C, 0xE1, 0x41, 0x3E, 0x48, 0xFF, 0x7D,
    0x86, 0x80, 0xFF, 0x40, 0x89, 0xAF, 0x40, 0x95, 0xDF, 0xDE, 0x57, 0xDE, 0xFC, 0xCF, 0xCA, 0xC0,
    0x60, 0xF0, 0xEB, 0xFF, 0x7F, 0x4D, 0xB0, 0x52, 0x43, 0x46, 0x20, 0x01, 0x00, 0x6F, 0x45, 0x26,
    0x0E, 0x78, 0x9C, 0x63, 0x60, 0x70, 0x72, 0x65, 0x62, 0x60, 0x60, 0x78, 0xFE, 0xFF, 0xFF, 0x7B,
    0x76, 0x86, 0x09, 0xEF, 0xDD, 0x9D, 0x7F, 0xF4, 0x33, 0x7C, 0x94, 0x67, 0x60, 0x30, 0xF8, 0xCF,
    0xF8, 0x85, 0x07, 0x28, 0xE1, 0xCA, 0xF0, 0x59, 0x8E, 0x01, 0x04, 0x0E, 0xDC, 0x17, 0x05, 0x51,
    0x02, 0x7F, 0xFE, 0xCF, 0x65, 0x01, 0xD2, 0x0E, 0xAF, 0xFE, 0xFF, 0x97, 0x04, 0x09, 0x04, 0xFD,
    0xBA, 0x0F, 0x96, 0x17, 0xF8, 0xCB, 0x06, 0xA6, 0xBF, 0x71, 0xBE, 0x62, 0x06, 0x52, 0xDF, 0x39,
    0x7F, 0xCA, 0x82, 0x04, 0x59, 0x0E, 0xFC, 0xAF, 0x2A, 0xFB, 0xB5, 0x9E, 0x81, 0xE1, 0xFA, 0xFF,
    0xFF, 0xE7, 0x59, 0x81, 0x12, 0x8A, 0xCA, 0x40, 0x02, 0x00, 0xA5, 0xC0, 0x24, 0xC2, 0x78, 0x9C,
    0x53, 0x62, 0xF8, 0xCF, 0x88, 0x0F, 0x02, 0x00, 0xF4, 0x51, 0x0F, 0x23, 0x78, 0x9C, 0x0B, 0x65,
    0x48, 0x61, 0xB8, 0xC7, 0xF0, 0x9B, 0xB1, 0x82, 0x61, 0x1A, 0x03, 0x83, 0x12, 0x03, 0x03, 0xC3,
    0x7F, 0x46, 0xB2, 0x31, 0x00, 0xD9, 0xC0, 0x12, 0xC4, 0x78, 0x9C, 0x63, 0x60, 0x50, 0x54, 0x62,
    0x62, 0x60, 0xF8, 0xF9, 0x3F, 0x9F, 0x81, 0xA1, 0xF5, 0x06, 0x90, 0x60, 0x58, 0x40, 0x2C, 0x11,
    0xFF, 0x9D, 0x83, 0xE1, 0x80, 0xFF, 0x17, 0x39, 0x86, 0xCF, 0xF2, 0x1B, 0xDE, 0xCF, 0xF8, 0xCF,
    0x21, 0xF0, 0xF3, 0x7F, 0x3D, 0x50, 0x5C, 0x89, 0x81, 0x01, 0x00, 0xA3, 0xCD, 0x18, 0x09, 0x78,
    0x9C, 0x63, 0x60, 0x50, 0x54, 0x52, 0x52, 0x62, 0x64, 0x80, 0x80, 0x5F, 0xFF, 0xFF, 0xFF, 0xE7,
    0x82, 0xB2, 0xFF, 0xCE, 0x9A, 0xF9, 0x1B, 0xC6, 0xFE, 0xCF, 0xC0, 0xF0, 0x0D, 0xCA, 0x16, 0x78,
    0x8F, 0x60, 0x1B, 0x9C, 0x47, 0xB0, 0x03, 0xD6, 0x23, 0xD8, 0x05, 0xF5, 0x40, 0xF6, 0xBE, 0xDD,
    0xBB, 0x3D, 0x80, 0xEC, 0x05, 0xF1, 0x40, 0xF6, 0xFB, 0x77, 0xFF, 0xFE, 0x73, 0x33, 0x30, 0x1C,
    0xB0, 0x87, 0xA8, 0xB9, 0x32, 0x9F, 0x81, 0xE1, 0x03, 0x3F, 0x84, 0x6D, 0x00, 0x34, 0xFB, 0x33,
    0x2F, 0x54, 0xEF, 0x7F, 0x46, 0x86, 0xEF, 0x9C, 0x10, 0xB6, 0x00, 0x50, 0xFC, 0x2F, 0x0B, 0x84,
    0xBD, 0x61, 0x3D, 0xC3, 0xB6, 0xFB, 0x40, 0xE9, 0x6F, 0xEB, 0x56, 0xED, 0xFA, 0x27, 0xCB, 0xF0,
    0x57, 0x17, 0xC4, 0x06, 0x3A, 0xB5, 0x97, 0x81, 0x41, 0x90, 0x01, 0x01, 0x00, 0xB8, 0x18, 0x35,
    0x78, 0x78, 0x9C, 0x53, 0x60, 0x64, 0x60, 0x50, 0x60, 0x62, 0x00, 0x81, 0xCF, 0xBC, 0x0C, 0x0C,
    0x1F, 0xE4, 0x29, 0x62, 0xEE, 0xDF, 0xBD, 0xFB, 0xF7, 0xF9, 0xDD, 0xBB, 0x3D, 0x80, 0xCC, 0xFF,
    0x40, 0xF0, 0xFE, 0xDD, 0xBF, 0xFF, 0xDC, 0x70, 0x05, 0x57, 0xE6, 0xC3, 0x99, 0x06, 0xFF, 0x11,
    0xDA, 0xFE, 0x33, 0xC2, 0x98, 0x0A, 0x08, 0xD1, 0x0D, 0xEB, 0x21, 0xCC, 0xF5, 0xAB, 0x76, 0xFD,
    0x97, 0x85, 0x30, 0x81, 0xE6, 0xD5, 0x32, 0x30, 0x00, 0x00, 0xD1, 0xAD, 0x37, 0x16, 0x78, 0x9C,
    0x53, 0x54, 0x02, 0x01, 0x26, 0x06, 0x86, 0x1F, 0xFF, 0x41, 0x20, 0x9F, 0x81, 0xA1, 0xA5, 0x63,
    0xC7, 0xFB, 0x8E, 0x0E, 0x0B, 0x06, 0x20, 0x08, 0xD8, 0xCF, 0x00, 0x01, 0xC8, 0x0C, 0x27, 0x13,
    0x30, 0xE3, 0xFD, 0xDF, 0xFF, 0xFF, 0xFB, 0x41, 0x8C, 0xFF, 0xB3, 0xC3, 0xA7, 0xFD, 0x67, 0x87,
    0xAA, 0xF9, 0xCA, 0x0B, 0x65, 0x7C, 0xE4, 0x87, 0x32, 0x3E, 0x90, 0xC6, 0x00, 0x00, 0x2D, 0x53,
    0x27, 0xE8, 0x78, 0x9C, 0x63, 0x60, 0x60, 0x10, 0x60, 0x64, 0x00, 0x82, 0x3F, 0x1C, 0x40, 0xE2,
    0x80, 0x2D, 0x88, 0xD9, 0x02, 0xC4, 0x0A, 0x40, 0x41, 0x05, 0xA6, 0xCF, 0xBC, 0x0C, 0x0C, 0xDF,
    0xB8, 0x81, 0xA4, 0xC0, 0x7F, 0x46, 0x20, 0xB9, 0x21, 0x9E, 0x01, 0x48, 0x7E, 0xE3, 0x02, 0x92,
    0x0A, 0xEF, 0x19, 0x81, 0xE4, 0x45, 0x7F, 0x06, 0x86, 0xCF, 0x7D, 0xFF, 0xD8, 0x81, 0xE4, 0xFF,
    0xBF, 0x3C, 0x40, 0x92, 0xF7, 0x40, 0x3E, 0x88, 0x54, 0xF8, 0x0F, 0x92, 0x65, 0xF8, 0xC1, 0x0D,
    0x22, 0x2F, 0xE4, 0x83, 0x48, 0x07, 0xB0, 0x09, 0x0C, 0xBF, 0x40, 0xA6, 0x31, 0x3C, 0x8C, 0x07,
    0x00, 0x11, 0x6F, 0x23, 0xC1, 0x78, 0x9C, 0x63, 0x60, 0x10, 0x64, 0x00, 0x83, 0xDF, 0x9C, 0x60,
    0x2A, 0xA1, 0x1F, 0xC2, 0x6D, 0x62, 0x62, 0x60, 0x50, 0x60, 0x04, 0x32, 0x14, 0x98, 0x3E, 0x73,
    0x01, 0xA9, 0x3F, 0xFC, 0x20, 0x2A, 0xE1, 0x3F, 0x98, 0x7A, 0x78, 0x1F, 0x4C, 0xFD, 0x3A, 0x0E,
    0xA2, 0x1C, 0xEE, 0x1F, 0x00, 0x51, 0x17, 0xEC, 0x2F, 0x80, 0xA8, 0x1F, 0x9C, 0x20, 0x4A, 0xE1,
    0x3D, 0x03, 0x88, 0x3A, 0x10, 0x0F, 0xA6, 0xBE, 0x71, 0x83, 0x28, 0xA9, 0xFF, 0x4C, 0x20, 0x6A,
    0x65, 0x3D, 0x03, 0x88, 0xFA, 0xCB, 0x0B, 0xA6, 0xFE, 0x33, 0x83, 0xA9, 0xF9, 0x0C, 0x20, 0x0A,
    0x00, 0xDE, 0x69, 0x2C, 0x56, 0x78, 0x9C, 0x63, 0x50, 0x10, 0x65, 0x00, 0x22, 0x06, 0x86, 0x80,
    0x7C, 0x86, 0x09, 0xF6, 0x40, 0x5A, 0xE0, 0x9D, 0xD9, 0x77, 0x5E, 0x20, 0xCD, 0x70, 0xF8, 0xFF,
    0x7A, 0x26, 0x10, 0xCD, 0x20, 0x00, 0x22, 0x14, 0xC0, 0x6C, 0x25, 0x86, 0x87, 0xFE, 0x40, 0xAA,
    0x60, 0x3F, 0x43, 0xC2, 0x7D, 0x20, 0xFD, 0x00, 0xA8, 0xE1, 0x0F, 0x3B, 0x03, 0xC3, 0x37, 0x2E,
    0x06, 0x86, 0xCF, 0x72, 0x0C, 0x0C, 0xFF, 0x80, 0x8A, 0x26, 0xCC, 0x67, 0x48, 0x58, 0x0F, 0xD2,
    0xF5, 0x8F, 0xE9, 0x82, 0x3E, 0x48, 0xCF, 0x37, 0xEE, 0x6F, 0x9C, 0x20, 0xFA, 0x40, 0xFC, 0x5F,
    0x46, 0x10, 0x6D, 0xF0, 0xBF, 0x1F, 0x6C, 0x2C, 0xC3, 0x4F, 0x3E, 0x08, 0xFD, 0x9D, 0x1D, 0x62,
    0xCD, 0x7B, 0x08, 0x77, 0x41, 0x3C, 0x88, 0x6C, 0xE8, 0xF9, 0xCD, 0x0D, 0xE6, 0xFD, 0xDF, 0x0F,
    0x11, 0x36, 0x04, 0x6B, 0x66, 0x00, 0x00, 0x36, 0xF7, 0x22, 0x96, 0x78, 0x9C, 0x53, 0x60, 0x64,
    0x60, 0x60, 0x50, 0x60, 0xFA, 0xCC, 0x0B, 0xA4, 0x3E, 0xF0, 0xD3, 0x84, 0xDA, 0xBF, 0x7B, 0xF7,
    0xEE, 0xDF, 0xFC, 0x9F, 0xFF, 0x83, 0x00, 0x3F, 0x03, 0x83, 0xC0, 0x7B, 0x06, 0x10, 0xC0, 0x4A,
    0x31, 0x84, 0x01, 0x31, 0x00, 0xFC, 0x22, 0x29, 0x73, 0x78, 0x9C, 0x63, 0x60, 0x60, 0x50, 0x64,
    0x64, 0x00, 0x01, 0x81, 0xFF, 0x3C, 0x60, 0xBA, 0xE0, 0xBD, 0x3D, 0x98, 0xBE, 0x10, 0x3F, 0x1F,
    0x4C, 0x7F, 0xE1, 0xFA, 0x07, 0xA6, 0x7F, 0xB1, 0xFC, 0x60, 0x03, 0x29, 0x7B, 0xCF, 0xF0, 0x09,
    0xA4, 0xB0, 0xA0, 0x9E, 0xE1, 0x00, 0x48, 0xE1, 0x03, 0x79, 0x86, 0x04, 0x90, 0xC2, 0x2F, 0xDC,
    0x40, 0x13, 0x80, 0xF4, 0xEF, 0xFF, 0x40, 0xC0, 0xC6, 0xA0, 0xF0, 0x7E, 0xE6, 0xCC, 0x99, 0x3F,
    0x79, 0x19, 0x1A, 0xFA, 0x41, 0x46, 0xD9, 0x33, 0x3C, 0xD0, 0x07, 0xE9, 0x99, 0xCF, 0xF0, 0x95,
    0x07, 0x6C, 0x15, 0xC3, 0x1F, 0x56, 0xB0, 0x99, 0x6C, 0x00, 0x5E, 0xCF, 0x21, 0xC3, 0x78, 0x9C,
    0x53, 0x50, 0x02, 0x02, 0x46, 0x86, 0xCF, 0xFF, 0x81, 0x80, 0x87, 0xE1, 0x73, 0x5F, 0x47, 0x47,
    0x07, 0x1B, 0xC3, 0x67, 0x5E, 0x06, 0x10, 0xC0, 0x4E, 0xED, 0xDF, 0xBD, 0x3B, 0x12, 0x48, 0xBD,
    0x7F, 0xF7, 0xEF, 0xBF, 0x2C, 0x58, 0xF0, 0xF0, 0x79, 0x30, 0x25, 0xF0, 0x9F, 0x09, 0xAC, 0xE4,
    0x2F, 0x0B, 0x98, 0xFA, 0x07, 0xE6, 0x35, 0xDC, 0x67, 0xF8, 0xBC, 0x7E, 0xD5, 0xAE, 0x7F, 0xF6,
    0x60, 0x1B, 0xE6, 0x32, 0x32, 0x00, 0x00, 0x49, 0xA3, 0x29, 0x03, 0x78, 0x9C, 0x53, 0x50, 0x52,
    0x12, 0x62, 0x60, 0x60, 0xF8, 0xFC, 0xFF, 0xFF, 0xFF, 0x79, 0x8C, 0x0C, 0x9F, 0xFB, 0x3A, 0x56,
    0xFC, 0x93, 0x63, 0xF8, 0xCC, 0xCB, 0xC0, 0x70, 0xA1, 0x1E, 0x4C, 0x15, 0xCC, 0x07, 0x53, 0x0D,
    0x10, 0xDE, 0x67, 0xA0, 0xDC, 0xFE, 0xDD, 0xB7, 0xF7, 0x33, 0x31, 0x7C, 0x7E, 0xFF, 0xEE, 0xDF,
    0x79, 0x76, 0xB0, 0xE0, 0xA2, 0xF5, 0x60, 0x8A, 0xE1, 0x2F, 0x0B, 0x98, 0xFA, 0xC9, 0x0E, 0xA6,
    0x7E, 0xB3, 0x81, 0xA8, 0x80, 0xFF, 0x4C, 0x9F, 0xD7, 0xAF, 0x5A, 0xF5, 0x37, 0x1F, 0x6C, 0xC3,
    0x5A, 0x66, 0x06, 0x00, 0xA1, 0x10, 0x2D, 0x94, 0x78, 0x9C, 0x53, 0x50, 0x02, 0x02, 0xC6, 0xCF,
    0xFF, 0x81, 0x80, 0xE3, 0x73, 0x5F, 0x47, 0x47, 0x07, 0xCB, 0x67, 0x5E, 0x06, 0x20, 0xA0, 0x9C,
    0xFC, 0x04, 0x26, 0x01, 0x14, 0xD5, 0x15, 0xBD, 0x78, 0x9C, 0x63, 0x60, 0x50, 0x50, 0x52, 0x52,
    0x62, 0x64, 0x60, 0x60, 0xF8, 0xF2, 0xFF, 0xFF, 0x7F, 0x4E, 0x20, 0xFD, 0x6D, 0xCE, 0xCC, 0xDF,
    0x20, 0xFA, 0x07, 0x3B, 0xC3, 0x37, 0x10, 0xFD, 0x8B, 0x15, 0x42, 0xFF, 0x61, 0x86, 0xD0, 0xFF,
    0x18, 0x21, 0xF4, 0x7B, 0x06, 0x30, 0x6D, 0x70, 0x1E, 0x42, 0x27, 0xCC, 0x87, 0xD0, 0x0B, 0xF2,
    0x21, 0xF4, 0x03, 0x7D, 0x08, 0xFD, 0x95, 0x17, 0x42, 0xFF, 0x61, 0x03, 0xD3, 0x27, 0xFF, 0xEF,
    0xDE, 0xBD, 0xFB, 0xEF, 0x3E, 0xD6, 0xBF, 0xFF, 0xC1, 0x80, 0xFD, 0x2F, 0xC8, 0x6A, 0x86, 0xEF,
    0x38, 0xE9, 0x54, 0x10, 0xC5, 0x90, 0xC4, 0x0C, 0x00, 0x76, 0x1F, 0x33, 0x22, 0x78, 0x9C, 0x53,
    0x50, 0x02, 0x01, 0x86, 0xCF, 0xFF, 0x41, 0x80, 0xE5, 0x73, 0x5F, 0x07, 0x10, 0x30, 0x7D, 0xE6,
    0x65, 0x00, 0x01, 0xEC, 0xD4, 0xFC, 0x99, 0x33, 0x67, 0x66, 0x42, 0x34, 0xAC, 0xC7, 0xA1, 0x04,
    0x95, 0x5A, 0xBF, 0x0A, 0x08, 0xD8, 0x21, 0x36, 0x70, 0x03, 0x00, 0x65, 0x2B, 0x27, 0x0E, 0x78,
    0x9C, 0x53, 0x60, 0x62, 0x60, 0x10, 0x00, 0x61, 0x21, 0x86, 0x0D, 0xF9, 0x0C, 0x0C, 0x0F, 0xEC,
    0x19, 0x18, 0x3E, 0xEA, 0x33, 0x08, 0xFC, 0x67, 0x04, 0x33, 0x7F, 0xB3, 0x31, 0x30, 0x7C, 0xE5,
    0x06, 0x31, 0x13, 0xF6, 0x33, 0x30, 0x30, 0x2C, 0xC8, 0x07, 0x31, 0x3F, 0xC9, 0x01, 0x99, 0x02,
    0xFF, 0x98, 0x80, 0xCC, 0x3F, 0x2C, 0x40, 0x26, 0xC3, 0x17, 0xD9, 0x07, 0xF6, 0x13, 0xE6, 0x83,
    0x58, 0x0C, 0x05, 0xEF, 0x5F, 0xCC, 0xFF, 0xC3, 0x03, 0x66, 0x1E, 0x38, 0xFF, 0xFF, 0xFF, 0x5F,
    0x7D, 0x30, 0xF3, 0x3B, 0xF7, 0x03, 0x7B, 0xB0, 0x01, 0x0C, 0x0A, 0xFF, 0xC1, 0xDA, 0x80, 0xC6,
    0x32, 0x6C, 0xA8, 0x07, 0x19, 0xF6, 0x59, 0x1E, 0xC8, 0xFC, 0xC6, 0x0B, 0x62, 0x36, 0x00, 0x55,
    0x08, 0xFC, 0x67, 0x06, 0x5B, 0xFC, 0x8F, 0x95, 0x61, 0xC3, 0x7C, 0x88, 0x73, 0xBE, 0xCA, 0x31,
    0x7C, 0x93, 0x83, 0x30, 0x37, 0xAC, 0x67, 0x00, 0x00, 0x04, 0x45, 0x34, 0x20, 0x78, 0x9C, 0x63,
    0x60, 0x30, 0x70, 0x61, 0x62, 0x60, 0x60, 0x68, 0xF8, 0xFF, 0xFF, 0x3C, 0x33, 0x03, 0xC3, 0x9F,
    0xBA, 0xD4, 0x3F, 0xFA, 0x0C, 0x0D, 0xE7, 0x19, 0x19, 0x36, 0xCC, 0x67, 0x28, 0xB0, 0x65, 0x60,
    0x08, 0xD8, 0xCF, 0x00, 0x02, 0x05, 0xF3, 0xC1, 0xD4, 0x23, 0x7B, 0x90, 0xD2, 0x53, 0xF7, 0x59,
    0x80, 0xD4, 0x85, 0xFF, 0xEB, 0x41, 0x14, 0x83, 0xC0, 0xD5, 0x7C, 0xB0, 0x9C, 0xC2, 0x7F, 0x06,
    0x06, 0x90, 0x49, 0xFF, 0x98, 0x2E, 0xCA, 0x01, 0xA9, 0xFF, 0x8C, 0x1B, 0xCE, 0x33, 0x30, 0x4C,
    0x38, 0xCF, 0x20, 0xF0, 0x77, 0x5E, 0xFB, 0x5F, 0xA0, 0xBE, 0xC6, 0x7F, 0xFF, 0xD7, 0x83, 0xE4,
    0x05, 0x94, 0x81, 0x04, 0x00, 0xC0, 0x3A, 0x21, 0x1D, 0x78, 0x9C, 0x53, 0x60, 0x64, 0x60, 0x60,
    0x50, 0x60, 0xFA, 0xCC, 0x05, 0xA4, 0xFE, 0xF0, 0x83, 0xA8, 0x84, 0xFF, 0x60, 0xEA, 0xE1, 0x7D,
    0x30, 0xF5, 0xEB, 0x38, 0x88, 0x72, 0xB8, 0x7F, 0x00, 0x44, 0x5D, 0xB0, 0xBF, 0x00, 0xA2, 0x7E,
    0x70, 0x82, 0x28, 0x85, 0xF7, 0x0C, 0x20, 0xEA, 0x40, 0x3C, 0x98, 0xFA, 0xC6, 0x0D, 0xA2, 0xA4,
    0xFE, 0x33, 0x81, 0xA8, 0x95, 0xF5, 0x0C, 0x20, 0xEA, 0x2F, 0x2F, 0x98, 0xFA, 0xCF, 0x0C, 0xA6,
    0xE6, 0x33, 0x80, 0x28, 0x00, 0xA1, 0x0E, 0x29, 0xCE, 0x78, 0x9C, 0x63, 0x08, 0x60, 0x61, 0x70,
    0x60, 0x61, 0x60, 0xB8, 0xC0, 0xCF, 0xF0, 0x91, 0x9B, 0x81, 0xA1, 0x60, 0xBF, 0xCB, 0x6F, 0x36,
    0x06, 0x06, 0x86, 0xE7, 0xFF, 0xF3, 0x18, 0x60, 0x40, 0x81, 0x11, 0x44, 0x30, 0x7D, 0xE6, 0x02,
    0x52, 0x7F, 0xF8, 0x41, 0x54, 0xC2, 0x7F, 0x30, 0xF5, 0xF0, 0x3E, 0x98, 0xFA, 0x75, 0x1C, 0x44,
    0x39, 0xDC, 0x3F, 0x00, 0xA2, 0x2E, 0xD8, 0x5F, 0x00, 0x51, 0x3F, 0x38, 0x41, 0x94, 0xC2, 0x7B,
    0x06, 0x10, 0x75, 0x20, 0x1E, 0x4C, 0x7D, 0xE3, 0x06, 0x51, 0x52, 0xFF, 0x99, 0x40, 0xD4, 0xCA,
    0x7A, 0x90, 0x9D, 0x9F, 0xFF, 0xF2, 0x82, 0xA9, 0xFF, 0xCC, 0x60, 0x6A, 0x3E, 0x03, 0x88, 0x02,
    0x00, 0x54, 0x79, 0x31, 0x09, 0x78, 0x9C, 0x53, 0x60, 0x64, 0x60, 0x50, 0x60, 0xFA, 0xCC, 0xCB,
    0xC0, 0xF0, 0x8D, 0x1B, 0x48, 0x0A, 0xFC, 0x67, 0x04, 0x92, 0x1B, 0xE2, 0x19, 0x80, 0xE4, 0x37,
    0x2E, 0x20, 0xA9, 0xF0, 0x9E, 0x11, 0x48, 0x5E, 0xF4, 0x67, 0x60, 0xF8, 0xDC, 0xF7, 0x8F, 0x1D,
    0x48, 0xFE, 0xFF, 0xCB, 0x03, 0x24, 0x79, 0x0F, 0xE4, 0x83, 0x48, 0x85, 0xFF, 0x20, 0x59, 0x86,
    0x1F, 0xDC, 0x20, 0xF2, 0x42, 0x3E, 0x88, 0x74, 0x00, 0x9B, 0xC0, 0xF0, 0x0B, 0x64, 0x1A, 0xC3,
    0xC3, 0x78, 0x00, 0xFC, 0xAC, 0x21, 0x2B, 0x78, 0x9C, 0x63, 0x60, 0x50, 0x54, 0x52, 0x52, 0x62,
    0x64, 0x60, 0xF8, 0xF5, 0xFF, 0xFF, 0x7F, 0x2E, 0x06, 0x86, 0xBF, 0xB3, 0x66, 0xFE, 0x06, 0x52,
    0xFF, 0x19, 0x18, 0xBE, 0x72, 0x31, 0x08, 0xBC, 0x07, 0x53, 0x06, 0xE7, 0xC1, 0x54, 0xC0, 0x7A,
    0x30, 0x55, 0x50, 0x0F, 0xA6, 0x16, 0xC4, 0x83, 0xA9, 0x03, 0xF6, 0x60, 0xEA, 0x03, 0x3F, 0x98,
    0xFA, 0xCC, 0x0B, 0xA6, 0xBE, 0x73, 0x82, 0xA9, 0xBF, 0x2C, 0x20, 0x6A, 0xDB, 0x7D, 0x06, 0x10,
    0xF5, 0x57, 0x17, 0x4C, 0x09, 0x32, 0x80, 0x01, 0x00, 0x99, 0xAD, 0x22, 0x6B, 0x78, 0x9C, 0x53,
    0x10, 0x62, 0x00, 0x02, 0x05, 0xA1, 0xCF, 0xFB, 0x41, 0xF4, 0xD7, 0xFE, 0xCF, 0xFF, 0x99, 0x80,
    0xF4, 0xEF, 0xFE, 0xCF, 0x7F, 0x38, 0x18, 0x18, 0x04, 0xCE, 0xF7, 0x7F, 0xBE, 0xC9, 0xC7, 0xC0,
    0x50, 0xD0, 0xDF, 0xFF, 0xB9, 0xD3, 0x9F, 0x81, 0xE1, 0x42, 0x5C, 0xFF, 0x67, 0xAD, 0xF5, 0x0C,
    0x0C, 0x9F, 0x23, 0xFA, 0x3F, 0x73, 0xFD, 0x61, 0x64, 0xF8, 0x19, 0x04, 0xA4, 0xBF, 0xB1, 0x31,
    0x9C, 0x0F, 0x00, 0xD2, 0x1F, 0x78, 0x03, 0xF2, 0x41, 0xF4, 0x02, 0xFB, 0x0D, 0xFC, 0x20, 0xDA,
    0x61, 0xFE, 0x47, 0x4E, 0x10, 0xCD, 0x70, 0xF7, 0x3B, 0x33, 0x98, 0xFE, 0x7E, 0x97, 0x01, 0x4C,
    0x7F, 0xAC, 0x87, 0xD0, 0x1B, 0xE4, 0x81, 0x34, 0x00, 0xB0, 0x17, 0x34, 0xB0, 0x78, 0x9C, 0x53,
    0x60, 0x64, 0x60, 0x60, 0x50, 0x60, 0xFA, 0xCC, 0x0B, 0xA4, 0x3E, 0xC8, 0x13, 0x43, 0xED, 0xDF,
    0xBD, 0x7B, 0xF7, 0x6F, 0xF9, 0xCF, 0xFF, 0x41, 0x80, 0x28, 0x0D, 0x28, 0x14, 0x00, 0x13, 0x3C,
    0x26, 0x11, 0x78, 0x9C, 0x63, 0x60, 0x10, 0x08, 0x56, 0x61, 0x00, 0x82, 0x84, 0x3F, 0xFF, 0xFF,
    0xE7, 0x02, 0xE9, 0x5F, 0xEB, 0xC3, 0xA6, 0xFD, 0xE7, 0x66, 0x68, 0xB8, 0xCF, 0xC4, 0xC0, 0x70,
    0x71, 0x3D, 0xC3, 0x27, 0x7D, 0xA0, 0x98, 0xC0, 0x7F, 0x96, 0x1F, 0x9C, 0x20, 0x45, 0x3F, 0x38,
    0xFF, 0xB0, 0x82, 0xE8, 0xCF, 0x7C, 0x7F, 0x99, 0x40, 0xF4, 0x47, 0xFE, 0x7F, 0x60, 0xFA, 0x03,
    0xFF, 0x5F, 0x66, 0x08, 0xFF, 0x37, 0x1B, 0x88, 0xFE, 0xC2, 0xFB, 0x8D, 0x1B, 0x44, 0xFF, 0xE4,
    0xF8, 0x18, 0x0F, 0xA4, 0x14, 0xFE, 0x33, 0x25, 0xFC, 0x07, 0x6A, 0x7C, 0x5C, 0xCF, 0xC0, 0xF0,
    0xFD, 0x7E, 0xE5, 0x89, 0xFF, 0x1C, 0x0C, 0x0C, 0x06, 0xBF, 0xFE, 0xFF, 0xB7, 0x02, 0xA9, 0x61,
    0x30, 0x64, 0x04, 0x12, 0x00, 0xD4, 0x02, 0x27, 0xF2, 0x78, 0x9C, 0x53, 0x50, 0x02, 0x01, 0xA6,
    0xCF, 0xFF, 0x41, 0x40, 0xFE, 0xF3, 0xBC, 0x99, 0x33, 0x67, 0xFE, 0x94, 0xFF, 0xCC, 0xCB, 0xC0,
    0xC0, 0xF0, 0x81, 0x26, 0x14, 0x00, 0x44, 0xF1, 0x26, 0x11, 0x78, 0x9C, 0x53, 0x50, 0x52, 0x12,
    0x62, 0x60, 0x60, 0xF8, 0xFC, 0xFF, 0xFF, 0xFF, 0xF3, 0xAC, 0x0C, 0x9F, 0xFB, 0x3A, 0x66, 0xFC,
    0xEE, 0x67, 0xF8, 0xCC, 0xCB, 0xC0, 0xE0, 0xF0, 0x9F, 0x09, 0x44, 0x31, 0xFC, 0x66, 0x03, 0x53,
    0x3F, 0xD9, 0x91, 0x78, 0x0E, 0xFF, 0x19, 0xC1, 0x2A, 0xF3, 0xC1, 0xFA, 0xF6, 0xB3, 0x30, 0x7C,
    0x96, 0x15, 0x14, 0x04, 0x99, 0x02, 0x52, 0x82, 0x9F, 0x02, 0x00, 0x0C, 0x1D, 0x22, 0xD9, 0x78,
    0x9C, 0x63, 0x60, 0x50, 0x08, 0x51, 0x66, 0x00, 0x82, 0x80, 0x3F, 0xFF, 0xFF, 0xC7, 0x00, 0xE9,
    0x5F, 0xEB, 0xC3, 0xB6, 0xFD, 0xE7, 0x64, 0x28, 0x78, 0xCF, 0xCC, 0xC0, 0xF0, 0x38, 0x9E, 0xE1,
    0xA3, 0x3D, 0x48, 0xAE, 0x96, 0xE1, 0x3B, 0x37, 0x03, 0x18, 0xFC, 0x66, 0x83, 0xD0, 0x7F, 0x58,
    0x20, 0xF4, 0x5F, 0x66, 0x54, 0xFE, 0x2F, 0x0E, 0x08, 0xFD, 0x95, 0x17, 0x44, 0x8A, 0x31, 0x3C,
    0xA8, 0x07, 0xE9, 0x3F, 0xCF, 0x10, 0xF0, 0x9F, 0x9D, 0x81, 0xE1, 0x1B, 0xD0, 0xB0, 0x6F, 0xEF,
    0x2B, 0x6F, 0xFE, 0x07, 0x2A, 0x36, 0xF8, 0xF5, 0xFF, 0xBF, 0x16, 0x58, 0xA9, 0x21, 0x13, 0x90,
    0x00, 0x00, 0xDF, 0xD2, 0x20, 0x81, 0x78, 0x9C, 0x53, 0x54, 0x02, 0x01, 0xA6, 0x1F, 0xFF, 0x41,
    0x80, 0xBF, 0xA5, 0x63, 0xC7, 0xFB, 0x8E, 0x0E, 0x0E, 0x06, 0x86, 0x80, 0xFD, 0x0C, 0x20, 0x40,
    0x7D, 0x0A, 0x00, 0xA7, 0x0A, 0x18, 0x5E, 0x78, 0x9C, 0x53, 0x60, 0x62, 0x00, 0x02, 0x25, 0x86,
    0x87, 0xFE, 0x40, 0xAA, 0x60, 0x3F, 0x43, 0xC2, 0x7D, 0x20, 0xFD, 0xC0, 0x9E, 0x81, 0xE1, 0x0F,
    0x3B, 0x03, 0xC3, 0x37, 0x2E, 0x06, 0x86, 0xCF, 0x72, 0x0C, 0x0C, 0xFF, 0x80, 0x8A, 0x26, 0xCC,
    0x67, 0x48, 0x58, 0x0F, 0x94, 0x13, 0xF8, 0xC7, 0x74, 0x41, 0x1F, 0xA4, 0xE7, 0x1B, 0xF7, 0x37,
    0x4E, 0x10, 0x7D, 0x20, 0xFE, 0x2F, 0x23, 0x88, 0x36, 0xF8, 0xDF, 0xCF, 0x00, 0x06, 0x3F, 0xF9,
    0x20, 0xF4, 0x77, 0x76, 0x30, 0x25, 0xF0, 0x1E, 0xC2, 0x5D, 0x10, 0x0F, 0x22, 0x1B, 0x7A, 0x7E,
    0x73, 0x83, 0x79, 0xFF, 0xF7, 0x43, 0x84, 0x0D, 0xC1, 0x9A, 0x19, 0x00, 0x1C, 0x3B, 0x1B, 0xE3,
    0x78, 0x9C, 0x63, 0x60, 0x60, 0x70, 0x62, 0x64, 0x00, 0x83, 0x5F, 0x6C, 0x60, 0xCA, 0xE8, 0x8F,
    0x05, 0x48, 0xE0, 0xDA, 0xFF, 0xFF, 0xFF, 0xCF, 0x33, 0x33, 0x34, 0xFC, 0x77, 0xFF, 0x1D, 0xF1,
    0xCB, 0x9F, 0xE1, 0xB3, 0x1C, 0x50, 0x3E, 0xE1, 0x3D, 0xC3, 0x0F, 0x0E, 0x90, 0xBA, 0xBF, 0x2C,
    0xBF, 0x59, 0x41, 0xF4, 0x6F, 0xB6, 0xDF, 0x6C, 0x20, 0xFA, 0x17, 0xDB, 0x4F, 0xB0, 0xF8, 0x1F,
    0x96, 0xCF, 0x7C, 0x40, 0xDA, 0xE0, 0x3D, 0xC3, 0x86, 0xFD, 0x8C, 0xBF, 0xD8, 0x2E, 0xE7, 0x03,
    0x4D, 0xBD, 0xFF, 0xEF, 0xDD, 0x7F, 0x76, 0x06, 0x06, 0x83, 0x15, 0xFF, 0xE6, 0x88, 0x23, 0xDB,
    0x03, 0xA7, 0x15, 0x41, 0x04, 0x00, 0x0A, 0x91, 0x2B, 0x5D, 0x78, 0x9C, 0x53, 0x60, 0x62, 0x60,
    0x60, 0x10, 0x10, 0x62, 0x98, 0xB0, 0x1E, 0x48, 0x3F, 0xF0, 0x67, 0x60, 0xF8, 0xCB, 0xCA, 0xC0,
    0xF0, 0x8B, 0x93, 0x81, 0xE1, 0x93, 0x3E, 0x43, 0xC0, 0x7D, 0xA0, 0x58, 0xC2, 0x79, 0x86, 0x87,
    0xFA, 0x40, 0x9A, 0xE1, 0x17, 0xFB, 0x6F, 0x36, 0x10, 0xFD, 0x70, 0xFE, 0x7E, 0x10, 0xC5, 0x60,
    0xF0, 0x5F, 0x0E, 0x4C, 0x0B, 0xFC, 0xE3, 0x05, 0xD3, 0x1B, 0xF6, 0xCF, 0x07, 0xD3, 0xDF, 0x39,
    0xFF, 0xB0, 0x82, 0xA4, 0xEF, 0x33, 0x7C, 0x02, 0x29, 0x78, 0x68, 0xCF, 0x50, 0x00, 0xD2, 0xF0,
    0x8B, 0x83, 0x81, 0xE1, 0x0F, 0x3B, 0xC8, 0x38, 0xB0, 0xD9, 0x9F, 0x40, 0x66, 0x26, 0xDC, 0x67,
    0x00, 0x00, 0x77, 0xB5, 0x1F, 0x22, 0x78, 0x9C, 0x53, 0x60, 0x64, 0x60, 0x60, 0x50, 0x60, 0x62,
    0xF8, 0xCC, 0x0B, 0xA4, 0x3F, 0xF0, 0xD3, 0x9E, 0xDE, 0xBF, 0x7B, 0xF7, 0xEE, 0xDF, 0xFB, 0x39,
    0x3F, 0xFF, 0x07, 0x03, 0x90, 0x28, 0x10, 0x7C, 0x24, 0x40, 0x27, 0xB0, 0x02, 0x00, 0x01, 0xC3,
    0x2B, 0x34, 0x78, 0x9C, 0x53, 0x60, 0x64, 0x60, 0x60, 0x10, 0xFA, 0xC2, 0xC3, 0xC0, 0xA0, 0xF0,
    0x9E, 0x00, 0xC9, 0x0B, 0x22, 0x3F, 0xEA, 0x83, 0xC8, 0x05, 0xFF, 0xBB, 0x56, 0xFC, 0x79, 0xCF,
    0xF0, 0xF2, 0xFF, 0xFF, 0xBD, 0xEF, 0x19, 0x18, 0x14, 0x19, 0x15, 0x80, 0x24, 0x48, 0x1C, 0x93,
    0x04, 0x00, 0xFA, 0xA3, 0x1F, 0x89, 0x78, 0x9C, 0x53, 0x60, 0x64, 0x60, 0x50, 0x62, 0x60, 0x10,
    0x60, 0xFA, 0xCC, 0xCB, 0xC0, 0xF0, 0x8F, 0x91, 0x61, 0x41, 0x3C, 0x5D, 0x19, 0xFB, 0x77, 0xEF,
    0xFE, 0xBF, 0x7B, 0xF7, 0xEB, 0xF8, 0xCF, 0xFF, 0x21, 0x20, 0x1E, 0x00, 0x79, 0x0C, 0x36, 0x6E,
    0x78, 0x9C, 0x53, 0x60, 0x64, 0x60, 0x10, 0x62, 0x60, 0x50, 0x60, 0x64, 0xF8, 0xCC, 0xCB, 0xA0,
    0xF0, 0x9E, 0x81, 0xE1, 0x13, 0xDF, 0xC0, 0xB1, 0xF6, 0xEF, 0x3E, 0xFD, 0x7F, 0xF7, 0xEE, 0x3F,
    0xFB, 0x39, 0x3E, 0xFF, 0x87, 0x02, 0x1E, 0x06, 0x28, 0xF8, 0x44, 0x24, 0x2B, 0x91, 0x05, 0x00,
    0xBF, 0x14, 0x3C, 0xDC, 0x78, 0x9C, 0x53, 0x54, 0x52, 0x12, 0x62, 0x00, 0x81, 0x1F, 0xFF, 0xFF,
    0xD7, 0x83, 0x19, 0x2D, 0x1D, 0x27, 0x20, 0x0C, 0x06, 0x86, 0x09, 0xC4, 0x30, 0xEE, 0xEF, 0xDE,
    0x1D, 0x09, 0x66, 0xFC, 0x7F, 0xF7, 0xEF, 0xBF, 0x2C, 0x54, 0xEA, 0xF0, 0x79, 0x28, 0x43, 0xE0,
    0x3F, 0x13, 0x54, 0xF1, 0x5F, 0x16, 0x28, 0x03, 0x26, 0x32, 0xE1, 0x3E, 0x48, 0xCD, 0xF9, 0x55,
    0xBB, 0xFE, 0xE9, 0x81, 0xB5, 0xFF, 0xFF, 0x3F, 0x97, 0x91, 0x01, 0x00, 0x26, 0xC9, 0x25, 0xCA,
    0x78, 0x9C, 0x53, 0x60, 0x64, 0x00, 0x01, 0x05, 0xC6, 0xCF, 0xBC, 0x60, 0xC6, 0x37, 0x2E, 0xD2,
    0x18, 0xFB, 0x77, 0xEF, 0x8E, 0x04, 0x33, 0xDE, 0xBF, 0xFB, 0xF7, 0x5F, 0x16, 0x2A, 0x75, 0xF8,
    0x3C, 0x94, 0x21, 0xF0, 0x9F, 0x09, 0xAA, 0xF8, 0x2F, 0x0B, 0x94, 0xF1, 0x0F, 0x2A, 0xD2, 0x70,
    0x1F, 0xA4, 0x66, 0xFD, 0xAA, 0x5D, 0xFF, 0xEC, 0x41, 0x8C, 0xFF, 0xFF, 0xFF, 0xCF, 0x65, 0x04,
    0x32, 0x00, 0x3E, 0x9B, 0x31, 0x82, 0x78, 0x9C, 0x53, 0x60, 0x64, 0x00, 0x81, 0xCF, 0xBC, 0x44,
    0x53, 0xFB, 0x77, 0xEF, 0x8E, 0x04, 0x52, 0xEF, 0xDF, 0xFD, 0xFB, 0x2F, 0x0B, 0x16, 0x3C, 0x7C,
    0x1E, 0x4C, 0x09, 0xFC, 0x67, 0x02, 0x2B, 0xF9, 0xCB, 0x02, 0xA6, 0xFE, 0x81, 0x79, 0x0D, 0xF7,
    0x19, 0x3E, 0xAF, 0x5F, 0xB5, 0xEB, 0x9F, 0x3D, 0xC3, 0xE7, 0xFF, 0xFF, 0xFF, 0xCF, 0x65, 0x64,
    0x00, 0x00, 0xAD, 0x09, 0x22, 0x61, 0x78, 0x9C, 0x63, 0x60, 0x30, 0x74, 0x65, 0x62, 0x00, 0x82,
    0x23, 0xFF, 0xFF, 0xDF, 0x67, 0x67, 0x60, 0x28, 0xF8, 0x5F, 0x93, 0xFA, 0x73, 0x3F, 0x23, 0xC3,
    0xE7, 0x78, 0x06, 0x06, 0x81, 0x3F, 0x5C, 0x0C, 0x47, 0x39, 0x80, 0x72, 0x1F, 0xED, 0x19, 0xC0,
    0xA0, 0x61, 0x3E, 0x84, 0x36, 0xB8, 0x0F, 0xE2, 0x74, 0x74, 0xCC, 0xF8, 0x0F, 0x92, 0xFC, 0x0F,
    0x04, 0x40, 0x5A, 0x41, 0x49, 0xC9, 0xE9, 0x3D, 0x44, 0xDE, 0xE1, 0x3C, 0x43, 0x02, 0x88, 0x5E,
    0xD0, 0xCF, 0xF0, 0x0B, 0xA4, 0xFF, 0x8B, 0x3E, 0xC3, 0xC3, 0x7E, 0xA0, 0xF0, 0x7F, 0x76, 0x06,
    0x83, 0x7F, 0xF3, 0xDA, 0xFF, 0x00, 0xD9, 0x0C, 0x8D, 0xFF, 0xFE, 0xEF, 0x67, 0x01, 0x29, 0x12,
    0x50, 0x02, 0x91, 0x00, 0xA3, 0x36, 0x27, 0x30, 0x78, 0x9C, 0x53, 0x60, 0x64, 0x60, 0x60, 0x30,
    0x08, 0x61, 0x06, 0x92, 0x9F, 0x79, 0x19, 0x18, 0x1A, 0xFE, 0xFD, 0xFF, 0x2F, 0x09, 0x66, 0x0A,
    0xFC, 0xE9, 0x0B, 0xBD, 0x71, 0x9F, 0x09, 0xC4, 0xDC, 0x70, 0x1E, 0xA8, 0xE8, 0x17, 0x0F, 0x88,
    0xF9, 0x59, 0x0E, 0xA8, 0xF0, 0x42, 0x3E, 0x88, 0xF9, 0x93, 0x03, 0xC8, 0x4C, 0x38, 0x0F, 0x62,
    0xFE, 0x65, 0x01, 0x32, 0x05, 0xFE, 0x33, 0x7C, 0xDE, 0xBF, 0xFB, 0x3F, 0x13, 0x90, 0xC9, 0xF0,
    0x9F, 0xF1, 0xF3, 0xFF, 0xFF, 0xFF, 0x19, 0xC1, 0x4C, 0x26, 0xA0, 0x82, 0x7F, 0xCC, 0x60, 0x26,
    0x48, 0xED, 0x1F, 0x56, 0x20, 0x4B, 0x01, 0xCC, 0xFC, 0xC1, 0x05, 0x64, 0x16, 0xAC, 0x07, 0x31,
    0x3F, 0xD9, 0x03, 0x99, 0x0F, 0xFC, 0x41, 0xCC, 0x86, 0xF7, 0xCC, 0x0C, 0x02, 0xBF, 0xB9, 0xC0,
    0xCE, 0xF9, 0xB9, 0xBF, 0xE2, 0xD7, 0x7E, 0x88, 0xCB, 0x02, 0xFE, 0xFC, 0xBF, 0xCF, 0xC6, 0x00,
    0x05, 0x4A, 0x20, 0x02, 0x00, 0xB3, 0x39, 0x39, 0xBF, 0x78, 0x9C, 0x63, 0x60, 0x10, 0x50, 0x52,
    0x52, 0x62, 0x62, 0x38, 0xF2, 0x1F, 0x08, 0xE4, 0x13, 0xFE, 0xCF, 0xE9, 0xE8, 0xF8, 0x21, 0xFF,
    0x31, 0x9F, 0x81, 0x81, 0xE1, 0x83, 0xFC, 0x17, 0x5E, 0x08, 0xC5, 0x03, 0xA6, 0x3E, 0xC9, 0x83,
    0xA9, 0x0D, 0xE7, 0x99, 0x41, 0x94, 0xC0, 0xEF, 0xFF, 0xEF, 0xDE, 0xFD, 0x93, 0x67, 0x30, 0xF8,
    0xB7, 0x67, 0xF7, 0x6F, 0x79, 0x86, 0x80, 0xFB, 0x20, 0x41, 0x86, 0x87, 0xF6, 0x60, 0xEA, 0x17,
    0x27, 0x88, 0x0A, 0x78, 0x0F, 0xD6, 0xF0, 0x30, 0x1E, 0x4C, 0xFD, 0xE2, 0x06, 0x53, 0x00, 0xC1,
    0xFC, 0x2A, 0xAB, 0x78, 0x9C, 0x0D, 0xC8, 0xBD, 0x0D, 0x40, 0x50, 0x14, 0x80, 0xD1, 0x4F, 0x24,
    0xBC, 0xCE, 0x4B, 0x0C, 0xC0, 0x00, 0x56, 0x90, 0x28, 0xD0, 0xD2, 0xDA, 0x4E, 0x62, 0x00, 0x16,
    0x40, 0xAF, 0xB2, 0x81, 0x5A, 0x34, 0x1A, 0xF1, 0x97, 0xB8, 0x5E, 0x75, 0x92, 0x43, 0x39, 0xF5,
    0x0E, 0xF0, 0x0C, 0x5B, 0x0B, 0xC9, 0x82, 0xFE, 0x6C, 0xC2, 0x1C, 0x2E, 0xD7, 0x2C, 0xFA, 0x54,
    0xD0, 0x7C, 0x22, 0x8A, 0x52, 0xAA, 0xEC, 0x56, 0xCC, 0x05, 0x98, 0xDC, 0x3D, 0x78, 0x0D, 0x81,
    0x79, 0x45, 0x3D, 0xA6, 0xEB, 0x11, 0xA3, 0x5F, 0x89, 0x3A, 0xB1, 0xD1, 0x3E, 0x58, 0xFC, 0x86,
    0x54, 0x1E, 0xB9, 0x78, 0x9C, 0x63, 0x60, 0x80, 0x80, 0xC0, 0x1D, 0xFF, 0x98, 0x18, 0x26, 0xFE,
    0xFF, 0xBF, 0x96, 0x51, 0xE0, 0x6F, 0x14, 0x13, 0x03, 0xC3, 0x04, 0x7B, 0x90, 0xE8, 0x47, 0x36,
    0x10, 0xF9, 0xD5, 0xF1, 0xCF, 0x7D, 0x76, 0x86, 0x1F, 0xCF, 0x32, 0x5E, 0xCC, 0x67, 0x78, 0xA5,
    0xC7, 0x20, 0xF0, 0x9F, 0xE9, 0x17, 0x27, 0x03, 0xC3, 0x4F, 0xF6, 0xDF, 0x40, 0xD9, 0x6F, 0x9C,
    0xBF, 0x58, 0x81, 0x2A, 0xB8, 0x7E, 0xB0, 0x82, 0xD8, 0x5F, 0x39, 0x40, 0xE2, 0x0F, 0xF8, 0x18,
    0x04, 0xFE, 0x31, 0x25, 0x9C, 0x77, 0xBD, 0x36, 0x9F, 0x81, 0xE1, 0xD9, 0xFF, 0xF7, 0xEC, 0x40,
    0x33, 0x8C, 0x80, 0x66, 0x02, 0x00, 0x55, 0x51, 0x23, 0x74, 0x78, 0x9C, 0x5B, 0xB2, 0x6A, 0x96,
    0x05, 0xC3, 0xF7, 0x7B, 0x6F, 0xFF, 0x73, 0x7D, 0x67, 0x67, 0x78, 0x64, 0x0F, 0x24, 0x36, 0xF8,
    0x03, 0x89, 0x87, 0x72, 0xDF, 0xF7, 0x9E, 0x5E, 0xCF, 0xF4, 0x7D, 0xEF, 0xEE, 0x77, 0x1C, 0x40,
    0xEE, 0x82, 0x7A, 0x20, 0x11, 0xB0, 0x1F, 0x48, 0x34, 0xCC, 0xFF, 0x9E, 0x55, 0xF6, 0x4B, 0xFF,
    0xFB, 0xFF, 0xFF, 0x73, 0x99, 0x00, 0xB4, 0xB0, 0x1F, 0x75, 0x78, 0x9C, 0x5B, 0xB2, 0x6A, 0x15,
    0xF3, 0xF7, 0x73, 0x67, 0x58, 0xBE, 0xB3, 0x33, 0x30, 0x10, 0x83, 0x01, 0xA6, 0x74, 0x0E, 0x7D,
    0x78, 0x9C, 0x63, 0x60, 0x58, 0xB5, 0x6A, 0x15, 0x07, 0x03, 0x83, 0xC2, 0xFB, 0x33, 0x7F, 0xF8,
    0x18, 0x18, 0x02, 0xFA, 0x19, 0x3E, 0x00, 0xA9, 0x82, 0x7C, 0x30, 0xB5, 0xC0, 0x1F, 0x4C, 0x5D,
    0x90, 0x07, 0x53, 0x1F, 0x78, 0xC1, 0xD4, 0x17, 0x2E, 0x30, 0xF5, 0x93, 0x15, 0x4C, 0xFD, 0x63,
    0x04, 0x51, 0x53, 0xEF, 0xA7, 0xA5, 0x7D, 0xCB, 0x63, 0xFE, 0xF3, 0x1F, 0x04, 0xD8, 0xFF, 0x30,
    0x00, 0xC1, 0x17, 0xEC, 0x54, 0x0A, 0x88, 0x4A, 0x64, 0x02, 0x00, 0x1F, 0xE7, 0x26, 0xB8, 0x78,
    0x9C, 0x63, 0x30, 0x38, 0xB9, 0x97, 0x95, 0x81, 0xE1, 0xFB, 0xFE, 0x57, 0xFB, 0x19, 0x0C, 0xEE,
    0x33, 0x31, 0xFC, 0x66, 0x5F, 0x10, 0xCF, 0xC0, 0xF0, 0x91, 0xEF, 0x81, 0x3C, 0x03, 0xC3, 0x05,
    0xF9, 0x0F, 0xEF, 0xDF, 0xBD, 0xFB, 0x67, 0xFF, 0x61, 0xFE, 0xCC, 0x99, 0x33, 0x35, 0x3F, 0x00,
    0x45, 0x18, 0x18, 0x0E, 0xF8, 0x83, 0xC8, 0x84, 0xFD, 0x0C, 0x0C, 0x0F, 0x39, 0x18, 0xFE, 0x44,
    0x97, 0xFC, 0x63, 0x65, 0x98, 0xF8, 0xFF, 0xBF, 0x2F, 0x50, 0x4C, 0x41, 0x88, 0x81, 0x01, 0x00,
    0xF3, 0x1E, 0x1D, 0x97, 0x78, 0x9C, 0x5B, 0xC6, 0xCC, 0xB0, 0x0C, 0x84, 0x3E, 0xF1, 0x32, 0xFC,
    0x64, 0x35, 0x38, 0xCF, 0x90, 0xD0, 0x0F, 0xA4, 0x0F, 0xE8, 0x33, 0x30, 0xFC, 0x66, 0xFA, 0xC9,
    0xFA, 0x8D, 0x9D, 0x81, 0xE1, 0x23, 0xCF, 0x4F, 0xD5, 0xF3, 0x0C, 0x0C, 0x0C, 0x01, 0xF7, 0xFF,
    0xBE, 0x96, 0x07, 0xD2, 0x0B, 0xCE, 0xFF, 0xBF, 0x17, 0x0F, 0xA4, 0x3F, 0x73, 0xFF, 0x14, 0x7D,
    0x0F, 0xA4, 0xFF, 0x02, 0xD5, 0x7D, 0xE7, 0x60, 0x48, 0x98, 0x0F, 0xD4, 0x77, 0x41, 0x9F, 0xE1,
    0xA3, 0x3C, 0x90, 0x0E, 0xD8, 0xCF, 0xF0, 0x8B, 0x1D, 0x48, 0x33, 0xFC, 0x61, 0x05, 0x00, 0x9C,
    0xF0, 0x23, 0xA7, 0x78, 0x9C, 0x63, 0x58, 0x72, 0x46, 0x93, 0x21, 0xE1, 0xFD, 0xAA, 0xFF, 0xAC,
    0x0F, 0xE4, 0x18, 0x3E, 0xF3, 0x32, 0x30, 0x32, 0x7C, 0xE0, 0x63, 0x60, 0x10, 0xF8, 0xC9, 0xC9,
    0xE0, 0xF0, 0xAF, 0x96, 0x81, 0xC1, 0xE0, 0xF5, 0x79, 0x26, 0x06, 0x06, 0x86, 0x6F, 0x40, 0x31,
    0x86, 0x0B, 0xF6, 0x87, 0xD9, 0x19, 0x1E, 0xE8, 0x3F, 0xE8, 0x77, 0xF9, 0xCD, 0xA3, 0xF0, 0xFB,
    0xFF, 0x7C, 0x46, 0x06, 0x01, 0x25, 0x06, 0x06, 0x00, 0xE9, 0xA6, 0x15, 0xDF, 0x78, 0x9C, 0x5B,
    0xC2, 0xCC, 0x10, 0x50, 0xF5, 0x9D, 0x8D, 0xE1, 0xE1, 0x79, 0x20, 0xF1, 0x13, 0x48, 0x28, 0xF4,
    0x03, 0x89, 0x0D, 0x72, 0x40, 0xE2, 0x8B, 0x28, 0x90, 0x38, 0x2B, 0x70, 0xFE, 0x7B, 0x99, 0x3D,
    0x90, 0xF8, 0xC6, 0x09, 0x24, 0xFE, 0x32, 0x02, 0x89, 0x7A, 0x06, 0x20, 0xC1, 0x0B, 0x24, 0x00,
    0x8A, 0x5A, 0x1D, 0xE3, 0x78, 0x9C, 0x33, 0x60, 0x65, 0x30, 0x60, 0x9D, 0xA0, 0xCF, 0x70, 0x81,
    0xDF, 0xE1, 0xBC, 0xC9, 0x4F, 0x4E, 0x86, 0xAB, 0xFF, 0xFB, 0x18, 0x18, 0x18, 0x04, 0x18, 0x18,
    0x96, 0x30, 0x33, 0x04, 0x54, 0x7D, 0x67, 0x63, 0x78, 0x78, 0x1E, 0x48, 0xFC, 0x04, 0x12, 0x0A,
    0xFD, 0x40, 0x62, 0x83, 0x1C, 0x90, 0xF8, 0x22, 0x0A, 0x24, 0xCE, 0x0A, 0x9C, 0xFF, 0x5E, 0x66,
    0x0F, 0x24, 0xBE, 0x71, 0x02, 0x89, 0xBF, 0x8C, 0x40, 0xA2, 0x9E, 0x01, 0x48, 0xF0, 0x02, 0x09,
    0x00, 0x77, 0xCF, 0x24, 0xA2, 0x78, 0x9C, 0x5B, 0xCA, 0xC2, 0xB0, 0x94, 0xE5, 0x07, 0x9B, 0xC0,
    0x7D, 0x86, 0x1F, 0x6C, 0x1B, 0xEC, 0x81, 0xC4, 0x57, 0x0E, 0x86, 0x1F, 0x62, 0xF7, 0x18, 0x18,
    0x7E, 0xBC, 0xD1, 0x07, 0x12, 0xF7, 0xEA, 0x81, 0x04, 0xDB, 0x3F, 0x46, 0x20, 0xF1, 0x8D, 0x0B,
    0x48, 0x1C, 0x00, 0x29, 0x71, 0x00, 0x29, 0x66, 0xF8, 0xCD, 0x06, 0x00, 0xCA, 0x5F, 0x17, 0x90,
    0x78, 0x9C, 0x63, 0x70, 0x58, 0xB5, 0x6A, 0x95, 0x15, 0x43, 0xC3, 0xFD, 0x33, 0x6F, 0xE2, 0x19,
    0x36, 0xD8, 0x33, 0x2C, 0x88, 0x67, 0xB8, 0x20, 0x0F, 0x22, 0x3F, 0xF0, 0x83, 0xC8, 0x8F, 0x3C,
    0x20, 0xF2, 0x33, 0x17, 0x88, 0xFC, 0xC6, 0x0E, 0x22, 0x7F, 0xB1, 0x80, 0xC8, 0x7F, 0x0C, 0x40,
    0x72, 0xF2, 0x7A, 0x10, 0xF9, 0x4F, 0x16, 0x44, 0x2A, 0x31, 0x80, 0x00, 0x00, 0x7A, 0xBD, 0x1A,
    0x34, 0x78, 0x9C, 0x5B, 0x92, 0xC5, 0xC0, 0x60, 0xB0, 0x8A, 0xED, 0xFB, 0x7B, 0x06, 0x86, 0x05,
    0xFF, 0x39, 0xBF, 0xFF, 0x61, 0x66, 0xF8, 0xF0, 0x87, 0xF3, 0xFB, 0x77, 0x4E, 0x86, 0xAF, 0x3F,
    0x38, 0xBF, 0x6F, 0xE3, 0x63, 0x78, 0xF5, 0x85, 0xF3, 0x7B, 0x9A, 0x3D, 0xC3, 0x7C, 0x20, 0x25,
    0xD6, 0x1F, 0xE0, 0x0F, 0xA4, 0xD8, 0x5E, 0x2F, 0xE0, 0x03, 0x51, 0xDF, 0x1E, 0x73, 0x82, 0xA8,
    0x8F, 0x3F, 0x59, 0x40, 0xD4, 0x86, 0xF7, 0x0C, 0x20, 0x2A, 0x60, 0x3E, 0x90, 0x02, 0x00, 0xC7,
    0xF2, 0x29, 0x40, 0x78, 0x9C, 0x5B, 0xC2, 0xC2, 0x60, 0x90, 0xF5, 0x9D, 0x9D, 0x21, 0x60, 0x3D,
    0x3A, 0xB1, 0x77, 0xF7, 0x69, 0x28, 0x81, 0x4D, 0x16, 0x44, 0x00, 0x00, 0x26, 0xC8, 0x1A, 0xFA,
    0x78, 0x9C, 0x63, 0x70, 0x38, 0xB5, 0x97, 0x8D, 0x81, 0xE1, 0xE7, 0xBA, 0x5B, 0xE7, 0x19, 0x1D,
    0xEE, 0x33, 0x32, 0xFC, 0xE4, 0xDC, 0x10, 0xCF, 0xC0, 0xF0, 0x91, 0xFF, 0x83, 0x3C, 0x03, 0xC3,
    0x05, 0xFD, 0x0F, 0xFC, 0x0C, 0x0C, 0x1B, 0xFC, 0x11, 0xE4, 0x01, 0xFB, 0x03, 0xF6, 0x0C, 0x0C,
    0x1F, 0xF8, 0x0B, 0xD6, 0x33, 0x30, 0x7C, 0xE3, 0x66, 0xF8, 0xEB, 0xD5, 0xF2, 0x9F, 0x89, 0x61,
    0xE1, 0xFF, 0xFF, 0xDA, 0x0C, 0x0C, 0x0C, 0x0A, 0xC2, 0x0C, 0x0C, 0x00, 0x73, 0xF3, 0x1B, 0x3F,
    0x78, 0x9C, 0x5B, 0xB2, 0x6A, 0xD5, 0x2A, 0xAB, 0xEF, 0xE7, 0xCE, 0xBC, 0xC9, 0xFF, 0xCE, 0xCE,
    0xD0, 0x40, 0x1A, 0x01, 0x00, 0x68, 0xDC, 0x1A, 0x0B, 0x78, 0x9C, 0x5B, 0xAA, 0x7C, 0x72, 0x0E,
    0x13, 0xC3, 0x8F, 0xE7, 0x7B, 0xFF, 0xEA, 0x33, 0xFC, 0xA8, 0x67, 0x98, 0xB0, 0x9F, 0xE1, 0x07,
    0x2F, 0x83, 0xC0, 0x7F, 0x86, 0x1F, 0x9C, 0x0C, 0x0C, 0x7F, 0x99, 0x7F, 0xB0, 0x33, 0x30, 0xFC,
    0x66, 0xF9, 0xC1, 0x06, 0x26, 0x81, 0xEC, 0x3F, 0xCC, 0x3F, 0xB8, 0x18, 0x18, 0xFE, 0x31, 0xFE,
    0x90, 0x67, 0x70, 0x38, 0xCF, 0xF0, 0xE3, 0x8E, 0xE9, 0xB3, 0x78, 0x86, 0x1F, 0x65, 0xFF, 0xFF,
    0xB3, 0x31, 0xFC, 0x60, 0x53, 0x60, 0x62, 0x60, 0x00, 0xA9, 0x44, 0x25, 0xA7, 0x30, 0x83, 0x48,
    0x00, 0x17, 0xA4, 0x22, 0x64, 0x78, 0x9C, 0x63, 0x70, 0x38, 0x35, 0x87, 0x89, 0x81, 0xE1, 0xC7,
    0xBE, 0x3F, 0xFE, 0x0C, 0x0E, 0xE7, 0x19, 0x1C, 0xDE, 0x33, 0x6C, 0xF0, 0x67, 0x60, 0xD8, 0xC9,
    0xF4, 0x40, 0x9E, 0x01, 0x08, 0x3E, 0xF0, 0xA3, 0x93, 0x07, 0xEC, 0x19, 0x18, 0x5A, 0x99, 0x0A,
    0xD6, 0x33, 0x30, 0xFC, 0x63, 0x62, 0xF8, 0x1B, 0x75, 0x6C, 0x3E, 0x03, 0xC3, 0xC2, 0xFF, 0xFF,
    0x39, 0x80, 0x32, 0x0A, 0x40, 0x63, 0x00, 0x94, 0x90, 0x15, 0xC8, 0x78, 0x9C, 0x5B, 0xB6, 0x6A,
    0xD5, 0xAA, 0xAA, 0xE3, 0x67, 0xFE, 0x9F, 0xE9, 0x61, 0x60, 0xF8, 0xC7, 0xC0, 0x40, 0x12, 0x01,
    0x00, 0x82, 0x68, 0x10, 0xF5, 0x78, 0x9C, 0x5B, 0xC1, 0xC4, 0xC0, 0xB0, 0x90, 0xE3, 0x07, 0x07,
    0x03, 0xC3, 0x77, 0x8E, 0x8F, 0x7C, 0x0C, 0x0C, 0x7F, 0x99, 0x36, 0xF8, 0x33, 0x28, 0x9C, 0x67,
    0x08, 0x58, 0xCF, 0xD0, 0x10, 0xCF, 0xC0, 0xF0, 0x8F, 0xF1, 0x02, 0x3F, 0x03, 0xC3, 0x0F, 0xF6,
    0x4F, 0x9C, 0x0C, 0x0C, 0x9F, 0x78, 0x7F, 0x30, 0x33, 0x30, 0x6C, 0xD0, 0xBF, 0xC7, 0xC0, 0xC0,
    0x10, 0xB0, 0xBF, 0x1E, 0x48, 0x32, 0xFC, 0x93, 0x07, 0x91, 0x3F, 0xB8, 0xC0, 0x24, 0x0B, 0x90,
    0x10, 0xB8, 0x0F, 0x62, 0x1E, 0xF2, 0x07, 0x12, 0x5F, 0xFE, 0xB3, 0x03, 0xC9, 0x26, 0x0B, 0x90,
    0x00, 0x00, 0xDC, 0xD4, 0x1A, 0x09, 0x78, 0x9C, 0x63, 0x60, 0x60, 0x60, 0x78, 0xCB, 0x00, 0x05,
    0xFF, 0x70, 0x30, 0x26, 0x9E, 0x61, 0xFF, 0x9B, 0x70, 0x5A, 0x93, 0x81, 0xE1, 0xEF, 0x9C, 0xBD,
    0x6F, 0x5F, 0xDC, 0x7E, 0xCF, 0x58, 0xB0, 0x9F, 0x61, 0xC3, 0x7F, 0x1E, 0x86, 0x5F, 0x9C, 0x07,
    0xEC, 0x19, 0x0C, 0xFE, 0xB3, 0x30, 0x7C, 0xE2, 0xFB, 0xC0, 0xCF, 0xC0, 0xF0, 0x9F, 0x91, 0xE1,
    0x83, 0x3C, 0x88, 0x01, 0xD4, 0xF5, 0x40, 0xFF, 0x23, 0x84, 0x71, 0x41, 0x1F, 0x2C, 0x05, 0x14,
    0x91, 0x7F, 0xA0, 0xCF, 0x20, 0xF0, 0x9F, 0x89, 0xE1, 0x23, 0xFF, 0x82, 0x7A, 0x86, 0x82, 0xFF,
    0x1C, 0x0C, 0xDF, 0xB8, 0x0D, 0xFE, 0xBB, 0xDF, 0x78, 0xDB, 0x9B, 0x0C, 0x34, 0xE1, 0xDB, 0x7F,
    0xDB, 0xBF, 0x97, 0xFE, 0xE7, 0x03, 0x2D, 0x53, 0x02, 0xEA, 0x32, 0xC2, 0xEF, 0x1E, 0x20, 0x68,
    0x07, 0x11, 0x00, 0xF1, 0x03, 0x36, 0xED, 0x78, 0x9C, 0x5B, 0xCC, 0xCE, 0xC0, 0xB0, 0x82, 0xE9,
    0x80, 0x3F, 0x43, 0xC0, 0x7E, 0x06, 0x85, 0xF7, 0x0C, 0x0F, 0xE5, 0x18, 0x18, 0xBE, 0x71, 0xFE,
    0x62, 0x65, 0x60, 0x58, 0x50, 0xBF, 0x9E, 0x81, 0x81, 0x41, 0xE0, 0x1F, 0x2F, 0x90, 0x64, 0x00,
    0x93, 0x0B, 0xE6, 0xCF, 0x07, 0x92, 0x5F, 0xB9, 0x80, 0xB2, 0x02, 0xEF, 0x18, 0x81, 0x2A, 0x37,
    0xC4, 0x33, 0x24, 0xEC, 0x67, 0xF8, 0xC6, 0xC5, 0xC0, 0xF0, 0x9B, 0x0D, 0x00, 0x03, 0xC4, 0x15,
    0x7C, 0x78, 0x9C, 0x5B, 0xC2, 0xC2, 0xE0, 0x10, 0xC5, 0xF0, 0x9D, 0x9D, 0x21, 0xA1, 0x9F, 0x74,
    0x32, 0x2B, 0x6D, 0xD9, 0x7E, 0xB6, 0xEF, 0xFF, 0x81, 0x40, 0x9E, 0x01, 0x08, 0x16, 0xE0, 0x20,
    0x1D, 0xD8, 0x00, 0x9E, 0xFC, 0x1E, 0x1E, 0x78, 0x9C, 0x5B, 0xC6, 0xC4, 0xB0, 0x80, 0xF3, 0x37,
    0x0B, 0xC3, 0x07, 0x3E, 0x04, 0xF1, 0x0B, 0x44, 0xFC, 0x64, 0x03, 0x12, 0x5F, 0xD6, 0xEF, 0xFC,
    0xC7, 0x97, 0xF0, 0x76, 0xEE, 0x67, 0x3E, 0x06, 0x06, 0x20, 0x17, 0x8D, 0x00, 0x00, 0xC7, 0x5B,
    0x15, 0x8D, 0x78, 0x9C, 0x5B, 0xC2, 0xC2, 0xB0, 0x90, 0x9D, 0xA1, 0x41, 0xEA, 0x3B, 0x3B, 0xC3,
    0x27, 0x1E, 0x86, 0x0B, 0xFA, 0x14, 0xD3, 0x59, 0x69, 0xDF, 0xF3, 0xD2, 0x9E, 0xE9, 0x7F, 0xFF,
    0x0F, 0x06, 0xFA, 0x00, 0x9C, 0xC1, 0x28, 0x85, 0x78, 0x9C, 0x5B, 0xC2, 0xC2, 0xB0, 0x90, 0x9D,
    0x61, 0x02, 0x17, 0xC3, 0x77, 0x76, 0x86, 0xCF, 0x3C, 0x0C, 0x0F, 0xF8, 0xA9, 0xC7, 0xC8, 0x4A,
    0xFB, 0x91, 0x9B, 0xF6, 0x2D, 0x9F, 0xF9, 0xFB, 0x7F, 0x08, 0xE0, 0x64, 0x80, 0x80, 0x4F, 0x44,
    0x30, 0x12, 0x98, 0x01, 0x06, 0x1A, 0x2D, 0x79, 0x78, 0x9C, 0x5B, 0xBA, 0x6A, 0x16, 0x03, 0x10,
    0x1C, 0x3B, 0xF3, 0x9F, 0x01, 0x0C, 0xB0, 0x53, 0xBB, 0x57, 0x8B, 0x81, 0xA8, 0x55, 0xB7, 0xDE,
    0x33, 0x81, 0x05, 0x7F, 0x70, 0x81, 0xA9, 0x2F, 0xBC, 0x60, 0xEA, 0x3B, 0x37, 0x90, 0x0A, 0x9D,
    0xF6, 0x9F, 0x05, 0x48, 0xFD, 0x7F, 0x6F, 0xC5, 0x00, 0x00, 0xCD, 0x2B, 0x19, 0x7D, 0x78, 0x9C,
    0x5B, 0xC2, 0xC2, 0xC0, 0xC0, 0x90, 0xA0, 0xF5, 0x9D, 0x1D, 0x48, 0x2D, 0xF0, 0xC7, 0x4E, 0xED,
    0x5D, 0xED, 0x01, 0xA2, 0xD6, 0xEC, 0xFA, 0xCF, 0x05, 0x16, 0x7C, 0x68, 0x0F, 0xA6, 0x36, 0xC4,
    0x83, 0xA9, 0x07, 0x20, 0x5E, 0x54, 0xE9, 0x1F, 0x1E, 0x20, 0xF5, 0xFF, 0x7D, 0x0D, 0x50, 0x25,
    0x00, 0xC6, 0x3C, 0x21, 0xF4, 0x78, 0x9C, 0x5B, 0xC2, 0xC2, 0xC0, 0xC0, 0xF0, 0x9D, 0x1D, 0x0B,
    0xB1, 0x77, 0x75, 0x24, 0xC3, 0xF7, 0x35, 0xBB, 0xFE, 0xF1, 0x00, 0xB9, 0x07, 0xF2, 0x81, 0x44,
    0x43, 0x3F, 0x90, 0xD8, 0x90, 0xFF, 0x3D, 0x2A, 0xF5, 0xB7, 0xDC, 0xF7, 0xFF, 0xFF, 0x7B, 0x19,
    0x01, 0x38, 0xE3, 0x17, 0x69, 0x78, 0x9C, 0x63, 0x98, 0x74, 0x3B, 0x9A, 0x81, 0xC1, 0xE1, 0xFF,
    0xEA, 0xBF, 0xDC, 0x0C, 0x0F, 0xEC, 0x19, 0x16, 0xD4, 0x33, 0x2C, 0xE2, 0x60, 0x10, 0x78, 0xCF,
    0x00, 0x02, 0x7F, 0x99, 0x18, 0x04, 0x66, 0xCE, 0xFC, 0xC7, 0xC2, 0xA0, 0x70, 0xF7, 0xEE, 0x7F,
    0x16, 0xB0, 0x08, 0x73, 0x11, 0x90, 0xFE, 0xCF, 0xF0, 0x89, 0x8F, 0xA1, 0x60, 0x3D, 0xC3, 0x82,
    0xF3, 0xAE, 0x3F, 0xF5, 0x18, 0x18, 0x7E, 0xFC, 0xDF, 0xCF, 0x04, 0x94, 0x33, 0x62, 0x64, 0x60,
    0x00, 0x00, 0x0E, 0x91, 0x19, 0x1C, 0x78, 0x9C, 0x5B, 0xC2, 0xC2, 0x90, 0x70, 0x7B, 0x0E, 0x13,
    0xC3, 0x77, 0x76, 0x86, 0xDF, 0x6B, 0x7F, 0xFB, 0x03, 0xE9, 0x82, 0xFD, 0x0C, 0x0E, 0xF7, 0x81,
    0xF4, 0x05, 0x7B, 0x06, 0x86, 0x3F, 0x2C, 0xDF, 0xD9, 0x3F, 0xF0, 0x33, 0x30, 0xFC, 0x64, 0xFF,
    0xBE, 0xF7, 0x37, 0x1F, 0x03, 0xC3, 0x77, 0x0E, 0x20, 0xCD, 0x0B, 0xA6, 0xD9, 0x3F, 0x02, 0xF9,
    0x3F, 0xD8, 0xBF, 0xB3, 0x3F, 0x90, 0x67, 0x60, 0xF8, 0xCD, 0xFA, 0x9D, 0x7D, 0x42, 0x3D, 0x83,
    0xC0, 0x7F, 0xA0, 0x3E, 0x81, 0x7F, 0xE6, 0x57, 0xEB, 0x41, 0xE6, 0x1D, 0xFA, 0xFF, 0x9E, 0x8D,
    0x01, 0x04, 0x0C, 0x99, 0x18, 0x18, 0x00, 0xB9, 0xAE, 0x27, 0xD2, 0x78, 0x9C, 0x63, 0x08, 0x98,
    0xB1, 0x6A, 0x15, 0xB3, 0xC0, 0xDF, 0x73, 0xBB, 0xFF, 0xB1, 0x4D, 0xD8, 0xCF, 0xC0, 0xF0, 0x83,
    0xED, 0x80, 0x3F, 0x88, 0x5C, 0x90, 0x0F, 0x22, 0x1D, 0xDE, 0xBB, 0xBB, 0xFC, 0x62, 0x63, 0x38,
    0xFA, 0xFF, 0xFF, 0x7F, 0x36, 0x86, 0x86, 0x7A, 0xC1, 0x9F, 0x6C, 0x0C, 0x5F, 0x78, 0x80, 0xE2,
    0x02, 0xFF, 0x98, 0x80, 0xE4, 0x06, 0xB0, 0x9A, 0xEF, 0xDC, 0x20, 0x12, 0x00, 0x58, 0xD0, 0x1C,
    0xFB, 0x78, 0x9C, 0x63, 0x50, 0x10, 0x66, 0x00, 0x02, 0x87, 0xF7, 0x8C, 0x20, 0xEA, 0x31, 0x0F,
    0x88, 0x14, 0xE8, 0x61, 0x00, 0x53, 0x40, 0x6C, 0x70, 0x72, 0x2F, 0x2B, 0x03, 0xC3, 0xF7, 0xFD,
    0xAF, 0xF6, 0x33, 0x18, 0xDC, 0x67, 0x62, 0xF8, 0xCD, 0xBE, 0x20, 0x9E, 0x81, 0xE1, 0x23, 0xDF,
    0x03, 0x79, 0x06, 0x86, 0x0B, 0xF2, 0x1F, 0xDE, 0xBF, 0x7B, 0xF7, 0xCF, 0xFE, 0xC3, 0xFC, 0x99,
    0x33, 0x67, 0x6A, 0x7E, 0x90, 0x07, 0x69, 0x39, 0xE0, 0x0F, 0x22, 0x13, 0xF6, 0x33, 0x30, 0x3C,
    0xE4, 0x60, 0xF8, 0x13, 0x5D, 0xF2, 0x8F, 0x95, 0x61, 0xE2, 0xFF, 0xFF, 0xBE, 0x40, 0x31, 0x05,
    0x21, 0x06, 0x06, 0x00, 0x11, 0x71, 0x20, 0x95, 0x78, 0x9C, 0x63, 0x10, 0x60, 0x64, 0x60, 0x64,
    0x60, 0xB8, 0xC0, 0x37, 0x41, 0x9F, 0x81, 0xE1, 0x00, 0x6F, 0x83, 0x1E, 0x03, 0x14, 0x18, 0x9C,
    0xDC, 0xCB, 0xCA, 0xC0, 0xF0, 0x7D, 0xFF, 0xAB, 0xFD, 0x0C, 0x06, 0xF7, 0x99, 0x18, 0x7E, 0xB3,
    0x2F, 0x88, 0x67, 0x60, 0xF8, 0xC8, 0xF7, 0x40, 0x1E, 0xA8, 0x58, 0xFE, 0xC3, 0xFB, 0x77, 0xEF,
    0xFE, 0xD9, 0x7F, 0x98, 0x3F, 0x73, 0xE6, 0x4C, 0xCD, 0x0F, 0xF2, 0x20, 0xE5, 0x07, 0xFC, 0x41,
    0x64, 0xC2, 0x7E, 0x06, 0x86, 0x87, 0x1C, 0x0C, 0x7F, 0xA2, 0x4B, 0xFE, 0xB1, 0x32, 0x4C, 0xFC,
    0xFF, 0xDF, 0x17, 0x28, 0xA6, 0x20, 0xC4, 0xC0, 0x00, 0x00, 0x14, 0x1E, 0x20, 0xC1, 0x78, 0x9C,
    0x2B, 0xC8, 0x67, 0x00, 0x82, 0xA5, 0xEB, 0x43, 0x99, 0x19, 0x18, 0xFE, 0xFD, 0xFF, 0xCF, 0xCD,
    0xC0, 0x50, 0x50, 0x0F, 0x12, 0x29, 0xA8, 0x17, 0x00, 0x0A, 0x15, 0xE4, 0xFF, 0xF8, 0xBF, 0x9F,
    0xA1, 0xE0, 0xBC, 0xAF, 0xE3, 0x5F, 0xF6, 0x82, 0xFF, 0x8C, 0x0C, 0x5F, 0xB9, 0x0B, 0xE6, 0x33,
    0x30, 0x7C, 0xE6, 0x01, 0xA9, 0xF9, 0xC4, 0x4B, 0x0C, 0x09, 0x32, 0x0B, 0x4A, 0xF2, 0x80, 0xC8,
    0xEF, 0x5C, 0x20, 0xE6, 0x7F, 0x16, 0x20, 0xD9, 0x68, 0xC1, 0x00, 0x00, 0x28, 0xF0, 0x25, 0xEB,
    0x78, 0x9C, 0x63, 0x60, 0x30, 0x62, 0x62, 0x50, 0x78, 0xCF, 0xC2, 0x70, 0x40, 0x97, 0x81, 0x61,
    0x27, 0x23, 0x03, 0x03, 0x10, 0x2D, 0x59, 0xB5, 0x8A, 0xF9, 0xFB, 0xB9, 0x33, 0x2C, 0xDF, 0xD9,
    0x19, 0x18, 0x88, 0xC1, 0x00, 0x55, 0x4D, 0x11, 0x6C, 0x78, 0x9C, 0x63, 0x70, 0x38, 0xB5, 0x86,
    0x99, 0x81, 0xE1, 0xC7, 0xBA, 0x57, 0xF5, 0x0C, 0x0E, 0xE7, 0x19, 0x05, 0xFE, 0x31, 0x2D, 0xF0,
    0x67, 0x60, 0x58, 0xCA, 0xF2, 0x80, 0x9F, 0x01, 0x08, 0x3E, 0xCC, 0x9F, 0x69, 0x09, 0x24, 0xEF,
    0xDF, 0x8D, 0x05, 0x92, 0x60, 0x91, 0x03, 0xF6, 0x0C, 0x0C, 0xC5, 0xCC, 0x05, 0xEB, 0x19, 0x18,
    0x7E, 0xB1, 0x31, 0xFC, 0x8D, 0x5A, 0x72, 0x9F, 0x81, 0x61, 0xE1, 0xFF, 0xFF, 0x52, 0x40, 0x19,
    0x05, 0x26, 0x06, 0x06, 0x00, 0x1C, 0xF2, 0x19, 0x22, 0x78, 0x9C, 0x63, 0x68, 0x3A, 0xDD, 0xCD,
    0xC4, 0xE0, 0xF0, 0x7F, 0xCD, 0x1F, 0x7B, 0x86, 0x03, 0xF6, 0x0C, 0x06, 0xE7, 0x19, 0x1E, 0xF0,
    0x33, 0x30, 0x08, 0x31, 0x6C, 0x58, 0xCF, 0xCC, 0xC0, 0xC0, 0x20, 0xF0, 0xE7, 0x7D, 0x14, 0x90,
    0x72, 0x78, 0xF9, 0xDF, 0x0E, 0x48, 0x31, 0x4C, 0x7A, 0x0F, 0x22, 0x19, 0xFE, 0x30, 0x3D, 0xE2,
    0x64, 0x60, 0xF8, 0xCB, 0x78, 0x60, 0xBD, 0xEB, 0xD6, 0xFD, 0x0C, 0x02, 0xBF, 0xFE, 0xBF, 0xE7,
    0x00, 0x8A, 0x1A, 0x31, 0x32, 0x30, 0x00, 0x00, 0xFF, 0x4D, 0x18, 0xE0, 0x78, 0x9C, 0xFB, 0xCE,
    0xF6, 0x9C, 0x95, 0x01, 0x08, 0x96, 0xB2, 0xFC, 0x60, 0xC3, 0x06, 0x01, 0xCD, 0xE7, 0x0D, 0x7D,
    0x78, 0x9C, 0x13, 0x60, 0x10, 0x60, 0xFC, 0xC8, 0x7D, 0x81, 0xEF, 0x21, 0xE7, 0x01, 0x5E, 0x06,
    0x10, 0x98, 0xC0, 0xC5, 0xC0, 0xF0, 0x80, 0x9F, 0x68, 0x0C, 0x00, 0xDB, 0xD1, 0x0E, 0x92, 0x78,
    0x9C, 0x63, 0xF8, 0xCE, 0xC6, 0xF0, 0x9C, 0x95, 0x01, 0x02, 0x96, 0xB2, 0x30, 0xFC, 0x60, 0x23,
    0x0A, 0xFD, 0x61, 0xF9, 0x71, 0x9F, 0xA1, 0x45, 0x9C, 0x01, 0x00, 0x1E, 0x9B, 0x12, 0xEB, 0x78,
    0x9C, 0x63, 0x70, 0x58, 0xB5, 0x6A, 0x55, 0x15, 0x03, 0x08, 0x34, 0xDC, 0x3F, 0x73, 0x67, 0x3F,
    0x98, 0xB5, 0xC1, 0x9E, 0xC1, 0x01, 0xC2, 0xBA, 0x20, 0x0F, 0x63, 0x7D, 0xE0, 0x87, 0xB1, 0x3E,
    0xF2, 0x30, 0x38, 0xBC, 0xDF, 0xBD, 0x5A, 0x9D, 0x81, 0xE1, 0x0B, 0x17, 0x90, 0xB5, 0xEA, 0xD4,
    0x7F, 0x56, 0x86, 0x6F, 0xEC, 0x60, 0xD9, 0xAF, 0xBC, 0x0C, 0xBF, 0x58, 0xC0, 0xAC, 0x8F, 0xFC,
    0x0C, 0xFF, 0x18, 0xC0, 0xAC, 0x2F, 0x7C, 0x93, 0xD7, 0x03, 0x59, 0xE7, 0x43, 0xDB, 0xFE, 0xB1,
    0xFD, 0x93, 0x05, 0xB2, 0xFE, 0xFF, 0x7F, 0xEF, 0xCD, 0xA0, 0xC4, 0x00, 0x03, 0x00, 0xD8, 0xC6,
    0x26, 0x96, 0x78, 0x9C, 0x5B, 0xC2, 0xC2, 0xD0, 0xC0, 0xC5, 0xC0, 0xC0, 0xF0, 0x9D, 0x9D, 0xE1,
    0x81, 0x3C, 0x3E, 0x7A, 0xEF, 0xEE, 0xDF, 0xFB, 0x77, 0x57, 0x31, 0x82, 0xE8, 0xF5, 0xAB, 0xFE,
    0xF8, 0x43, 0xC4, 0x13, 0xCE, 0x43, 0x68, 0x85, 0xFF, 0x10, 0x3A, 0xE0, 0x3E, 0x88, 0xCE, 0x4F,
    0xFD, 0x11, 0x0F, 0xA2, 0xFF, 0xFF, 0xDF, 0xC7, 0x02, 0x00, 0x43, 0x36, 0x26, 0xAF, 0x78, 0x9C,
    0x2B, 0xC8, 0x67, 0x00, 0x82, 0xA5, 0xEB, 0x43, 0x99, 0x19, 0x18, 0xFE, 0xFD, 0xFF, 0xCF, 0xCD,
    0xC0, 0x50, 0x50, 0x0F, 0x12, 0x29, 0xA8, 0x17, 0x00, 0x0A, 0x15, 0xE4, 0xFF, 0xF8, 0xBF, 0x9F,
    0xA1, 0xE0, 0xBC, 0xAF, 0xE3, 0x5F, 0xF6, 0x82, 0xFF, 0x8C, 0x0C, 0x5F, 0xB9, 0x0B, 0xE6, 0x33,
    0x30, 0x7C, 0xE6, 0x01, 0xA9, 0xF9, 0xC4, 0x4B, 0x0C, 0x09, 0x00, 0x13, 0x20, 0x20, 0x3F, 0x78,
    0x9C, 0x63, 0x60, 0x10, 0x50, 0x66, 0x60, 0x60, 0x78, 0x18, 0x0F, 0x24, 0x5E, 0x33, 0x33, 0x30,
    0x14, 0xC8, 0x00, 0x19, 0x02, 0x40, 0xBC, 0x94, 0x05, 0x88, 0x7E, 0xB0, 0x09, 0xDC, 0x67, 0xF8,
    0xC1, 0xB6, 0xC1, 0x1E, 0x48, 0x7C, 0xE5, 0x60, 0xF8, 0x21, 0x76, 0x8F, 0x81, 0xE1, 0xC7, 0x1B,
    0x7D, 0x20, 0x71, 0xAF, 0x1E, 0x48, 0xB0, 0xFD, 0x63, 0x04, 0x12, 0xDF, 0xB8, 0x80, 0xC4, 0x01,
    0x90, 0x12, 0x07, 0x90, 0x62, 0x86, 0xDF, 0x6C, 0x00, 0xA9, 0x89, 0x1A, 0x8D, 0x78, 0x9C, 0x63,
    0x30, 0x66, 0x00, 0x82, 0x1F, 0xDC, 0x40, 0x22, 0xA1, 0x1E, 0xC4, 0x7C, 0xC2, 0xCC, 0x00, 0x06,
    0x4B, 0x98, 0x19, 0x02, 0xAA, 0xBE, 0xB3, 0x31, 0x3C, 0x3C, 0x0F, 0x24, 0x7E, 0x02, 0x09, 0x85,
    0x7E, 0x20, 0xB1, 0x41, 0x0E, 0x48, 0x7C, 0x11, 0x05, 0x12, 0x67, 0x05, 0xCE, 0x7F, 0x2F, 0xB3,
    0x07, 0x12, 0xDF, 0x38, 0x81, 0xC4, 0x5F, 0x46, 0x20, 0x51, 0xCF, 0x00, 0x24, 0x78, 0x81, 0x04,
    0x00, 0x68, 0x70, 0x20, 0xDF, 0x78, 0x9C, 0x13, 0x50, 0x65, 0x10, 0x50, 0x65, 0x50, 0x58, 0xCF,
    0x90, 0x90, 0xCF, 0xC0, 0xF0, 0xC7, 0xFC, 0xA9, 0x1C, 0x03, 0xC3, 0xC2, 0xFF, 0xE7, 0x99, 0x19,
    0x18, 0x18, 0x04, 0x80, 0x78, 0x05, 0x13, 0x90, 0xCB, 0xF1, 0x83, 0x83, 0x81, 0xE1, 0x3B, 0xC7,
    0x47, 0x3E, 0x06, 0x86, 0xBF, 0x4C, 0x1B, 0xFC, 0x19, 0x14, 0xCE, 0x33, 0x04, 0xAC, 0x67, 0x68,
    0x88, 0x67, 0x60, 0xF8, 0xC7, 0x78, 0x81, 0x9F, 0x81, 0xE1, 0x07, 0xFB, 0x27, 0x4E, 0x06, 0x86,
    0x4F, 0xBC, 0x3F, 0x80, 0xBA, 0x36, 0xE8, 0xDF, 0x03, 0x6A, 0x0B, 0xD8, 0x5F, 0x0F, 0x24, 0x19,
    0xFE, 0xC9, 0x83, 0xC8, 0x1F, 0x5C, 0x60, 0x92, 0x05, 0x64, 0xE4, 0x7D, 0x10, 0xF3, 0x90, 0x3F,
    0x90, 0xF8, 0xF2, 0x9F, 0x1D, 0x48, 0x36, 0x59, 0x80, 0x04, 0x00, 0xF8, 0x22, 0x20, 0xC9, 0x78,
    0x9C, 0x5B, 0xC2, 0xC2, 0x60, 0x90, 0xF5, 0x9D, 0x9D, 0x21, 0x60, 0x3D, 0xD1, 0x44, 0x56, 0xDA,
    0xB4, 0xF5, 0xDF, 0xFF, 0xFF, 0xFF, 0xBF, 0x9E, 0x81, 0xE1, 0x0F, 0x03, 0x03, 0x06, 0x11, 0xC2,
    0xC0, 0x00, 0x00, 0x9F, 0x07, 0x1F, 0x1B, 0x78, 0x9C, 0xDB, 0xB0, 0x7B, 0x37, 0xF3, 0x87, 0xFF,
    0xFF, 0x59, 0x19, 0x80, 0x00, 0x00, 0x2C, 0x4A, 0x05, 0x1D, 0x78, 0x9C, 0xDB, 0xB0, 0x7B, 0x37,
    0xF3, 0x87, 0xFF, 0xFF, 0x59, 0x19, 0x80, 0x00, 0x00, 0x2C, 0x4A, 0x05, 0x1D, 0x78, 0x9C, 0x0B,
    0x0D, 0x05, 0x01, 0xC6, 0xFF, 0x60, 0xC0, 0xAC, 0x04, 0x06, 0x0C, 0x00, 0x6D, 0x68, 0x08, 0xC9,
    0x78, 0x9C, 0x0B, 0x0D, 0x05, 0x01, 0xC6, 0xFF, 0x60, 0xC0, 0xAC, 0x04, 0x06, 0x0C, 0x00, 0x6D,
    0x68, 0x08, 0xC9, 0x78, 0x9C, 0x0B, 0x0D, 0x85, 0x83, 0xFF, 0x08, 0xA0, 0x84, 0x00, 0x00, 0x29,
    0x7D, 0x10, 0x13, 0x78, 0x9C, 0x0B, 0x0D, 0x85, 0x83, 0xFF, 0x08, 0xA0, 0x84, 0x00, 0x00, 0x29,
    0x7D, 0x10, 0x13, 0x78, 0x9C, 0xFB, 0xC0, 0xFD, 0x83, 0xF9, 0x03, 0x0F, 0xF5, 0xF0, 0x02, 0xF6,
    0xA5, 0x4C, 0x00, 0xEB, 0x80, 0x28, 0x9A, 0x78, 0x9C, 0x63, 0x60, 0x00, 0x83, 0xAF, 0xFF, 0x41,
    0xA0, 0x3E, 0x29, 0x0D, 0x04, 0xCC, 0xA0, 0xBC, 0x44, 0x30, 0x4F, 0x0D, 0x00, 0x24, 0x67, 0x11,
    0xFA, 0x78, 0x9C, 0x13, 0x60, 0xFC, 0xC8, 0xBC, 0x9D, 0x61, 0x27, 0xD3, 0x2F, 0xF6, 0xE3, 0xAC,
    0x00, 0x1A, 0x04, 0x04, 0x45, 0x78, 0x9C, 0x53, 0x64, 0xFC, 0xC9, 0xF1, 0x93, 0x63, 0x03, 0xFB,
    0x03, 0xE6, 0x25, 0x0C, 0x00, 0x1C, 0xB9, 0x04, 0x63, 0x78, 0x9C, 0x13, 0x60, 0xF8, 0xC9, 0xF1,
    0x93, 0x63, 0x03, 0xFB, 0x03, 0xE6, 0xAD, 0x0C, 0x00, 0x1C, 0x04, 0x04, 0x62, 0x78, 0x9C, 0x53,
    0x64, 0xFC, 0xC5, 0xFE, 0x8B, 0xBD, 0x93, 0xE1, 0x2A, 0xC3, 0x06, 0x66, 0x00, 0x1B, 0x94, 0x04,
    0x36, 0x78, 0x9C, 0x63, 0x60, 0x12, 0x60, 0x5C, 0xC0, 0xF9, 0x91, 0xF9, 0x03, 0xD3, 0x36, 0x86,
    0x4F, 0x2C, 0x3B, 0x98, 0x3E, 0xF1, 0xFD, 0x64, 0x3F, 0xC4, 0x7D, 0x9C, 0x15, 0x00, 0x5E, 0x8A,
    0x08, 0xA2, 0x78, 0x9C, 0x53, 0x60, 0x52, 0x64, 0xFC, 0xC4, 0xFF, 0x93, 0xE3, 0x23, 0xFF, 0x0F,
    0x76, 0x07, 0xBE, 0x0D, 0x6C, 0x0D, 0x5C, 0x0F, 0x98, 0x37, 0x30, 0x2F, 0x65, 0x00, 0x00, 0x62,
    0x74, 0x08, 0x0F, 0x78, 0x9C, 0x13, 0x60, 0x14, 0x60, 0xF8, 0xC4, 0xFF, 0x93, 0x03, 0x88, 0xD9,
    0x1D, 0xF8, 0x36, 0xB0, 0x35, 0x70, 0x3D, 0x60, 0x3E, 0xC0, 0xBC, 0x95, 0x01, 0x00, 0x5F, 0xD0,
    0x08, 0x0E, 0x78, 0x9C, 0x53, 0x60, 0x54, 0x62, 0xF8, 0xCC, 0xF7, 0x8F, 0xF9, 0x33, 0xEF, 0x3F,
    0xA6, 0x4F, 0x0C, 0xBE, 0x0C, 0x0F, 0x58, 0x66, 0x32, 0x24, 0x70, 0x6C, 0x62, 0x00, 0x00, 0x66,
    0x29, 0x08, 0x1C, 0x78, 0x9C, 0x63, 0x60, 0xF8, 0xC7, 0xCC, 0xC0, 0xC0, 0xF0, 0x8F, 0x09, 0x48,
    0xFC, 0x65, 0x64, 0x50, 0x64, 0xF8, 0xC3, 0xA0, 0xF8, 0xE3, 0xFF, 0xFF, 0xFF, 0xE7, 0x4B, 0xC2,
    0xFE, 0x84, 0xA4, 0x33, 0x30, 0xFC, 0x06, 0x8A, 0x33, 0xBC, 0x06, 0x11, 0xAF, 0xE0, 0xC4, 0x2D,
    0x10, 0x71, 0x13, 0x4E, 0x9C, 0x04, 0x11, 0x27, 0x50, 0x89, 0x60, 0x06, 0x06, 0x00, 0x78, 0x7B,
    0x15, 0x3D, 0x78, 0x9C, 0x63, 0x60, 0xF8, 0xC3, 0x00, 0x04, 0x60, 0xE2, 0x37, 0x03, 0x83, 0x22,
    0xC3, 0x2B, 0x06, 0xC5, 0x1F, 0xFF, 0xFF, 0xFF, 0x3F, 0x5F, 0x12, 0xF6, 0x3A, 0x25, 0x9D, 0x81,
    0xE1, 0x04, 0x48, 0x62, 0x3B, 0x88, 0x98, 0x06, 0x22, 0x96, 0x81, 0x88, 0x1D, 0x20, 0xE2, 0x24,
    0x03, 0xC3, 0x8B, 0xBD, 0xFF, 0x4E, 0xEF, 0xDB, 0xD6, 0xF9, 0x77, 0xC6, 0x2C, 0x06, 0x86, 0xD7,
    0x50, 0x03, 0xA0, 0x46, 0xB5, 0x31, 0x30, 0x00, 0x00, 0xD8, 0x24, 0x1A, 0xA2, 0x78, 0x9C, 0x63,
    0x30, 0x60, 0x62, 0x30, 0xF8, 0xB7, 0x9F, 0xE1, 0xC2, 0xFF, 0xFF, 0x1C, 0x1F, 0xFF, 0xFF, 0xE7,
    0xF9, 0xF0, 0xFF, 0x3F, 0x57, 0xC1, 0xFF, 0xFF, 0xCC, 0x0C, 0x4B, 0x35, 0x19, 0x00, 0xC6, 0x96,
    0x0E, 0x28, 0x78, 0x9C, 0x63, 0x62, 0x60, 0x60, 0x58, 0xC7, 0xC4, 0xC0, 0xF0, 0x6F, 0x3D, 0x33,
    0xC3, 0xBF, 0xFF, 0xEB, 0x81, 0x58, 0x92, 0xE1, 0x9F, 0x26, 0x03, 0x83, 0x06, 0x50, 0x1C, 0x00,
    0x7B, 0xC6, 0x08, 0x74, 0x78, 0x9C, 0x0B, 0x65, 0xF8, 0xCF, 0xF8, 0x9F, 0x11, 0x00, 0x08, 0x02,
    0x02, 0x56, 0x78, 0x9C, 0x0B, 0x60, 0x65, 0x08, 0x66, 0xFA, 0xC8, 0xCF, 0xF0, 0x8B, 0x1D, 0x4C,
    0x00, 0x00, 0x20, 0xDC, 0x04, 0xAD, 0x78, 0x9C, 0x0B, 0x60, 0x65, 0x60, 0x08, 0x65, 0x60, 0x08,
    0x60, 0xFD, 0x20, 0xCF, 0xC0, 0xF0, 0x9F, 0x81, 0xE1, 0x23, 0x3F, 0x9C, 0x01, 0x00, 0x53, 0x75,
    0x07, 0x1C, 0x78, 0x9C, 0x53, 0x62, 0xF8, 0xCF, 0xF8, 0x9F, 0xD1, 0x98, 0x01, 0x00, 0x0B, 0x7C,
    0x02, 0x56, 0x78, 0x9C, 0x63, 0x60, 0x10, 0x08, 0x61, 0x66, 0x60, 0x60, 0xF8, 0xF9, 0xFF, 0x3D,
    0x2B, 0xC3, 0x86, 0xF3, 0xA6, 0xDF, 0xED, 0x19, 0xBE, 0x70, 0x33, 0x24, 0xAC, 0x67, 0xF8, 0xC5,
    0xC2, 0xC0, 0xA0, 0xCC, 0xF0, 0x0F, 0x28, 0xC5, 0xF0, 0xFC, 0xFF, 0xBB, 0x77, 0x1C, 0x0C, 0xAD,
    0xEF, 0xCB, 0xCB, 0x99, 0x18, 0x14, 0xEE, 0x83, 0x44, 0x8E, 0xFD, 0x3F, 0x73, 0x86, 0x9D, 0x61,
    0xFA, 0xFF, 0x99, 0x33, 0x81, 0x7A, 0xFF, 0x32, 0x82, 0x84, 0x7E, 0xB2, 0x31, 0x30, 0xB8, 0x32,
    0x7C, 0x96, 0x03, 0xE9, 0x9D, 0xF0, 0x3E, 0xE3, 0xA7, 0x3E, 0x48, 0xDF, 0x79, 0x90, 0xD1, 0x46,
    0x8C, 0x0C, 0x00, 0xF9, 0x53, 0x22, 0x23, 0x78, 0x9C, 0x53, 0x62, 0x00, 0x02, 0x21, 0x10, 0xC1,
    0xF0, 0x9F, 0x93, 0x81, 0x41, 0x60, 0x3D, 0x84, 0x69, 0x0F, 0x67, 0xDE, 0x3F, 0x0F, 0x67, 0xEE,
    0xFF, 0xC1, 0x06, 0x62, 0x26, 0x74, 0xB2, 0x30, 0xEC, 0x7F, 0x20, 0x07, 0x64, 0x0A, 0xBC, 0x3B,
    0xD5, 0xCF, 0xB0, 0x3F, 0x60, 0x3E, 0x90, 0x39, 0xC1, 0x9E, 0xE1, 0x17, 0xD3, 0x7E, 0x86, 0xDF,
    0xCC, 0x02, 0xEB, 0x2F, 0xF0, 0x32, 0x7C, 0x65, 0xDB, 0xCF, 0xF0, 0x89, 0x57, 0x60, 0xFD, 0x07,
    0x1E, 0x86, 0xCF, 0xEC, 0xFB, 0x19, 0x1A, 0xEA, 0xC1, 0xA2, 0x5F, 0x80, 0xA2, 0x0C, 0xFF, 0x04,
    0xD7, 0x2F, 0x90, 0x67, 0xF8, 0x01, 0x54, 0xCB, 0xF0, 0x55, 0x6A, 0xBD, 0xC2, 0xFD, 0xE9, 0xEB,
    0x19, 0x80, 0xCC, 0x0D, 0xFE, 0xEB, 0x19, 0x26, 0xED, 0x61, 0x03, 0x31, 0x15, 0xEE, 0x43, 0x6D,
    0x03, 0xE2, 0x1F, 0xEB, 0x1D, 0x66, 0xCE, 0x9C, 0x09, 0x52, 0xCB, 0x70, 0x61, 0x7D, 0xC3, 0xFF,
    0xFF, 0xFF, 0x59, 0x00, 0xE8, 0x94, 0x39, 0x4D,
};
const GFXglyph BookishArimo22Glyphs[] = {
    { 0, 0, 6, 0, 0, 8, 0 }, //
    { 4, 16, 6, 1, 16, 31, 8 }, // !
    { 7, 6, 8, 0, 16, 31, 39 }, // "
    { 13, 16, 12, 0, 16, 104, 70 }, // #
    { 12, 19, 12, 0, 17, 109, 174 }, // $
    { 19, 17, 20, 0, 16, 155, 283 }, // %
    { 15, 17, 15, 0, 16, 127, 438 }, // &
    { 3, 6, 4, 1, 16, 19, 565 }, // '
    { 7, 21, 7, 1, 16, 86, 584 }, // (
    { 6, 21, 7, 0, 16, 66, 670 }, // )
    { 9, 9, 9, 0, 16, 50, 736 }, // *
    { 11, 12, 13, 1, 13, 41, 786 }, // +
    { 4, 6, 6, 1, 3, 20, 827 }, // ,
    { 7, 3, 7, 0, 7, 19, 847 }, // -
    { 3, 3, 6, 2, 3, 14, 866 }, // .
    { 7, 17, 6, 0, 16, 70, 880 }, // /
    { 12, 17, 12, 0, 16, 101, 950 }, // 0
    { 11, 16, 12, 1, 16, 47, 1051 }, // 1
    { 11, 16, 12, 1, 16, 87, 1098 }, // 2
    { 12, 17, 12, 0, 16, 100, 1185 }, // 3
    { 12, 16, 12, 0, 16, 71, 1285 }, // 4
    { 12, 17, 12, 0, 16, 93, 1356 }, // 5
    { 11, 17, 12, 1, 16, 105, 1449 }, // 6
    { 11, 16, 12, 1, 16, 69, 1554 }, // 7
    { 12, 17, 12, 0, 16, 113, 1623 }, // 8
    { 11, 17, 12, 1, 16, 103, 1736 }, // 9
    { 3, 12, 6, 2, 12, 22, 1839 }, // :
    { 4, 15, 6, 1, 12, 29, 1861 }, // ;
    { 11, 12, 13, 1, 13, 66, 1890 }, // <
    { 11, 8, 13, 1, 11, 28, 1956 }, // =
    { 11, 12, 13, 1, 13, 63, 1984 }, // >
    { 12, 16, 12, 0, 16, 81, 2047 }, // ?
    { 20, 20, 22, 1, 16, 185, 2128 }, // @
    { 15, 16, 15, 0, 16, 101, 2313 }, // A
    { 13, 16, 15, 1, 16, 93, 2414 }, // B
    { 15, 17, 16, 1, 16, 103, 2507 }, // C
    { 14, 16, 16, 1, 16, 86, 2610 }, // D
    { 13, 16, 15, 1, 16, 50, 2696 }, // E
    { 12, 16, 13, 1, 16, 42, 2746 }, // F
    { 15, 17, 17, 1, 16, 118, 2788 }, // G
    { 14, 16, 16, 1, 16, 37, 2906 }, // H
    { 3, 16, 6, 2, 16, 14, 2943 }, // I
    { 10, 17, 11, 0, 16, 54, 2957 }, // J
    { 14, 16, 15, 1, 16, 90, 3011 }, // K
    { 11, 16, 12, 1, 16, 27, 3101 }, // L
    { 16, 16, 18, 1, 16, 112, 3128 }, // M
    { 14, 16, 16, 1, 16, 80, 3240 }, // N
    { 16, 17, 17, 1, 16, 119, 3320 }, // O
    { 13, 16, 15, 1, 16, 69, 3439 }, // P
    { 16, 21, 17, 1, 16, 135, 3508 }, // Q
    { 14, 16, 16, 1, 16, 89, 3643 }, // R
    { 13, 17, 15, 1, 16, 109, 3732 }, // S
    { 13, 16, 13, 0, 16, 33, 3841 }, // T
    { 14, 17, 16, 1, 16, 61, 3874 }, // U
    { 15, 16, 15, 0, 16, 109, 3935 }, // V
    { 21, 16, 21, 0, 16, 162, 4044 }, // W
    { 15, 16, 15, 0, 16, 108, 4206 }, // X
    { 15, 16, 15, 0, 16, 69, 4314 }, // Y
    { 13, 16, 13, 0, 16, 81, 4383 }, // Z
    { 5, 21, 6, 1, 16, 24, 4464 }, // [
    { 7, 17, 6, 0, 16, 71, 4488 }, // <backslash>
    { 5, 21, 6, 0, 16, 25, 4559 }, // ]
    { 11, 9, 10, 0, 16, 57, 4584 }, // ^
    { 14, 3, 12, -1, -2, 20, 4641 }, // _
    { 5, 5, 7, 1, 17, 23, 4661 }, // `
    { 13, 13, 12, 0, 12, 96, 4684 }, // a
    { 11, 17, 12, 1, 16, 89, 4780 }, // b
    { 11, 13, 11, 0, 12, 70, 4869 }, // c
    { 11, 17, 12, 0, 16, 86, 4939 }, // d
    { 12, 13, 12, 0, 12, 85, 5025 }, // e
    { 7, 16, 6, 0, 16, 38, 5110 }, // f
    { 11, 17, 12, 0, 12, 106, 5148 }, // g
    { 10, 16, 12, 1, 16, 48, 5254 }, // h
    { 3, 16, 5, 1, 16, 20, 5302 }, // i
    { 5, 21, 5, -1, 16, 32, 5322 }, // j
    { 11, 16, 11, 1, 16, 64, 5354 }, // k
    { 3, 16, 5, 1, 16, 13, 5418 }, // l
    { 16, 12, 18, 1, 12, 61, 5431 }, // m
    { 10, 12, 12, 1, 12, 42, 5492 }, // n
    { 12, 13, 12, 0, 12, 80, 5534 }, // o
    { 11, 17, 12, 1, 12, 92, 5614 }, // p
    { 11, 17, 12, 0, 12, 89, 5706 }, // q
    { 6, 12, 7, 1, 12, 28, 5795 }, // r
    { 11, 13, 11, 0, 12, 83, 5823 }, // s
    { 6, 16, 6, 0, 15, 40, 5906 }, // t
    { 10, 13, 12, 1, 12, 48, 5946 }, // u
    { 11, 12, 11, 0, 12, 78, 5994 }, // v
    { 17, 12, 16, -1, 12, 119, 6072 }, // w
    { 11, 12, 11, 0, 12, 74, 6191 }, // x
    { 11, 17, 11, 0, 12, 97, 6265 }, // y
    { 10, 12, 11, 0, 12, 64, 6362 }, // z
    { 7, 21, 7, 0, 16, 65, 6426 }, // {
    { 3, 21, 6, 1, 16, 16, 6491 }, // |
    { 7, 21, 7, 0, 16, 63, 6507 }, // }
    { 12, 4, 13, 0, 9, 29, 6570 }, // ~
    { 0, 0, 6, 0, 0, 8, 6599 }, //  
    { 3, 16, 7, 2, 12, 38, 6607 }, // ¡
    { 10, 17, 12, 1, 16, 81, 6645 }, // ¢
    { 12, 16, 12, 0, 16, 91, 6726 }, // £
    { 11, 11, 12, 1, 13, 74, 6817 }, // ¤
    { 14, 16, 12, -1, 16, 98, 6891 }, // ¥
    { 3, 21, 6, 1, 16, 24, 6989 }, // ¦
    { 10, 18, 12, 1, 16, 99, 7013 }, // §
    { 7, 3, 7, 0, 16, 20, 7112 }, // ¨
    { 16, 17, 16, 0, 16, 131, 7132 }, // ©
    { 9, 9, 8, 0, 16, 53, 7263 }, // ª
    { 12, 10, 12, 0, 11, 71, 7316 }, // «
    { 11, 8, 13, 1, 9, 31, 7387 }, // ¬
    { 7, 3, 7, 0, 7, 19, 7418 }, // ­
    { 16, 17, 16, 0, 16, 132, 7437 }, // ®
    { 14, 2, 12, -1, 17, 17, 7569 }, // ¯
    { 7, 7, 9, 1, 16, 37, 7586 }, // °
    { 12, 14, 12, 0, 14, 48, 7623 }, // ±
    { 7, 10, 7, 0, 16, 49, 7671 }, // ²
    { 7, 11, 7, 0, 16, 52, 7720 }, // ³
    { 6, 5, 7, 0, 17, 23, 7772 }, // ´
    { 12, 17, 13, 1, 12, 57, 7795 }, // µ
    { 11, 19, 12, 0, 16, 52, 7852 }, // ¶
    { 3, 4, 7, 2, 8, 16, 7904 }, // ·
    { 5, 5, 7, 1, 0, 23, 7920 }, // ¸
    { 7, 10, 7, 0, 16, 35, 7943 }, // ¹
    { 8, 9, 8, 0, 16, 45, 7978 }, // º
    { 12, 10, 12, 0, 11, 71, 8023 }, // »
    { 18, 16, 18, 0, 16, 124, 8094 }, // ¼
    { 18, 16, 18, 0, 16, 126, 8218 }, // ½
    { 18, 16, 18, 0, 16, 142, 8344 }, // ¾
    { 11, 16, 13, 1, 12, 82, 8486 }, // ¿
    { 15, 20, 15, 0, 20, 116, 8568 }, // À
    { 15, 20, 15, 0, 20, 117, 8684 }, // Á
    { 15, 20, 15, 0, 20, 121, 8801 }, // Â
    { 15, 20, 15, 0, 20, 124, 8922 }, // Ã
    { 15, 19, 15, 0, 19, 119, 9046 }, // Ä
    { 15, 19, 15, 0, 19, 117, 9165 }, // Å
    { 22, 16, 22, 0, 16, 113, 9282 }, // Æ
    { 15, 21, 16, 1, 16, 119, 9395 }, // Ç
    { 13, 20, 15, 1, 20, 66, 9514 }, // È
    { 13, 20, 15, 1, 20, 68, 9580 }, // É
    { 13, 20, 15, 1, 20, 71, 9648 }, // Ê
    { 13, 19, 15, 1, 19, 69, 9719 }, // Ë
    { 5, 20, 6, 0, 20, 28, 9788 }, // Ì
    { 6, 20, 6, 1, 20, 27, 9816 }, // Í
    { 8, 20, 6, -1, 20, 33, 9843 }, // Î
    { 7, 19, 6, 0, 19, 29, 9876 }, // Ï
    { 15, 16, 16, 0, 16, 97, 9905 }, // Ð
    { 14, 20, 16, 1, 20, 107, 10002 }, // Ñ
    { 16, 21, 17, 1, 20, 132, 10109 }, // Ò
    { 16, 21, 17, 1, 20, 133, 10241 }, // Ó
    { 16, 21, 17, 1, 20, 137, 10374 }, // Ô
    { 16, 21, 17, 1, 20, 141, 10511 }, // Õ
    { 16, 20, 17, 1, 19, 134, 10652 }, // Ö
    { 11, 11, 13, 1, 13, 63, 10786 }, // ×
    { 17, 17, 17, 0, 16, 150, 10849 }, // Ø
    { 14, 21, 16, 1, 20, 77, 10999 }, // Ù
    { 14, 21, 16, 1, 20, 77, 11076 }, // Ú
    { 14, 21, 16, 1, 20, 82, 11153 }, // Û
    { 14, 20, 16, 1, 19, 79, 11235 }, // Ü
    { 15, 20, 15, 0, 20, 85, 11314 }, // Ý
    { 13, 16, 15, 1, 16, 70, 11399 }, // Þ
    { 12, 17, 13, 1, 16, 96, 11469 }, // ß
    { 13, 18, 12, 0, 17, 113, 11565 }, // à
    { 13, 18, 12, 0, 17, 112, 11678 }, // á
    { 13, 18, 12, 0, 17, 114, 11790 }, // â
    { 13, 17, 12, 0, 16, 114, 11904 }, // ã
    { 13, 17, 12, 0, 16, 112, 12018 }, // ä
    { 13, 19, 12, 0, 18, 126, 12130 }, // å
    { 19, 13, 20, 0, 12, 138, 12256 }, // æ
    { 11, 17, 11, 0, 12, 86, 12394 }, // ç
    { 12, 18, 12, 0, 17, 103, 12480 }, // è
    { 12, 18, 12, 0, 17, 102, 12583 }, // é
    { 12, 18, 12, 0, 17, 103, 12685 }, // ê
    { 12, 17, 12, 0, 16, 102, 12788 }, // ë
    { 5, 17, 6, 0, 17, 29, 12890 }, // ì
    { 5, 17, 6, 1, 17, 28, 12919 }, // í
    { 8, 17, 6, -1, 17, 34, 12947 }, // î
    { 7, 16, 6, 0, 16, 28, 12981 }, // ï
    { 12, 18, 12, 0, 17, 111, 13009 }, // ð
    { 10, 16, 12, 1, 16, 57, 13120 }, // ñ
    { 12, 18, 12, 0, 17, 98, 13177 }, // ò
    { 12, 18, 12, 0, 17, 99, 13275 }, // ó
    { 12, 18, 12, 0, 17, 101, 13374 }, // ô
    { 12, 17, 12, 0, 16, 99, 13475 }, // õ
    { 12, 17, 12, 0, 16, 97, 13574 }, // ö
    { 12, 11, 12, 0, 13, 46, 13671 }, // ÷
    { 13, 13, 13, 0, 12, 98, 13717 }, // ø
    { 10, 18, 12, 1, 17, 68, 13815 }, // ù
    { 10, 18, 12, 1, 17, 68, 13883 }, // ú
    { 10, 18, 12, 1, 17, 71, 13951 }, // û
    { 10, 17, 12, 1, 16, 66, 14022 }, // ü
    { 11, 22, 11, 0, 17, 116, 14088 }, // ý
    { 11, 21, 12, 1, 16, 94, 14204 }, // þ
    { 11, 21, 11, 0, 16, 113, 14298 }, // ÿ
    { 13, 20, 15, 1, 20, 66, 14411 }, // Ѐ
    { 13, 19, 15, 1, 19, 69, 14477 }, // Ё
    { 18, 17, 19, 0, 16, 90, 14546 }, // Ђ
    { 11, 20, 12, 1, 20, 51, 14636 }, // Ѓ
    { 15, 17, 16, 1, 16, 114, 14687 }, // Є
    { 13, 17, 15, 1, 16, 109, 14801 }, // Ѕ
    { 3, 16, 6, 2, 16, 14, 14910 }, // І
    { 7, 19, 6, 0, 19, 29, 14924 }, // Ї
    { 10, 17, 11, 0, 16, 54, 14953 }, // Ј
    { 23, 17, 23, 0, 16, 130, 15007 }, // Љ
    { 21, 16, 22, 1, 16, 77, 15137 }, // Њ
    { 17, 16, 19, 0, 16, 68, 15214 }, // Ћ
    { 12, 20, 13, 1, 20, 99, 15282 }, // Ќ
    { 14, 20, 16, 1, 20, 96, 15381 }, // Ѝ
    { 15, 22, 14, 0, 21, 134, 15477 }, // Ў
    { 14, 21, 16, 1, 16, 46, 15611 }, // Џ
    { 15, 16, 15, 0, 16, 101, 15657 }, // А
    { 13, 16, 14, 1, 16, 77, 15758 }, // Б
    { 13, 16, 15, 1, 16, 93, 15835 }, // В
    { 11, 16, 12, 1, 16, 32, 15928 }, // Г
    { 15, 21, 15, 0, 16, 101, 15960 }, // Д
    { 13, 16, 15, 1, 16, 50, 16061 }, // Е
    { 21, 16, 20, 0, 16, 142, 16111 }, // Ж
    { 13, 17, 13, 0, 16, 108, 16253 }, // З
    { 14, 16, 16, 1, 16, 80, 16361 }, // И
    { 14, 21, 16, 1, 21, 108, 16441 }, // Й
    { 12, 16, 13, 1, 16, 82, 16549 }, // К
    { 13, 17, 14, 0, 16, 86, 16631 }, // Л
    { 16, 16, 18, 1, 16, 112, 16717 }, // М
    { 14, 16, 16, 1, 16, 37, 16829 }, // Н
    { 16, 17, 17, 1, 16, 119, 16866 }, // О
    { 14, 16, 16, 1, 16, 33, 16985 }, // П
    { 13, 16, 15, 1, 16, 69, 17018 }, // Р
    { 15, 17, 16, 1, 16, 103, 17087 }, // С
    { 13, 16, 13, 0, 16, 33, 17190 }, // Т
    { 15, 17, 14, 0, 16, 105, 17223 }, // У
    { 15, 17, 17, 1, 16, 106, 17328 }, // Ф
    { 15, 16, 15, 0, 16, 108, 17434 }, // Х
    { 15, 21, 16, 1, 16, 44, 17542 }, // Ц
    { 12, 16, 15, 1, 16, 52, 17586 }, // Ч
    { 18, 16, 20, 1, 16, 42, 17638 }, // Ш
    { 19, 21, 21, 1, 16, 52, 17680 }, // Щ
    { 17, 16, 17, 0, 16, 76, 17732 }, // Ъ
    { 17, 16, 19, 1, 16, 70, 17808 }, // Ы
    { 13, 16, 14, 1, 16, 64, 17878 }, // Ь
    { 15, 17, 16, 1, 16, 114, 17942 }, // Э
    { 21, 17, 22, 1, 16, 145, 18056 }, // Ю
    { 14, 16, 16, 1, 16, 90, 18201 }, // Я
    { 13, 13, 12, 0, 12, 96, 18291 }, // а
    { 11, 18, 13, 1, 17, 103, 18387 }, // б
    { 10, 12, 12, 1, 12, 64, 18490 }, // в
    { 7, 12, 8, 1, 12, 22, 18554 }, // г
    { 13, 17, 13, 0, 12, 79, 18576 }, // д
    { 12, 13, 12, 0, 12, 85, 18655 }, // е
    { 15, 12, 15, 0, 12, 95, 18740 }, // ж
    { 10, 13, 10, 0, 12, 74, 18835 }, // з
    { 10, 12, 12, 1, 12, 55, 18909 }, // и
    { 10, 17, 12, 1, 17, 81, 18964 }, // й
    { 9, 12, 10, 1, 12, 59, 19045 }, // к
    { 12, 13, 13, 0, 12, 65, 19104 }, // л
    { 13, 12, 15, 1, 12, 82, 19169 }, // м
    { 10, 12, 12, 1, 12, 29, 19251 }, // н
    { 12, 13, 12, 0, 12, 80, 19280 }, // о
    { 10, 12, 12, 1, 12, 25, 19360 }, // п
    { 11, 17, 12, 1, 12, 92, 19385 }, // р
    { 11, 13, 11, 0, 12, 70, 19477 }, // с
    { 10, 12, 10, 0, 12, 26, 19547 }, // т
    { 11, 17, 11, 0, 12, 97, 19573 }, // у
    { 18, 21, 18, 0, 16, 129, 19670 }, // ф
    { 11, 12, 11, 0, 12, 74, 19799 }, // х
    { 12, 17, 13, 1, 12, 38, 19873 }, // ц
    { 9, 12, 11, 1, 12, 43, 19911 }, // ч
    { 16, 12, 18, 1, 12, 38, 19954 }, // ш
    { 17, 17, 18, 1, 12, 48, 19992 }, // щ
    { 13, 12, 14, 0, 12, 54, 20040 }, // ъ
    { 14, 12, 16, 1, 12, 55, 20094 }, // ы
    { 10, 12, 11, 1, 12, 48, 20149 }, // ь
    { 11, 13, 11, 0, 12, 81, 20197 }, // э
    { 15, 13, 17, 1, 12, 101, 20278 }, // ю
    { 11, 12, 12, 0, 12, 70, 20379 }, // я
    { 12, 18, 12, 0, 17, 103, 20449 }, // ѐ
    { 12, 17, 12, 0, 16, 102, 20552 }, // ё
    { 11, 21, 12, 0, 16, 82, 20654 }, // ђ
    { 7, 17, 8, 1, 17, 41, 20736 }, // ѓ
    { 11, 13, 11, 0, 12, 80, 20777 }, // є
    { 11, 13, 11, 0, 12, 83, 20857 }, // ѕ
    { 3, 16, 5, 1, 16, 20, 20940 }, // і
    { 7, 16, 6, -1, 16, 31, 20960 }, // ї
    { 5, 21, 5, -1, 16, 32, 20991 }, // ј
    { 20, 13, 20, 0, 12, 99, 21023 }, // љ
    { 16, 12, 18, 1, 12, 60, 21122 }, // њ
    { 11, 16, 12, 0, 16, 65, 21182 }, // ћ
    { 9, 17, 10, 1, 17, 78, 21247 }, // ќ
    { 10, 17, 12, 1, 17, 72, 21325 }, // ѝ
    { 11, 22, 11, 0, 17, 122, 21397 }, // ў
    { 10, 17, 12, 1, 12, 40, 21519 }, // џ
    { 7, 3, 7, 0, 7, 19, 21559 }, // ‐
    { 7, 3, 7, 0, 7, 19, 21578 }, // ‑
    { 13, 3, 12, 0, 7, 19, 21597 }, // ‒
    { 13, 3, 12, 0, 7, 19, 21616 }, // –
    { 22, 3, 22, 0, 7, 16, 21635 }, // —
    { 22, 3, 22, 0, 7, 16, 21651 }, // ―
    { 7, 21, 9, 1, 16, 20, 21667 }, // ‖
    { 14, 5, 12, -1, 0, 26, 21687 }, // ‗
    { 3, 6, 5, 1, 16, 20, 21713 }, // ‘
    { 3, 6, 5, 1, 16, 20, 21733 }, // ’
    { 3, 6, 5, 1, 3, 20, 21753 }, // ‚
    { 3, 6, 5, 1, 16, 20, 21773 }, // ‛
    { 7, 6, 7, 0, 16, 33, 21793 }, // “
    { 7, 6, 7, 0, 16, 33, 21826 }, // ”
    { 7, 6, 7, 0, 3, 31, 21859 }, // „
    { 7, 6, 7, 0, 16, 33, 21890 }, // ‟
    { 10, 18, 12, 1, 16, 63, 21923 }, // †
    { 10, 18, 12, 1, 16, 75, 21986 }, // ‡
    { 7, 7, 8, 0, 11, 37, 22061 }, // •
    { 7, 7, 8, 1, 11, 34, 22098 }, // ‣
    { 3, 3, 6, 2, 3, 14, 22132 }, // ․
    { 9, 3, 11, 1, 3, 20, 22146 }, // ‥
    { 18, 3, 22, 2, 3, 28, 22166 }, // …
    { 3, 4, 6, 2, 8, 16, 22194 }, // ‧
    { 12, 17, 12, 0, 16, 101, 22210 }, // €
    { 21, 16, 24, 2, 16, 145, 22311 }, // №
};
const UnicodeInterval BookishArimo22Intervals[] = {
    { 0x20, 0x20, 0x0 },
    { 0x21, 0x21, 0x1 },
    { 0x22, 0x22, 0x2 },
    { 0x23, 0x23, 0x3 },
    { 0x24, 0x24, 0x4 },
    { 0x25, 0x25, 0x5 },
    { 0x26, 0x26, 0x6 },
    { 0x27, 0x27, 0x7 },
    { 0x28, 0x28, 0x8 },
    { 0x29, 0x29, 0x9 },
    { 0x2A, 0x2A, 0xA },
    { 0x2B, 0x2B, 0xB },
    { 0x2C, 0x2C, 0xC },
    { 0x2D, 0x2D, 0xD },
    { 0x2E, 0x2E, 0xE },
    { 0x2F, 0x2F, 0xF },
    { 0x30, 0x30, 0x10 },
    { 0x31, 0x31, 0x11 },
    { 0x32, 0x32, 0x12 },
    { 0x33, 0x33, 0x13 },
    { 0x34, 0x34, 0x14 },
    { 0x35, 0x35, 0x15 },
    { 0x36, 0x36, 0x16 },
    { 0x37, 0x37, 0x17 },
    { 0x38, 0x38, 0x18 },
    { 0x39, 0x39, 0x19 },
    { 0x3A, 0x3A, 0x1A },
    { 0x3B, 0x3B, 0x1B },
    { 0x3C, 0x3C, 0x1C },
    { 0x3D, 0x3D, 0x1D },
    { 0x3E, 0x3E, 0x1E },
    { 0x3F, 0x3F, 0x1F },
    { 0x40, 0x40, 0x20 },
    { 0x41, 0x41, 0x21 },
    { 0x42, 0x42, 0x22 },
    { 0x43, 0x43, 0x23 },
    { 0x44, 0x44, 0x24 },
    { 0x45, 0x45, 0x25 },
    { 0x46, 0x46, 0x26 },
    { 0x47, 0x47, 0x27 },
    { 0x48, 0x48, 0x28 },
    { 0x49, 0x49, 0x29 },
    { 0x4A, 0x4A, 0x2A },
    { 0x4B, 0x4B, 0x2B },
    { 0x4C, 0x4C, 0x2C },
    { 0x4D, 0x4D, 0x2D },
    { 0x4E, 0x4E, 0x2E },
    { 0x4F, 0x4F, 0x2F },
    { 0x50, 0x50, 0x30 },
    { 0x51, 0x51, 0x31 },
    { 0x52, 0x52, 0x32 },
    { 0x53, 0x53, 0x33 },
    { 0x54, 0x54, 0x34 },
    { 0x55, 0x55, 0x35 },
    { 0x56, 0x56, 0x36 },
    { 0x57, 0x57, 0x37 },
    { 0x58, 0x58, 0x38 },
    { 0x59, 0x59, 0x39 },
    { 0x5A, 0x5A, 0x3A },
    { 0x5B, 0x5B, 0x3B },
    { 0x5C, 0x5C, 0x3C },
    { 0x5D, 0x5D, 0x3D },
    { 0x5E, 0x5E, 0x3E },
    { 0x5F, 0x5F, 0x3F },
    { 0x60, 0x60, 0x40 },
    { 0x61, 0x61, 0x41 },
    { 0x62, 0x62, 0x42 },
    { 0x63, 0x63, 0x43 },
    { 0x64, 0x64, 0x44 },
    { 0x65, 0x65, 0x45 },
    { 0x66, 0x66, 0x46 },
    { 0x67, 0x67, 0x47 },
    { 0x68, 0x68, 0x48 },
    { 0x69, 0x69, 0x49 },
    { 0x6A, 0x6A, 0x4A },
    { 0x6B, 0x6B, 0x4B },
    { 0x6C, 0x6C, 0x4C },
    { 0x6D, 0x6D, 0x4D },
    { 0x6E, 0x6E, 0x4E },
    { 0x6F, 0x6F, 0x4F },
    { 0x70, 0x70, 0x50 },
    { 0x71, 0x71, 0x51 },
    { 0x72, 0x72, 0x52 },
    { 0x73, 0x73, 0x53 },
    { 0x74, 0x74, 0x54 },
    { 0x75, 0x75, 0x55 },
    { 0x76, 0x76, 0x56 },
    { 0x77, 0x77, 0x57 },
    { 0x78, 0x78, 0x58 },
    { 0x79, 0x79, 0x59 },
    { 0x7A, 0x7A, 0x5A },
    { 0x7B, 0x7B, 0x5B },
    { 0x7C, 0x7C, 0x5C },
    { 0x7D, 0x7D, 0x5D },
    { 0x7E, 0x7E, 0x5E },
    { 0xA0, 0xA0, 0x5F },
    { 0xA1, 0xA1, 0x60 },
    { 0xA2, 0xA2, 0x61 },
    { 0xA3, 0xA3, 0x62 },
    { 0xA4, 0xA4, 0x63 },
    { 0xA5, 0xA5, 0x64 },
    { 0xA6, 0xA6, 0x65 },
    { 0xA7, 0xA7, 0x66 },
    { 0xA8, 0xA8, 0x67 },
    { 0xA9, 0xA9, 0x68 },
    { 0xAA, 0xAA, 0x69 },
    { 0xAB, 0xAB, 0x6A },
    { 0xAC, 0xAC, 0x6B },
    { 0xAD, 0xAD, 0x6C },
    { 0xAE, 0xAE, 0x6D },
    { 0xAF, 0xAF, 0x6E },
    { 0xB0, 0xB0, 0x6F },
    { 0xB1, 0xB1, 0x70 },
    { 0xB2, 0xB2, 0x71 },
    { 0xB3, 0xB3, 0x72 },
    { 0xB4, 0xB4, 0x73 },
    { 0xB5, 0xB5, 0x74 },
    { 0xB6, 0xB6, 0x75 },
    { 0xB7, 0xB7, 0x76 },
    { 0xB8, 0xB8, 0x77 },
    { 0xB9, 0xB9, 0x78 },
    { 0xBA, 0xBA, 0x79 },
    { 0xBB, 0xBB, 0x7A },
    { 0xBC, 0xBC, 0x7B },
    { 0xBD, 0xBD, 0x7C },
    { 0xBE, 0xBE, 0x7D },
    { 0xBF, 0xBF, 0x7E },
    { 0xC0, 0xC0, 0x7F },
    { 0xC1, 0xC1, 0x80 },
    { 0xC2, 0xC2, 0x81 },
    { 0xC3, 0xC3, 0x82 },
    { 0xC4, 0xC4, 0x83 },
    { 0xC5, 0xC5, 0x84 },
    { 0xC6, 0xC6, 0x85 },
    { 0xC7, 0xC7, 0x86 },
    { 0xC8, 0xC8, 0x87 },
    { 0xC9, 0xC9, 0x88 },
    { 0xCA, 0xCA, 0x89 },
    { 0xCB, 0xCB, 0x8A },
    { 0xCC, 0xCC, 0x8B },
    { 0xCD, 0xCD, 0x8C },
    { 0xCE, 0xCE, 0x8D },
    { 0xCF, 0xCF, 0x8E },
    { 0xD0, 0xD0, 0x8F },
    { 0xD1, 0xD1, 0x90 },
    { 0xD2, 0xD2, 0x91 },
    { 0xD3, 0xD3, 0x92 },
    { 0xD4, 0xD4, 0x93 },
    { 0xD5, 0xD5, 0x94 },
    { 0xD6, 0xD6, 0x95 },
    { 0xD7, 0xD7, 0x96 },
    { 0xD8, 0xD8, 0x97 },
    { 0xD9, 0xD9, 0x98 },
    { 0xDA, 0xDA, 0x99 },
    { 0xDB, 0xDB, 0x9A },
    { 0xDC, 0xDC, 0x9B },
    { 0xDD, 0xDD, 0x9C },
    { 0xDE, 0xDE, 0x9D },
    { 0xDF, 0xDF, 0x9E },
    { 0xE0, 0xE0, 0x9F },
    { 0xE1, 0xE1, 0xA0 },
    { 0xE2, 0xE2, 0xA1 },
    { 0xE3, 0xE3, 0xA2 },
    { 0xE4, 0xE4, 0xA3 },
    { 0xE5, 0xE5, 0xA4 },
    { 0xE6, 0xE6, 0xA5 },
    { 0xE7, 0xE7, 0xA6 },
    { 0xE8, 0xE8, 0xA7 },
    { 0xE9, 0xE9, 0xA8 },
    { 0xEA, 0xEA, 0xA9 },
    { 0xEB, 0xEB, 0xAA },
    { 0xEC, 0xEC, 0xAB },
    { 0xED, 0xED, 0xAC },
    { 0xEE, 0xEE, 0xAD },
    { 0xEF, 0xEF, 0xAE },
    { 0xF0, 0xF0, 0xAF },
    { 0xF1, 0xF1, 0xB0 },
    { 0xF2, 0xF2, 0xB1 },
    { 0xF3, 0xF3, 0xB2 },
    { 0xF4, 0xF4, 0xB3 },
    { 0xF5, 0xF5, 0xB4 },
    { 0xF6, 0xF6, 0xB5 },
    { 0xF7, 0xF7, 0xB6 },
    { 0xF8, 0xF8, 0xB7 },
    { 0xF9, 0xF9, 0xB8 },
    { 0xFA, 0xFA, 0xB9 },
    { 0xFB, 0xFB, 0xBA },
    { 0xFC, 0xFC, 0xBB },
    { 0xFD, 0xFD, 0xBC },
    { 0xFE, 0xFE, 0xBD },
    { 0xFF, 0xFF, 0xBE },
    { 0x400, 0x400, 0xBF },
    { 0x401, 0x401, 0xC0 },
    { 0x402, 0x402, 0xC1 },
    { 0x403, 0x403, 0xC2 },
    { 0x404, 0x404, 0xC3 },
    { 0x405, 0x405, 0xC4 },
    { 0x406, 0x406, 0xC5 },
    { 0x407, 0x407, 0xC6 },
    { 0x408, 0x408, 0xC7 },
    { 0x409, 0x409, 0xC8 },
    { 0x40A, 0x40A, 0xC9 },
    { 0x40B, 0x40B, 0xCA },
    { 0x40C, 0x40C, 0xCB },
    { 0x40D, 0x40D, 0xCC },
    { 0x40E, 0x40E, 0xCD },
    { 0x40F, 0x40F, 0xCE },
    { 0x410, 0x410, 0xCF },
    { 0x411, 0x411, 0xD0 },
    { 0x412, 0x412, 0xD1 },
    { 0x413, 0x413, 0xD2 },
    { 0x414, 0x414, 0xD3 },
    { 0x415, 0x415, 0xD4 },
    { 0x416, 0x416, 0xD5 },
    { 0x417, 0x417, 0xD6 },
    { 0x418, 0x418, 0xD7 },
    { 0x419, 0x419, 0xD8 },
    { 0x41A, 0x41A, 0xD9 },
    { 0x41B, 0x41B, 0xDA },
    { 0x41C, 0x41C, 0xDB },
    { 0x41D, 0x41D, 0xDC },
    { 0x41E, 0x41E, 0xDD },
    { 0x41F, 0x41F, 0xDE },
    { 0x420, 0x420, 0xDF },
    { 0x421, 0x421, 0xE0 },
    { 0x422, 0x422, 0xE1 },
    { 0x423, 0x423, 0xE2 },
    { 0x424, 0x424, 0xE3 },
    { 0x425, 0x425, 0xE4 },
    { 0x426, 0x426, 0xE5 },
    { 0x427, 0x427, 0xE6 },
    { 0x428, 0x428, 0xE7 },
    { 0x429, 0x429, 0xE8 },
    { 0x42A, 0x42A, 0xE9 },
    { 0x42B, 0x42B, 0xEA },
    { 0x42C, 0x42C, 0xEB },
    { 0x42D, 0x42D, 0xEC },
    { 0x42E, 0x42E, 0xED },
    { 0x42F, 0x42F, 0xEE },
    { 0x430, 0x430, 0xEF },
    { 0x431, 0x431, 0xF0 },
    { 0x432, 0x432, 0xF1 },
    { 0x433, 0x433, 0xF2 },
    { 0x434, 0x434, 0xF3 },
    { 0x435, 0x435, 0xF4 },
    { 0x436, 0x436, 0xF5 },
    { 0x437, 0x437, 0xF6 },
    { 0x438, 0x438, 0xF7 },
    { 0x439, 0x439, 0xF8 },
    { 0x43A, 0x43A, 0xF9 },
    { 0x43B, 0x43B, 0xFA },
    { 0x43C, 0x43C, 0xFB },
    { 0x43D, 0x43D, 0xFC },
    { 0x43E, 0x43E, 0xFD },
    { 0x43F, 0x43F, 0xFE },
    { 0x440, 0x440, 0xFF },
    { 0x441, 0x441, 0x100 },
    { 0x442, 0x442, 0x101 },
    { 0x443, 0x443, 0x102 },
    { 0x444, 0x444, 0x103 },
    { 0x445, 0x445, 0x104 },
    { 0x446, 0x446, 0x105 },
    { 0x447, 0x447, 0x106 },
    { 0x448, 0x448, 0x107 },
    { 0x449, 0x449, 0x108 },
    { 0x44A, 0x44A, 0x109 },
    { 0x44B, 0x44B, 0x10A },
    { 0x44C, 0x44C, 0x10B },
    { 0x44D, 0x44D, 0x10C },
    { 0x44E, 0x44E, 0x10D },
    { 0x44F, 0x44F, 0x10E },
    { 0x450, 0x450, 0x10F },
    { 0x451, 0x451, 0x110 },
    { 0x452, 0x452, 0x111 },
    { 0x453, 0x453, 0x112 },
    { 0x454, 0x454, 0x113 },
    { 0x455, 0x455, 0x114 },
    { 0x456, 0x456, 0x115 },
    { 0x457, 0x457, 0x116 },
    { 0x458, 0x458, 0x117 },
    { 0x459, 0x459, 0x118 },
    { 0x45A, 0x45A, 0x119 },
    { 0x45B, 0x45B, 0x11A },
    { 0x45C, 0x45C, 0x11B },
    { 0x45D, 0x45D, 0x11C },
    { 0x45E, 0x45E, 0x11D },
    { 0x45F, 0x45F, 0x11E },
    { 0x2010, 0x2010, 0x11F },
    { 0x2011, 0x2011, 0x120 },
    { 0x2012, 0x2012, 0x121 },
    { 0x2013, 0x2013, 0x122 },
    { 0x2014, 0x2014, 0x123 },
    { 0x2015, 0x2015, 0x124 },
    { 0x2016, 0x2016, 0x125 },
    { 0x2017, 0x2017, 0x126 },
    { 0x2018, 0x2018, 0x127 },
    { 0x2019, 0x2019, 0x128 },
    { 0x201A, 0x201A, 0x129 },
    { 0x201B, 0x201B, 0x12A },
    { 0x201C, 0x201C, 0x12B },
    { 0x201D, 0x201D, 0x12C },
    { 0x201E, 0x201E, 0x12D },
    { 0x201F, 0x201F, 0x12E },
    { 0x2020, 0x2020, 0x12F },
    { 0x2021, 0x2021, 0x130 },
    { 0x2022, 0x2022, 0x131 },
    { 0x2023, 0x2023, 0x132 },
    { 0x2024, 0x2024, 0x133 },
    { 0x2025, 0x2025, 0x134 },
    { 0x2026, 0x2026, 0x135 },
    { 0x2027, 0x2027, 0x136 },
    { 0x20AC, 0x20AC, 0x137 },
    { 0x2116, 0x2116, 0x138 },
};
const GFXfont BookishArimo22 = {
    (uint8_t*)BookishArimo22Bitmaps,
    (GFXglyph*)BookishArimo22Glyphs,
    (UnicodeInterval*)BookishArimo22Intervals,
    313,
    1,
    25,
    20,
    -5,
};
