// Generated by tools/generate_reader_font.py from Roboto-Regular.ttf.
// Covers ASCII, core Cyrillic and punctuation used by Russian FB2.
#pragma once
#include "epd_driver.h"
const uint8_t ReaderRoboto14Bitmaps[19827] = {
    0x78, 0x9C, 0x03, 0x00, 0x00, 0x00, 0x00, 0x01, 0x78, 0x9C, 0xFB, 0x25, 0xFF, 0x13, 0x04, 0xF9,
    0x41, 0xF0, 0x07, 0x1C, 0x7E, 0x07, 0x41, 0xBE, 0xEF, 0x7C, 0x0C, 0x60, 0xF0, 0x44, 0xE6, 0x77,
    0xFC, 0x57, 0x59, 0x00, 0xC3, 0xC0, 0x13, 0x07, 0x78, 0x9C, 0xFB, 0xC8, 0xF7, 0x99, 0xE7, 0x23,
    0xDF, 0x67, 0xEE, 0x8F, 0xBC, 0x40, 0xCC, 0xF3, 0x99, 0xF3, 0x23, 0xF7, 0x67, 0x8E, 0x8F, 0x9C,
    0x9F, 0xD9, 0x3F, 0x72, 0x7C, 0x61, 0x05, 0x00, 0xCF, 0x7E, 0x0D, 0xCE, 0x78, 0x9C, 0x3D, 0x8D,
    0xEB, 0x0D, 0x82, 0x60, 0x10, 0x04, 0x87, 0x04, 0x83, 0x6F, 0xEC, 0x00, 0x3B, 0x90, 0x0E, 0xB0,
    0x04, 0x3B, 0xD0, 0x0E, 0xB0, 0x14, 0x3B, 0x80, 0x4E, 0xB4, 0x03, 0x28, 0x81, 0x0E, 0x40, 0xC5,
    0x57, 0x30, 0x7E, 0xDE, 0x86, 0xE8, 0xFC, 0xD9, 0x49, 0xEE, 0x6E, 0x0F, 0xB8, 0xCC, 0xB9, 0x8F,
    0x31, 0x6E, 0x13, 0x5E, 0x81, 0xE4, 0x39, 0xE4, 0xED, 0x4B, 0x3A, 0x1F, 0xE7, 0x49, 0x3E, 0xDE,
    0xB2, 0x56, 0x2E, 0x6A, 0x36, 0x47, 0x88, 0x5D, 0x4F, 0xF0, 0x17, 0xC8, 0xB7, 0x54, 0x91, 0x76,
    0xAA, 0x95, 0x2A, 0x8D, 0x73, 0xA8, 0x4A, 0xA3, 0x9D, 0xAA, 0xD2, 0x78, 0x8C, 0xE8, 0x06, 0xF6,
    0xA8, 0x3F, 0x4A, 0x69, 0x7F, 0x02, 0x8E, 0x75, 0xA1, 0x95, 0xB8, 0x60, 0x9F, 0x49, 0x76, 0x19,
    0xB9, 0x06, 0x1C, 0x52, 0xCA, 0x44, 0x72, 0x4A, 0x68, 0x42, 0x49, 0x13, 0x71, 0x9D, 0x59, 0x7E,
    0x01, 0x95, 0xA1, 0x3F, 0x89, 0x78, 0x9C, 0x63, 0x60, 0x60, 0x10, 0x60, 0x00, 0x83, 0x9F, 0x1C,
    0x98, 0xD4, 0xF1, 0xFF, 0xE7, 0x59, 0x19, 0x18, 0x2E, 0xFD, 0xFF, 0xFF, 0x7F, 0x3F, 0x03, 0xC3,
    0x9F, 0xFD, 0x6E, 0xD7, 0xFE, 0x73, 0x38, 0xFC, 0xE7, 0x64, 0x10, 0xF8, 0x27, 0xDF, 0xF0, 0x9F,
    0x89, 0x81, 0xE1, 0x7B, 0xFC, 0x82, 0xFF, 0x40, 0x55, 0x9F, 0xEB, 0x27, 0x80, 0x78, 0x13, 0x22,
    0x03, 0xFE, 0x73, 0x83, 0x35, 0xFF, 0x3D, 0xCF, 0x0C, 0xA2, 0x1E, 0xFD, 0xBF, 0x2F, 0x0E, 0xA4,
    0x04, 0x7E, 0xFE, 0xFF, 0x2F, 0x09, 0xA2, 0xAF, 0xFF, 0x7F, 0xCF, 0x04, 0x12, 0x3F, 0xFC, 0x9F,
    0x17, 0xAC, 0xEC, 0x57, 0x7E, 0x10, 0xD0, 0x74, 0x86, 0x8F, 0xEB, 0xBF, 0xD9, 0x03, 0xA9, 0x07,
    0xFB, 0x3F, 0xD7, 0x03, 0xA9, 0x0F, 0xEB, 0x1F, 0x80, 0x54, 0xFD, 0xCC, 0x4F, 0xF8, 0x5F, 0xE7,
    0x72, 0x0C, 0xA8, 0xF2, 0x07, 0xD0, 0xF6, 0xFB, 0x4C, 0x0C, 0x06, 0xAF, 0xFE, 0x9F, 0x67, 0x07,
    0x1B, 0xCE, 0xC2, 0x80, 0x44, 0xED, 0x04, 0xDA, 0x04, 0x00, 0x38, 0x95, 0x41, 0xAB, 0x78, 0x9C,
    0x63, 0xB8, 0xF6, 0x5E, 0x92, 0x01, 0x0C, 0x0A, 0xFE, 0xBF, 0xB9, 0x0F, 0x61, 0x7D, 0xD2, 0x67,
    0xF8, 0xCD, 0xC1, 0x90, 0x00, 0x14, 0xFF, 0xC6, 0xC9, 0xF0, 0x99, 0x87, 0xE1, 0xA3, 0x3C, 0x03,
    0xC3, 0x0F, 0x76, 0x86, 0x0F, 0x7C, 0x0C, 0xBF, 0xD8, 0xA0, 0x2C, 0x87, 0xF3, 0x0C, 0x60, 0xD9,
    0x4F, 0xBC, 0x17, 0xF4, 0x21, 0x3A, 0x7E, 0x71, 0xFC, 0xE0, 0x00, 0xB2, 0x1A, 0x80, 0xA6, 0x28,
    0x42, 0xCC, 0x01, 0x9A, 0x7C, 0xC0, 0x9F, 0x01, 0x0A, 0xBE, 0x71, 0x41, 0x19, 0x02, 0xEF, 0x19,
    0xAF, 0x42, 0xAC, 0x5C, 0x90, 0x0F, 0xB4, 0xF2, 0x3D, 0x23, 0x90, 0xF5, 0x85, 0xE7, 0xA3, 0x3D,
    0xC3, 0x2F, 0x4E, 0x20, 0xEB, 0x1F, 0xD3, 0x57, 0x2E, 0xA0, 0xA1, 0x40, 0x73, 0xFA, 0x19, 0xBE,
    0x03, 0x2D, 0xE2, 0x67, 0x60, 0xF8, 0xCC, 0x0B, 0x63, 0xFD, 0x61, 0x61, 0x00, 0xC9, 0xF2, 0x31,
    0x30, 0x4C, 0x67, 0x60, 0x80, 0xE9, 0x00, 0x39, 0xFC, 0x0E, 0xD8, 0x14, 0x20, 0x38, 0xFA, 0x5E,
    0x8A, 0x01, 0x00, 0x62, 0x2B, 0x3D, 0x67, 0x78, 0x9C, 0x1D, 0x8E, 0x3D, 0x0E, 0x82, 0x50, 0x10,
    0x84, 0x07, 0x83, 0x3F, 0x05, 0x7A, 0x04, 0x29, 0xEC, 0xD5, 0xC2, 0x1E, 0x6F, 0xC0, 0x49, 0x4C,
    0x38, 0x02, 0xBD, 0x31, 0x70, 0x04, 0x2F, 0x60, 0x5E, 0x45, 0xAD, 0x8D, 0xF5, 0xAB, 0xAD, 0xF4,
    0x06, 0x26, 0x80, 0x3C, 0x8D, 0xC2, 0xB8, 0xCB, 0x34, 0xFB, 0x65, 0x26, 0x99, 0x1D, 0xE0, 0xCA,
    0x83, 0x07, 0x51, 0x4E, 0x72, 0xA9, 0xF0, 0xBA, 0x6F, 0xDC, 0x59, 0xE1, 0x1B, 0x22, 0xA1, 0x66,
    0x6D, 0x80, 0x2D, 0x07, 0x0A, 0x53, 0x71, 0x34, 0xFA, 0x44, 0xA8, 0x33, 0x85, 0xD2, 0xA6, 0x0C,
    0x14, 0x12, 0x76, 0x06, 0xBD, 0x5A, 0x8E, 0xFA, 0x7B, 0x24, 0x87, 0x3D, 0xFC, 0x4C, 0x17, 0x21,
    0xD9, 0x8B, 0x31, 0xAE, 0x9E, 0xDE, 0xC5, 0xA0, 0x32, 0xD2, 0x17, 0x3C, 0x32, 0xB8, 0x15, 0xE0,
    0x4C, 0x1D, 0xE3, 0x1D, 0xEA, 0x80, 0x6E, 0x86, 0x26, 0xD6, 0xC7, 0xD2, 0x50, 0x5A, 0x01, 0x47,
    0x1F, 0x29, 0x77, 0x8B, 0x82, 0x9C, 0xCB, 0x53, 0x59, 0x68, 0x1B, 0xF1, 0xD7, 0x37, 0x9E, 0xFC,
    0x9C, 0x93, 0x3F, 0xC7, 0x07, 0x4A, 0x93, 0x78, 0x9C, 0xFB, 0xC1, 0xF9, 0x83, 0xF3, 0x07, 0xC7,
    0x0F, 0xF6, 0x1F, 0x6C, 0x3F, 0x58, 0x7F, 0xB0, 0x00, 0x00, 0x37, 0xD0, 0x06, 0xF9, 0x78, 0x9C,
    0x63, 0x60, 0x60, 0xD8, 0xC4, 0xC0, 0xC0, 0xA0, 0xF0, 0x8F, 0x99, 0x81, 0xE1, 0x61, 0x3F, 0x90,
    0xF5, 0x9B, 0x8B, 0x81, 0x21, 0xE0, 0x3D, 0x23, 0x03, 0xC3, 0x83, 0x7A, 0x20, 0xEF, 0x9B, 0x3C,
    0x90, 0xF8, 0x03, 0x14, 0x52, 0xF8, 0xCF, 0xCA, 0xC0, 0x90, 0xF0, 0x1F, 0x28, 0xBE, 0xE0, 0x3E,
    0x50, 0xE8, 0xC2, 0x7E, 0x20, 0xF1, 0x61, 0x3E, 0x88, 0x00, 0x69, 0xFA, 0x08, 0x27, 0x20, 0x62,
    0xF3, 0x61, 0x4A, 0x16, 0xBC, 0x67, 0x80, 0x6A, 0x03, 0x1B, 0x00, 0x36, 0x0A, 0x62, 0x28, 0xD8,
    0x78, 0xB0, 0x45, 0x60, 0x2B, 0x19, 0x1E, 0xD6, 0xC3, 0x9C, 0x01, 0x74, 0x10, 0x00, 0x70, 0x93,
    0x26, 0x55, 0x78, 0x9C, 0xDB, 0xC8, 0xC8, 0xC0, 0xC0, 0xF0, 0x55, 0x0E, 0x48, 0x4C, 0xB8, 0x0F,
    0x24, 0x18, 0xFE, 0x70, 0x01, 0x89, 0x4F, 0xF6, 0x40, 0x62, 0x01, 0x88, 0xAF, 0xF0, 0x9F, 0x05,
    0x24, 0xC8, 0x0D, 0x24, 0xBE, 0xCB, 0x03, 0x89, 0xCF, 0xF1, 0x40, 0xE2, 0x43, 0x3F, 0x90, 0xB8,
    0xB0, 0x1F, 0x48, 0x6C, 0x00, 0xA9, 0xD9, 0xF0, 0x1E, 0xA4, 0xFA, 0x3F, 0xC8, 0x08, 0x10, 0xB1,
    0xE0, 0x3D, 0x4C, 0xE2, 0xC2, 0x79, 0x98, 0x62, 0xB0, 0xB6, 0x6F, 0xF2, 0x50, 0xA3, 0x04, 0xFE,
    0xB3, 0x32, 0x30, 0x34, 0x80, 0x54, 0x7C, 0x04, 0x59, 0xF4, 0x9B, 0x0B, 0xCA, 0x03, 0x3B, 0x63,
    0x23, 0xC8, 0x41, 0x00, 0x64, 0x46, 0x26, 0x5D, 0x78, 0x9C, 0x63, 0x60, 0x38, 0x10, 0xCF, 0x00,
    0x02, 0x50, 0x6A, 0x83, 0x3F, 0x90, 0x58, 0xC8, 0xB2, 0xC1, 0x5F, 0x20, 0x9D, 0xE1, 0xEB, 0xFB,
    0x93, 0xF3, 0x7F, 0xDF, 0x67, 0x98, 0xFC, 0xF7, 0xFF, 0xFF, 0xFF, 0xD9, 0x0C, 0x0C, 0x0A, 0xBF,
    0xFF, 0xB3, 0x00, 0x25, 0x15, 0xFE, 0xFF, 0x63, 0x07, 0xA9, 0xEF, 0xFF, 0x62, 0x0F, 0xA4, 0x7E,
    0xF2, 0x2D, 0xB8, 0x0F, 0xA4, 0xFE, 0xB0, 0x08, 0xFC, 0x63, 0x66, 0x60, 0x08, 0x60, 0x60, 0x50,
    0x61, 0x60, 0x00, 0x00, 0x90, 0xFA, 0x1B, 0x46, 0x78, 0x9C, 0x63, 0x60, 0x80, 0x01, 0x85, 0xFF,
    0xEC, 0x24, 0xD0, 0xFF, 0xFE, 0x83, 0x01, 0x33, 0x8C, 0x2E, 0x2B, 0x6F, 0xFF, 0x5F, 0x5D, 0x5E,
    0xCE, 0x48, 0xAA, 0x39, 0x00, 0xA2, 0xDB, 0x1F, 0x9C, 0x78, 0x9C, 0x63, 0x10, 0x64, 0x30, 0xF8,
    0xCF, 0x0A, 0x46, 0x2C, 0x09, 0xFF, 0x19, 0x37, 0xEC, 0x67, 0xF8, 0x62, 0xCF, 0xB0, 0x91, 0x8D,
    0x01, 0x00, 0x64, 0x28, 0x08, 0x66, 0x78, 0x9C, 0xFB, 0xFE, 0xFF, 0x7F, 0xFD, 0x77, 0x20, 0x56,
    0x54, 0x52, 0x62, 0x02, 0x00, 0x3D, 0x58, 0x07, 0x50, 0x78, 0x9C, 0x13, 0x60, 0xF8, 0xC9, 0xFB,
    0xCF, 0xFF, 0x07, 0x0F, 0x00, 0x0D, 0x80, 0x03, 0x68, 0x78, 0x9C, 0x63, 0x60, 0x60, 0x60, 0xF8,
    0xCA, 0x07, 0x24, 0x18, 0x7E, 0x73, 0x00, 0x09, 0x81, 0xFF, 0x4C, 0x40, 0xB2, 0xE0, 0x3C, 0x48,
    0xE0, 0x42, 0x3E, 0x88, 0xFC, 0x2C, 0x0F, 0x22, 0x7F, 0x72, 0x81, 0xC8, 0x7F, 0x2C, 0x40, 0x22,
    0xE0, 0x3D, 0x88, 0xB9, 0xA1, 0x1F, 0x44, 0x7E, 0xD4, 0x07, 0x91, 0xDF, 0x79, 0x40, 0xE4, 0x5F,
    0x36, 0x20, 0x61, 0xF0, 0x9F, 0x11, 0x48, 0x4E, 0x58, 0x0F, 0x12, 0x78, 0xE0, 0xCF, 0x40, 0x8A,
    0xE1, 0x00, 0xF7, 0x86, 0x19, 0x99, 0x78, 0x9C, 0x63, 0x10, 0xB8, 0xF1, 0x7F, 0x2E, 0x33, 0x03,
    0xC3, 0xE3, 0xFF, 0xFF, 0xFF, 0xE7, 0x33, 0x30, 0xFC, 0xEB, 0x37, 0x7E, 0xF6, 0x9F, 0xB9, 0xE0,
    0x3F, 0x2B, 0x83, 0xC2, 0x7F, 0x9E, 0x0B, 0xF7, 0x19, 0x18, 0x18, 0x7E, 0xC8, 0x7F, 0xEC, 0x07,
    0x52, 0x5F, 0xE2, 0x3F, 0xC7, 0x03, 0xA9, 0x8F, 0xF5, 0x5F, 0xFD, 0x81, 0xD4, 0x87, 0xF9, 0x10,
    0x6A, 0xFD, 0x37, 0x6C, 0x14, 0x54, 0xC9, 0x17, 0x08, 0xF5, 0x39, 0x1F, 0xAC, 0xEF, 0x03, 0xC4,
    0x94, 0x03, 0x20, 0x33, 0x7F, 0xCA, 0x17, 0xFC, 0x67, 0x03, 0xDA, 0xC0, 0x0D, 0xB4, 0x4F, 0x19,
    0x68, 0x1F, 0xC3, 0x23, 0x88, 0xED, 0x20, 0xB7, 0x30, 0x31, 0x00, 0x00, 0x3C, 0xFD, 0x3E, 0xE6,
    0x78, 0x9C, 0x63, 0x60, 0x10, 0xB8, 0xC6, 0xCA, 0x60, 0xF0, 0xEB, 0x3F, 0x6B, 0xE2, 0xDF, 0xFF,
    0xFF, 0x59, 0x7F, 0xFE, 0x5F, 0xFB, 0x9F, 0xF5, 0xA5, 0x65, 0xC0, 0x7F, 0x56, 0x26, 0x06, 0x20,
    0xC1, 0x40, 0x3D, 0x02, 0x00, 0xCC, 0x29, 0x21, 0xDC, 0x78, 0x9C, 0x63, 0x50, 0xB8, 0xF9, 0x7F,
    0x2D, 0x33, 0x03, 0x03, 0xC3, 0x8F, 0xFF, 0xFF, 0xFF, 0xF7, 0x33, 0x30, 0x14, 0xFC, 0xCF, 0x35,
    0x7E, 0xFE, 0x9F, 0x8D, 0xE1, 0xE3, 0x79, 0x06, 0x06, 0x83, 0xFF, 0x7C, 0x0C, 0xDF, 0xFC, 0x81,
    0x72, 0x3F, 0xF5, 0x19, 0x7E, 0xF2, 0x03, 0x69, 0x20, 0x27, 0x98, 0x15, 0x48, 0x7F, 0xD7, 0x67,
    0x00, 0x83, 0xDF, 0x7C, 0x60, 0x4A, 0xE1, 0x3F, 0x3B, 0x98, 0x3E, 0xF0, 0x1E, 0x22, 0xFC, 0xCB,
    0x1F, 0x4C, 0x15, 0xFC, 0xE7, 0x00, 0xD3, 0x5F, 0xD7, 0x83, 0x29, 0x87, 0xFF, 0x3C, 0x60, 0xFA,
    0xF3, 0x79, 0x88, 0xA6, 0x7F, 0xB2, 0x60, 0xFA, 0xE2, 0x7B, 0x26, 0x30, 0xFD, 0x07, 0x62, 0xE6,
    0x86, 0xFF, 0x6A, 0x4A, 0x40, 0xC0, 0xF0, 0xE5, 0x3F, 0x18, 0x30, 0xC3, 0x68, 0x00, 0x4D, 0x4C,
    0x34, 0x13, 0x78, 0x9C, 0x63, 0x30, 0xB8, 0xF9, 0x7F, 0x2E, 0x13, 0x03, 0xC3, 0x8F, 0xFF, 0xFF,
    0xFF, 0xE7, 0x33, 0x14, 0xFC, 0xCF, 0x35, 0x7E, 0xFE, 0x9F, 0xF9, 0xE3, 0x7D, 0x06, 0x06, 0x85,
    0xFF, 0xDC, 0x5F, 0xE3, 0x19, 0x18, 0x18, 0x7E, 0xF3, 0x6F, 0xD1, 0x06, 0x52, 0x3F, 0xE5, 0x19,
    0x40, 0xE0, 0x17, 0x3F, 0x88, 0x54, 0xF8, 0xCF, 0x09, 0x22, 0x9F, 0xDF, 0x67, 0x64, 0x60, 0xF8,
    0xFE, 0xFF, 0xBF, 0x14, 0x03, 0x98, 0xD2, 0x02, 0x52, 0x8A, 0x4E, 0x3F, 0xDE, 0x33, 0x83, 0x95,
    0xFC, 0xE3, 0x01, 0x6B, 0xF8, 0x6E, 0x0F, 0xA6, 0xBE, 0xC4, 0x6F, 0xE7, 0x06, 0x53, 0x3F, 0xF4,
    0xC1, 0x82, 0x9F, 0xF7, 0x33, 0x30, 0x08, 0xFC, 0xE3, 0x5D, 0xF0, 0x3F, 0xD6, 0xF8, 0xD9, 0x7F,
    0x56, 0x86, 0x5F, 0x60, 0xDB, 0x19, 0x1C, 0x5E, 0x81, 0xDC, 0x02, 0x00, 0x4F, 0xB1, 0x35, 0x1F,
    0x78, 0x9C, 0x63, 0x60, 0x60, 0x60, 0x08, 0xF8, 0xCF, 0xC3, 0x00, 0x02, 0x0F, 0xA0, 0xF4, 0x4F,
    0x08, 0x6D, 0xF0, 0x1F, 0x42, 0x5F, 0x58, 0xFF, 0x17, 0x4C, 0x7F, 0x97, 0x07, 0xD3, 0x0A, 0xFF,
    0xD9, 0xC0, 0xF4, 0x81, 0xF3, 0x0C, 0x60, 0xFA, 0x9B, 0x3E, 0x98, 0x16, 0xF8, 0xC7, 0x01, 0xA6,
    0x17, 0xDC, 0x67, 0x00, 0xD3, 0x5F, 0xFC, 0x21, 0xF4, 0x3F, 0x2E, 0x30, 0xDD, 0xF0, 0x9E, 0x11,
    0x4C, 0x7F, 0xFA, 0x0F, 0x06, 0xEB, 0xBF, 0x40, 0x69, 0x05, 0x25, 0x20, 0xF8, 0xA7, 0x23, 0x04,
    0xB6, 0x18, 0x62, 0x0F, 0x56, 0x1A, 0x00, 0x87, 0xAF, 0x33, 0xDD, 0x78, 0x9C, 0x13, 0xF8, 0x0F,
    0x02, 0x1C, 0x06, 0x10, 0xCA, 0xE1, 0x7F, 0x46, 0x5A, 0x5A, 0x1A, 0x73, 0xC2, 0x7F, 0x46, 0x06,
    0x20, 0x28, 0xF8, 0x0F, 0x22, 0x19, 0x26, 0xDC, 0x07, 0x53, 0x1B, 0xF6, 0x83, 0xA9, 0x03, 0xFB,
    0x8F, 0xFF, 0xEB, 0x65, 0x60, 0x78, 0x00, 0x52, 0xAF, 0xC7, 0xF0, 0xE1, 0x7F, 0x75, 0xEB, 0xBF,
    0xFB, 0x0C, 0x0E, 0x1E, 0x40, 0xF9, 0xFF, 0xEC, 0x20, 0x79, 0x81, 0xFF, 0x3C, 0x60, 0x75, 0xBF,
    0xF8, 0xC1, 0xD4, 0x0F, 0x79, 0x28, 0xB5, 0x83, 0x03, 0x2C, 0xF8, 0x13, 0x24, 0xFC, 0x8F, 0xE7,
    0xCB, 0x7C, 0x06, 0x86, 0x86, 0xFF, 0xEC, 0x1B, 0xFE, 0x7B, 0x3B, 0xFD, 0x02, 0x1A, 0xFF, 0x1B,
    0x68, 0x98, 0x2E, 0x03, 0x43, 0xC0, 0xEB, 0xF7, 0x35, 0x0C, 0x0C, 0x00, 0x48, 0xCE, 0x38, 0xDB,
    0x78, 0x9C, 0x63, 0x60, 0x60, 0x68, 0x7E, 0xC3, 0xCF, 0xC0, 0xC0, 0xB0, 0xE9, 0xFF, 0x7F, 0x20,
    0xA5, 0xF0, 0xEF, 0x7E, 0x04, 0x33, 0x03, 0xC3, 0x83, 0xFF, 0xAC, 0x40, 0x21, 0x86, 0x9F, 0xF6,
    0x20, 0x52, 0xE0, 0x3F, 0x07, 0x88, 0x4A, 0xF8, 0xCF, 0x08, 0xA2, 0x16, 0x9C, 0x6F, 0xFC, 0x7B,
    0x9E, 0x9D, 0xE1, 0xC2, 0xF9, 0x7F, 0xFF, 0xFF, 0x9F, 0x67, 0xF8, 0xF0, 0xFF, 0xBC, 0xE9, 0xD1,
    0xFF, 0x5C, 0x1F, 0x40, 0x4A, 0xFE, 0xD8, 0x7F, 0x3C, 0x0F, 0x54, 0xF0, 0x69, 0xFE, 0xC7, 0x7E,
    0x20, 0x75, 0xE1, 0x3C, 0x98, 0xDA, 0x70, 0xFF, 0xC3, 0x7C, 0x30, 0x75, 0xE0, 0x3E, 0x48, 0x70,
    0x7F, 0xC3, 0x7F, 0xA0, 0xF1, 0x9F, 0xFA, 0x05, 0xFE, 0xF3, 0x32, 0x30, 0xFC, 0xD6, 0x67, 0xF8,
    0x76, 0x1F, 0xA8, 0x9D, 0x83, 0xA1, 0xE1, 0xFF, 0xFF, 0xFF, 0xEB, 0x81, 0xF2, 0x8B, 0xFF, 0xED,
    0x63, 0x61, 0x00, 0x00, 0x1A, 0x2C, 0x3C, 0xC2, 0x78, 0x9C, 0xFB, 0xF7, 0x1F, 0x0C, 0x18, 0xFE,
    0x41, 0x69, 0x25, 0x10, 0x78, 0x34, 0x9F, 0x01, 0x0C, 0xBE, 0xEA, 0x43, 0xE8, 0x3F, 0xDC, 0x60,
    0xCA, 0xE1, 0x3F, 0x0B, 0x98, 0xDE, 0x70, 0x1F, 0x22, 0xFC, 0x29, 0x1F, 0x42, 0xFF, 0xE4, 0x03,
    0x53, 0x02, 0xFF, 0x39, 0xC0, 0x74, 0xC3, 0x7F, 0x46, 0x30, 0xFD, 0x60, 0x3D, 0x44, 0xFA, 0x9B,
    0x3D, 0x84, 0xFE, 0xCB, 0x03, 0xA6, 0x02, 0xFE, 0xB3, 0x82, 0xE9, 0x03, 0xEF, 0x21, 0xC2, 0x9F,
    0xEB, 0x21, 0xF4, 0x2F, 0x79, 0x30, 0xA5, 0xF0, 0x9F, 0x13, 0x4C, 0x4F, 0xF8, 0xCF, 0x04, 0xA6,
    0x3F, 0xEE, 0x07, 0x53, 0x00, 0x86, 0xC2, 0x27, 0xDC, 0x78, 0x9C, 0x63, 0x10, 0xB8, 0xF1, 0x7F,
    0x2D, 0x33, 0x03, 0xC3, 0x93, 0xFF, 0xFF, 0xFF, 0xD7, 0x33, 0x28, 0xFC, 0xEF, 0x37, 0xF9, 0xFE,
    0x9F, 0x75, 0xC2, 0x7F, 0x56, 0x20, 0x93, 0xF7, 0xC2, 0x7B, 0x06, 0x06, 0x86, 0x9F, 0xF2, 0x0F,
    0xF6, 0x03, 0xA9, 0xEF, 0xF6, 0x07, 0xEE, 0x03, 0xA9, 0x1F, 0xF2, 0x05, 0xFF, 0x59, 0x18, 0x04,
    0xFE, 0xF1, 0x30, 0xFC, 0xCD, 0x63, 0xBC, 0xF2, 0x9F, 0x99, 0x61, 0x23, 0x50, 0x9F, 0x2D, 0x03,
    0xC3, 0x44, 0x20, 0xA5, 0xC3, 0x20, 0xF0, 0xB7, 0xCE, 0xF8, 0xDA, 0x7F, 0xE6, 0x05, 0xEF, 0x99,
    0x18, 0x18, 0xFE, 0xF0, 0x7D, 0xAA, 0x07, 0x6A, 0xF8, 0x9C, 0xFF, 0xD5, 0x1F, 0x48, 0x7D, 0x98,
    0xFF, 0xD5, 0x1E, 0x44, 0xAD, 0xFF, 0x92, 0x0F, 0xA4, 0x3E, 0xF5, 0x3F, 0x78, 0xCF, 0xC8, 0xC0,
    0xF0, 0xDB, 0x3E, 0xE1, 0x7F, 0x9D, 0xF2, 0xD1, 0xFF, 0x5C, 0x0C, 0xDF, 0x81, 0xDA, 0xD7, 0x33,
    0x30, 0x28, 0xDC, 0xFC, 0xBF, 0x8E, 0x85, 0x01, 0x00, 0x56, 0xF7, 0x43, 0x1E, 0x78, 0x9C, 0x63,
    0x50, 0xB8, 0xF9, 0x3E, 0x87, 0x81, 0x81, 0xE1, 0xEB, 0xFF, 0xFF, 0xFF, 0x79, 0x18, 0x0C, 0xFE,
    0xD7, 0x39, 0xFF, 0xDE, 0xCF, 0x70, 0xE0, 0x3F, 0x13, 0xC3, 0x84, 0xFF, 0xAC, 0x9F, 0xEA, 0x81,
    0x12, 0xFF, 0x78, 0xBE, 0xE9, 0x03, 0xA9, 0x9F, 0xFC, 0x3F, 0xF8, 0x41, 0xCA, 0xEC, 0x7F, 0xC8,
    0x03, 0xA9, 0x2F, 0xF1, 0xDF, 0xED, 0x81, 0xD4, 0xE7, 0xFC, 0xCF, 0xFD, 0x40, 0xEA, 0x47, 0xFE,
    0x03, 0xA0, 0x86, 0x80, 0xFF, 0xF1, 0x01, 0xFF, 0xF3, 0x9C, 0x7F, 0xFD, 0xF7, 0x67, 0xF8, 0xF1,
    0xFF, 0xFF, 0xFB, 0xEF, 0xFA, 0x0C, 0x0E, 0xAF, 0xEF, 0x73, 0x7C, 0x07, 0xE9, 0x62, 0x60, 0xF8,
    0xCD, 0x03, 0x22, 0x05, 0xFE, 0xB3, 0x83, 0xA8, 0x05, 0xFF, 0x19, 0x41, 0x9C, 0x5F, 0xF9, 0x0C,
    0x0C, 0x0A, 0x21, 0x3F, 0xFF, 0x73, 0x32, 0x30, 0x6C, 0xF8, 0xFF, 0x3F, 0x0F, 0x24, 0x71, 0x3F,
    0x0B, 0x28, 0x03, 0x00, 0x94, 0x27, 0x38, 0xCB, 0x78, 0x9C, 0x9B, 0xB0, 0x9E, 0xE1, 0xC3, 0x7F,
    0xA6, 0x0D, 0xE7, 0x19, 0x18, 0x18, 0x19, 0x70, 0x02, 0x46, 0x06, 0xA0, 0x82, 0x0F, 0xFF, 0x19,
    0x17, 0xAC, 0x67, 0x00, 0x00, 0xEA, 0x68, 0x09, 0x70, 0x78, 0x9C, 0x13, 0xF8, 0xCB, 0x9A, 0xF0,
    0x9F, 0x47, 0xE1, 0x1F, 0x3B, 0x03, 0x1E, 0x20, 0xC8, 0xC0, 0xF0, 0x9F, 0x03, 0x88, 0x04, 0xFE,
    0xB3, 0x1B, 0xFC, 0x67, 0x99, 0xF0, 0x9E, 0xE1, 0x53, 0x3C, 0xC3, 0x04, 0x0E, 0x06, 0x00, 0x25,
    0xDD, 0x0B, 0x73, 0x78, 0x9C, 0x63, 0x60, 0x60, 0x60, 0x10, 0x68, 0x07, 0x11, 0x3F, 0xE6, 0x33,
    0x30, 0x28, 0xFC, 0xFC, 0x3F, 0x9F, 0xC1, 0xE0, 0xD7, 0xFF, 0xFD, 0x2C, 0x0E, 0xBF, 0xFF, 0xF7,
    0x31, 0x31, 0xFC, 0xF9, 0x9F, 0x03, 0x94, 0xFA, 0x1F, 0x0F, 0x24, 0x80, 0xEC, 0x68, 0x20, 0x69,
    0x00, 0x14, 0x67, 0x64, 0x80, 0xA8, 0x81, 0xAA, 0x87, 0xEA, 0x05, 0x99, 0x03, 0x00, 0x39, 0x3D,
    0x1B, 0x61, 0x78, 0x9C, 0xFB, 0xFB, 0x1F, 0x04, 0xFE, 0x82, 0x49, 0x67, 0x17, 0x10, 0x60, 0xC0,
    0x00, 0x7F, 0x31, 0xD4, 0x00, 0x00, 0x1C, 0xD7, 0x1B, 0x0F, 0x78, 0x9C, 0xDB, 0xC8, 0xC2, 0x00,
    0x02, 0x1F, 0xEF, 0xB3, 0x81, 0xA9, 0xFF, 0xEF, 0xC5, 0x41, 0xF4, 0xB1, 0xFF, 0xFF, 0x35, 0x41,
    0xF4, 0xA4, 0x7F, 0xFF, 0xAD, 0x40, 0x74, 0xC2, 0x9F, 0xFF, 0x3C, 0x60, 0xFA, 0x3F, 0x3F, 0x88,
    0xFC, 0x0B, 0xE2, 0x4D, 0xFE, 0x0F, 0x92, 0xBB, 0x06, 0x56, 0x09, 0xD5, 0x07, 0x35, 0x65, 0x23,
    0xC4, 0x4C, 0x00, 0x3C, 0x68, 0x1C, 0xBE, 0x78, 0x9C, 0x63, 0x98, 0xF4, 0xF7, 0xBE, 0x04, 0x43,
    0xC0, 0xFF, 0xFF, 0xFF, 0xDF, 0x33, 0x7D, 0xFE, 0x1F, 0xB9, 0xED, 0x3F, 0xEF, 0x2F, 0x7F, 0x06,
    0x86, 0x5F, 0xFE, 0xFF, 0x78, 0x18, 0x18, 0x3E, 0xD7, 0x0B, 0x32, 0x32, 0x30, 0x7C, 0xEC, 0x67,
    0x00, 0x82, 0xCF, 0xF9, 0x20, 0xF2, 0x97, 0x3C, 0x90, 0x28, 0xF8, 0xCF, 0x09, 0x24, 0xBF, 0xDD,
    0x07, 0x12, 0x01, 0xFF, 0x65, 0x81, 0xE4, 0xC7, 0xFB, 0x40, 0x65, 0x0C, 0x3F, 0xED, 0x41, 0x2A,
    0xFE, 0xF0, 0x82, 0xC8, 0x7F, 0xDC, 0x0C, 0x58, 0xC1, 0x4B, 0x0E, 0x10, 0xF9, 0x9F, 0x1F, 0x6C,
    0x16, 0xD0, 0x14, 0x00, 0xBA, 0x4A, 0x20, 0xC3, 0x78, 0x9C, 0x45, 0x8E, 0x3D, 0x4E, 0xC2, 0x00,
    0x14, 0xC7, 0x7F, 0x68, 0x6B, 0x11, 0x8A, 0x98, 0x38, 0xB8, 0x59, 0x4F, 0x20, 0xDC, 0xC0, 0xDE,
    0x80, 0xDE, 0xA0, 0x9D, 0x8D, 0x89, 0x8D, 0xBB, 0xC1, 0xC4, 0x03, 0xF4, 0x08, 0x78, 0x03, 0x49,
    0xDC, 0x81, 0xC4, 0xD9, 0xC8, 0xE2, 0xE2, 0x60, 0xDD, 0x5C, 0x48, 0xF8, 0x28, 0x0A, 0x16, 0xE9,
    0xF3, 0xB5, 0x24, 0xF2, 0xA6, 0xDF, 0xFB, 0x7F, 0xE4, 0x3D, 0x80, 0xBB, 0x91, 0xF4, 0x8E, 0x29,
    0xE6, 0x49, 0x24, 0x13, 0xD9, 0xCF, 0x31, 0x94, 0xCB, 0x12, 0xCD, 0xCF, 0xF1, 0x8E, 0xF2, 0x8F,
    0x5F, 0xB8, 0xCB, 0x13, 0x08, 0x0A, 0x41, 0xED, 0x3E, 0xCC, 0xCE, 0x37, 0x2D, 0x56, 0x06, 0x69,
    0x19, 0x1E, 0xE5, 0x46, 0xC5, 0xEA, 0xA9, 0x94, 0x08, 0xE4, 0x5D, 0x6A, 0x0C, 0x9D, 0xB0, 0x03,
    0x73, 0x9F, 0xA4, 0xCE, 0x6D, 0x6B, 0xD0, 0x82, 0xF5, 0x1E, 0x49, 0x8D, 0xA0, 0x3D, 0xA9, 0xE3,
    0xC5, 0xF0, 0x55, 0xC5, 0x8D, 0x66, 0x07, 0x74, 0x23, 0x58, 0x54, 0x68, 0x76, 0xE6, 0x36, 0x1F,
    0x1A, 0x5B, 0x96, 0x95, 0xD5, 0x9C, 0x36, 0x20, 0xB5, 0xF0, 0x22, 0xE5, 0xC4, 0xD1, 0x43, 0x26,
    0xE1, 0x95, 0x66, 0x72, 0xCE, 0x0C, 0xBA, 0x0D, 0xED, 0x4E, 0x7D, 0xFD, 0xD5, 0x64, 0x66, 0x4F,
    0x1C, 0x86, 0xF1, 0xD1, 0x22, 0xAB, 0x1C, 0xAE, 0x8D, 0x81, 0x8F, 0x2B, 0xD2, 0x4F, 0xE2, 0x55,
    0x9B, 0xE0, 0x05, 0x5E, 0x63, 0xCB, 0xFD, 0xED, 0x19, 0xDA, 0x32, 0xF9, 0x9F, 0xEF, 0xB3, 0x2D,
    0xDF, 0x8F, 0x77, 0xB7, 0x4B, 0xFA, 0xA0, 0xC9, 0x6B, 0xAB, 0xE0, 0x20, 0x93, 0xE7, 0x91, 0xD8,
    0x1B, 0xC3, 0x7B, 0x93, 0xF8, 0x22, 0x87, 0x3F, 0xEE, 0xED, 0x63, 0x09, 0x78, 0x9C, 0x2D, 0xCE,
    0xDD, 0x0D, 0xC2, 0x30, 0x10, 0x03, 0x60, 0x17, 0x14, 0x7E, 0x54, 0x15, 0xB1, 0x01, 0xEC, 0x90,
    0x01, 0x52, 0x89, 0x01, 0x60, 0x83, 0x76, 0x13, 0xD8, 0x24, 0xDD, 0xA4, 0xDD, 0x04, 0x36, 0x88,
    0x02, 0x28, 0x05, 0x14, 0xF5, 0xB8, 0x5C, 0xE3, 0xA7, 0xEF, 0xC5, 0xB2, 0x01, 0x60, 0xAA, 0x30,
    0xA7, 0x26, 0x93, 0xD5, 0x91, 0xCD, 0xF2, 0xCE, 0x65, 0x05, 0x43, 0x6A, 0x56, 0x2C, 0x63, 0x29,
    0x38, 0x92, 0x0A, 0x07, 0xD1, 0xCD, 0xC1, 0x5F, 0x45, 0x0F, 0x8B, 0xEE, 0x2E, 0x7A, 0x1B, 0x5C,
    0x68, 0x99, 0xF4, 0xE3, 0x85, 0x69, 0xCB, 0xD8, 0xD3, 0x06, 0xF8, 0xEE, 0x58, 0x2D, 0x2D, 0x80,
    0x57, 0xC3, 0x1A, 0x28, 0xA5, 0x67, 0x3D, 0x45, 0x54, 0x00, 0x9F, 0xB3, 0xD6, 0xFA, 0x44, 0x6B,
    0xAE, 0xC9, 0x52, 0xAC, 0xF8, 0xDC, 0x2A, 0x69, 0x34, 0x7C, 0xAE, 0x90, 0x67, 0x16, 0xBE, 0x97,
    0xA1, 0xC1, 0x21, 0x34, 0xA2, 0x96, 0xD4, 0x1F, 0xEB, 0x30, 0x3B, 0xBD, 0x78, 0x9C, 0xFB, 0xF9,
    0xFF, 0xFF, 0xFF, 0x73, 0xE2, 0x0C, 0x0C, 0x3F, 0x81, 0xF4, 0xFF, 0xF7, 0x2C, 0x0C, 0x3F, 0xE3,
    0x8D, 0x9D, 0x97, 0xFE, 0x97, 0x67, 0xF8, 0x29, 0xCF, 0xC0, 0xC0, 0xF0, 0xA3, 0x1F, 0x42, 0x7F,
    0x38, 0x0F, 0xA1, 0x1F, 0xDC, 0x87, 0xF2, 0xF7, 0x43, 0xE8, 0xEF, 0xF9, 0x60, 0x7A, 0xF2, 0x7F,
    0x1E, 0x88, 0xFE, 0xF9, 0x50, 0x73, 0xF6, 0x33, 0x31, 0xFC, 0xF4, 0x37, 0x36, 0x6E, 0xF9, 0x6F,
    0x07, 0x51, 0xF7, 0x09, 0xAA, 0x7F, 0xC2, 0x7F, 0x66, 0x30, 0x9D, 0xF0, 0x9F, 0x15, 0x4C, 0x07,
    0x40, 0x69, 0x98, 0xF8, 0xE7, 0xF7, 0x60, 0x7D, 0x53, 0xFF, 0xE7, 0x43, 0xCC, 0xF9, 0xCF, 0x0E,
    0xA6, 0xCF, 0x6B, 0x30, 0x30, 0x00, 0x00, 0x52, 0x32, 0x4B, 0xFE, 0x78, 0x9C, 0x63, 0x60, 0x70,
    0xB8, 0xF5, 0x7F, 0x2D, 0x0B, 0x03, 0x03, 0x83, 0xC0, 0xEF, 0xFF, 0xFF, 0xFF, 0xEF, 0x67, 0x64,
    0x60, 0xB8, 0xF8, 0xBF, 0xD6, 0xE5, 0xD8, 0x7F, 0x1E, 0x06, 0x86, 0xDF, 0xFD, 0x40, 0xE1, 0x9F,
    0xFD, 0x0C, 0x0E, 0xFF, 0xB9, 0x80, 0x8C, 0x0B, 0xFF, 0x19, 0x36, 0xFC, 0x67, 0x02, 0x32, 0x0A,
    0xFE, 0xB3, 0x7C, 0x38, 0x0F, 0xA4, 0x19, 0x0C, 0xDE, 0xB1, 0x7D, 0x9A, 0xCF, 0x00, 0x01, 0x5F,
    0xEA, 0x61, 0x8C, 0x7C, 0x28, 0xE3, 0x6B, 0x3E, 0xBA, 0xC8, 0x67, 0x98, 0x1A, 0xB8, 0x2E, 0xA8,
    0x39, 0x77, 0xD9, 0x36, 0xFC, 0x67, 0x84, 0x98, 0x0C, 0xB7, 0x8B, 0xE1, 0x37, 0x48, 0xF5, 0x4F,
    0x20, 0xF1, 0xF0, 0x7F, 0xB6, 0x33, 0xD8, 0x3D, 0x02, 0x7F, 0x80, 0x2E, 0x5C, 0x0F, 0xD2, 0x11,
    0xF0, 0xEA, 0xFF, 0x5C, 0x66, 0x06, 0x06, 0x00, 0xE2, 0x9F, 0x3A, 0x46, 0x78, 0x9C, 0xFB, 0xF9,
    0xFF, 0xFF, 0xFB, 0x6A, 0x46, 0x06, 0x86, 0x9F, 0xFF, 0x81, 0x20, 0x1F, 0x48, 0xC7, 0x1B, 0x87,
    0xFC, 0xFC, 0xCF, 0xC9, 0xF0, 0x53, 0x9E, 0x81, 0x41, 0xE0, 0x4F, 0x3E, 0x98, 0x66, 0xB8, 0xF0,
    0x9F, 0x11, 0x4C, 0x3B, 0xFC, 0xE7, 0x00, 0xD3, 0x0C, 0x7F, 0x79, 0x21, 0xF4, 0x2F, 0x79, 0x08,
    0xFD, 0xDD, 0x1E, 0x42, 0x7F, 0xF3, 0xC7, 0x4E, 0xC3, 0xE4, 0x61, 0xEA, 0xFF, 0x41, 0xF4, 0x07,
    0x40, 0xCD, 0x7B, 0x08, 0x31, 0x5F, 0xE1, 0x6F, 0x3D, 0xC3, 0x4F, 0x7F, 0xE3, 0x94, 0x5F, 0x20,
    0xFB, 0x61, 0xEE, 0x01, 0xBA, 0x2F, 0x1B, 0xA8, 0x04, 0x00, 0x1E, 0x4C, 0x3F, 0x8D, 0x78, 0x9C,
    0xFB, 0xF9, 0x1F, 0x04, 0xE2, 0x7F, 0x42, 0xA9, 0x78, 0x63, 0x20, 0x10, 0xFE, 0x29, 0xCF, 0x00,
    0x02, 0xC4, 0x50, 0x60, 0x7D, 0x70, 0xCA, 0x1F, 0xA4, 0x9D, 0x28, 0x7D, 0x50, 0xCA, 0x1F, 0x62,
    0x1F, 0x58, 0x7B, 0x3D, 0x94, 0x02, 0x00, 0xC6, 0x90, 0x39, 0x07, 0x78, 0x9C, 0xFB, 0xF9, 0x1F,
    0x04, 0xF4, 0x7F, 0x42, 0xA9, 0x78, 0x63, 0x20, 0x60, 0xFE, 0x29, 0xCF, 0x00, 0x02, 0xC4, 0x50,
    0x20, 0x6D, 0xE7, 0xE1, 0x94, 0x3F, 0x50, 0xB7, 0x32, 0x51, 0xFA, 0xF0, 0x50, 0x00, 0x0B, 0x02,
    0x2C, 0x62, 0x78, 0x9C, 0x63, 0x60, 0x08, 0xB8, 0xF5, 0x7F, 0x1D, 0x2B, 0x03, 0x03, 0x83, 0xC0,
    0x9F, 0xFF, 0xFF, 0xFF, 0x9F, 0x67, 0x62, 0x60, 0x78, 0xF8, 0xBF, 0xC6, 0xE5, 0xD8, 0x7F, 0x39,
    0x06, 0x86, 0xDF, 0xFD, 0x40, 0xE1, 0xEF, 0xEB, 0x19, 0x1C, 0xFE, 0x73, 0x01, 0x19, 0x07, 0xFE,
    0x33, 0x2D, 0xF8, 0x0F, 0x94, 0x66, 0x08, 0xF8, 0xCF, 0xF6, 0xE0, 0x3E, 0x03, 0x08, 0x84, 0x32,
    0x7F, 0x5C, 0xCF, 0x00, 0x01, 0x9F, 0xFB, 0xA1, 0x8C, 0x2F, 0xF5, 0xD8, 0x18, 0x17, 0x80, 0x66,
    0x73, 0x82, 0xD4, 0x80, 0x19, 0x20, 0x5D, 0x0A, 0xC6, 0xCE, 0xFF, 0x39, 0x1F, 0xBC, 0x07, 0x29,
    0x10, 0xF8, 0xCF, 0x39, 0xE1, 0x3F, 0x0B, 0x84, 0xA1, 0xF0, 0x9F, 0x17, 0xC2, 0x60, 0xF8, 0xB1,
    0x9F, 0x11, 0x64, 0x17, 0x27, 0xC3, 0x86, 0xFF, 0x7D, 0x26, 0x29, 0xBF, 0x41, 0x0A, 0x7E, 0x00,
    0x35, 0xFF, 0xF7, 0x05, 0xCA, 0x2B, 0xDC, 0xF8, 0x7F, 0x2F, 0x92, 0x81, 0x01, 0x00, 0x72, 0x9E,
    0x43, 0x90, 0x78, 0x9C, 0xFB, 0x29, 0xCF, 0x00, 0x04, 0x0D, 0xFF, 0x99, 0x7F, 0x52, 0x8B, 0xF1,
    0x1F, 0x02, 0x90, 0x18, 0xFE, 0xC6, 0x40, 0x30, 0x99, 0x8A, 0x56, 0xC0, 0x18, 0x00, 0xD9, 0xB2,
    0x42, 0x68, 0x78, 0x9C, 0xFB, 0x16, 0xFF, 0x8D, 0x48, 0x08, 0x00, 0x5F, 0xE3, 0x1B, 0xFA, 0x78,
    0x9C, 0x63, 0x60, 0x00, 0x82, 0x0F, 0xE7, 0x19, 0x68, 0x4E, 0x7D, 0xEE, 0x07, 0x51, 0xFB, 0x3F,
    0xEE, 0x07, 0x52, 0x5F, 0xFA, 0x2F, 0xFC, 0x67, 0x61, 0x60, 0xF8, 0x6B, 0xEF, 0xF0, 0x7F, 0xBE,
    0xE9, 0xB5, 0xFF, 0x5C, 0x0C, 0xDF, 0xFE, 0xFF, 0xFF, 0x0F, 0x94, 0x50, 0xB8, 0xF9, 0x7F, 0x1D,
    0x0B, 0x03, 0x00, 0x31, 0x11, 0x2E, 0xF3, 0x78, 0x9C, 0xFB, 0x29, 0xCF, 0xC0, 0xC0, 0x60, 0xF0,
    0x5F, 0x9F, 0xE1, 0x27, 0x88, 0xF1, 0xE8, 0x3F, 0x0B, 0x98, 0x21, 0xF0, 0x37, 0x9F, 0x01, 0xCC,
    0x38, 0xF0, 0x9F, 0x1D, 0xC2, 0xF8, 0x35, 0x9F, 0x01, 0xCC, 0x98, 0xF0, 0x9F, 0x1B, 0xC2, 0xF8,
    0x7E, 0x9F, 0x01, 0xCC, 0x08, 0xF8, 0x2F, 0x07, 0x61, 0x7C, 0xFE, 0xCF, 0x04, 0x66, 0xF8, 0xFF,
    0x5B, 0xCF, 0x00, 0x66, 0xBC, 0xFF, 0xFF, 0x9F, 0x15, 0xCC, 0xF8, 0xDF, 0x0F, 0x34, 0x1F, 0xCC,
    0x60, 0xFB, 0x76, 0x1E, 0xCC, 0xA8, 0x67, 0x58, 0xF0, 0x9F, 0x13, 0x62, 0x0E, 0xC3, 0xDF, 0x78,
    0x28, 0x03, 0x6C, 0x00, 0x88, 0x91, 0xF0, 0x9F, 0x07, 0xC2, 0x00, 0xDB, 0x0A, 0x66, 0x5C, 0x04,
    0x1A, 0xF5, 0x13, 0xC5, 0xA9, 0x0C, 0xDF, 0xCF, 0x33, 0x00, 0x00, 0xF1, 0xD8, 0x3D, 0x35, 0x78,
    0x9C, 0xFB, 0xA9, 0xCF, 0x00, 0x02, 0x3F, 0x07, 0x88, 0x8A, 0x37, 0x06, 0x02, 0xE6, 0x9F, 0xFF,
    0x41, 0x80, 0x0F, 0x4A, 0x01, 0x00, 0xA4, 0x5E, 0x22, 0xFC, 0x78, 0x9C, 0x35, 0xCB, 0xD1, 0x09,
    0xC2, 0x30, 0x14, 0x85, 0xE1, 0x2B, 0x88, 0x42, 0xC0, 0x38, 0x42, 0x9C, 0x40, 0xDC, 0xC0, 0x11,
    0x74, 0x04, 0x37, 0xE9, 0x0A, 0x99, 0x40, 0x47, 0xD0, 0x11, 0xBA, 0x49, 0x37, 0x90, 0xA2, 0x50,
    0x7A, 0x6B, 0xDA, 0xE3, 0xB9, 0x49, 0xFB, 0x3F, 0x7D, 0x2F, 0xBF, 0x62, 0x25, 0x56, 0x0D, 0xAF,
    0xD8, 0x66, 0x7E, 0x8D, 0x3E, 0x53, 0x8D, 0x97, 0x4C, 0x90, 0xEF, 0xA7, 0xE9, 0x86, 0xD1, 0xEB,
    0x3D, 0x7F, 0x75, 0xA3, 0x5E, 0x8F, 0xF9, 0xFB, 0x54, 0x83, 0xD7, 0x7D, 0xDA, 0xD9, 0x15, 0x8C,
    0xDD, 0x99, 0x9C, 0x9C, 0xB1, 0xE5, 0x77, 0xC5, 0xFA, 0x47, 0x46, 0x7E, 0xAF, 0x46, 0xC8, 0x70,
    0xC0, 0x86, 0x97, 0x24, 0x52, 0xF8, 0xF5, 0xA1, 0x90, 0xDF, 0xE4, 0x64, 0x34, 0xB6, 0x0F, 0x5E,
    0x85, 0x11, 0xBC, 0x0A, 0x4F, 0xE8, 0xAB, 0x99, 0x92, 0x10, 0x16, 0x76, 0x70, 0x0B, 0x5B, 0x5E,
    0x33, 0x23, 0x2F, 0xF2, 0x0F, 0xE0, 0xA0, 0x5E, 0x29, 0x78, 0x9C, 0xFB, 0x59, 0xCF, 0x00, 0x04,
    0x05, 0xFF, 0x99, 0x7F, 0xFE, 0x67, 0x82, 0x31, 0xB8, 0x61, 0x8C, 0x78, 0x18, 0xE3, 0x3D, 0x23,
    0x84, 0x31, 0xFF, 0x3F, 0x17, 0x84, 0xA1, 0xFF, 0xC7, 0x1F, 0xCA, 0xF8, 0xF4, 0x1E, 0xCA, 0x68,
    0xF8, 0xCF, 0x09, 0x61, 0x30, 0xFC, 0xB5, 0x87, 0x32, 0x3E, 0xDF, 0x87, 0x32, 0x26, 0xFC, 0x67,
    0x87, 0x30, 0x18, 0xFE, 0xE9, 0x43, 0x19, 0x5F, 0xCE, 0x43, 0x19, 0x0B, 0xFE, 0x97, 0x41, 0x18,
    0x02, 0xFF, 0xE6, 0x43, 0x18, 0x0C, 0xDF, 0xFE, 0x43, 0x19, 0x1B, 0x60, 0x0C, 0x05, 0x18, 0x83,
    0xE1, 0x3B, 0x8C, 0x71, 0xE0, 0x3F, 0x33, 0x00, 0x2C, 0x51, 0x50, 0x7C, 0x78, 0x9C, 0x63, 0x60,
    0x70, 0xB8, 0xF5, 0x7F, 0x2E, 0x33, 0x03, 0x03, 0x83, 0xC0, 0xEF, 0xFF, 0xFF, 0xFF, 0xAF, 0x07,
    0x32, 0x2E, 0xFC, 0xEF, 0x4B, 0x7B, 0xF9, 0x9F, 0x87, 0x81, 0xE1, 0x17, 0x88, 0xF7, 0x6B, 0x3E,
    0x83, 0x01, 0x88, 0xC3, 0x70, 0xE0, 0x3F, 0xD3, 0x84, 0xFF, 0x20, 0x85, 0x06, 0xFF, 0x39, 0x1E,
    0xDC, 0x67, 0x00, 0x81, 0x7F, 0xBC, 0x9F, 0xE6, 0x83, 0x19, 0xBF, 0xF8, 0xBF, 0xD4, 0x83, 0x19,
    0x3F, 0xF4, 0xBF, 0xE6, 0x83, 0x19, 0xDF, 0xED, 0x61, 0x0C, 0xFF, 0x2F, 0x30, 0x91, 0xCF, 0x30,
    0x35, 0x1F, 0x61, 0xBA, 0xE0, 0xE6, 0xC0, 0x4C, 0xE6, 0x84, 0xDB, 0xC5, 0xF0, 0x13, 0x6A, 0x3B,
    0x90, 0xD3, 0x17, 0xFA, 0xE2, 0x3F, 0x2F, 0x88, 0x07, 0x74, 0xE1, 0x7E, 0x46, 0x20, 0x03, 0xE8,
    0xE6, 0xB5, 0x2C, 0x0C, 0x0C, 0x00, 0xAB, 0xB4, 0x42, 0x24, 0x78, 0x9C, 0xFB, 0xF9, 0xFF, 0xFF,
    0xFF, 0xF7, 0x51, 0x0C, 0x0C, 0x3F, 0xFF, 0x83, 0x80, 0x0C, 0xC3, 0xCF, 0x78, 0x63, 0xE3, 0x92,
    0xBF, 0xF7, 0x19, 0x7E, 0xCA, 0x33, 0x30, 0x30, 0x2C, 0xF8, 0xCF, 0x01, 0xA6, 0x19, 0xFE, 0xF1,
    0x41, 0xE8, 0x5F, 0xF2, 0x10, 0xFA, 0x87, 0x3D, 0x84, 0xFE, 0xA9, 0x0F, 0xA1, 0xFF, 0xF0, 0x83,
    0xE9, 0x80, 0xFF, 0xDC, 0x20, 0x5A, 0xE1, 0xC7, 0x7F, 0x66, 0x88, 0x79, 0xF1, 0x10, 0x73, 0xE7,
    0x31, 0x31, 0xFC, 0xF4, 0x37, 0x36, 0x16, 0x06, 0xE9, 0x00, 0xAB, 0x27, 0x9D, 0x06, 0x00, 0xC8,
    0x46, 0x38, 0x19, 0x78, 0x9C, 0x63, 0x60, 0x70, 0x78, 0xF5, 0x7F, 0x2E, 0x13, 0x03, 0x03, 0x83,
    0xC0, 0x9F, 0xFF, 0xFF, 0xFF, 0xCF, 0x07, 0x32, 0x1E, 0xFE, 0xEF, 0x4D, 0x7B, 0xF9, 0x9F, 0x9B,
    0x81, 0xE1, 0x4F, 0x3F, 0x48, 0xB4, 0x9E, 0x21, 0xE0, 0x3F, 0x17, 0x50, 0xF8, 0xC1, 0x7F, 0xC6,
    0x0D, 0xFF, 0x19, 0x81, 0x8C, 0x80, 0xFF, 0xEC, 0x1F, 0xF6, 0x33, 0x80, 0xC0, 0x7F, 0xEE, 0x2F,
    0xF5, 0x60, 0xC6, 0x1F, 0xFE, 0x6F, 0xF1, 0x60, 0xC6, 0x2F, 0xF9, 0xEF, 0xFE, 0x60, 0xC6, 0x4F,
    0x38, 0x43, 0xFF, 0x1B, 0x4C, 0xE4, 0x2B, 0x54, 0x0D, 0xFF, 0x67, 0xA8, 0x2E, 0x3E, 0xB8, 0x39,
    0x30, 0x93, 0xD9, 0x20, 0x76, 0x5D, 0x00, 0x72, 0x7F, 0x83, 0x6C, 0xFF, 0x0D, 0x54, 0x79, 0xF1,
    0x7F, 0x6D, 0xE8, 0x4B, 0x90, 0xB0, 0xC0, 0x6F, 0xA0, 0x0B, 0xCF, 0x83, 0x34, 0x38, 0xBC, 0x7A,
    0xFF, 0x17, 0xAC, 0x10, 0x08, 0x14, 0xFE, 0x9E, 0x67, 0x82, 0xB0, 0x36, 0xFE, 0xE7, 0x85, 0x30,
    0x18, 0x5E, 0x30, 0x33, 0xC0, 0x00, 0x00, 0x33, 0x64, 0x47, 0x4E, 0x78, 0x9C, 0xFB, 0xF5, 0xFF,
    0xFF, 0xFF, 0x73, 0x12, 0x0C, 0x0C, 0xBF, 0xFE, 0x83, 0x00, 0x1B, 0xC3, 0xAF, 0x78, 0x63, 0xE7,
    0x65, 0xFF, 0xE3, 0x19, 0x7E, 0xC9, 0x33, 0x30, 0x30, 0x7C, 0x79, 0x0F, 0xA1, 0x27, 0xFC, 0x67,
    0x06, 0xD3, 0x01, 0xFF, 0xD9, 0x50, 0xE8, 0x86, 0xFF, 0x2C, 0x60, 0xFA, 0x13, 0x44, 0x5D, 0xE2,
    0xBF, 0x78, 0x84, 0x39, 0x20, 0x4A, 0x07, 0x68, 0xAE, 0xBF, 0xB1, 0xF1, 0x3F, 0x3E, 0x06, 0xB0,
    0xFC, 0xB7, 0x7A, 0x08, 0x7D, 0xE1, 0x3D, 0x23, 0x98, 0x4E, 0xF8, 0xCF, 0x01, 0x31, 0xFF, 0xAF,
    0x3C, 0x84, 0xFE, 0x3A, 0x1F, 0x42, 0x5F, 0xF8, 0xCF, 0x04, 0xB5, 0x87, 0x0B, 0x4C, 0x33, 0xFC,
    0xD5, 0x07, 0x00, 0xA8, 0x93, 0x43, 0xDE, 0x78, 0x9C, 0x63, 0x60, 0xD8, 0xF6, 0xEF, 0x9E, 0x06,
    0x03, 0x03, 0xC3, 0xE3, 0xFF, 0x40, 0xC0, 0xC9, 0x60, 0xF0, 0x7F, 0xBF, 0x5B, 0xC9, 0xDF, 0xF5,
    0x0C, 0x07, 0xFE, 0xB3, 0x30, 0x30, 0x2C, 0xF8, 0xCF, 0xFA, 0x71, 0x3F, 0x50, 0x4E, 0xE0, 0x3F,
    0xCF, 0xE7, 0x7E, 0x20, 0xCD, 0xF0, 0x9B, 0xFF, 0xE3, 0x79, 0x10, 0xED, 0xC4, 0x72, 0xE0, 0x3F,
    0x3B, 0x88, 0x01, 0x54, 0x7F, 0x9F, 0x15, 0xCC, 0x78, 0xF2, 0xFF, 0x7F, 0x36, 0x23, 0x88, 0xF1,
    0xE2, 0xFF, 0xFF, 0xF9, 0x60, 0xC6, 0x94, 0x7F, 0xFF, 0xFD, 0xC0, 0x52, 0x0E, 0x7F, 0xFE, 0x33,
    0x83, 0x19, 0x05, 0xFF, 0xB9, 0x9D, 0xC1, 0xAC, 0x3F, 0xFC, 0x7F, 0xF8, 0x41, 0xF4, 0x2F, 0xF9,
    0x1F, 0xFE, 0x10, 0xFE, 0xC7, 0xF7, 0x4C, 0x0C, 0x0C, 0x01, 0xFF, 0xB9, 0x03, 0xFE, 0xAF, 0x37,
    0x0D, 0xFE, 0xF5, 0x9F, 0x09, 0x64, 0xDE, 0xFF, 0xFF, 0xB6, 0x40, 0xB9, 0xA5, 0x7F, 0xDF, 0x67,
    0x33, 0x30, 0x00, 0x00, 0x90, 0x13, 0x3D, 0x9C, 0x78, 0x9C, 0xFB, 0xFA, 0x1F, 0x02, 0xB8, 0xBE,
    0xC2, 0x18, 0x86, 0xC6, 0xC6, 0x87, 0xFF, 0x1B, 0x1B, 0x1B, 0x33, 0x31, 0x30, 0x30, 0x6C, 0xF8,
    0xCF, 0x00, 0x01, 0x83, 0x93, 0x01, 0x00, 0xE6, 0xC4, 0x31, 0x33, 0x78, 0x9C, 0xFB, 0xB0, 0x9E,
    0x01, 0x08, 0x2E, 0xBC, 0xFF, 0x40, 0x2F, 0x7A, 0x3F, 0x98, 0xBE, 0xFF, 0xE0, 0x3E, 0x88, 0xFE,
    0x70, 0x7E, 0xC1, 0x7F, 0x66, 0x20, 0xFD, 0xB5, 0xDE, 0xE0, 0xBF, 0x2C, 0x03, 0x83, 0xC2, 0x3F,
    0x79, 0x86, 0x9F, 0xEF, 0x3D, 0x82, 0x7F, 0xFE, 0x67, 0x65, 0x68, 0xF8, 0x0F, 0x04, 0xF1, 0x40,
    0xB9, 0xA6, 0x3F, 0xEF, 0x6B, 0x18, 0x19, 0x00, 0x61, 0x38, 0x47, 0xE5, 0x78, 0x9C, 0x2D, 0xCD,
    0xC1, 0x0D, 0x82, 0x50, 0x10, 0x04, 0xD0, 0x31, 0x12, 0x95, 0x84, 0x80, 0x25, 0x70, 0xF5, 0x44,
    0x09, 0xB4, 0x40, 0x07, 0x58, 0x82, 0x25, 0x50, 0x81, 0x94, 0x60, 0x0B, 0x74, 0x00, 0x25, 0xD8,
    0x81, 0x76, 0xF0, 0xF3, 0x25, 0x81, 0x10, 0x31, 0xE3, 0xEE, 0x5F, 0xF6, 0x30, 0x79, 0x97, 0xD9,
    0x99, 0x5A, 0xE8, 0x79, 0x07, 0xFF, 0x0A, 0x9A, 0x5A, 0x74, 0xDC, 0xAB, 0xBE, 0x05, 0x2A, 0x9E,
    0x04, 0x67, 0x26, 0x00, 0x53, 0xD1, 0x95, 0x47, 0x60, 0x29, 0x45, 0x03, 0x77, 0xC0, 0xA8, 0x65,
    0xDF, 0x4B, 0xBC, 0x9D, 0xC4, 0x5C, 0x4B, 0x34, 0x5A, 0x5E, 0x33, 0x51, 0xCE, 0x58, 0xAA, 0xB1,
    0xBE, 0x5A, 0x53, 0xDC, 0x18, 0x85, 0xF7, 0x25, 0x06, 0x67, 0x93, 0x0F, 0x7C, 0x6C, 0xBC, 0x73,
    0x98, 0x8B, 0xA0, 0x8A, 0xD1, 0x2F, 0x09, 0x02, 0x2F, 0x3C, 0x98, 0x96, 0xBB, 0x6E, 0xE9, 0x8D,
    0xEC, 0x0D, 0x78, 0xB2, 0xDE, 0xD4, 0x30, 0xDB, 0x94, 0xDB, 0xD6, 0x1F, 0x78, 0x39, 0x36, 0x74,
    0x78, 0x9C, 0x1D, 0x90, 0xD1, 0x51, 0xC2, 0x60, 0x10, 0x84, 0xBF, 0x31, 0x6A, 0x50, 0x83, 0x71,
    0x86, 0x02, 0x48, 0x03, 0x0C, 0x94, 0x60, 0x07, 0x96, 0x40, 0xDE, 0x7C, 0x0C, 0x25, 0xD0, 0x01,
    0x25, 0x40, 0x01, 0xCE, 0xC4, 0x0E, 0x48, 0x07, 0x38, 0x34, 0x80, 0x1D, 0x10, 0x34, 0xA8, 0x90,
    0x21, 0xEB, 0xDD, 0xFF, 0xB2, 0xFF, 0xEC, 0xCE, 0xFE, 0xBB, 0x77, 0x57, 0xAF, 0x81, 0x67, 0xDD,
    0x18, 0xB6, 0x69, 0xB5, 0xB7, 0x67, 0xAE, 0x3B, 0x43, 0x25, 0x73, 0x5D, 0x41, 0xA5, 0x3E, 0x64,
    0xEA, 0x05, 0xC7, 0x41, 0x63, 0xC8, 0x75, 0xFD, 0xE4, 0x8E, 0xE3, 0xAE, 0x80, 0x95, 0xE0, 0x62,
    0x8E, 0xF3, 0x5B, 0x09, 0x1F, 0x1B, 0x38, 0xA5, 0xD0, 0xBD, 0x9A, 0x7A, 0x58, 0x98, 0xE5, 0x85,
    0x89, 0x06, 0x8A, 0x68, 0xA6, 0xF0, 0xB5, 0x60, 0xB6, 0xE7, 0x12, 0xF3, 0x37, 0x84, 0xCF, 0x35,
    0x55, 0xC9, 0x29, 0xA1, 0xED, 0x87, 0x90, 0x7A, 0x4A, 0x93, 0xE2, 0xB1, 0xB9, 0xA2, 0x66, 0x68,
    0x7C, 0xE2, 0x85, 0x99, 0x6E, 0xCD, 0xF3, 0xBE, 0xCC, 0x7D, 0x14, 0xBA, 0x7B, 0xFB, 0x3D, 0xDB,
    0xAD, 0x7C, 0x48, 0xDA, 0x91, 0xE5, 0x66, 0xDA, 0x96, 0x4E, 0x7E, 0x0B, 0xD7, 0xBA, 0x9F, 0xC2,
    0xC9, 0xF7, 0x66, 0x69, 0x78, 0x6E, 0xC7, 0x4E, 0x6A, 0x59, 0x35, 0x47, 0x3D, 0x3A, 0xA9, 0x64,
    0xD5, 0xB6, 0xC5, 0x03, 0x61, 0xCD, 0x24, 0x48, 0x31, 0xE1, 0x00, 0x71, 0x90, 0x22, 0xF8, 0x07,
    0xCF, 0xF2, 0x5F, 0x4D, 0x78, 0x9C, 0xDB, 0xF0, 0x9F, 0x9D, 0x81, 0x81, 0xC1, 0xE0, 0x3F, 0x9F,
    0xC2, 0x7F, 0x79, 0x20, 0xE3, 0xC2, 0x7F, 0x56, 0x86, 0xEF, 0xFB, 0x81, 0x0C, 0x10, 0x01, 0xE2,
    0x80, 0x85, 0x81, 0xD2, 0x0C, 0x1B, 0xC0, 0x0A, 0x7F, 0xF6, 0x33, 0x7C, 0x3D, 0x0F, 0xA4, 0x19,
    0x1E, 0xFE, 0x67, 0xFA, 0x67, 0x0F, 0x62, 0x04, 0xFC, 0xEF, 0xF9, 0xCF, 0x09, 0x62, 0x30, 0xFC,
    0xFE, 0xFF, 0x1E, 0x4C, 0x33, 0x7C, 0xFA, 0x1F, 0x0F, 0x61, 0x2C, 0x00, 0xEA, 0x03, 0x83, 0xCF,
    0xFF, 0xF3, 0x21, 0x8C, 0x3F, 0xFF, 0xFF, 0x33, 0x82, 0xE8, 0x82, 0xFF, 0xD5, 0xFF, 0xB9, 0x21,
    0x6A, 0x19, 0xFF, 0x82, 0x55, 0xFF, 0xAE, 0x67, 0xF8, 0xFC, 0x1E, 0x6C, 0x1E, 0x0F, 0xC3, 0x04,
    0x90, 0x89, 0x0F, 0xFF, 0x33, 0x33, 0x08, 0x80, 0xEC, 0xF8, 0x39, 0x1F, 0x28, 0xFC, 0xF5, 0x3E,
    0xD8, 0x15, 0x0C, 0x20, 0x77, 0x80, 0xDC, 0xC5, 0x00, 0x74, 0x99, 0x3E, 0x00, 0x0F, 0x6D, 0x3E,
    0x49, 0x78, 0x9C, 0xFB, 0x31, 0x9F, 0x01, 0x08, 0x0C, 0xFE, 0xF3, 0x3E, 0xF8, 0xCF, 0x08, 0x64,
    0x6C, 0xF8, 0xCF, 0x9A, 0xF0, 0x9F, 0x13, 0xC8, 0xF8, 0x7C, 0x9E, 0x81, 0xE1, 0xAF, 0x3E, 0x90,
    0xF1, 0xDB, 0x9F, 0x81, 0xE1, 0xEB, 0x7C, 0x90, 0x12, 0x6E, 0x06, 0x86, 0x03, 0xFF, 0x99, 0x80,
    0x4A, 0x98, 0x18, 0x18, 0x1C, 0xFE, 0x73, 0x31, 0x7C, 0x59, 0x0F, 0xD2, 0xFA, 0x5B, 0x9F, 0xE1,
    0x0F, 0x48, 0x1D, 0xC3, 0xE7, 0xF5, 0x0E, 0x60, 0x9D, 0x0C, 0x0B, 0xFE, 0x1F, 0x02, 0x9B, 0xC5,
    0xA0, 0xF0, 0xFF, 0x6F, 0x3D, 0x03, 0x18, 0xFC, 0xFC, 0xCF, 0x07, 0x61, 0x7C, 0xFC, 0xCF, 0x06,
    0x61, 0x2C, 0xF8, 0xCF, 0x40, 0x39, 0x03, 0x00, 0x09, 0x61, 0x31, 0x63, 0x78, 0x9C, 0xFB, 0xF9,
    0x1F, 0x0C, 0x78, 0x7E, 0x42, 0x69, 0x23, 0x63, 0x20, 0x38, 0xFC, 0x9F, 0x9D, 0x01, 0x04, 0xBE,
    0x9E, 0x07, 0x53, 0x02, 0xFF, 0xF4, 0xC1, 0xF4, 0x86, 0xFF, 0x6C, 0x10, 0xE1, 0xFD, 0x50, 0x61,
    0x79, 0x14, 0xE1, 0x6F, 0x50, 0xE1, 0xFF, 0x72, 0x50, 0x61, 0x56, 0x88, 0xF0, 0x7A, 0x30, 0xA5,
    0x00, 0x15, 0x3E, 0x00, 0x15, 0xFE, 0x8E, 0x2E, 0xCC, 0x02, 0x11, 0x3E, 0x0F, 0x72, 0x80, 0x31,
    0xF3, 0x1F, 0x88, 0x7B, 0xEC, 0x61, 0x34, 0x00, 0xD7, 0x91, 0x39, 0x26, 0x78, 0x9C, 0xFB, 0xFF,
    0x3F, 0xFF, 0x3F, 0x10, 0x69, 0x0B, 0xFD, 0xE7, 0x66, 0xA0, 0x14, 0x01, 0x0D, 0x01, 0x9B, 0x06,
    0x00, 0xEB, 0x77, 0x23, 0x09, 0x78, 0x9C, 0xFB, 0x62, 0xCF, 0x00, 0x04, 0x17, 0xE6, 0x83, 0xC8,
    0x86, 0xFF, 0x20, 0x52, 0xE1, 0x3F, 0x2B, 0x88, 0xFA, 0xC3, 0x0D, 0x22, 0xBF, 0xC9, 0x83, 0xC8,
    0x0F, 0xF5, 0x20, 0x72, 0xC1, 0x7D, 0x10, 0xE9, 0xF0, 0x9F, 0x19, 0x44, 0xFD, 0xE3, 0x04, 0x91,
    0x3F, 0xF8, 0x41, 0xE4, 0xA7, 0x78, 0x10, 0x79, 0x60, 0x3F, 0x88, 0x4C, 0xF8, 0xCF, 0x08, 0xA2,
    0xFE, 0xB3, 0x83, 0xC8, 0x5F, 0xBC, 0x20, 0xF2, 0x0B, 0xD8, 0x8A, 0x07, 0x84, 0xAC, 0x00, 0x00,
    0xDF, 0x48, 0x1C, 0xBD, 0x78, 0x9C, 0xFB, 0xF7, 0xBF, 0xFE, 0xDF, 0xFF, 0x7A, 0xA5, 0x2F, 0xF5,
    0x0C, 0x9F, 0x28, 0x45, 0x40, 0x43, 0xFE, 0x81, 0x4D, 0x03, 0x00, 0x67, 0x9D, 0x2C, 0xD1, 0x78,
    0x9C, 0x63, 0x60, 0xF8, 0xA8, 0xCF, 0x00, 0x04, 0xDF, 0xE7, 0x83, 0xC8, 0x7F, 0xFF, 0x81, 0x44,
    0xC0, 0xFF, 0x7F, 0x6C, 0x0C, 0x0C, 0x07, 0xE6, 0xFF, 0xE0, 0x65, 0x60, 0xF8, 0x6C, 0xFF, 0xC9,
    0x9F, 0x81, 0xE1, 0x27, 0xCF, 0x86, 0xF5, 0x0C, 0x02, 0xFF, 0x59, 0x1D, 0xFE, 0x33, 0x16, 0xBC,
    0x07, 0xAA, 0xE2, 0xB8, 0xD0, 0x0F, 0xD4, 0xC1, 0x07, 0x00, 0x57, 0xDB, 0x15, 0x5F, 0x78, 0x9C,
    0xFB, 0xFF, 0x1F, 0x04, 0xF8, 0xFF, 0x43, 0x28, 0x25, 0x30, 0x60, 0x02, 0x00, 0xB8, 0x52, 0x0C,
    0xE1, 0x78, 0x9C, 0xDB, 0xF0, 0x9F, 0x95, 0x81, 0xE1, 0x8F, 0x3E, 0x03, 0xC3, 0xC5, 0xFB, 0x8C,
    0x0C, 0x02, 0x67, 0x59, 0x01, 0x33, 0xB6, 0x05, 0x73, 0x78, 0x9C, 0x63, 0x30, 0xB8, 0xF9, 0x7F,
    0x2E, 0x23, 0x03, 0xC3, 0x8F, 0xFF, 0xFF, 0xFF, 0xDB, 0x33, 0x14, 0xFC, 0xF7, 0x31, 0xFA, 0xFE,
    0x9E, 0xE1, 0xC3, 0x79, 0x06, 0x86, 0x80, 0xFF, 0x6C, 0x01, 0xAA, 0x0C, 0x0C, 0x0C, 0xFF, 0x39,
    0x19, 0x40, 0xE0, 0x3F, 0x17, 0x03, 0x50, 0xE5, 0x7F, 0x20, 0xF5, 0xEB, 0xFF, 0xFB, 0xBB, 0xFF,
    0xB9, 0x16, 0xFC, 0xD7, 0x04, 0x09, 0x7E, 0xEA, 0x07, 0xCB, 0x7D, 0xB3, 0x87, 0x50, 0xFE, 0x0C,
    0x0C, 0x0A, 0xFF, 0xB9, 0xBE, 0xAC, 0x67, 0x60, 0xB8, 0xF8, 0x9F, 0xEB, 0xC2, 0xFF, 0xE8, 0xD6,
    0xFF, 0xFF, 0xB9, 0x0D, 0xFE, 0xFD, 0xFF, 0x3F, 0xFF, 0x1F, 0x2F, 0xC3, 0xC4, 0xBF, 0xFB, 0x58,
    0x7E, 0xCB, 0x03, 0x00, 0xE6, 0x4A, 0x33, 0xA2, 0x78, 0x9C, 0xFB, 0x30, 0x9F, 0x01, 0x04, 0x3E,
    0x10, 0x43, 0x15, 0xFC, 0x39, 0xCF, 0xC6, 0xF0, 0x61, 0xFF, 0xDF, 0xFF, 0xFF, 0xF7, 0x33, 0x7C,
    0xF8, 0xBF, 0xDE, 0xF4, 0xDA, 0x7F, 0xCE, 0x0F, 0xFF, 0xD9, 0x18, 0x18, 0xFE, 0xEA, 0x7F, 0xD8,
    0x0F, 0x54, 0xF0, 0xA5, 0x1E, 0xAC, 0xF2, 0xC1, 0x7E, 0x30, 0x75, 0xE0, 0x3E, 0x98, 0xDA, 0xF0,
    0x1E, 0x99, 0x82, 0x0A, 0x7E, 0xD8, 0x0F, 0xD3, 0x00, 0xD4, 0x2E, 0xF0, 0x57, 0x1E, 0x62, 0x18,
    0xC7, 0x87, 0xF9, 0x10, 0xA3, 0xF3, 0x0B, 0xFE, 0x02, 0x2D, 0x02, 0x00, 0x30, 0x07, 0x44, 0x89,
    0x78, 0x9C, 0x63, 0x10, 0x38, 0xFE, 0x6F, 0x2E, 0x13, 0x03, 0xC3, 0xE3, 0xFF, 0xFF, 0xFF, 0xC7,
    0x33, 0x28, 0xFC, 0xAF, 0x37, 0xFE, 0xFE, 0x9F, 0x79, 0xC3, 0x7F, 0x66, 0x20, 0x93, 0xE7, 0x53,
    0x3F, 0x03, 0x03, 0xC3, 0x0F, 0xF9, 0xEF, 0xFA, 0x40, 0xAA, 0x49, 0xE2, 0x27, 0x3F, 0x03, 0x08,
    0xFC, 0xE2, 0x43, 0xA6, 0xA0, 0x82, 0x60, 0x25, 0x02, 0x8C, 0x9F, 0x41, 0x1A, 0xBE, 0xCB, 0x1F,
    0xF8, 0xCF, 0xC4, 0x20, 0xF0, 0x8F, 0x47, 0xE1, 0x7F, 0x9D, 0xF1, 0x33, 0xA0, 0x49, 0x4F, 0x80,
    0x46, 0xFB, 0x01, 0xA5, 0x6F, 0xFC, 0xEF, 0x65, 0x64, 0x00, 0x00, 0xBD, 0xA9, 0x26, 0xD9, 0x78,
    0x9C, 0x63, 0x60, 0x00, 0x82, 0xAF, 0xFE, 0x0C, 0x44, 0x50, 0x0A, 0xAF, 0xDE, 0x6B, 0x02, 0xA9,
    0xAF, 0xFF, 0xFF, 0xFF, 0xFF, 0xE5, 0x6F, 0xF0, 0xBF, 0xDF, 0xE5, 0xF9, 0x7F, 0xFF, 0x03, 0xFF,
    0x59, 0x18, 0x14, 0xFE, 0xF9, 0x7F, 0x5A, 0x0F, 0x54, 0xF2, 0xCD, 0xFF, 0x9B, 0x3F, 0x58, 0xE5,
    0x4F, 0x79, 0x30, 0xF5, 0x8B, 0x1F, 0x99, 0xFA, 0x09, 0xA1, 0xA0, 0x4A, 0x3E, 0xCD, 0x07, 0x6B,
    0x80, 0x6A, 0x07, 0x19, 0xF6, 0xE2, 0x3F, 0xC4, 0xE8, 0x1F, 0x60, 0x8B, 0xB4, 0x3E, 0xF9, 0x03,
    0x00, 0x69, 0xB5, 0x3B, 0xB6, 0x78, 0x9C, 0x63, 0x60, 0x38, 0xF6, 0xBF, 0x97, 0x91, 0x81, 0xE1,
    0xE0, 0xFF, 0xFF, 0xFF, 0xF5, 0x18, 0x18, 0xFE, 0xF6, 0x1B, 0xFF, 0x78, 0xCF, 0x30, 0xE1, 0x3F,
    0x2B, 0x43, 0xC0, 0x7F, 0xF6, 0x8F, 0xFB, 0x19, 0x18, 0x18, 0xFE, 0xF0, 0x7E, 0x8D, 0x07, 0x52,
    0x3F, 0xE4, 0x7F, 0xC8, 0x03, 0xA9, 0xAF, 0xF6, 0xBF, 0xFE, 0x83, 0x80, 0x3F, 0x94, 0xFA, 0xA9,
    0xAF, 0x04, 0x04, 0x4C, 0xDF, 0xF5, 0x19, 0x40, 0xE0, 0x53, 0x3F, 0x98, 0xDA, 0xF0, 0x9F, 0x85,
    0x81, 0xE1, 0x31, 0xBB, 0xC2, 0xBF, 0xF9, 0x2A, 0x53, 0xFE, 0x73, 0x33, 0x3C, 0x06, 0x2A, 0x04,
    0x99, 0x74, 0xFC, 0xDF, 0x3A, 0x56, 0x06, 0x00, 0x55, 0xE7, 0x32, 0x53, 0x78, 0x9C, 0x63, 0x60,
    0x48, 0xF8, 0x73, 0x9F, 0x91, 0x81, 0xE1, 0xD7, 0xFF, 0xFF, 0x0C, 0x0C, 0x0E, 0xFF, 0xF3, 0x42,
    0x18, 0x18, 0x26, 0xFC, 0x67, 0x62, 0x60, 0x60, 0xD8, 0xF0, 0x9E, 0x01, 0x46, 0x7E, 0xFA, 0xFF,
    0xFF, 0xBF, 0x3E, 0x94, 0x44, 0x16, 0xA7, 0x16, 0x09, 0x00, 0x42, 0xEC, 0x2A, 0xF3, 0x78, 0x9C,
    0x63, 0x30, 0x78, 0xF5, 0x5E, 0xF3, 0x93, 0x3F, 0xC3, 0xB7, 0xFF, 0xFF, 0xFF, 0x7F, 0xF7, 0x37,
    0xF8, 0xDF, 0xEF, 0xF2, 0xFC, 0xBF, 0xFF, 0x81, 0xFF, 0x2C, 0x0C, 0x0A, 0xFF, 0xFC, 0x3F, 0xAD,
    0x67, 0x60, 0x60, 0xF8, 0xE6, 0xFF, 0xCD, 0x1F, 0x48, 0x7D, 0xF5, 0xFF, 0x21, 0x0F, 0xA6, 0x7E,
    0xF2, 0x23, 0x53, 0x50, 0x41, 0xA8, 0x12, 0xA8, 0x86, 0x0D, 0x10, 0xED, 0x20, 0xC3, 0x5E, 0xFC,
    0xF7, 0x67, 0xF8, 0x0A, 0x34, 0xFA, 0x97, 0x3F, 0x83, 0xC2, 0xAB, 0xF7, 0x5A, 0x5F, 0x41, 0xEA,
    0x80, 0x4A, 0xEC, 0x19, 0x98, 0x80, 0xD4, 0x2F, 0x7E, 0x87, 0x78, 0x06, 0x06, 0x87, 0xFF, 0x5C,
    0x13, 0xFE, 0x7B, 0x19, 0xFD, 0xF8, 0xCF, 0xC4, 0xF0, 0x13, 0xA8, 0xD2, 0x8F, 0x81, 0xC1, 0xE0,
    0xE6, 0xFF, 0x1E, 0x46, 0x06, 0x00, 0x1D, 0x20, 0x43, 0x3F, 0x78, 0x9C, 0xFB, 0x30, 0x9F, 0x01,
    0x04, 0x3E, 0x10, 0x43, 0x05, 0xBC, 0xB9, 0xCF, 0xC1, 0xF0, 0x61, 0xFD, 0xAF, 0xFF, 0xFF, 0xCF,
    0x33, 0x7C, 0xF8, 0xBF, 0xDF, 0xF5, 0xD9, 0x7F, 0xB6, 0x0F, 0xFF, 0x39, 0x18, 0x14, 0xFE, 0xF3,
    0x7C, 0x38, 0x0F, 0x54, 0xF0, 0x9B, 0x1F, 0xAC, 0xF2, 0x27, 0x95, 0x28, 0x00, 0xF1, 0x26, 0x39,
    0xB9, 0x78, 0x9C, 0xFB, 0xC1, 0xF5, 0x9F, 0xFF, 0x27, 0x17, 0x03, 0x18, 0xFC, 0xE1, 0xC5, 0x0F,
    0x01, 0x99, 0xF4, 0x13, 0xA4, 0x78, 0x9C, 0x63, 0xD8, 0x50, 0xCF, 0xF0, 0xE9, 0x3E, 0x03, 0x90,
    0x84, 0x83, 0x0F, 0xFB, 0x49, 0x47, 0xEB, 0x19, 0x3E, 0xCE, 0x77, 0xF9, 0x9D, 0xFF, 0xEF, 0x3F,
    0xDF, 0x9F, 0x75, 0x4C, 0x00, 0x19, 0x9B, 0x29, 0x63, 0x78, 0x9C, 0xFB, 0xCF, 0xC9, 0x00, 0x02,
    0xFF, 0x89, 0xA3, 0x7E, 0xF5, 0x83, 0xA8, 0x09, 0xFF, 0xB9, 0x40, 0xD4, 0xF7, 0xFD, 0x20, 0xC1,
    0x84, 0xFF, 0x3C, 0x20, 0xEA, 0xCB, 0x7D, 0x46, 0x20, 0x65, 0xF9, 0x5F, 0x0F, 0xA4, 0xF2, 0xF5,
    0x7F, 0x16, 0x10, 0xF5, 0x1F, 0xAC, 0xF3, 0xFF, 0xFF, 0xBF, 0xFE, 0x20, 0x2A, 0xFF, 0xD3, 0x7B,
    0x90, 0x12, 0xAE, 0x80, 0xFF, 0xDC, 0x60, 0xC3, 0x7E, 0xD5, 0x83, 0xA9, 0x0B, 0xFF, 0x99, 0x41,
    0x94, 0xC1, 0x7F, 0x5E, 0xB0, 0x0D, 0xDF, 0xE7, 0x83, 0xA9, 0x03, 0xFF, 0x59, 0x01, 0x1E, 0x84,
    0x31, 0xCE, 0x78, 0x9C, 0xFB, 0xC3, 0xFB, 0x87, 0x68, 0x08, 0x00, 0x0A, 0xF6, 0x16, 0xC7, 0x78,
    0x9C, 0xFB, 0x50, 0x5F, 0xF0, 0xE7, 0x3E, 0x3B, 0xC3, 0x96, 0x7F, 0xEB, 0x98, 0x18, 0x3E, 0xCC,
    0xFF, 0xFB, 0xFF, 0xFF, 0xFE, 0x09, 0xFF, 0xFF, 0xFF, 0xB7, 0x67, 0xF8, 0xF0, 0xBF, 0xDF, 0xE5,
    0xFB, 0xFF, 0x3F, 0xB9, 0x21, 0xBF, 0xEE, 0x03, 0xD9, 0xCC, 0x0C, 0x06, 0xFF, 0xEF, 0x33, 0x30,
    0x6C, 0xF8, 0xCF, 0xFC, 0x61, 0x3D, 0x03, 0x03, 0xC3, 0x1F, 0x7F, 0x06, 0x86, 0x80, 0xFF, 0xAC,
    0x1F, 0xE6, 0x03, 0xD9, 0xBF, 0xF8, 0x19, 0x80, 0x92, 0xEC, 0x60, 0xF6, 0x4F, 0x20, 0x5B, 0x81,
    0xBE, 0x6C, 0x00, 0x8A, 0x1F, 0x4A, 0xA7, 0x78, 0x9C, 0xFB, 0x50, 0x1F, 0xF0, 0xE6, 0x3E, 0x07,
    0xC3, 0x87, 0xFE, 0x5F, 0xFF, 0xFF, 0x9F, 0x67, 0xF8, 0xF0, 0x7F, 0xBF, 0xEB, 0xB3, 0xFF, 0x6C,
    0x1F, 0xFE, 0x73, 0x30, 0x28, 0xFC, 0xE7, 0xF9, 0x70, 0x9E, 0x81, 0x81, 0xE1, 0x37, 0xFF, 0x87,
    0xF9, 0x40, 0xEA, 0x27, 0x95, 0x28, 0x00, 0xDD, 0x0E, 0x30, 0x1F, 0x78, 0x9C, 0x63, 0x60, 0x38,
    0xF6, 0x6F, 0x1D, 0x33, 0x03, 0x03, 0xC3, 0xA5, 0xFF, 0xFF, 0xFF, 0xF7, 0x33, 0x30, 0x08, 0xFC,
    0x9B, 0x6F, 0x7C, 0xED, 0x3F, 0x07, 0xC3, 0x82, 0xFF, 0xAC, 0x0C, 0x0C, 0x7F, 0xEC, 0x19, 0x3E,
    0xAE, 0x07, 0xCA, 0x7D, 0x5A, 0xCF, 0xF0, 0xCD, 0x1F, 0x48, 0x6F, 0x78, 0xCF, 0xF0, 0x93, 0x1F,
    0x48, 0x37, 0xFC, 0x67, 0xFC, 0x05, 0xA2, 0x13, 0xFE, 0x33, 0xC3, 0x68, 0x98, 0xF8, 0x37, 0x7B,
    0x88, 0xBA, 0x4F, 0xF3, 0x41, 0xFA, 0xE6, 0x03, 0xCD, 0x61, 0x01, 0x9B, 0x23, 0xF0, 0xAF, 0x5F,
    0xF9, 0x28, 0xD0, 0x5C, 0x98, 0x3D, 0x0C, 0x0C, 0xC7, 0xFF, 0xCD, 0x65, 0x62, 0x60, 0x00, 0x00,
    0x69, 0x0D, 0x30, 0x9D, 0x78, 0x9C, 0xFB, 0x90, 0xDF, 0xF0, 0xF7, 0x3C, 0x1B, 0xC3, 0x87, 0xF9,
    0x7F, 0xFF, 0xFF, 0xDF, 0xCF, 0xF0, 0xE1, 0xFF, 0x7C, 0x97, 0xE7, 0xFF, 0x39, 0x3E, 0xFC, 0x67,
    0x61, 0x10, 0xF8, 0x27, 0xFF, 0x61, 0x3D, 0x03, 0x03, 0xC3, 0xD7, 0xFA, 0x0F, 0xF3, 0x81, 0xD4,
    0x87, 0xFD, 0x60, 0xEA, 0xC0, 0x7D, 0x30, 0xB5, 0xE1, 0x3D, 0x32, 0x05, 0x15, 0x04, 0x2A, 0x81,
    0x6A, 0xF8, 0xCF, 0x0C, 0xD6, 0xFE, 0xBF, 0x5F, 0xF9, 0x19, 0xD0, 0xB0, 0xF3, 0xFF, 0xFE, 0xFF,
    0x5F, 0x0F, 0xB4, 0xA1, 0x11, 0x62, 0x11, 0x03, 0x08, 0x10, 0x41, 0x01, 0x00, 0xB7, 0x3B, 0x44,
    0x88, 0x78, 0x9C, 0x63, 0x30, 0x78, 0xF5, 0xDE, 0xEA, 0x93, 0x3F, 0xC3, 0xB7, 0xFF, 0xFF, 0xFF,
    0xFF, 0xF4, 0x37, 0xF8, 0xDF, 0x6F, 0xFC, 0xEC, 0xBF, 0xFF, 0x81, 0xFF, 0x2C, 0x0C, 0x02, 0x7F,
    0xFD, 0x3F, 0xAD, 0x67, 0x60, 0x60, 0xF8, 0xE6, 0xFF, 0xCD, 0x1F, 0x48, 0x7D, 0xF5, 0xFF, 0x29,
    0x0F, 0xA6, 0x7E, 0xF1, 0x23, 0x53, 0x3F, 0x21, 0x14, 0x54, 0xC9, 0xA7, 0xF9, 0x60, 0x0D, 0x50,
    0xED, 0x06, 0xFF, 0xEB, 0x41, 0x86, 0x81, 0x8D, 0xFE, 0xED, 0xCF, 0x00, 0xB2, 0xE8, 0x2B, 0x48,
    0x1D, 0x48, 0x25, 0x11, 0x14, 0x00, 0x9E, 0x5D, 0x3B, 0xA4, 0x78, 0x9C, 0xFB, 0xD0, 0x3F, 0xF1,
    0x1F, 0xEB, 0x87, 0xF5, 0x7F, 0xFF, 0xB3, 0x7D, 0xF8, 0x7F, 0xBF, 0x93, 0xF9, 0xC3, 0x7F, 0x0E,
    0x06, 0x86, 0x0F, 0xE7, 0x19, 0x80, 0xC4, 0x7C, 0xB2, 0x08, 0x00, 0xC4, 0x8F, 0x1E, 0xEA, 0x78,
    0x9C, 0x63, 0x08, 0x78, 0xFD, 0x3E, 0x87, 0x81, 0x81, 0xE1, 0xD7, 0xFF, 0xFF, 0xFF, 0x65, 0x18,
    0x1A, 0xFE, 0x7B, 0x07, 0xFF, 0xD9, 0xCF, 0xF0, 0xE1, 0x3C, 0x03, 0xC3, 0x86, 0xFF, 0x4C, 0x1F,
    0xFB, 0x19, 0x18, 0x1C, 0xCE, 0xB0, 0x7C, 0xB8, 0xCF, 0x08, 0x54, 0x00, 0x94, 0x9B, 0xC7, 0x02,
    0xA2, 0xBF, 0xFF, 0xFF, 0x0F, 0xD2, 0x20, 0xB0, 0xFD, 0xFF, 0x7F, 0x5B, 0x10, 0xDF, 0xE1, 0xD7,
    0x7B, 0x10, 0xC5, 0x50, 0xF0, 0x9F, 0xED, 0xA7, 0x3C, 0x03, 0x83, 0xC2, 0x7F, 0xF6, 0xAF, 0x40,
    0x7D, 0x09, 0xFF, 0x59, 0x2F, 0xFC, 0xF7, 0x32, 0xFA, 0xF1, 0x9E, 0x41, 0xE0, 0x0F, 0xD0, 0x68,
    0x3B, 0xA0, 0xC8, 0xEB, 0xFF, 0x35, 0x8C, 0x0C, 0x00, 0x6B, 0x41, 0x2E, 0xDA, 0x78, 0x9C, 0x63,
    0xF8, 0xD8, 0xCF, 0xC0, 0xC0, 0x80, 0x4A, 0xFC, 0xFB, 0xFF, 0xFF, 0x3F, 0x1B, 0x98, 0x60, 0xC0,
    0x22, 0x4B, 0x80, 0xF8, 0x30, 0x1F, 0x48, 0x5C, 0xF8, 0xEF, 0xC6, 0xC4, 0x90, 0xF0, 0xFF, 0x3F,
    0x3B, 0x03, 0xC3, 0xF3, 0xF7, 0xAC, 0x00, 0x87, 0xB4, 0x24, 0xE9, 0x78, 0x9C, 0xFB, 0xD8, 0xCF,
    0xC0, 0xC0, 0xF0, 0x8B, 0xFF, 0x23, 0x65, 0xD4, 0x87, 0xF9, 0x10, 0x6A, 0x3F, 0x90, 0xFA, 0xCD,
    0x7F, 0xE0, 0x3F, 0x23, 0x43, 0xC0, 0x7F, 0xFE, 0x84, 0xFF, 0xB9, 0x21, 0xBF, 0xFE, 0xF3, 0x33,
    0xFC, 0xF9, 0xFF, 0xFF, 0xFD, 0x6F, 0x7E, 0x86, 0x82, 0xBF, 0xF7, 0x25, 0x7E, 0xF0, 0x03, 0x00,
    0x5E, 0xC8, 0x2E, 0x50, 0x78, 0x9C, 0xFB, 0xEA, 0xCF, 0xC0, 0xC0, 0xF0, 0x35, 0xFE, 0xC3, 0x7C,
    0x20, 0xF5, 0x8B, 0x7F, 0xC1, 0x7B, 0x20, 0xF5, 0x8F, 0x2B, 0xE0, 0x3F, 0x33, 0x83, 0xC3, 0x7F,
    0x16, 0x86, 0xFF, 0x9C, 0x0C, 0x13, 0xFE, 0x03, 0xC5, 0xF9, 0x18, 0x2E, 0x00, 0xE5, 0xBF, 0xD8,
    0x33, 0x7C, 0x02, 0xAA, 0x7E, 0xD0, 0xCF, 0xF0, 0x9D, 0x8F, 0x81, 0x61, 0xC2, 0x7D, 0x86, 0x3F,
    0x9C, 0x0C, 0x0C, 0x06, 0xFF, 0x85, 0x80, 0x8A, 0x81, 0x9A, 0xD2, 0x41, 0x5A, 0x19, 0x7E, 0xEC,
    0xE9, 0x07, 0x51, 0x9F, 0xFF, 0xDB, 0x83, 0xA8, 0x0B, 0xFF, 0x79, 0x41, 0x54, 0xC3, 0x7F, 0x0E,
    0x10, 0xA5, 0xF0, 0x9F, 0x89, 0x81, 0x01, 0x00, 0xC1, 0xB4, 0x24, 0x56, 0x78, 0x9C, 0x15, 0x8B,
    0x5D, 0x15, 0x82, 0x40, 0x18, 0x44, 0xAF, 0x78, 0xC4, 0x1F, 0x44, 0x68, 0xB0, 0x44, 0xB0, 0x81,
    0x11, 0xB4, 0x01, 0x34, 0xD0, 0x08, 0x36, 0xD0, 0x06, 0xD8, 0x40, 0x1E, 0x7C, 0xB7, 0x82, 0x0D,
    0xB0, 0x01, 0xA0, 0xEC, 0x11, 0x10, 0xFC, 0xDC, 0x9D, 0xA7, 0x7B, 0xE6, 0xCE, 0xD4, 0x31, 0xEC,
    0x64, 0x04, 0x6D, 0x50, 0xA6, 0x70, 0x91, 0x09, 0x0C, 0x5E, 0x96, 0xC3, 0x53, 0x16, 0x84, 0xE2,
    0x26, 0x46, 0xBE, 0x65, 0x65, 0x46, 0x4E, 0x64, 0x64, 0xD3, 0x6D, 0x38, 0x1B, 0x3B, 0xCC, 0x19,
    0x6E, 0x27, 0x1E, 0xE6, 0xD3, 0xFA, 0x91, 0x24, 0x39, 0xD5, 0x16, 0x6A, 0x95, 0xDC, 0x43, 0x71,
    0x74, 0x00, 0x65, 0x9C, 0xED, 0xE9, 0xDD, 0xC6, 0x83, 0x2C, 0x2D, 0x15, 0x1F, 0xAF, 0x9F, 0xC2,
    0x21, 0xD7, 0x3E, 0x2F, 0x25, 0x0E, 0xAC, 0xE5, 0x3B, 0x33, 0xFF, 0x02, 0x93, 0x9F, 0x8C, 0x39,
    0xCA, 0xD5, 0x62, 0x57, 0x58, 0x15, 0x5B, 0xD4, 0xA9, 0x55, 0xCA, 0x62, 0x65, 0x8B, 0x76, 0x09,
    0x7F, 0x37, 0x12, 0x41, 0xFD, 0x78, 0x9C, 0x7B, 0xF0, 0x9F, 0x91, 0x81, 0xE1, 0x8F, 0x7F, 0xC0,
    0x7F, 0x2E, 0x06, 0x10, 0xFE, 0x65, 0xCF, 0xF0, 0xE0, 0x3D, 0x23, 0xC3, 0xC7, 0xF3, 0x0C, 0x3F,
    0xE2, 0x19, 0x18, 0x12, 0xFE, 0xAB, 0xFE, 0xE7, 0x66, 0x00, 0xCA, 0xEF, 0xFB, 0xCF, 0x04, 0xA4,
    0x3E, 0xFD, 0xAF, 0x07, 0x92, 0x0C, 0x0D, 0xFF, 0x79, 0x41, 0xD4, 0x84, 0xFF, 0x7C, 0x20, 0xEA,
    0xCB, 0xFF, 0xF9, 0x20, 0xEA, 0xEF, 0xDC, 0xFF, 0xCC, 0x20, 0x29, 0x96, 0x7F, 0x40, 0xC9, 0xCF,
    0xFB, 0x19, 0xBE, 0x02, 0x95, 0xFE, 0xD1, 0x67, 0x38, 0xF0, 0x9F, 0xA9, 0xE0, 0x3F, 0x07, 0x83,
    0xC1, 0x7F, 0x9E, 0x4F, 0xEF, 0x81, 0xAA, 0x7E, 0xE6, 0x03, 0x00, 0x70, 0x66, 0x2A, 0xA9, 0x78,
    0x9C, 0x1D, 0xCC, 0xC1, 0x0D, 0xC1, 0x00, 0x18, 0xC5, 0xF1, 0xBF, 0x46, 0x10, 0xD1, 0xB0, 0x81,
    0x11, 0xD8, 0x40, 0x37, 0xE0, 0xE0, 0x6E, 0x04, 0x36, 0x68, 0x47, 0x70, 0x75, 0xD2, 0x8B, 0xB3,
    0x11, 0x74, 0x03, 0x36, 0xA8, 0x09, 0x28, 0x91, 0xA6, 0xD2, 0xC4, 0xD3, 0xD7, 0xCB, 0xFB, 0xE5,
    0x25, 0xDF, 0xF7, 0xAA, 0x0D, 0xF0, 0x5D, 0xBC, 0xCF, 0x0D, 0xBF, 0x30, 0x13, 0xCC, 0x35, 0xD8,
    0xA9, 0x4B, 0xA2, 0x60, 0xA2, 0x21, 0x59, 0x0E, 0xF5, 0x98, 0x57, 0x0C, 0xE5, 0x92, 0x72, 0x06,
    0xC5, 0x91, 0x3A, 0x84, 0xF4, 0x89, 0xFA, 0xB0, 0xD2, 0x5A, 0x81, 0x7F, 0x0F, 0x57, 0xBC, 0xF4,
    0x88, 0xCD, 0x47, 0x53, 0x73, 0xD7, 0xC8, 0x24, 0xEA, 0x99, 0x48, 0x1D, 0xB3, 0xBF, 0x38, 0x29,
    0xB6, 0x2D, 0x95, 0x0F, 0xA3, 0x93, 0x06, 0x0D, 0x37, 0xB5, 0x1B, 0x69, 0xEE, 0xC2, 0x1F, 0x4B,
    0x2F, 0x2F, 0xF6, 0x78, 0x9C, 0xFB, 0xF5, 0x1F, 0x04, 0x18, 0x7E, 0x41, 0x28, 0x45, 0x25, 0x25,
    0xA5, 0x5F, 0xFD, 0x0C, 0x40, 0x60, 0xF0, 0x9F, 0x07, 0x44, 0x3D, 0xFC, 0xCF, 0x04, 0xA2, 0x7E,
    0xE5, 0x83, 0xC8, 0x80, 0xFF, 0x5C, 0x20, 0xEA, 0xD3, 0x7B, 0x46, 0x10, 0xF5, 0xC7, 0x1F, 0x44,
    0x36, 0xFC, 0xE7, 0x00, 0x51, 0x9F, 0xEF, 0x83, 0x48, 0x86, 0xBF, 0xFA, 0x20, 0x72, 0xC1, 0x7F,
    0x36, 0x10, 0xF5, 0xF5, 0x3C, 0xD0, 0x34, 0x25, 0x86, 0xDF, 0x60, 0xA3, 0xD9, 0xFE, 0x40, 0x28,
    0x00, 0xA2, 0xC3, 0x2B, 0x76, 0x78, 0x9C, 0x63, 0x60, 0x60, 0x48, 0x90, 0x65, 0x60, 0x50, 0xF8,
    0xEB, 0xCF, 0xC0, 0x70, 0xE1, 0x3D, 0x13, 0x03, 0xC3, 0x77, 0x7B, 0x06, 0x06, 0x86, 0xBF, 0xBC,
    0x40, 0xE2, 0x3F, 0x17, 0x03, 0x83, 0xC0, 0x7F, 0x0E, 0x0C, 0xC2, 0xE0, 0x3F, 0x1B, 0x03, 0x43,
    0xC3, 0x7F, 0x66, 0x06, 0x81, 0x6F, 0xE7, 0x19, 0x18, 0x3E, 0xFE, 0x97, 0x01, 0x11, 0xD2, 0x40,
    0x33, 0xBE, 0xEF, 0x67, 0x00, 0x49, 0x30, 0x41, 0x95, 0x60, 0xD3, 0x0B, 0x36, 0x14, 0x62, 0x3C,
    0xD8, 0x22, 0xB0, 0x95, 0x60, 0xCB, 0x19, 0x0A, 0x64, 0x01, 0xDF, 0xD1, 0x23, 0xDE, 0x78, 0x9C,
    0xFB, 0xC1, 0xF9, 0x83, 0x44, 0x08, 0x00, 0x8B, 0xF9, 0x19, 0x1A, 0x78, 0x9C, 0x3B, 0xCA, 0xCA,
    0xC0, 0xC0, 0xF0, 0x63, 0x3F, 0x90, 0x08, 0xF8, 0xCF, 0x05, 0x24, 0xBF, 0xDB, 0x03, 0x89, 0x8F,
    0xF3, 0x81, 0xC4, 0x85, 0xF3, 0x40, 0xE2, 0xC0, 0x7D, 0x14, 0x62, 0x03, 0x88, 0x58, 0xF0, 0x1F,
    0x48, 0x24, 0xFC, 0x67, 0x61, 0x60, 0x10, 0xF8, 0xE7, 0x07, 0x64, 0x5E, 0xFA, 0xCF, 0xCB, 0xC0,
    0x70, 0x08, 0x44, 0xFC, 0x8D, 0x63, 0x84, 0x48, 0x80, 0x95, 0x6C, 0x78, 0x8F, 0x69, 0x00, 0xD8,
    0x50, 0xB0, 0xF1, 0xDF, 0xFD, 0xA1, 0x56, 0xFE, 0x58, 0x0F, 0xE4, 0x1D, 0x05, 0x39, 0x03, 0x00,
    0x99, 0xEE, 0x29, 0xCF, 0x78, 0x9C, 0x63, 0x98, 0xF8, 0xAF, 0x97, 0x91, 0x81, 0x61, 0x31, 0x87,
    0xC0, 0xDF, 0xFF, 0xFF, 0xE3, 0x19, 0x18, 0x7E, 0xF0, 0x4C, 0xF8, 0x1F, 0xF1, 0xF3, 0xBF, 0x56,
    0xC0, 0x7F, 0xF6, 0x0F, 0xF5, 0x0C, 0x0A, 0x40, 0xC1, 0xFB, 0x0C, 0x17, 0x75, 0x18, 0x18, 0x1A,
    0xFE, 0xFF, 0x97, 0x66, 0x00, 0x03, 0x03, 0x15, 0x06, 0x06, 0x00, 0xA5, 0x40, 0x15, 0xE9, 0x78,
    0x9C, 0x03, 0x00, 0x00, 0x00, 0x00, 0x01, 0x78, 0x9C, 0x9B, 0xB0, 0x9E, 0xE1, 0xC3, 0x7F, 0x86,
    0x09, 0xF3, 0x19, 0xE0, 0x60, 0xC2, 0x79, 0x10, 0x5A, 0x00, 0x44, 0xF7, 0x11, 0x68, 0x03, 0x10,
    0xBD, 0x47, 0xA0, 0x03, 0x40, 0xF4, 0x1F, 0x84, 0x00, 0x11, 0xA2, 0x1B, 0xBF, 0x78, 0x9C, 0x63,
    0x60, 0x60, 0x50, 0x62, 0x64, 0x00, 0x02, 0x85, 0xFF, 0xEC, 0x18, 0x94, 0xC0, 0x8D, 0xFF, 0xFB,
    0x59, 0x18, 0x18, 0x1E, 0xFF, 0xFF, 0xFF, 0x7F, 0x3E, 0x83, 0xC0, 0xBF, 0x7A, 0xA1, 0x23, 0xFF,
    0xD9, 0x27, 0xFC, 0x07, 0x8A, 0xFC, 0xE5, 0xFF, 0xB0, 0x1E, 0x28, 0xFF, 0xD5, 0xFF, 0x4B, 0x3C,
    0x90, 0x2A, 0x50, 0xFF, 0x6E, 0x0F, 0xD2, 0xC4, 0xF0, 0x43, 0x1E, 0x4C, 0x7D, 0x87, 0x52, 0xFA,
    0x60, 0x0A, 0xAC, 0x84, 0x81, 0x01, 0xAC, 0xE1, 0x73, 0xFC, 0x82, 0xFF, 0xCC, 0x0C, 0x0C, 0xBF,
    0xE5, 0x05, 0xFE, 0xE5, 0x33, 0x6E, 0x06, 0xDA, 0x01, 0x31, 0x9A, 0x41, 0xE0, 0x25, 0xD8, 0x22,
    0xAC, 0x8E, 0x60, 0x60, 0x08, 0x65, 0x62, 0x60, 0x00, 0x00, 0xB5, 0x58, 0x2F, 0x57, 0x78, 0x9C,
    0x63, 0x60, 0x30, 0x78, 0xF5, 0xBF, 0x86, 0x01, 0x08, 0x7E, 0xFC, 0xFF, 0xFF, 0x5F, 0x96, 0x81,
    0xA1, 0xE0, 0x7F, 0x5E, 0xCA, 0xDF, 0xF3, 0x0C, 0x0C, 0x1F, 0xDF, 0x33, 0x32, 0x1C, 0xF8, 0xCF,
    0xCC, 0xF0, 0xB5, 0x9E, 0x81, 0x21, 0xE0, 0x3F, 0x3B, 0xC3, 0x0F, 0x7F, 0x06, 0x06, 0x81, 0x0E,
    0x16, 0x86, 0x9F, 0xFA, 0x0C, 0x60, 0xF0, 0xC3, 0x1E, 0x95, 0xFE, 0xEE, 0x0F, 0xA6, 0x7E, 0x03,
    0x4D, 0x39, 0x8F, 0x44, 0x1B, 0xFD, 0xE8, 0x37, 0x56, 0x06, 0x49, 0x7C, 0xCD, 0x87, 0xA8, 0xFB,
    0x52, 0x8F, 0x4A, 0x7F, 0x8D, 0x87, 0xD0, 0x50, 0x73, 0x83, 0xFE, 0xDB, 0x1A, 0x03, 0x01, 0xF3,
    0xAF, 0xFF, 0x60, 0xC0, 0x0F, 0xA3, 0x01, 0x75, 0x4E, 0x3A, 0xA7, 0x78, 0x9C, 0x63, 0x60, 0x62,
    0x00, 0x03, 0x26, 0x86, 0x06, 0x7F, 0x86, 0xE3, 0xFF, 0xF6, 0xB1, 0x06, 0xD4, 0x33, 0x7C, 0xF9,
    0xFF, 0xFC, 0xFF, 0xFF, 0xFF, 0xF7, 0xBF, 0xFF, 0x67, 0x9A, 0x00, 0xA4, 0x2A, 0x5F, 0xFE, 0xFF,
    0x5F, 0xCF, 0xC0, 0xF0, 0xFB, 0x3D, 0x0B, 0x03, 0xC3, 0xB7, 0xFF, 0x1C, 0x0C, 0x0C, 0x7F, 0xF5,
    0x81, 0xEA, 0x1D, 0xFE, 0x73, 0x33, 0x04, 0xFC, 0x67, 0x05, 0x69, 0xFD, 0xA9, 0xCF, 0xB0, 0xE1,
    0x3D, 0xD8, 0x90, 0x8F, 0xF5, 0x0C, 0x0F, 0xE6, 0x83, 0x59, 0x07, 0xF6, 0x33, 0x7C, 0xA8, 0x07,
    0xB3, 0x16, 0x9C, 0x47, 0x62, 0x21, 0x64, 0xA1, 0x3A, 0x3E, 0xD5, 0x23, 0x99, 0x82, 0x30, 0x59,
    0xE0, 0x2F, 0xC4, 0x36, 0x1E, 0x86, 0x8B, 0xFF, 0xFF, 0x9F, 0xAF, 0x00, 0xBA, 0x60, 0x3F, 0xC3,
    0xE7, 0xF3, 0xCF, 0x40, 0xAE, 0x7A, 0xFA, 0x9E, 0xC9, 0x41, 0x06, 0xE4, 0x52, 0x36, 0x05, 0x5D,
    0x06, 0x04, 0x00, 0x00, 0xED, 0x99, 0x4B, 0x14, 0x78, 0x9C, 0xFB, 0x51, 0xCF, 0xC0, 0xC0, 0x60,
    0xF0, 0x9F, 0xE7, 0xE3, 0x7B, 0x20, 0xBD, 0xE1, 0x3F, 0xCB, 0x84, 0xFF, 0x6C, 0x0C, 0x0C, 0x9F,
    0xEE, 0x33, 0x28, 0xFC, 0xE7, 0x65, 0x60, 0xF8, 0x19, 0xCF, 0xC0, 0xF0, 0x2B, 0x9E, 0x41, 0x00,
    0xC4, 0xFE, 0x7C, 0x9E, 0xA1, 0x01, 0x24, 0xB7, 0xE1, 0x3F, 0xF3, 0x83, 0xF7, 0x60, 0x3D, 0x5C,
    0xDF, 0x40, 0x7A, 0x19, 0xFE, 0xE8, 0xFF, 0xE5, 0x07, 0xD1, 0x5F, 0xEE, 0xFF, 0xE7, 0x00, 0xD1,
    0x17, 0xFE, 0xFF, 0x67, 0x64, 0x60, 0x08, 0xF8, 0x0F, 0x02, 0xFD, 0x0C, 0x06, 0x67, 0xCE, 0xFC,
    0x3F, 0x7F, 0x26, 0x07, 0x24, 0xF1, 0x97, 0x8F, 0x81, 0x01, 0x4E, 0x13, 0x92, 0x47, 0xA7, 0x01,
    0x42, 0xCB, 0x3B, 0x8D, 0x78, 0x9C, 0xFB, 0xC7, 0xFD, 0x0F, 0x0B, 0x64, 0x00, 0x03, 0x6C, 0x32,
    0xFF, 0xB8, 0x01, 0x4F, 0x7A, 0x16, 0xC7, 0x78, 0x9C, 0x25, 0x8E, 0x31, 0x0F, 0xC1, 0x50, 0x14,
    0x85, 0xCF, 0x13, 0x69, 0x44, 0x23, 0xDA, 0x55, 0x24, 0x3A, 0x18, 0x6C, 0x16, 0xA3, 0x30, 0xB3,
    0x59, 0x2D, 0x44, 0xEC, 0xFE, 0x80, 0xA1, 0xBB, 0x04, 0x3F, 0xC1, 0x3F, 0xA8, 0xC9, 0x6A, 0x11,
    0xB1, 0xB1, 0x19, 0x2B, 0x11, 0x89, 0xAD, 0x82, 0x44, 0x35, 0x6D, 0x8F, 0xF7, 0x9E, 0xBB, 0x7C,
    0x37, 0x39, 0xE7, 0xDE, 0x73, 0x80, 0x4D, 0xEA, 0xF7, 0x01, 0x5C, 0x29, 0xA7, 0x0C, 0x87, 0x5E,
    0x63, 0x94, 0x1C, 0xB1, 0x62, 0x16, 0x58, 0xD3, 0xB8, 0x6C, 0xA5, 0x66, 0xD1, 0x7C, 0x78, 0x92,
    0x88, 0x0B, 0xA7, 0x40, 0xD1, 0x16, 0x2E, 0x9B, 0xD0, 0x13, 0x73, 0x9A, 0x51, 0x0C, 0x49, 0xBF,
    0x06, 0x79, 0x37, 0x4B, 0xC8, 0x12, 0xDE, 0x0B, 0x38, 0x67, 0x06, 0x22, 0xAC, 0x48, 0x6D, 0xC7,
    0xFC, 0xB7, 0xA8, 0x4C, 0x49, 0xF1, 0x33, 0xD0, 0xE6, 0xFA, 0x93, 0x86, 0xE6, 0x90, 0x41, 0x07,
    0x56, 0x5A, 0xC0, 0x8D, 0xF4, 0xEE, 0x2A, 0x74, 0x2F, 0x7B, 0xB4, 0x94, 0xA9, 0x17, 0x71, 0xA2,
    0x23, 0xAC, 0x90, 0xC2, 0x16, 0x72, 0x71, 0x69, 0x44, 0xEA, 0x8F, 0xC3, 0x5C, 0xD8, 0xFE, 0xF3,
    0xE5, 0x0B, 0xD5, 0x33, 0xBB, 0xE4, 0xBC, 0x3A, 0x4E, 0xB6, 0xBA, 0x07, 0x69, 0x4A, 0xED, 0x90,
    0xFA, 0x5D, 0xE0, 0x07, 0x2F, 0x83, 0x5B, 0x1A, 0x78, 0x9C, 0x7B, 0xAC, 0xCB, 0x70, 0xC9, 0xEE,
    0x47, 0x3D, 0xC3, 0xF7, 0xF9, 0x8F, 0xF5, 0x80, 0x2C, 0x00, 0x3B, 0xFF, 0x07, 0x4F, 0x78, 0x9C,
    0x63, 0x60, 0x60, 0x98, 0xFC, 0xE7, 0x7D, 0x35, 0x23, 0x03, 0x08, 0x6C, 0xFC, 0x7F, 0xEE, 0xF4,
    0xFF, 0x7E, 0x10, 0xCB, 0xE1, 0x9F, 0x15, 0x03, 0x43, 0xC0, 0x5F, 0x19, 0x20, 0xF3, 0x73, 0x3C,
    0x48, 0x60, 0xC2, 0x79, 0x20, 0xF1, 0x8F, 0xD9, 0xE0, 0xF5, 0x7D, 0x0E, 0x86, 0x1F, 0x9C, 0x0C,
    0x0D, 0xF5, 0x0C, 0x5F, 0xDF, 0xFF, 0xBB, 0xCF, 0x70, 0x40, 0x9F, 0xE1, 0x03, 0xAF, 0xC0, 0x7F,
    0x76, 0x85, 0xBF, 0xEC, 0x0A, 0xF3, 0x19, 0xBE, 0xB0, 0x25, 0x00, 0x95, 0x7D, 0xE5, 0x66, 0xF8,
    0xC3, 0xF0, 0x83, 0x69, 0x41, 0x3E, 0x03, 0xC3, 0x24, 0x76, 0x86, 0xEF, 0x4C, 0xBF, 0x18, 0x36,
    0x80, 0x8D, 0x60, 0xF8, 0xCA, 0xFA, 0x9A, 0x61, 0x83, 0x3F, 0x98, 0xF9, 0x85, 0x15, 0x21, 0xCA,
    0x82, 0xA4, 0x16, 0x62, 0xC2, 0x37, 0x6E, 0x86, 0x37, 0x0C, 0x0F, 0x80, 0xE6, 0xB2, 0x41, 0xCC,
    0x45, 0xB2, 0x0D, 0xE4, 0x86, 0xDF, 0x10, 0x37, 0x20, 0xBB, 0xCC, 0x00, 0xE1, 0x5E, 0xA0, 0x2F,
    0xF6, 0x9D, 0xFE, 0x5F, 0x0F, 0x36, 0x9B, 0x61, 0xF2, 0x5F, 0x88, 0xDF, 0x00, 0xC1, 0xB2, 0x4E,
    0x42, 0x78, 0x9C, 0x01, 0x37, 0x00, 0xC8, 0xFF, 0x10, 0xD8, 0xDF, 0x1A, 0x00, 0xE1, 0xFF, 0xFF,
    0xEF, 0x01, 0xF8, 0x4E, 0x30, 0xFF, 0x08, 0xA6, 0x07, 0x00, 0xFA, 0x0B, 0x00, 0x00, 0x00, 0xF9,
    0x0B, 0x50, 0xEB, 0xFF, 0xFF, 0x0B, 0xF6, 0xCF, 0x9A, 0xFD, 0x0B, 0xFD, 0x09, 0x00, 0xF9, 0x0B,
    0xFD, 0x0A, 0x40, 0xFD, 0x0B, 0xF7, 0xFF, 0xFF, 0xFF, 0x0D, 0x70, 0xFD, 0x8E, 0xC5, 0x0C, 0x06,
    0x74, 0x1C, 0xB5, 0x78, 0x9C, 0x63, 0x60, 0xF8, 0xCD, 0xF2, 0x49, 0x8E, 0xA1, 0x61, 0x3D, 0xC3,
    0x5F, 0x16, 0x86, 0xAF, 0x72, 0x0B, 0xD6, 0x33, 0x28, 0xFC, 0x67, 0xF9, 0x26, 0xC7, 0x70, 0x61,
    0xBD, 0xC1, 0x7F, 0x56, 0x86, 0xEF, 0xFA, 0x07, 0xCE, 0x33, 0x30, 0x5C, 0x98, 0x6F, 0xF0, 0x9F,
    0x05, 0x2A, 0x0E, 0x51, 0xC3, 0xD0, 0x30, 0x1F, 0xA4, 0x1E, 0xAC, 0x17, 0x00, 0x65, 0x2D, 0x19,
    0xAB, 0x78, 0x9C, 0xFB, 0xFC, 0x1F, 0x04, 0x38, 0x3F, 0x43, 0x28, 0x07, 0x17, 0x17, 0x97, 0x90,
    0xFF, 0x9C, 0x0C, 0x40, 0x20, 0x80, 0x4E, 0x01, 0x00, 0x06, 0x29, 0x11, 0x9F, 0x78, 0x9C, 0xFB,
    0xFE, 0xFF, 0x7F, 0xFD, 0x77, 0x20, 0x56, 0x54, 0x52, 0x62, 0x02, 0x00, 0x3D, 0x58, 0x07, 0x50,
    0x78, 0x9C, 0x4D, 0x8F, 0x41, 0x0E, 0x01, 0x41, 0x10, 0x45, 0xBF, 0xD6, 0x33, 0xC9, 0x88, 0xBE,
    0x81, 0x85, 0xAD, 0x95, 0x59, 0x5B, 0x39, 0x82, 0x1B, 0x38, 0x88, 0xC5, 0x38, 0x82, 0xC4, 0x01,
    0x9C, 0xC1, 0x05, 0xB0, 0x97, 0xE1, 0x04, 0xC2, 0x9E, 0x84, 0xC4, 0x0C, 0x43, 0xAA, 0xA7, 0x55,
    0x75, 0x8B, 0xA8, 0x45, 0xE5, 0xA5, 0xF2, 0xF3, 0xEB, 0x7F, 0x00, 0x73, 0xBA, 0x4E, 0x1A, 0x90,
    0x59, 0xBA, 0xDD, 0xD6, 0x65, 0x42, 0x43, 0x37, 0x00, 0x46, 0xB6, 0xC3, 0x78, 0x1F, 0xCB, 0x61,
    0xB6, 0xE7, 0x55, 0x37, 0xC9, 0x1D, 0x7B, 0xA8, 0x12, 0x4C, 0x33, 0x50, 0x6E, 0x9D, 0xDA, 0xF4,
    0x71, 0x33, 0x20, 0x8D, 0x57, 0xD2, 0x5D, 0xA0, 0x88, 0x05, 0xCB, 0x16, 0x08, 0x95, 0x62, 0x4C,
    0x29, 0xC6, 0x53, 0xBD, 0x01, 0x72, 0x62, 0x5B, 0x46, 0x67, 0xC6, 0x83, 0x5D, 0x03, 0x45, 0x24,
    0x57, 0x0D, 0x16, 0x94, 0xDA, 0x6B, 0xF1, 0x48, 0x58, 0xFB, 0x73, 0xB8, 0xE0, 0x64, 0x02, 0xB2,
    0xAF, 0x7C, 0xD3, 0x28, 0x0C, 0x7F, 0xE3, 0x0C, 0x3E, 0x2A, 0x67, 0xF8, 0x4F, 0x96, 0xD6, 0x3E,
    0x6F, 0x3B, 0xB4, 0x58, 0x7D, 0x5B, 0x70, 0x37, 0x1B, 0xBA, 0x7D, 0x00, 0x61, 0x98, 0x51, 0x59,
    0x78, 0x9C, 0xFB, 0xFF, 0xFF, 0xFF, 0xFF, 0xFE, 0xFF, 0x20, 0x82, 0x01, 0x04, 0x00, 0x61, 0x36,
    0x09, 0x17, 0x78, 0x9C, 0x63, 0xB8, 0x76, 0x9F, 0xB5, 0xE0, 0xFF, 0xDF, 0xF8, 0x0F, 0x72, 0x0A,
    0xF7, 0x3F, 0x71, 0x31, 0xFC, 0x79, 0xE0, 0x1F, 0x70, 0x3E, 0xE0, 0xFF, 0x7F, 0x7B, 0x86, 0xC5,
    0x73, 0x98, 0x00, 0xDB, 0x6B, 0x0E, 0xA7, 0x78, 0x9C, 0x63, 0x60, 0x50, 0xB8, 0xCB, 0xC4, 0x00,
    0x04, 0x0A, 0xFF, 0x99, 0xF1, 0x53, 0xBF, 0xFE, 0x83, 0x40, 0x3C, 0x94, 0x52, 0x54, 0x72, 0xFA,
    0xAF, 0xA2, 0xC4, 0x44, 0x40, 0xDF, 0x3B, 0xB0, 0xD1, 0x60, 0xA0, 0xA0, 0x04, 0x02, 0x8C, 0x1F,
    0xC1, 0xDA, 0xB9, 0xA1, 0x14, 0x00, 0x7F, 0xA1, 0x27, 0x6F, 0x78, 0x9C, 0x63, 0xD8, 0xFC, 0x3F,
    0x87, 0xC1, 0xE1, 0xFF, 0xFB, 0xFF, 0x9C, 0x17, 0xD6, 0x33, 0x7C, 0x93, 0xDF, 0xA0, 0xCD, 0xF0,
    0xC1, 0x9E, 0x81, 0x81, 0xE1, 0x8B, 0x3C, 0x03, 0x83, 0xC0, 0x5F, 0x2E, 0x06, 0x86, 0x03, 0xF7,
    0x19, 0x19, 0x18, 0xFE, 0xC8, 0xC2, 0x18, 0xDC, 0x0C, 0x0C, 0x1B, 0xFE, 0xDF, 0xBD, 0xDB, 0x7B,
    0xE1, 0xFF, 0xFF, 0xFF, 0xEB, 0x01, 0xE5, 0x1A, 0x19, 0xEF, 0x78, 0x9C, 0x01, 0x3C, 0x00, 0xC3,
    0xFF, 0x00, 0xB4, 0xFE, 0x6D, 0x00, 0x50, 0xFF, 0xEE, 0xFF, 0x0A, 0xD0, 0x9F, 0x00, 0xF5, 0x2F,
    0x40, 0x14, 0x00, 0xF0, 0x3F, 0x00, 0x00, 0x10, 0xF8, 0x0D, 0x00, 0x40, 0xFF, 0xCF, 0x01, 0x00,
    0x20, 0xBA, 0xFF, 0x09, 0x00, 0x00, 0x00, 0xF2, 0x3F, 0x70, 0x17, 0x00, 0xD0, 0x6F, 0xF0, 0x8F,
    0x00, 0xF3, 0x4F, 0x70, 0xFF, 0xDE, 0xFF, 0x0B, 0x00, 0xB4, 0xFE, 0x7C, 0x00, 0x05, 0xAF, 0x19,
    0xBF, 0x78, 0x9C, 0x63, 0xB8, 0xF8, 0x9F, 0x99, 0xE1, 0xB7, 0x3F, 0x43, 0xC1, 0x7F, 0x16, 0x86,
    0x05, 0x71, 0x0C, 0x0C, 0x00, 0x36, 0x72, 0x05, 0x8F, 0x78, 0x9C, 0xFB, 0xCB, 0xC3, 0xC0, 0x90,
    0xF0, 0x9F, 0xE5, 0x2F, 0x85, 0x14, 0x1F, 0x84, 0x92, 0x87, 0x50, 0xF9, 0x0C, 0x0C, 0x17, 0x80,
    0xD4, 0x7F, 0xF5, 0xA4, 0xBF, 0x20, 0xEA, 0xFF, 0xFF, 0xF9, 0x40, 0x2A, 0xE7, 0xCF, 0x79, 0x91,
    0x55, 0x4C, 0x20, 0x0D, 0x40, 0x40, 0x04, 0x05, 0x00, 0x3E, 0x8F, 0x34, 0xB0, 0x78, 0x9C, 0x63,
    0x60, 0x58, 0xF2, 0xF7, 0xFF, 0x79, 0x86, 0x05, 0xFF, 0xFF, 0x03, 0xC9, 0xDF, 0x20, 0x32, 0xE0,
    0x3F, 0x88, 0xDC, 0x00, 0x26, 0x3F, 0x60, 0x90, 0x17, 0xC0, 0x64, 0x03, 0x98, 0x14, 0x00, 0x93,
    0x0C, 0x5F, 0xC1, 0xA4, 0xC1, 0x1F, 0x10, 0xC9, 0xA0, 0x50, 0xF6, 0x02, 0x48, 0x32, 0x30, 0x5C,
    0x20, 0x8A, 0x04, 0x00, 0x3D, 0x3F, 0x4E, 0x8B, 0x78, 0x9C, 0xFB, 0xCE, 0xF3, 0xCF, 0xFF, 0xA7,
    0x9C, 0x00, 0x03, 0x00, 0x13, 0xF1, 0x03, 0x78, 0x78, 0x9C, 0xFB, 0x20, 0xCF, 0xF0, 0xE9, 0x3F,
    0x1B, 0xC3, 0x57, 0x3E, 0x86, 0x4F, 0xFC, 0x93, 0xFE, 0x71, 0x3E, 0xC9, 0x61, 0x00, 0x00, 0x4E,
    0x85, 0x07, 0xF4, 0x78, 0x9C, 0x63, 0x10, 0x78, 0xC1, 0xE0, 0xF0, 0xFB, 0x3F, 0xC3, 0x97, 0xFF,
    0xFF, 0x19, 0x26, 0xBB, 0xFC, 0x67, 0x60, 0x30, 0xC0, 0x8F, 0x01, 0xD7, 0x87, 0x11, 0x73, 0x78,
    0x9C, 0x63, 0x98, 0xF8, 0x6F, 0x1D, 0x13, 0x83, 0xC0, 0xBF, 0xFF, 0xFF, 0xED, 0x19, 0x36, 0xBC,
    0x67, 0xB9, 0x7C, 0x9F, 0xE1, 0x63, 0x3C, 0x83, 0xC2, 0x7F, 0xE6, 0xCF, 0xF2, 0x0C, 0x0C, 0xFF,
    0xD8, 0xBE, 0xF0, 0x83, 0x48, 0x10, 0xFB, 0x3F, 0x1B, 0x44, 0x7C, 0xC3, 0x7B, 0xE6, 0x43, 0xF7,
    0xA1, 0xEA, 0x19, 0xC0, 0x7A, 0x01, 0xD2, 0x4B, 0x1C, 0xC5, 0x78, 0x9C, 0xFB, 0xCC, 0xE3, 0x70,
    0x9E, 0x81, 0xA1, 0x61, 0x3E, 0xC3, 0x4F, 0x0E, 0x06, 0x86, 0xBF, 0x6C, 0x0F, 0xE3, 0x19, 0x18,
    0x3E, 0xDB, 0x3B, 0xFC, 0x67, 0x62, 0x98, 0xF0, 0x9E, 0xF1, 0x17, 0x2F, 0x83, 0xC0, 0x7F, 0x8E,
    0x4F, 0xF5, 0x50, 0x36, 0x44, 0xFC, 0x2F, 0xDB, 0x83, 0x78, 0xA8, 0xFA, 0xCF, 0x60, 0xBD, 0x00,
    0x57, 0xF7, 0x19, 0x5E, 0x78, 0x9C, 0x63, 0x08, 0xA8, 0x66, 0x80, 0x80, 0xA6, 0x7F, 0xF5, 0x50,
    0xD6, 0x9F, 0xFF, 0x20, 0x56, 0x02, 0x27, 0x03, 0x43, 0xE5, 0x61, 0x10, 0xEB, 0xA3, 0x1C, 0x90,
    0x38, 0x00, 0x62, 0xFD, 0x66, 0x85, 0xB2, 0x02, 0xF6, 0x33, 0x40, 0x59, 0x0F, 0xF4, 0x61, 0xAC,
    0x9F, 0xEC, 0x50, 0x96, 0xC1, 0x7D, 0x06, 0x28, 0xEB, 0x82, 0x3D, 0x8C, 0xF5, 0x9D, 0x93, 0xE1,
    0xE1, 0x7A, 0x10, 0x5B, 0xE1, 0x3D, 0x23, 0xC3, 0x6F, 0x30, 0x6B, 0x43, 0x3C, 0x43, 0xC2, 0x7F,
    0x30, 0xEB, 0x2B, 0x37, 0xC3, 0xA7, 0x75, 0x20, 0x96, 0xC0, 0x3F, 0x26, 0x86, 0xBF, 0x93, 0x41,
    0xAC, 0x09, 0xF5, 0x0C, 0x13, 0xF2, 0x27, 0x80, 0x58, 0x9F, 0x79, 0x19, 0xBE, 0x70, 0x81, 0x59,
    0x7F, 0x99, 0x19, 0xFE, 0xFD, 0xFF, 0xFF, 0x1F, 0x68, 0xE1, 0x0C, 0x06, 0x86, 0x3B, 0x77, 0xDF,
    0xFE, 0xD7, 0x85, 0x3A, 0x18, 0x2C, 0x0B, 0x63, 0x01, 0x00, 0xB0, 0x88, 0x39, 0x0E, 0x78, 0x9C,
    0x63, 0x08, 0xC8, 0x66, 0x80, 0x80, 0xA6, 0x7F, 0xF9, 0x50, 0xD6, 0xDF, 0xFF, 0x20, 0xD6, 0x41,
    0x66, 0x06, 0x86, 0xCA, 0x4B, 0x20, 0xD6, 0x6F, 0x56, 0x20, 0x71, 0x01, 0xC8, 0x0A, 0xD8, 0xCF,
    0x00, 0x65, 0x3D, 0xD0, 0x87, 0xB1, 0x7E, 0xB2, 0x43, 0x59, 0x06, 0xF7, 0x19, 0xA0, 0xAC, 0x03,
    0xF6, 0x30, 0xD6, 0x77, 0x4E, 0x28, 0x4B, 0xE1, 0x3D, 0xE3, 0xC4, 0x7F, 0x73, 0x19, 0x81, 0xEC,
    0x0D, 0xF1, 0x02, 0xFF, 0xEE, 0xFF, 0x97, 0x03, 0xB2, 0xBE, 0x72, 0x37, 0xDC, 0x67, 0x7C, 0x08,
    0xB2, 0xE0, 0x1F, 0x53, 0x43, 0x34, 0xC3, 0x81, 0x7A, 0x06, 0x86, 0x09, 0xF5, 0x20, 0xE5, 0x9F,
    0x81, 0xFA, 0x3F, 0xF3, 0x02, 0x19, 0x06, 0xFF, 0x38, 0x80, 0xAE, 0x01, 0xBA, 0x83, 0xE1, 0xCB,
    0x7C, 0x06, 0x86, 0x02, 0x20, 0x66, 0x08, 0xF8, 0x0F, 0xB4, 0xCF, 0x41, 0x06, 0xC8, 0xFA, 0xEE,
    0x07, 0x75, 0x6E, 0xC2, 0xFF, 0x7B, 0x77, 0xCF, 0x82, 0x59, 0x0D, 0xFF, 0x81, 0x00, 0x00, 0x98,
    0x71, 0x39, 0x0C, 0x78, 0x9C, 0x63, 0xB8, 0xFE, 0x3E, 0x87, 0x01, 0x02, 0x2E, 0xFC, 0x7F, 0xFB,
    0x9F, 0x03, 0xC2, 0x3C, 0xA4, 0xC3, 0xF0, 0x9D, 0x8F, 0x81, 0x61, 0x02, 0x3B, 0x88, 0x23, 0xF0,
    0x8B, 0x9B, 0x81, 0xE1, 0x0B, 0x0F, 0x90, 0x35, 0xE1, 0xFF, 0x7C, 0x20, 0xF9, 0x97, 0x09, 0x48,
    0x04, 0x9C, 0xFA, 0xCF, 0xC2, 0xD0, 0xD0, 0x0F, 0x51, 0xFE, 0x8D, 0x8F, 0xE1, 0x13, 0x2F, 0x90,
    0x2E, 0x66, 0x63, 0xF8, 0x24, 0xCF, 0xF0, 0x87, 0x05, 0xC8, 0xFC, 0xE2, 0xCF, 0xF0, 0x83, 0x3F,
    0x61, 0x3D, 0x48, 0xF6, 0x00, 0xD0, 0x5C, 0xF6, 0x8F, 0x72, 0x60, 0x95, 0xD7, 0xDF, 0x7B, 0x33,
    0xFC, 0x62, 0x63, 0xF8, 0xC5, 0x0F, 0xE6, 0x39, 0x9C, 0x67, 0x48, 0xF8, 0x0F, 0x61, 0x5E, 0xD0,
    0x67, 0xF8, 0x04, 0x65, 0xFE, 0xE0, 0x60, 0xF8, 0xFB, 0x03, 0xCC, 0x34, 0xB8, 0xCF, 0x30, 0xA1,
    0xFF, 0x0B, 0x98, 0x79, 0xC0, 0x9F, 0xE1, 0x0B, 0x37, 0x84, 0xF9, 0x8D, 0x4B, 0xE0, 0x1D, 0x23,
    0x98, 0x29, 0xF0, 0x9E, 0x71, 0xC2, 0x7F, 0x20, 0x00, 0x3A, 0x53, 0x20, 0x8B, 0xA1, 0xE1, 0xEE,
    0xDD, 0x7F, 0xF7, 0xD9, 0xA0, 0x9E, 0x61, 0x80, 0xA8, 0x85, 0x31, 0x01, 0xA9, 0xBF, 0x3F, 0xA3,
    0x78, 0x9C, 0x63, 0x60, 0x70, 0xB8, 0xC7, 0xC4, 0x00, 0x04, 0x13, 0xFE, 0xB3, 0x81, 0x28, 0x87,
    0x7B, 0x8C, 0x0C, 0xB8, 0x40, 0xC0, 0x7F, 0x16, 0x10, 0xD5, 0xF0, 0x9F, 0x19, 0x44, 0x3D, 0x78,
    0x0F, 0x16, 0xFC, 0x99, 0x0F, 0x11, 0xE3, 0x02, 0x51, 0xDF, 0xCE, 0x83, 0x48, 0x81, 0xFF, 0xBC,
    0x10, 0x13, 0xC1, 0x06, 0x3F, 0xD8, 0x0F, 0x56, 0xF7, 0x61, 0x3E, 0x90, 0x50, 0x62, 0xFC, 0x00,
    0xE4, 0x29, 0xFC, 0xE7, 0x38, 0x00, 0x94, 0x5B, 0xF0, 0x9F, 0x25, 0xE0, 0x7F, 0x5F, 0xEA, 0x6F,
    0xA0, 0x9E, 0x1F, 0xFF, 0xFF, 0xFF, 0x97, 0x05, 0x5A, 0xFE, 0xEA, 0x7F, 0x0D, 0x03, 0x03, 0x00,
    0x8C, 0x63, 0x24, 0x2A, 0x78, 0x9C, 0x63, 0xF8, 0x7C, 0x9F, 0x01, 0x04, 0x1C, 0xFE, 0x73, 0x83,
    0xE9, 0xAF, 0xF5, 0x60, 0xAA, 0x60, 0x1D, 0x03, 0x3A, 0xF8, 0xF9, 0x1F, 0x04, 0xE2, 0x61, 0x54,
    0xBC, 0x31, 0x10, 0x08, 0xFF, 0x94, 0x87, 0xC8, 0x11, 0x41, 0x81, 0xF5, 0xC1, 0x29, 0x7F, 0x90,
    0x76, 0xA2, 0xF4, 0x41, 0x29, 0x7F, 0x88, 0x7D, 0x60, 0xED, 0xF5, 0x50, 0x0A, 0x00, 0xB8, 0x37,
    0x3E, 0xB5, 0x78, 0x9C, 0x63, 0x78, 0xCA, 0xC3, 0xF0, 0x44, 0x86, 0x81, 0xE1, 0xB7, 0x3F, 0xC3,
    0xAF, 0x78, 0x06, 0x86, 0x6F, 0x3C, 0x0C, 0x4F, 0x65, 0x19, 0x50, 0xC1, 0xCF, 0xFF, 0x20, 0x10,
    0x0F, 0xA3, 0xE2, 0x8D, 0x81, 0x40, 0xF8, 0xA7, 0x3C, 0x44, 0x8E, 0x08, 0x0A, 0xAC, 0x0F, 0x4E,
    0xF9, 0x83, 0xB4, 0x13, 0xA5, 0x0F, 0x4A, 0xF9, 0x43, 0xEC, 0x03, 0x6B, 0xAF, 0x87, 0x52, 0x00,
    0x36, 0xB9, 0x3F, 0x9F, 0x78, 0x9C, 0xFB, 0xF6, 0x1F, 0x02, 0x38, 0x19, 0x18, 0xBE, 0x21, 0x98,
    0x86, 0xC6, 0xC6, 0xBF, 0xF2, 0x8D, 0x8D, 0x8D, 0x99, 0x18, 0x40, 0xE0, 0x87, 0x3D, 0x03, 0x0C,
    0x90, 0xC4, 0xEC, 0xBF, 0xF5, 0xEF, 0x9C, 0x38, 0x84, 0x09, 0x36, 0x98, 0x0D, 0xCC, 0x7C, 0xDF,
    0x9D, 0xB6, 0xFD, 0x7F, 0x3C, 0x5C, 0xED, 0x97, 0xF7, 0x70, 0x66, 0xC3, 0x7F, 0x56, 0x18, 0xD3,
    0xE0, 0x3F, 0x07, 0x8C, 0x29, 0x00, 0x72, 0x10, 0x84, 0xA9, 0x80, 0x10, 0x4D, 0x00, 0x9B, 0x06,
    0x66, 0x5E, 0xFC, 0xCF, 0x08, 0x65, 0x26, 0xFF, 0xED, 0x87, 0x1A, 0x96, 0x00, 0xF6, 0x06, 0x03,
    0xC3, 0x54, 0x49, 0x86, 0x84, 0xFB, 0x96, 0x0C, 0x0C, 0x00, 0x40, 0x59, 0x43, 0x47, 0x78, 0x9C,
    0x63, 0x60, 0x60, 0x70, 0xF8, 0xCF, 0xC3, 0x00, 0x04, 0x0F, 0xEF, 0x33, 0x82, 0xA8, 0x3F, 0xB2,
    0x20, 0xD2, 0xE0, 0x0E, 0x98, 0x83, 0x0C, 0x7E, 0xFC, 0x07, 0x01, 0x7B, 0x18, 0x95, 0x6F, 0x0C,
    0x04, 0xCC, 0x3F, 0xEC, 0x21, 0x72, 0x03, 0x43, 0x01, 0x00, 0x32, 0x2C, 0x29, 0xAB, 0x78, 0x9C,
    0x63, 0x60, 0x70, 0xB8, 0xF5, 0x7F, 0x1D, 0x0B, 0x03, 0x10, 0xFC, 0xFA, 0xFF, 0xFF, 0xFF, 0x7E,
    0x46, 0x06, 0x86, 0x03, 0xFF, 0x6B, 0x5D, 0x8E, 0xFD, 0xE7, 0x65, 0x60, 0xF8, 0xD9, 0x0F, 0x14,
    0xFD, 0x31, 0x9F, 0xC1, 0xE0, 0x3F, 0x17, 0x90, 0x71, 0xE1, 0x3F, 0xE3, 0x82, 0xFF, 0x4C, 0x40,
    0x46, 0xC2, 0x7F, 0xD6, 0x07, 0xE7, 0x41, 0x1A, 0x14, 0xDE, 0xB1, 0x7F, 0x9C, 0xCF, 0x00, 0x01,
    0x9F, 0xFB, 0xA1, 0x8C, 0x2F, 0x40, 0x53, 0xFE, 0xF7, 0xA3, 0x30, 0xE6, 0x1B, 0x1B, 0x1B, 0x0B,
    0x23, 0xAB, 0xF9, 0xB8, 0x1E, 0xCA, 0x78, 0xF0, 0x1E, 0x6C, 0xCE, 0x5D, 0xF6, 0x05, 0xFF, 0x99,
    0x21, 0x26, 0x1B, 0xFC, 0xE7, 0x06, 0xDB, 0x05, 0x74, 0x0E, 0xD8, 0x76, 0x20, 0x71, 0xF1, 0x7F,
    0x0E, 0xD0, 0x3D, 0x3C, 0x0C, 0x0C, 0x02, 0x7F, 0xA0, 0x2E, 0x64, 0x08, 0x78, 0xF5, 0x7F, 0x2D,
    0xD0, 0xCD, 0x00, 0x3A, 0x29, 0x43, 0x2D, 0x78, 0x9C, 0x63, 0x60, 0xD8, 0xF6, 0xEF, 0x9E, 0x06,
    0x03, 0x03, 0xC3, 0xE3, 0xFF, 0x40, 0xC0, 0xC9, 0x60, 0xF0, 0x7F, 0xBF, 0x5B, 0xC9, 0xDF, 0xF5,
    0x0C, 0x07, 0xFE, 0xB3, 0x30, 0x30, 0x2C, 0xF8, 0xCF, 0xFA, 0x71, 0x3F, 0x50, 0x4E, 0xE0, 0x3F,
    0xCF, 0xE7, 0x7E, 0x20, 0xCD, 0xF0, 0x9B, 0xFF, 0xE3, 0x79, 0x10, 0xED, 0xC4, 0x72, 0xE0, 0x3F,
    0x3B, 0x88, 0x01, 0x54, 0x7F, 0x9F, 0x15, 0xCC, 0x78, 0xF2, 0xFF, 0x7F, 0x36, 0x23, 0x88, 0xF1,
    0xE2, 0xFF, 0xFF, 0xF9, 0x60, 0xC6, 0x94, 0x7F, 0xFF, 0xFD, 0xC0, 0x52, 0x0E, 0x7F, 0xFE, 0x33,
    0x83, 0x19, 0x05, 0xFF, 0xB9, 0x9D, 0xC1, 0xAC, 0x3F, 0xFC, 0x7F, 0xF8, 0x41, 0xF4, 0x2F, 0xF9,
    0x1F, 0xFE, 0x10, 0xFE, 0xC7, 0xF7, 0x4C, 0x0C, 0x0C, 0x01, 0xFF, 0xB9, 0x03, 0xFE, 0xAF, 0x37,
    0x0D, 0xFE, 0xF5, 0x9F, 0x09, 0x64, 0xDE, 0xFF, 0xFF, 0xB6, 0x40, 0xB9, 0xA5, 0x7F, 0xDF, 0x67,
    0x33, 0x30, 0x00, 0x00, 0x90, 0x13, 0x3D, 0x9C, 0x78, 0x9C, 0xFB, 0x16, 0xFF, 0x8D, 0x48, 0x08,
    0x00, 0x5F, 0xE3, 0x1B, 0xFA, 0x78, 0x9C, 0x7B, 0xAC, 0xCB, 0x70, 0xC9, 0xF6, 0x67, 0x3D, 0xC3,
    0xF7, 0xFE, 0x27, 0xBA, 0x0C, 0x8F, 0xED, 0x18, 0x10, 0x20, 0xE1, 0x3F, 0x2B, 0x5D, 0x08, 0x00,
    0x98, 0x73, 0x24, 0x84, 0x78, 0x9C, 0x63, 0x60, 0x00, 0x82, 0x0F, 0xE7, 0x19, 0x68, 0x4E, 0x7D,
    0xEE, 0x07, 0x51, 0xFB, 0x3F, 0xEE, 0x07, 0x52, 0x5F, 0xFA, 0x2F, 0xFC, 0x67, 0x61, 0x60, 0xF8,
    0x6B, 0xEF, 0xF0, 0x7F, 0xBE, 0xE9, 0xB5, 0xFF, 0x5C, 0x0C, 0xDF, 0xFE, 0xFF, 0xFF, 0x0F, 0x94,
    0x50, 0xB8, 0xF9, 0x7F, 0x1D, 0x0B, 0x03, 0x00, 0x31, 0x11, 0x2E, 0xF3, 0x78, 0x9C, 0x63, 0x60,
    0xD8, 0xF0, 0x1F, 0x04, 0xDE, 0x33, 0x40, 0xC1, 0x01, 0x34, 0xEE, 0x7B, 0x63, 0x63, 0xE3, 0xC7,
    0x70, 0xEE, 0x85, 0xFB, 0x20, 0x02, 0xCE, 0x7D, 0x70, 0x1E, 0x1F, 0xF7, 0xC3, 0x7E, 0x54, 0xEE,
    0x7A, 0x54, 0xEE, 0x7C, 0x10, 0x17, 0x64, 0xD9, 0x5C, 0x66, 0x20, 0xEB, 0x23, 0x9C, 0xFB, 0xBF,
    0x1F, 0xC8, 0xFA, 0xD4, 0x0F, 0x56, 0x6C, 0x6C, 0xEC, 0xFC, 0xE2, 0x3F, 0x07, 0x90, 0x5B, 0x0F,
    0xD3, 0x2B, 0xF0, 0x57, 0x9F, 0x81, 0xE1, 0x4B, 0x3E, 0xDC, 0xA8, 0x2F, 0x40, 0x85, 0x5F, 0xFD,
    0xE1, 0x5C, 0x90, 0x9D, 0xDF, 0xF5, 0xE1, 0x5C, 0x90, 0x8B, 0x7E, 0xF1, 0xA3, 0xC8, 0xFE, 0xE7,
    0x41, 0xD6, 0x5B, 0xF0, 0x9F, 0x1D, 0xC9, 0x64, 0xC7, 0x9F, 0xEF, 0x19, 0x61, 0xF6, 0x3E, 0xFF,
    0xCF, 0xF1, 0xF5, 0x7F, 0x3C, 0x03, 0xDC, 0x55, 0xF3, 0x19, 0xBE, 0xAE, 0x65, 0x62, 0x40, 0x72,
    0x33, 0x00, 0xCB, 0x90, 0x6D, 0x0B, 0x78, 0x9C, 0xFB, 0x61, 0xCF, 0x00, 0x04, 0x13, 0xFE, 0x33,
    0x31, 0x80, 0xC1, 0x8F, 0x81, 0xE2, 0xFE, 0x87, 0x83, 0x7D, 0x6C, 0x28, 0xDC, 0xFF, 0xF7, 0x99,
    0x18, 0x7E, 0xE4, 0x1B, 0x03, 0xC1, 0xE2, 0xFF, 0xA6, 0xC6, 0xCE, 0xC7, 0xFE, 0xCB, 0xA1, 0xE8,
    0xFD, 0x31, 0x1F, 0x85, 0xFB, 0xE0, 0x3D, 0x0A, 0x77, 0xC1, 0x7F, 0x7C, 0x5C, 0x34, 0xC5, 0xBF,
    0xFA, 0xE1, 0xDC, 0xB0, 0xD0, 0xD4, 0x17, 0x48, 0x16, 0xC1, 0x9C, 0x81, 0xE0, 0xEE, 0x63, 0x65,
    0x60, 0x00, 0x00, 0x3D, 0x88, 0x66, 0x9C, 0x78, 0x9C, 0xFB, 0xF4, 0x1F, 0x02, 0x78, 0x19, 0x18,
    0x3E, 0x21, 0x98, 0x06, 0xC6, 0xC6, 0xDF, 0xFB, 0x8D, 0x8D, 0x8D, 0x99, 0x19, 0x40, 0xE0, 0x6B,
    0x3E, 0x03, 0x0C, 0x90, 0xC4, 0x5C, 0x7F, 0xEB, 0xDF, 0xFB, 0x1A, 0x46, 0x30, 0x13, 0x6C, 0xB0,
    0x1F, 0x98, 0x79, 0xBF, 0xCA, 0x35, 0xE4, 0xD7, 0x7F, 0x26, 0x98, 0xDA, 0x84, 0xFF, 0x9C, 0x70,
    0x6D, 0xFF, 0xF8, 0xE0, 0xCC, 0x5F, 0xFC, 0x70, 0xE6, 0x4F, 0x79, 0x04, 0x53, 0x9F, 0x4C, 0x26,
    0x00, 0x0C, 0x32, 0x43, 0x12, 0x78, 0x9C, 0x63, 0x60, 0x60, 0x98, 0xF0, 0x9F, 0x83, 0x01, 0x0C,
    0xBE, 0xCE, 0x87, 0xD0, 0x0A, 0xFF, 0xB9, 0x20, 0x8C, 0x82, 0xB5, 0x0C, 0xD8, 0xC1, 0x4F, 0x79,
    0x20, 0x61, 0xF0, 0x5F, 0x1F, 0xC2, 0x78, 0xF4, 0x9F, 0x05, 0xCC, 0x10, 0xF8, 0x9B, 0x0F, 0x91,
    0x3A, 0xF0, 0x9F, 0x1D, 0xC2, 0xF8, 0x35, 0x1F, 0xA2, 0x78, 0xC2, 0x7F, 0x6E, 0x08, 0xE3, 0xFB,
    0x7D, 0x88, 0xF6, 0x80, 0xFF, 0x72, 0x10, 0xC6, 0xE7, 0xFF, 0x4C, 0x60, 0x86, 0xFF, 0xBF, 0xF5,
    0x10, 0x93, 0xDF, 0xFF, 0xFF, 0xCF, 0x0A, 0x66, 0xFC, 0xEF, 0x07, 0x9A, 0x0F, 0x66, 0xB0, 0x7D,
    0x3B, 0x0F, 0x66, 0xD4, 0x33, 0x2C, 0xF8, 0xCF, 0x09, 0xB5, 0xFD, 0x6F, 0x3C, 0x94, 0x01, 0x36,
    0x00, 0xC4, 0x48, 0xF8, 0xCF, 0x03, 0x75, 0x18, 0xC8, 0x56, 0x30, 0xE3, 0x22, 0xD0, 0x28, 0x54,
    0xA7, 0x32, 0x7C, 0x3F, 0xCF, 0x00, 0x00, 0xC9, 0xFC, 0x42, 0xA6, 0x78, 0x9C, 0x6D, 0xCF, 0xCD,
    0x0D, 0x40, 0x50, 0x10, 0x04, 0xE0, 0x15, 0x11, 0x21, 0x0E, 0x3A, 0x50, 0x02, 0x1D, 0x28, 0x45,
    0x03, 0x12, 0x3A, 0xE1, 0xE2, 0x4C, 0x05, 0xA2, 0x03, 0x3A, 0xD0, 0x82, 0x0E, 0x44, 0x84, 0x3C,
    0x21, 0xD6, 0xCF, 0xAC, 0x9B, 0x39, 0x4C, 0xBE, 0xDB, 0x64, 0x88, 0xB6, 0x8C, 0x90, 0x8A, 0x0D,
    0xD1, 0xEE, 0x0B, 0xBA, 0x98, 0x7E, 0xA3, 0xC2, 0xA7, 0x07, 0xD6, 0x00, 0x25, 0x08, 0x58, 0xD0,
    0x7D, 0x58, 0x05, 0x2E, 0xD7, 0x40, 0xC3, 0x05, 0xB0, 0xB4, 0x39, 0x70, 0x7A, 0x40, 0xCE, 0x26,
    0x30, 0xF7, 0x04, 0x1C, 0x21, 0x90, 0xB2, 0x05, 0x4C, 0x23, 0x01, 0x7B, 0x04, 0x94, 0x6C, 0x03,
    0xF7, 0x8C, 0x20, 0x21, 0x81, 0xF3, 0x41, 0x17, 0xBC, 0x3F, 0x6F, 0x5C, 0xB7, 0xDB, 0x58, 0xEF,
    0x78, 0x9C, 0x4D, 0x4E, 0xDB, 0x0D, 0x82, 0x40, 0x10, 0x1C, 0x31, 0x82, 0x51, 0x43, 0xEC, 0x40,
    0x3A, 0x00, 0x2B, 0xD0, 0x4E, 0x28, 0x41, 0x4B, 0xB0, 0x03, 0xED, 0x40, 0x8B, 0xF0, 0x1F, 0x3B,
    0xA0, 0x84, 0xA3, 0x03, 0x35, 0x02, 0x51, 0x0F, 0x32, 0xEE, 0xDE, 0xF1, 0xE1, 0x7C, 0xEC, 0x4C,
    0xF6, 0x31, 0xB3, 0x00, 0x03, 0x74, 0x13, 0x08, 0xBA, 0x69, 0x26, 0x5A, 0x50, 0x1B, 0x7B, 0x56,
    0x46, 0x66, 0x4D, 0x88, 0x3F, 0x7C, 0x73, 0xAD, 0x0F, 0x06, 0xAF, 0x52, 0x45, 0x5B, 0xE0, 0xC6,
    0xB1, 0x5E, 0xE6, 0xD8, 0x72, 0x0E, 0x24, 0x8C, 0x81, 0x3E, 0x05, 0x4E, 0x8C, 0x64, 0x2C, 0x26,
    0x15, 0x47, 0xBE, 0x34, 0xEA, 0xB8, 0x97, 0xB6, 0xDD, 0x88, 0x58, 0x32, 0x4E, 0xB8, 0x50, 0x8F,
    0x77, 0x7E, 0xA0, 0x4B, 0x7F, 0x96, 0xD5, 0xDD, 0x85, 0x5C, 0xF8, 0x39, 0xFA, 0x74, 0x72, 0xE5,
    0x73, 0x2D, 0x67, 0x5E, 0xD4, 0x2E, 0x4E, 0x7F, 0x30, 0xC3, 0x4B, 0xED, 0x6E, 0x10, 0x7D, 0xEC,
    0x68, 0x7D, 0x65, 0x38, 0xAC, 0x16, 0x7E, 0xD0, 0x98, 0xC8, 0xF1, 0x0F, 0x81, 0x7F, 0x3F, 0x3B,
    0x78, 0x9C, 0xFB, 0x61, 0xCF, 0x00, 0x04, 0x13, 0xFE, 0x33, 0xFE, 0x18, 0xB4, 0x8C, 0x7C, 0x63,
    0x20, 0xD8, 0x0C, 0x64, 0xFC, 0x87, 0x00, 0x04, 0x03, 0xA8, 0xE0, 0xC3, 0x79, 0x06, 0x08, 0x20,
    0xC8, 0x00, 0x00, 0x46, 0xFF, 0x4E, 0x84, 0x78, 0x9C, 0x2D, 0xCE, 0xDD, 0x0D, 0xC2, 0x30, 0x10,
    0x03, 0x60, 0x17, 0x14, 0x7E, 0x54, 0x15, 0xB1, 0x01, 0xEC, 0x90, 0x01, 0x52, 0x89, 0x01, 0x60,
    0x83, 0x76, 0x13, 0xD8, 0x24, 0xDD, 0xA4, 0xDD, 0x04, 0x36, 0x88, 0x02, 0x28, 0x05, 0x14, 0xF5,
    0xB8, 0x5C, 0xE3, 0xA7, 0xEF, 0xC5, 0xB2, 0x01, 0x60, 0xAA, 0x30, 0xA7, 0x26, 0x93, 0xD5, 0x91,
    0xCD, 0xF2, 0xCE, 0x65, 0x05, 0x43, 0x6A, 0x56, 0x2C, 0x63, 0x29, 0x38, 0x92, 0x0A, 0x07, 0xD1,
    0xCD, 0xC1, 0x5F, 0x45, 0x0F, 0x8B, 0xEE, 0x2E, 0x7A, 0x1B, 0x5C, 0x68, 0x99, 0xF4, 0xE3, 0x85,
    0x69, 0xCB, 0xD8, 0xD3, 0x06, 0xF8, 0xEE, 0x58, 0x2D, 0x2D, 0x80, 0x57, 0xC3, 0x1A, 0x28, 0xA5,
    0x67, 0x3D, 0x45, 0x54, 0x00, 0x9F, 0xB3, 0xD6, 0xFA, 0x44, 0x6B, 0xAE, 0xC9, 0x52, 0xAC, 0xF8,
    0xDC, 0x2A, 0x69, 0x34, 0x7C, 0xAE, 0x90, 0x67, 0x16, 0xBE, 0x97, 0xA1, 0xC1, 0x21, 0x34, 0xA2,
    0x96, 0xD4, 0x1F, 0xEB, 0x30, 0x3B, 0xBD, 0x78, 0x9C, 0xFB, 0xFD, 0x1F, 0x04, 0xF8, 0x19, 0x7E,
    0xC3, 0x68, 0x7F, 0x63, 0x20, 0x60, 0x66, 0xF8, 0xCD, 0xCF, 0x00, 0x06, 0x44, 0xD3, 0x40, 0xDD,
    0xEF, 0xA3, 0x18, 0xA0, 0xE6, 0xE8, 0x82, 0xCD, 0x29, 0xF9, 0x7B, 0x1F, 0x22, 0x3F, 0xE1, 0x3F,
    0x07, 0x44, 0xDD, 0x7F, 0x5E, 0x08, 0xFD, 0x87, 0x1F, 0x85, 0x16, 0xF8, 0xCF, 0x03, 0xA6, 0x17,
    0xFC, 0x67, 0xFF, 0x6D, 0x6F, 0x6C, 0x9C, 0xF2, 0xE7, 0x3E, 0xD4, 0x1C, 0x19, 0xB8, 0xB9, 0x00,
    0x60, 0x98, 0x40, 0xAC, 0x78, 0x9C, 0xFB, 0xF9, 0xFF, 0xFF, 0xFF, 0x73, 0xE2, 0x0C, 0x0C, 0x3F,
    0x81, 0xF4, 0xFF, 0xF7, 0x2C, 0x0C, 0x3F, 0xE3, 0x8D, 0x9D, 0x97, 0xFE, 0x97, 0x67, 0xF8, 0x29,
    0xCF, 0xC0, 0xC0, 0xF0, 0xA3, 0x1F, 0x42, 0x7F, 0x38, 0x0F, 0xA1, 0x1F, 0xDC, 0x87, 0xF2, 0xF7,
    0x43, 0xE8, 0xEF, 0xF9, 0x60, 0x7A, 0xF2, 0x7F, 0x1E, 0x88, 0xFE, 0xF9, 0x50, 0x73, 0xF6, 0x33,
    0x31, 0xFC, 0xF4, 0x37, 0x36, 0x6E, 0xF9, 0x6F, 0x07, 0x51, 0xF7, 0x09, 0xAA, 0x7F, 0xC2, 0x7F,
    0x66, 0x30, 0x9D, 0xF0, 0x9F, 0x15, 0x4C, 0x07, 0x40, 0x69, 0x98, 0xF8, 0xE7, 0xF7, 0x60, 0x7D,
    0x53, 0xFF, 0xE7, 0x43, 0xCC, 0xF9, 0xCF, 0x0E, 0xA6, 0xCF, 0x6B, 0x30, 0x30, 0x00, 0x00, 0x52,
    0x32, 0x4B, 0xFE, 0x78, 0x9C, 0xFB, 0xF1, 0x1F, 0x04, 0xEC, 0x7F, 0x40, 0xA9, 0x7C, 0x63, 0x20,
    0x60, 0xFE, 0x61, 0xCF, 0x00, 0x02, 0x03, 0x44, 0x01, 0x00, 0x9F, 0x0E, 0x24, 0x79, 0x78, 0x9C,
    0x63, 0x60, 0x10, 0xF8, 0x0F, 0x06, 0x2C, 0x0C, 0x0C, 0xC8, 0x4C, 0x85, 0xFF, 0x56, 0xC6, 0xC6,
    0x93, 0xC1, 0x4C, 0x83, 0xFF, 0x1C, 0x0C, 0x0C, 0x05, 0x60, 0xA6, 0xC3, 0x7F, 0x76, 0x18, 0x33,
    0xE0, 0x3F, 0x1B, 0x8C, 0x99, 0xF0, 0x9F, 0x15, 0xC1, 0x64, 0x81, 0x31, 0x0B, 0x10, 0xCC, 0x09,
    0xFF, 0x99, 0x60, 0xCC, 0x05, 0xFF, 0x19, 0x61, 0xCC, 0x03, 0xFF, 0x61, 0xAA, 0x18, 0x3E, 0x9C,
    0x87, 0x33, 0x3F, 0xCF, 0x87, 0x33, 0xBF, 0xC7, 0xC3, 0x99, 0x7F, 0xF8, 0x61, 0x4C, 0x83, 0xFF,
    0x5C, 0x30, 0xE6, 0x86, 0xFF, 0xCC, 0x50, 0xA6, 0xE1, 0xF7, 0xF3, 0xC6, 0xC6, 0x20, 0xF7, 0x9A,
    0x33, 0x7F, 0xF9, 0x0F, 0x03, 0xFC, 0xC8, 0xCC, 0x7A, 0x06, 0x08, 0xF8, 0x43, 0x0A, 0x93, 0x0F,
    0x00, 0x52, 0x41, 0x5F, 0xC0, 0x78, 0x9C, 0xFB, 0xF9, 0x1F, 0x04, 0xE2, 0x7F, 0x42, 0xA9, 0x78,
    0x63, 0x20, 0x10, 0xFE, 0x29, 0xCF, 0x00, 0x02, 0xC4, 0x50, 0x60, 0x7D, 0x70, 0xCA, 0x1F, 0xA4,
    0x9D, 0x28, 0x7D, 0x50, 0xCA, 0x1F, 0x62, 0x1F, 0x58, 0x7B, 0x3D, 0x94, 0x02, 0x00, 0xC6, 0x90,
    0x39, 0x07, 0x78, 0x9C, 0x35, 0xD0, 0xC1, 0x0D, 0x82, 0x40, 0x10, 0x05, 0xD0, 0x8F, 0x31, 0x21,
    0x6A, 0x4C, 0xE8, 0x00, 0x4A, 0xA0, 0x03, 0x2F, 0x1E, 0x4D, 0x96, 0x0E, 0xB4, 0x03, 0x4B, 0xC0,
    0x0E, 0xB4, 0x13, 0x28, 0x81, 0x0E, 0xB4, 0x03, 0x35, 0xF1, 0x4E, 0x82, 0x51, 0x24, 0x18, 0xC6,
    0x3F, 0xC3, 0x3A, 0x87, 0x0D, 0x6F, 0x33, 0xEC, 0xDF, 0xD9, 0x52, 0x42, 0x00, 0x32, 0xE7, 0x32,
    0x38, 0x24, 0x12, 0x7B, 0x1D, 0x64, 0x06, 0xB4, 0x85, 0x57, 0x53, 0xF3, 0xA3, 0x92, 0xE9, 0xA8,
    0xDE, 0x51, 0x89, 0x2C, 0x4D, 0x99, 0xFD, 0x8B, 0x36, 0x37, 0xDD, 0xEA, 0x00, 0xD6, 0x3A, 0x51,
    0x75, 0x5B, 0x05, 0x52, 0x59, 0x50, 0xE9, 0xD8, 0x08, 0x7C, 0x1C, 0x55, 0x8D, 0x8D, 0xC0, 0x45,
    0xB4, 0xF6, 0x23, 0xD0, 0x98, 0x0A, 0xAF, 0xFE, 0xB8, 0x96, 0xCD, 0x43, 0x63, 0x59, 0x19, 0x03,
    0x65, 0xBE, 0xD3, 0x58, 0xD6, 0x9D, 0xBB, 0x3C, 0xF0, 0x9B, 0x9B, 0xBA, 0xC2, 0xD2, 0x9F, 0x8C,
    0xD5, 0xB8, 0xD8, 0x74, 0x62, 0xAC, 0x9E, 0x1F, 0x9A, 0xA2, 0x41, 0x2F, 0xD3, 0x5E, 0xFD, 0x44,
    0x6F, 0x4E, 0x14, 0x89, 0xF3, 0xAA, 0x38, 0x6D, 0x69, 0xF7, 0xD3, 0x25, 0x91, 0x15, 0x5E, 0x12,
    0xFC, 0xDF, 0xA5, 0x3B, 0xE3, 0x07, 0xB6, 0x4D, 0x5C, 0xC7, 0x78, 0x9C, 0x63, 0x10, 0x38, 0xFE,
    0xEF, 0x9C, 0x25, 0x03, 0x03, 0xC3, 0xB7, 0xFF, 0x40, 0xC0, 0xC5, 0x90, 0xF0, 0x7F, 0xBD, 0xEB,
    0xD4, 0xFF, 0xEB, 0x19, 0x3E, 0xBE, 0x67, 0x66, 0x60, 0xB8, 0xF8, 0x9F, 0xE5, 0x5B, 0x3E, 0x50,
    0xCE, 0xE1, 0x3F, 0xC7, 0x56, 0x6D, 0x20, 0xCD, 0x00, 0x54, 0x00, 0x02, 0x0A, 0xFF, 0x39, 0xC0,
    0xF4, 0x84, 0xFF, 0xCC, 0x20, 0xCA, 0xF1, 0x77, 0x3F, 0x90, 0x3C, 0xF0, 0xFF, 0xFF, 0x7B, 0x36,
    0x08, 0x7D, 0x1F, 0x44, 0x2B, 0x18, 0x97, 0xFC, 0x59, 0xCF, 0x00, 0x55, 0xC7, 0x06, 0x61, 0xFC,
    0xE7, 0x81, 0xD0, 0x7F, 0xF8, 0xFF, 0xF0, 0x41, 0xE8, 0x5F, 0xF6, 0x40, 0x4A, 0xE0, 0x3F, 0xCF,
    0x97, 0xFB, 0x8C, 0x20, 0xAD, 0x6C, 0x0B, 0xFE, 0xF7, 0x99, 0xB4, 0xFC, 0xDB, 0xCF, 0xC0, 0xF0,
    0x13, 0xE2, 0x1E, 0x06, 0x85, 0x13, 0x60, 0xF7, 0x01, 0x00, 0xB1, 0xCD, 0x3B, 0x42, 0x78, 0x9C,
    0xFB, 0x61, 0xCF, 0x00, 0x04, 0x0F, 0xFE, 0x33, 0xFE, 0x00, 0x33, 0x7E, 0x40, 0x19, 0x06, 0xFF,
    0xA1, 0x8C, 0x03, 0x30, 0xC6, 0x37, 0x28, 0x43, 0xE0, 0xFF, 0x3A, 0x08, 0x63, 0xC3, 0xFF, 0xA9,
    0x10, 0xC6, 0xD7, 0xFD, 0x13, 0x20, 0x8C, 0x7F, 0xF2, 0x10, 0xC6, 0x84, 0xFF, 0xEC, 0x10, 0xC6,
    0xE7, 0xF3, 0x0C, 0x10, 0xC6, 0x1F, 0x7B, 0x08, 0xA3, 0xE0, 0x3F, 0x27, 0x84, 0xF1, 0xF1, 0x3D,
    0x03, 0x84, 0xF1, 0x3B, 0x1E, 0xC2, 0x98, 0xFF, 0x9F, 0x0B, 0xC2, 0x00, 0x5A, 0x03, 0x65, 0xE4,
    0x33, 0x40, 0x19, 0x3C, 0x30, 0x06, 0x33, 0x94, 0xD1, 0xCF, 0x00, 0x61, 0x00, 0x00, 0xCF, 0xDD,
    0x53, 0x6D, 0x78, 0x9C, 0x63, 0x60, 0xF8, 0xCB, 0xCA, 0xF0, 0x93, 0x93, 0x01, 0x08, 0x7E, 0x72,
    0x0B, 0xFC, 0x63, 0x05, 0x31, 0x1E, 0xDE, 0x7F, 0x7D, 0x1E, 0x44, 0x33, 0x08, 0xBC, 0xBA, 0xCF,
    0xC1, 0x80, 0x04, 0x7E, 0xD8, 0x83, 0xC8, 0x07, 0xFF, 0x19, 0x21, 0x8C, 0x1F, 0x50, 0x86, 0xC1,
    0x7F, 0x28, 0xE3, 0x00, 0x8C, 0xF1, 0x0D, 0xCA, 0x10, 0xF8, 0xBF, 0x0E, 0xC2, 0xD8, 0xF0, 0x7F,
    0x2A, 0x84, 0xF1, 0x75, 0xFF, 0x04, 0x08, 0xE3, 0x9F, 0x3C, 0x84, 0x31, 0xE1, 0x3F, 0x3B, 0x84,
    0xF1, 0xF9, 0x3C, 0x03, 0x84, 0xF1, 0xC7, 0x1E, 0xC2, 0x28, 0xF8, 0xCF, 0x09, 0x61, 0x7C, 0x7C,
    0xCF, 0x00, 0x61, 0xFC, 0x8E, 0x87, 0x30, 0xE6, 0xFF, 0xE7, 0x82, 0x30, 0x80, 0xD6, 0x40, 0x19,
    0xF9, 0x0C, 0x50, 0x06, 0x0F, 0x8C, 0xC1, 0x0C, 0x65, 0xF4, 0x33, 0x40, 0x18, 0x00, 0xD1, 0x25,
    0x5C, 0xE3, 0x78, 0x9C, 0x3D, 0xCD, 0xC1, 0x0D, 0x40, 0x50, 0x10, 0x04, 0xD0, 0x25, 0x21, 0x84,
    0x83, 0x4E, 0xE8, 0x80, 0x83, 0xBB, 0x52, 0x94, 0x40, 0x07, 0x4A, 0xA0, 0x04, 0x1D, 0x89, 0x0A,
    0x1C, 0x88, 0xBD, 0x88, 0xF1, 0xFF, 0x1F, 0xEC, 0x61, 0xF3, 0x0E, 0xB3, 0xB3, 0x5A, 0x8A, 0x99,
    0x6B, 0x10, 0xB5, 0x98, 0x90, 0x10, 0xE7, 0xE6, 0x39, 0x14, 0x30, 0xCB, 0x62, 0x45, 0x48, 0x5C,
    0xA3, 0x38, 0x4C, 0x48, 0x09, 0x35, 0x51, 0x8B, 0x0A, 0xAE, 0x4A, 0x01, 0x1B, 0x25, 0x22, 0x87,
    0xAE, 0xBE, 0x1B, 0x61, 0xF8, 0x78, 0xC3, 0xD2, 0x7F, 0xE7, 0x7F, 0xA1, 0x79, 0x11, 0x10, 0x15,
    0x72, 0x42, 0x74, 0x79, 0x31, 0x23, 0x26, 0xB2, 0xBB, 0x25, 0x64, 0x87, 0xFF, 0x00, 0xC5, 0x57,
    0x3F, 0x40, 0x78, 0x9C, 0x63, 0x60, 0xD8, 0xF0, 0x1F, 0x0C, 0x18, 0x18, 0x0E, 0xC0, 0x18, 0x17,
    0xDE, 0x1B, 0x1B, 0x1B, 0x1F, 0x06, 0x31, 0xEE, 0x33, 0x30, 0x00, 0xE5, 0x19, 0x18, 0x1E, 0x9C,
    0x87, 0x32, 0x3E, 0xEC, 0x87, 0x31, 0xD6, 0xA3, 0x33, 0x3E, 0xCE, 0x87, 0x31, 0xFA, 0xA1, 0x8C,
    0x4F, 0x30, 0xC6, 0xE7, 0x7A, 0x28, 0xE3, 0x4B, 0x3C, 0x94, 0xF1, 0xCD, 0x1F, 0xCA, 0xF8, 0xA1,
    0x0F, 0x65, 0xFC, 0xE6, 0x87, 0x32, 0xFE, 0x73, 0x43, 0x18, 0x0D, 0xFF, 0xD9, 0xC0, 0x8C, 0xC0,
    0x9F, 0xEF, 0x19, 0xC0, 0x8C, 0xAF, 0xFF, 0xFD, 0xA1, 0x8C, 0xB5, 0x4C, 0x10, 0x06, 0x00, 0x4A,
    0xD4, 0x4B, 0x93, 0x78, 0x9C, 0x35, 0xCB, 0xD1, 0x09, 0xC2, 0x30, 0x14, 0x85, 0xE1, 0x2B, 0x88,
    0x42, 0xC0, 0x38, 0x42, 0x9C, 0x40, 0xDC, 0xC0, 0x11, 0x74, 0x04, 0x37, 0xE9, 0x0A, 0x99, 0x40,
    0x47, 0xD0, 0x11, 0xBA, 0x49, 0x37, 0x90, 0xA2, 0x50, 0x7A, 0x6B, 0xDA, 0xE3, 0xB9, 0x49, 0xFB,
    0x3F, 0x7D, 0x2F, 0xBF, 0x62, 0x25, 0x56, 0x0D, 0xAF, 0xD8, 0x66, 0x7E, 0x8D, 0x3E, 0x53, 0x8D,
    0x97, 0x4C, 0x90, 0xEF, 0xA7, 0xE9, 0x86, 0xD1, 0xEB, 0x3D, 0x7F, 0x75, 0xA3, 0x5E, 0x8F, 0xF9,
    0xFB, 0x54, 0x83, 0xD7, 0x7D, 0xDA, 0xD9, 0x15, 0x8C, 0xDD, 0x99, 0x9C, 0x9C, 0xB1, 0xE5, 0x77,
    0xC5, 0xFA, 0x47, 0x46, 0x7E, 0xAF, 0x46, 0xC8, 0x70, 0xC0, 0x86, 0x97, 0x24, 0x52, 0xF8, 0xF5,
    0xA1, 0x90, 0xDF, 0xE4, 0x64, 0x34, 0xB6, 0x0F, 0x5E, 0x85, 0x11, 0xBC, 0x0A, 0x4F, 0xE8, 0xAB,
    0x99, 0x92, 0x10, 0x16, 0x76, 0x70, 0x0B, 0x5B, 0x5E, 0x33, 0x23, 0x2F, 0xF2, 0x0F, 0xE0, 0xA0,
    0x5E, 0x29, 0x78, 0x9C, 0xFB, 0x29, 0xCF, 0x00, 0x04, 0x0D, 0xFF, 0x99, 0x7F, 0x52, 0x8B, 0xF1,
    0x1F, 0x02, 0x90, 0x18, 0xFE, 0xC6, 0x40, 0x30, 0x99, 0x8A, 0x56, 0xC0, 0x18, 0x00, 0xD9, 0xB2,
    0x42, 0x68, 0x78, 0x9C, 0x63, 0x60, 0x70, 0xB8, 0xF5, 0x7F, 0x2E, 0x33, 0x03, 0x03, 0x83, 0xC0,
    0xEF, 0xFF, 0xFF, 0xFF, 0xAF, 0x07, 0x32, 0x2E, 0xFC, 0xEF, 0x4B, 0x7B, 0xF9, 0x9F, 0x87, 0x81,
    0xE1, 0x17, 0x88, 0xF7, 0x6B, 0x3E, 0x83, 0x01, 0x88, 0xC3, 0x70, 0xE0, 0x3F, 0xD3, 0x84, 0xFF,
    0x20, 0x85, 0x06, 0xFF, 0x39, 0x1E, 0xDC, 0x67, 0x00, 0x81, 0x7F, 0xBC, 0x9F, 0xE6, 0x83, 0x19,
    0xBF, 0xF8, 0xBF, 0xD4, 0x83, 0x19, 0x3F, 0xF4, 0xBF, 0xE6, 0x83, 0x19, 0xDF, 0xED, 0x61, 0x0C,
    0xFF, 0x2F, 0x30, 0x91, 0xCF, 0x30, 0x35, 0x1F, 0x61, 0xBA, 0xE0, 0xE6, 0xC0, 0x4C, 0xE6, 0x84,
    0xDB, 0xC5, 0xF0, 0x13, 0x6A, 0x3B, 0x90, 0xD3, 0x17, 0xFA, 0xE2, 0x3F, 0x2F, 0x88, 0x07, 0x74,
    0xE1, 0x7E, 0x46, 0x20, 0x03, 0xE8, 0xE6, 0xB5, 0x2C, 0x0C, 0x0C, 0x00, 0xAB, 0xB4, 0x42, 0x24,
    0x78, 0x9C, 0xFB, 0xFE, 0x1F, 0x02, 0x98, 0xBE, 0xC3, 0x19, 0xF9, 0xC6, 0x40, 0xB0, 0x19, 0xC8,
    0xB0, 0x67, 0x00, 0x82, 0x09, 0x83, 0x98, 0x01, 0x00, 0xBD, 0x0D, 0x45, 0xC9, 0x78, 0x9C, 0xFB,
    0xF9, 0xFF, 0xFF, 0xFF, 0xF7, 0x51, 0x0C, 0x0C, 0x3F, 0xFF, 0x83, 0x80, 0x0C, 0xC3, 0xCF, 0x78,
    0x63, 0xE3, 0x92, 0xBF, 0xF7, 0x19, 0x7E, 0xCA, 0x33, 0x30, 0x30, 0x2C, 0xF8, 0xCF, 0x01, 0xA6,
    0x19, 0xFE, 0xF1, 0x41, 0xE8, 0x5F, 0xF2, 0x10, 0xFA, 0x87, 0x3D, 0x84, 0xFE, 0xA9, 0x0F, 0xA1,
    0xFF, 0xF0, 0x83, 0xE9, 0x80, 0xFF, 0xDC, 0x20, 0x5A, 0xE1, 0xC7, 0x7F, 0x66, 0x88, 0x79, 0xF1,
    0x10, 0x73, 0xE7, 0x31, 0x31, 0xFC, 0xF4, 0x37, 0x36, 0x16, 0x06, 0xE9, 0x00, 0xAB, 0x27, 0x9D,
    0x06, 0x00, 0xC8, 0x46, 0x38, 0x19, 0x78, 0x9C, 0x63, 0x60, 0x70, 0xB8, 0xF5, 0x7F, 0x2D, 0x0B,
    0x03, 0x03, 0x83, 0xC0, 0xEF, 0xFF, 0xFF, 0xFF, 0xEF, 0x67, 0x64, 0x60, 0xB8, 0xF8, 0xBF, 0xD6,
    0xE5, 0xD8, 0x7F, 0x1E, 0x06, 0x86, 0xDF, 0xFD, 0x40, 0xE1, 0x9F, 0xFD, 0x0C, 0x0E, 0xFF, 0xB9,
    0x80, 0x8C, 0x0B, 0xFF, 0x19, 0x36, 0xFC, 0x67, 0x02, 0x32, 0x0A, 0xFE, 0xB3, 0x7C, 0x38, 0x0F,
    0xA4, 0x19, 0x0C, 0xDE, 0xB1, 0x7D, 0x9A, 0xCF, 0x00, 0x01, 0x5F, 0xEA, 0x61, 0x8C, 0x7C, 0x28,
    0xE3, 0x6B, 0x3E, 0xBA, 0xC8, 0x67, 0x98, 0x1A, 0xB8, 0x2E, 0xA8, 0x39, 0x77, 0xD9, 0x36, 0xFC,
    0x67, 0x84, 0x98, 0x0C, 0xB7, 0x8B, 0xE1, 0x37, 0x48, 0xF5, 0x4F, 0x20, 0xF1, 0xF0, 0x7F, 0xB6,
    0x33, 0xD8, 0x3D, 0x02, 0x7F, 0x80, 0x2E, 0x5C, 0x0F, 0xD2, 0x11, 0xF0, 0xEA, 0xFF, 0x5C, 0x66,
    0x06, 0x06, 0x00, 0xE2, 0x9F, 0x3A, 0x46, 0x78, 0x9C, 0xFB, 0xFA, 0x1F, 0x02, 0xB8, 0xBE, 0xC2,
    0x18, 0x86, 0xC6, 0xC6, 0x87, 0xFF, 0x1B, 0x1B, 0x1B, 0x33, 0x31, 0x30, 0x30, 0x6C, 0xF8, 0xCF,
    0x00, 0x01, 0x83, 0x93, 0x01, 0x00, 0xE6, 0xC4, 0x31, 0x33, 0x78, 0x9C, 0xFB, 0x15, 0xCF, 0x00,
    0x04, 0x1F, 0xFE, 0x33, 0x7D, 0x3E, 0x0F, 0x62, 0x7C, 0xDB, 0xCF, 0x70, 0xE0, 0x3F, 0x33, 0x90,
    0xF1, 0x27, 0x9E, 0xC1, 0xE1, 0x3F, 0x37, 0x03, 0x83, 0xC2, 0x7F, 0x3E, 0x06, 0x86, 0xBF, 0xFA,
    0x0C, 0x0C, 0x13, 0xFE, 0xB3, 0x03, 0xA5, 0xE7, 0x33, 0x30, 0x3C, 0xF8, 0xCF, 0x08, 0x21, 0xBE,
    0x02, 0x39, 0x0C, 0x05, 0x40, 0xE1, 0xDF, 0xF6, 0x40, 0x86, 0xC0, 0x7F, 0x3E, 0x85, 0xFF, 0x3C,
    0x20, 0x33, 0x7E, 0xC4, 0x37, 0xFC, 0x67, 0x05, 0x31, 0x3E, 0x9E, 0x7F, 0xF0, 0x1E, 0x44, 0x33,
    0x2C, 0xF8, 0xFF, 0xB3, 0x1F, 0xCC, 0x30, 0xF8, 0xFF, 0x5F, 0x1E, 0xCC, 0x60, 0xF8, 0xFD, 0x9F,
    0x0B, 0xC2, 0xF8, 0x02, 0xB6, 0x0E, 0xE4, 0x86, 0xFB, 0x10, 0x9A, 0xE1, 0x5B, 0x3E, 0x94, 0xF1,
    0x97, 0x0F, 0x4C, 0x19, 0x6E, 0xF9, 0xCF, 0x06, 0x55, 0xBA, 0x1F, 0x22, 0xF1, 0xF5, 0x3E, 0x3B,
    0x98, 0x06, 0x00, 0x4C, 0xE5, 0x35, 0x87, 0x78, 0x9C, 0x63, 0x60, 0x60, 0x60, 0xF8, 0x38, 0x9F,
    0x01, 0x06, 0xB0, 0x31, 0x0B, 0xDF, 0xFC, 0xFF, 0x7F, 0xDF, 0x0B, 0xC4, 0x4A, 0xF8, 0x0F, 0x06,
    0x3A, 0x40, 0xE6, 0xAF, 0xFB, 0xE6, 0x9F, 0xD7, 0x07, 0xFF, 0xFC, 0xCF, 0xCC, 0x50, 0xF0, 0x9F,
    0x13, 0xA4, 0xD6, 0xE0, 0x9F, 0x2C, 0xC3, 0xC7, 0xFD, 0x10, 0x6D, 0x9F, 0xFB, 0x19, 0xBE, 0xDB,
    0x43, 0x98, 0x1B, 0xDE, 0x33, 0xFC, 0xE2, 0x83, 0x30, 0x13, 0xFE, 0x33, 0xFF, 0xE1, 0x85, 0x30,
    0x03, 0xFE, 0xB3, 0x22, 0x98, 0x2C, 0xBF, 0xA1, 0x0A, 0x0A, 0xFE, 0x33, 0x23, 0x69, 0x43, 0x32,
    0x0C, 0xC9, 0x0A, 0xA8, 0xC5, 0xBF, 0x80, 0x16, 0x03, 0x85, 0xE1, 0xCE, 0x61, 0x68, 0x84, 0x3B,
    0x92, 0x90, 0x87, 0x00, 0x26, 0x78, 0x56, 0x68, 0x78, 0x9C, 0xDB, 0xF0, 0x9F, 0x9D, 0x81, 0x81,
    0xC1, 0xE0, 0x3F, 0x9F, 0xC2, 0x7F, 0x79, 0x20, 0xE3, 0xC2, 0x7F, 0x56, 0x86, 0xEF, 0xFB, 0x81,
    0x0C, 0x10, 0x01, 0xE2, 0x80, 0x85, 0x81, 0xD2, 0x0C, 0x1B, 0xC0, 0x0A, 0x7F, 0xF6, 0x33, 0x7C,
    0x3D, 0x0F, 0xA4, 0x19, 0x1E, 0xFE, 0x67, 0xFA, 0x67, 0x0F, 0x62, 0x04, 0xFC, 0xEF, 0xF9, 0xCF,
    0x09, 0x62, 0x30, 0xFC, 0xFE, 0xFF, 0x1E, 0x4C, 0x33, 0x7C, 0xFA, 0x1F, 0x0F, 0x61, 0x2C, 0x00,
    0xEA, 0x03, 0x83, 0xCF, 0xFF, 0xF3, 0x21, 0x8C, 0x3F, 0xFF, 0xFF, 0x33, 0x82, 0xE8, 0x82, 0xFF,
    0xD5, 0xFF, 0xB9, 0x21, 0x6A, 0x19, 0xFF, 0x82, 0x55, 0xFF, 0xAE, 0x67, 0xF8, 0xFC, 0x1E, 0x6C,
    0x1E, 0x0F, 0xC3, 0x04, 0x90, 0x89, 0x0F, 0xFF, 0x33, 0x33, 0x08, 0x80, 0xEC, 0xF8, 0x39, 0x1F,
    0x28, 0xFC, 0xF5, 0x3E, 0xD8, 0x15, 0x0C, 0x20, 0x77, 0x80, 0xDC, 0xC5, 0x00, 0x74, 0x99, 0x3E,
    0x00, 0x0F, 0x6D, 0x3E, 0x49, 0x78, 0x9C, 0xFB, 0x61, 0xCF, 0x00, 0x04, 0x0B, 0xFE, 0x33, 0x32,
    0xFC, 0x18, 0x3A, 0xAC, 0x7C, 0x63, 0x20, 0xD8, 0xFC, 0xDF, 0x95, 0xF1, 0xC7, 0x7F, 0x28, 0x60,
    0x46, 0xB0, 0x18, 0x20, 0xA0, 0xE0, 0x3F, 0x13, 0x16, 0x16, 0x23, 0x16, 0x16, 0x03, 0x00, 0x4F,
    0xC3, 0x50, 0x61, 0x78, 0x9C, 0xFB, 0xC7, 0xCB, 0x00, 0x04, 0xDF, 0xE2, 0xFF, 0x11, 0x49, 0xFF,
    0x85, 0xD1, 0x7C, 0x10, 0xFA, 0xB7, 0x3C, 0x84, 0xFE, 0x5E, 0x0F, 0xA1, 0x1F, 0xFE, 0xD7, 0x60,
    0x50, 0x6C, 0xFD, 0x1B, 0xEF, 0xF0, 0x1F, 0x0C, 0xE2, 0x19, 0x26, 0xFD, 0xFB, 0xFF, 0xFF, 0xFC,
    0xEF, 0x78, 0x06, 0x06, 0x01, 0x63, 0x61, 0xA0, 0x3C, 0x03, 0x03, 0x44, 0x1D, 0xA9, 0x34, 0x00,
    0x3F, 0x34, 0x33, 0x92, 0x78, 0x9C, 0xFB, 0x61, 0xCF, 0xC0, 0xC0, 0xF0, 0x9B, 0x1F, 0x48, 0xFC,
    0xE3, 0xF9, 0x31, 0x9C, 0xD8, 0xF9, 0xC6, 0xC6, 0xC6, 0x7F, 0xEC, 0x81, 0xC4, 0x7F, 0x9E, 0x1F,
    0xFF, 0xE1, 0x00, 0x85, 0x0D, 0x00, 0x53, 0x35, 0x56, 0x1A, 0x78, 0x9C, 0xFB, 0x61, 0xCF, 0xC0,
    0xC0, 0xF0, 0x9B, 0x1F, 0x48, 0xFC, 0xE3, 0x61, 0xF8, 0x31, 0xAC, 0x39, 0xF9, 0xC6, 0xC6, 0xC6,
    0x7F, 0xEC, 0x81, 0xC4, 0x7F, 0x5D, 0xC6, 0x1F, 0xFF, 0x11, 0x80, 0x17, 0x85, 0xC3, 0x80, 0x00,
    0xBF, 0x79, 0x90, 0x39, 0xDC, 0x38, 0x39, 0x5C, 0x28, 0x1C, 0x00, 0x74, 0x56, 0x5D, 0x59, 0x78,
    0x9C, 0xFB, 0xF3, 0xFF, 0xFF, 0x7F, 0x1E, 0x06, 0x30, 0xF8, 0x83, 0x60, 0x2A, 0x2A, 0x29, 0xC1,
    0x98, 0x40, 0x40, 0x05, 0x26, 0x10, 0xDC, 0xF7, 0x84, 0x33, 0xFF, 0xFF, 0xE7, 0x02, 0x33, 0x6D,
    0x8D, 0x8D, 0x5B, 0xFF, 0xAF, 0x87, 0xAB, 0xBD, 0xF8, 0x9F, 0x19, 0xC6, 0x74, 0xF8, 0xCF, 0x01,
    0x37, 0xE1, 0x3F, 0x37, 0x82, 0xC9, 0x85, 0x45, 0x01, 0x54, 0x1B, 0xD0, 0xB0, 0x92, 0x7F, 0xF3,
    0x11, 0x56, 0x70, 0xC2, 0x2D, 0xB6, 0x64, 0x60, 0x00, 0x00, 0xB4, 0x1D, 0x3C, 0x0D, 0x78, 0x9C,
    0xFB, 0x6E, 0xCF, 0x00, 0x06, 0x0E, 0xFF, 0xD9, 0xBF, 0xD3, 0x8A, 0xF9, 0xFF, 0xFF, 0xFF, 0xF7,
    0xD5, 0x70, 0xE6, 0xFF, 0xFF, 0x7E, 0x60, 0x66, 0xBE, 0xB1, 0x71, 0xCA, 0xEF, 0xFF, 0xCC, 0x30,
    0xB5, 0x09, 0xFF, 0xB9, 0xE1, 0xDA, 0xFE, 0xF0, 0xC3, 0x99, 0x3F, 0xF4, 0xE1, 0xCC, 0x9F, 0x08,
    0xE6, 0x5F, 0xB8, 0x82, 0x82, 0xFF, 0x5C, 0x50, 0xC3, 0x82, 0x7F, 0xFF, 0x67, 0x82, 0x5B, 0x61,
    0x07, 0xB7, 0x38, 0x1B, 0x6C, 0x31, 0x00, 0x09, 0x6F, 0x53, 0x96, 0x78, 0x9C, 0xFB, 0xCD, 0xCF,
    0x00, 0x06, 0xBF, 0x29, 0xA5, 0xFF, 0xFF, 0xFF, 0xFF, 0x3E, 0x0A, 0x42, 0xFF, 0xFF, 0xAF, 0xCB,
    0xF0, 0xDB, 0xDF, 0xD8, 0xB8, 0xE4, 0xEF, 0x7D, 0x88, 0xFC, 0x84, 0xFF, 0x1C, 0x10, 0x75, 0xFF,
    0x79, 0x21, 0xF4, 0x1F, 0x7E, 0x14, 0x5A, 0xE0, 0x3F, 0x0F, 0x98, 0x5E, 0xF0, 0x9F, 0xFD, 0xB7,
    0xBD, 0xB1, 0x71, 0xCA, 0x9F, 0xFB, 0x50, 0x73, 0x64, 0xE0, 0xE6, 0x02, 0x00, 0x7F, 0x43, 0x35,
    0xA7, 0x78, 0x9C, 0x63, 0x60, 0xD8, 0xF6, 0xEF, 0xBC, 0x06, 0x03, 0x03, 0xC3, 0xE3, 0xFF, 0x40,
    0xC0, 0xCE, 0x60, 0xF0, 0x7F, 0xBD, 0x6B, 0xEB, 0xBF, 0x7E, 0x86, 0x0B, 0xFF, 0x59, 0x18, 0x18,
    0x0E, 0xFE, 0x67, 0xF9, 0xDA, 0x0F, 0x94, 0x13, 0xF8, 0xC7, 0xF7, 0x4B, 0x1F, 0x48, 0x33, 0x7C,
    0x8B, 0x7F, 0xC3, 0x0B, 0xA2, 0x3F, 0xCE, 0x67, 0x00, 0x83, 0x07, 0xE7, 0x21, 0xF4, 0x85, 0xF7,
    0x40, 0x36, 0xC8, 0x80, 0xFF, 0x08, 0xDA, 0xC0, 0xD8, 0xD8, 0xF8, 0xF2, 0x7F, 0x84, 0x3C, 0x08,
    0x7C, 0x38, 0x7F, 0x9B, 0x1B, 0x44, 0x7F, 0x9E, 0xFF, 0x4B, 0x1E, 0x44, 0xFF, 0x88, 0x87, 0x98,
    0xFF, 0x9F, 0xEF, 0xC2, 0x7F, 0x66, 0x06, 0x86, 0x8B, 0xFF, 0x59, 0x81, 0xF6, 0x9B, 0xB6, 0xFC,
    0x03, 0x1A, 0x7F, 0x19, 0x64, 0x0A, 0x07, 0x50, 0x72, 0xDB, 0xBF, 0xFB, 0x9A, 0x0C, 0x0C, 0x00,
    0x30, 0x61, 0x43, 0x39, 0x78, 0x9C, 0xFB, 0x16, 0xCF, 0xC0, 0xC0, 0x50, 0xF8, 0xE6, 0x7D, 0x0D,
    0x23, 0x03, 0xC3, 0x37, 0x20, 0xDB, 0xE1, 0x3F, 0x10, 0xC4, 0x43, 0xD8, 0xDF, 0xFE, 0xD7, 0x94,
    0xFE, 0xFE, 0xCF, 0x06, 0x62, 0x2B, 0x80, 0xC4, 0x0C, 0xFE, 0xD9, 0x83, 0xD8, 0x07, 0xFE, 0xB3,
    0x02, 0xF5, 0x7C, 0xDE, 0x0F, 0x62, 0x7F, 0x3C, 0x0F, 0x64, 0x32, 0x2C, 0xF8, 0xCF, 0x04, 0x64,
    0x7F, 0xCF, 0x07, 0xB1, 0x1D, 0xFE, 0xB3, 0x03, 0xD9, 0x3F, 0xF5, 0x41, 0x6C, 0x81, 0xFF, 0x5C,
    0x40, 0xF6, 0x6F, 0x7E, 0x10, 0x9B, 0xE1, 0x3F, 0xCF, 0x37, 0xA0, 0xD1, 0x10, 0xF6, 0x3F, 0x5E,
    0x14, 0x76, 0xBE, 0xD2, 0x6F, 0x38, 0x1B, 0xA8, 0x17, 0xAE, 0x3E, 0x9E, 0xE1, 0x1B, 0x92, 0x39,
    0x9F, 0x91, 0xCC, 0xBF, 0x80, 0x64, 0x6F, 0x01, 0x92, 0x7B, 0x18, 0xFE, 0xFA, 0x33, 0x30, 0x28,
    0x40, 0xDC, 0xC9, 0xF0, 0xF9, 0x7F, 0x76, 0xEA, 0xAF, 0xFF, 0xEC, 0x60, 0xB6, 0xC2, 0x5F, 0xA0,
    0x85, 0xF9, 0x10, 0x7F, 0x31, 0x24, 0xBC, 0xFE, 0xDF, 0x03, 0xF4, 0x2F, 0x00, 0x9B, 0x03, 0x5E,
    0xE9, 0x78, 0x9C, 0x63, 0x60, 0x98, 0xFC, 0xF7, 0xFF, 0xFF, 0xFF, 0x7C, 0x0C, 0x0B, 0xFE, 0xFF,
    0x07, 0xD3, 0xBF, 0xDF, 0x7B, 0x18, 0x1B, 0xFF, 0xE5, 0x73, 0xF8, 0x2F, 0xC3, 0xC0, 0xC0, 0xF0,
    0x97, 0x6F, 0xC1, 0x7F, 0x26, 0x30, 0x7D, 0xE1, 0x3E, 0x03, 0x98, 0x7E, 0x70, 0x9E, 0x01, 0x85,
    0x0F, 0x93, 0x37, 0xF8, 0xCF, 0x0D, 0xA6, 0x19, 0x7E, 0x9E, 0x67, 0x01, 0xD3, 0x0D, 0x50, 0xF3,
    0x18, 0x3E, 0x43, 0xE9, 0x1F, 0xF9, 0x20, 0x73, 0x19, 0x14, 0x40, 0x0A, 0xFF, 0x82, 0xEC, 0x63,
    0x02, 0xD3, 0x9F, 0xE7, 0x43, 0xF4, 0xFD, 0x91, 0x07, 0xD3, 0x01, 0xFF, 0x39, 0x20, 0xE6, 0xBF,
    0x87, 0x98, 0xFF, 0x3D, 0x1F, 0x42, 0x03, 0x00, 0x5D, 0x16, 0x41, 0x8F, 0x78, 0x9C, 0x63, 0x30,
    0xB8, 0xF9, 0x7F, 0x2E, 0x23, 0x03, 0xC3, 0x8F, 0xFF, 0xFF, 0xFF, 0xDB, 0x33, 0x14, 0xFC, 0xF7,
    0x31, 0xFA, 0xFE, 0x9E, 0xE1, 0xC3, 0x79, 0x06, 0x86, 0x80, 0xFF, 0x6C, 0x01, 0xAA, 0x0C, 0x0C,
    0x0C, 0xFF, 0x39, 0x19, 0x40, 0xE0, 0x3F, 0x17, 0x03, 0x50, 0xE5, 0x7F, 0x20, 0xF5, 0xEB, 0xFF,
    0xFB, 0xBB, 0xFF, 0xB9, 0x16, 0xFC, 0xD7, 0x04, 0x09, 0x7E, 0xEA, 0x07, 0xCB, 0x7D, 0xB3, 0x87,
    0x50, 0xFE, 0x0C, 0x0C, 0x0A, 0xFF, 0xB9, 0xBE, 0xAC, 0x67, 0x60, 0xB8, 0xF8, 0x9F, 0xEB, 0xC2,
    0xFF, 0xE8, 0xD6, 0xFF, 0xFF, 0xB9, 0x0D, 0xFE, 0xFD, 0xFF, 0x3F, 0xFF, 0x1F, 0x2F, 0xC3, 0xC4,
    0xBF, 0xFB, 0x58, 0x7E, 0xCB, 0x03, 0x00, 0xE6, 0x4A, 0x33, 0xA2, 0x78, 0x9C, 0x63, 0x60, 0x00,
    0x82, 0xAF, 0x7C, 0x20, 0x92, 0x21, 0xF1, 0x1F, 0x37, 0x90, 0x74, 0x78, 0xF5, 0xFF, 0x3F, 0x33,
    0x03, 0x83, 0xC0, 0x9F, 0xFF, 0xEF, 0x35, 0x81, 0xDC, 0x87, 0xFF, 0x23, 0x19, 0x41, 0x92, 0x7F,
    0xA4, 0xC1, 0x6A, 0x02, 0xEE, 0x83, 0x29, 0x86, 0x03, 0xFE, 0x93, 0xFE, 0xEE, 0x63, 0x63, 0x60,
    0xF8, 0x98, 0xF7, 0xFF, 0xFF, 0xFF, 0xFD, 0x0C, 0x0C, 0x5F, 0xFE, 0xF5, 0x1B, 0x1F, 0xFD, 0xCF,
    0xCD, 0xF0, 0x1D, 0xA4, 0xF7, 0xB7, 0x3F, 0xC3, 0x8F, 0x7E, 0xA0, 0xA2, 0x8F, 0xEB, 0x19, 0x7E,
    0xDA, 0x03, 0xE9, 0x0D, 0xEF, 0x19, 0x7E, 0xF2, 0x03, 0xE9, 0x09, 0xFF, 0xE1, 0xF4, 0x0F, 0x79,
    0x20, 0xBD, 0xE0, 0x3F, 0xC3, 0x37, 0x7F, 0x20, 0x7D, 0xE1, 0x3E, 0xC3, 0xA7, 0xF9, 0x40, 0xFA,
    0x73, 0x3F, 0xC3, 0x86, 0xFF, 0x2C, 0x40, 0xBB, 0xF4, 0x19, 0x14, 0xFE, 0xF7, 0x2B, 0x5F, 0xFD,
    0xCF, 0xCE, 0xC0, 0xF0, 0x18, 0x68, 0x7E, 0x3D, 0xC8, 0xC6, 0xE3, 0xFF, 0xE7, 0x32, 0x31, 0x30,
    0x00, 0x00, 0x17, 0x7E, 0x3E, 0xB6, 0x78, 0x9C, 0xFB, 0xF3, 0xFF, 0xFF, 0xFB, 0x1E, 0x46, 0x86,
    0x3F, 0xFF, 0x81, 0x20, 0x9E, 0xE1, 0x8F, 0xAE, 0x92, 0xD3, 0x8F, 0xFF, 0x8C, 0x7F, 0x78, 0x19,
    0x18, 0x12, 0xFE, 0xB3, 0x81, 0x28, 0x85, 0xFF, 0xEC, 0x20, 0x2A, 0xE0, 0x3F, 0x2B, 0x90, 0x12,
    0x78, 0x76, 0x1F, 0xA2, 0x52, 0x0A, 0x42, 0xC5, 0x32, 0xFC, 0x91, 0x15, 0x54, 0xDC, 0x02, 0x51,
    0xC9, 0xF0, 0x87, 0x0F, 0x4C, 0xFD, 0xE4, 0x07, 0x53, 0x7F, 0xF9, 0x21, 0x72, 0x5C, 0x60, 0x95,
    0xF7, 0x19, 0x41, 0xD4, 0x3E, 0x36, 0x06, 0x00, 0x94, 0x15, 0x38, 0x6C, 0x78, 0x9C, 0xFB, 0xFB,
    0xFF, 0xFF, 0xFF, 0xF7, 0x7F, 0xC1, 0x84, 0xAE, 0x92, 0x92, 0xD2, 0x5F, 0x5E, 0x06, 0x06, 0x06,
    0x4A, 0x08, 0x00, 0x2A, 0x60, 0x18, 0xE5, 0x78, 0x9C, 0x63, 0x60, 0xF8, 0xF2, 0x1F, 0x08, 0x38,
    0x19, 0x18, 0x10, 0x8C, 0xAF, 0xF3, 0xD3, 0xD2, 0xC0, 0x8C, 0x6F, 0xF6, 0x0C, 0x0C, 0xA8, 0x8C,
    0xEF, 0xFA, 0x50, 0xC6, 0x0F, 0x79, 0x28, 0xE3, 0x27, 0x3F, 0x94, 0xF1, 0x9B, 0x0F, 0xCA, 0xF8,
    0xC7, 0x0D, 0x61, 0x18, 0xFC, 0x67, 0x87, 0x30, 0x26, 0xFC, 0x67, 0x82, 0x30, 0x3E, 0xED, 0x67,
    0x00, 0x33, 0x14, 0xFE, 0xC6, 0x2B, 0x29, 0x29, 0xFD, 0xD7, 0x62, 0xFC, 0xFA, 0x1F, 0x02, 0x38,
    0x11, 0x0C, 0x7F, 0x06, 0x06, 0xB0, 0x22, 0x62, 0x18, 0x00, 0xC6, 0xE9, 0x42, 0x5A, 0x78, 0x9C,
    0x63, 0x60, 0x38, 0xF6, 0xBF, 0x97, 0x91, 0x81, 0xE1, 0xE0, 0xFF, 0xFF, 0xFF, 0xF5, 0x18, 0x18,
    0xFE, 0xF6, 0x1B, 0xFF, 0x78, 0xCF, 0x30, 0xE1, 0x3F, 0x2B, 0x43, 0xC0, 0x7F, 0xF6, 0x8F, 0xFB,
    0x19, 0x18, 0x18, 0xFE, 0xF0, 0x7E, 0x8D, 0x07, 0x52, 0x3F, 0xE4, 0x7F, 0xC8, 0x03, 0xA9, 0xAF,
    0xF6, 0xBF, 0xFE, 0x83, 0x80, 0x3F, 0x94, 0xFA, 0xA9, 0xAF, 0x04, 0x04, 0x4C, 0xDF, 0xF5, 0x19,
    0x40, 0xE0, 0x53, 0x3F, 0x98, 0xDA, 0xF0, 0x9F, 0x85, 0x81, 0xE1, 0x31, 0xBB, 0xC2, 0xBF, 0xF9,
    0x2A, 0x53, 0xFE, 0x73, 0x33, 0x3C, 0x06, 0x2A, 0x04, 0x99, 0x74, 0xFC, 0xDF, 0x3A, 0x56, 0x06,
    0x00, 0x55, 0xE7, 0x32, 0x53, 0x78, 0x9C, 0xBB, 0xF0, 0x9F, 0x85, 0xC1, 0xE1, 0x3F, 0x2B, 0x83,
    0xC2, 0x7F, 0x39, 0x87, 0xFF, 0xBC, 0x60, 0xE6, 0x06, 0x20, 0xFE, 0x95, 0x0F, 0x66, 0x7E, 0x39,
    0xCF, 0xC0, 0xF0, 0xF0, 0x3D, 0x98, 0xF9, 0x57, 0x9F, 0x81, 0x21, 0xE1, 0x3F, 0x07, 0x90, 0x59,
    0xF0, 0x9F, 0x83, 0x81, 0x81, 0xE1, 0x8F, 0x3C, 0x90, 0xF9, 0xF0, 0x3E, 0x90, 0xC5, 0xF0, 0x79,
    0x3D, 0x90, 0xF9, 0xD3, 0x1F, 0xC4, 0x6C, 0xF8, 0x0F, 0x02, 0x5C, 0x68, 0xCC, 0xCF, 0xE7, 0x4B,
    0xFF, 0x47, 0xFE, 0x8E, 0x07, 0x31, 0xFF, 0xEA, 0x03, 0xD5, 0x7E, 0x7C, 0xCF, 0xC8, 0xC0, 0x30,
    0x01, 0x6C, 0x58, 0xC2, 0x7F, 0x6E, 0x06, 0x86, 0x2F, 0xF7, 0xC1, 0x56, 0xFC, 0xC9, 0x67, 0x10,
    0xF8, 0x67, 0x0F, 0x66, 0x7E, 0xFA, 0xCF, 0xB4, 0xE0, 0x3F, 0x27, 0x98, 0x59, 0xF0, 0x9F, 0xE7,
    0xEB, 0x7B, 0x06, 0x30, 0x93, 0xE1, 0x4F, 0x3D, 0x00, 0xC6, 0x29, 0x48, 0x51, 0x78, 0x9C, 0x63,
    0x48, 0xF8, 0xF3, 0x3E, 0x9B, 0x81, 0x41, 0xE1, 0xEF, 0xFF, 0xFF, 0xFF, 0x79, 0x18, 0x2E, 0xFC,
    0xF7, 0x0A, 0xFA, 0xD3, 0xCF, 0xF0, 0xB5, 0x9F, 0x81, 0xE1, 0xC1, 0x7B, 0x86, 0xA3, 0x3A, 0x0C,
    0x0C, 0x0B, 0xFE, 0x33, 0x80, 0xC0, 0x81, 0xF7, 0x20, 0x52, 0xE0, 0x47, 0x3E, 0x90, 0x00, 0xAA,
    0x64, 0x87, 0x50, 0x1C, 0x40, 0x31, 0x63, 0xE7, 0x9F, 0xEB, 0xC1, 0x4A, 0x26, 0xFC, 0x67, 0xBA,
    0xC9, 0xC3, 0xC0, 0x90, 0xF0, 0x9F, 0xE5, 0x47, 0x3C, 0x48, 0x1F, 0xD3, 0xA7, 0xFF, 0x16, 0x86,
    0xBF, 0xCE, 0x33, 0x38, 0x00, 0x15, 0xFE, 0xD7, 0x65, 0x60, 0x68, 0x04, 0x5B, 0x04, 0x00, 0x34,
    0xEB, 0x2E, 0x57, 0x78, 0x9C, 0xFB, 0xC3, 0xCB, 0xC0, 0x90, 0xF0, 0x9F, 0xE3, 0x0F, 0x90, 0x7A,
    0x08, 0xA1, 0x7E, 0x82, 0x29, 0x83, 0xFF, 0x60, 0xEA, 0xC2, 0x7D, 0x30, 0xF5, 0xCD, 0x1F, 0x44,
    0x09, 0xFC, 0x97, 0x04, 0x51, 0x0B, 0xDE, 0x0B, 0x80, 0xA8, 0xCF, 0xF1, 0x60, 0xEA, 0x2F, 0x0F,
    0x88, 0xAA, 0xFD, 0xCF, 0x04, 0xA2, 0xFE, 0xF5, 0x33, 0x80, 0xA8, 0xFF, 0x7C, 0x10, 0x8A, 0x15,
    0x4C, 0xED, 0x67, 0x00, 0x53, 0xFA, 0x60, 0x0A, 0x00, 0x5B, 0x35, 0x32, 0xBC, 0x78, 0x9C, 0x35,
    0xC5, 0xBD, 0x09, 0x80, 0x30, 0x10, 0x06, 0xD0, 0x0F, 0x21, 0x10, 0xF1, 0x87, 0xB4, 0x76, 0x6E,
    0xA0, 0x9B, 0x38, 0x82, 0x2E, 0xE2, 0x0C, 0xAE, 0xE0, 0x26, 0x8E, 0xA0, 0x1B, 0x84, 0xB4, 0x5A,
    0x58, 0x08, 0x42, 0xC0, 0xE4, 0xE4, 0x4E, 0x7C, 0xCD, 0x43, 0x50, 0xF0, 0x29, 0xE0, 0x33, 0x13,
    0x15, 0xE0, 0xEC, 0xB1, 0x02, 0xA8, 0x77, 0xAB, 0xF1, 0x7B, 0x0A, 0x60, 0x20, 0xCD, 0xB9, 0x2F,
    0x2F, 0xB5, 0x24, 0x6D, 0x56, 0xBA, 0x3B, 0xCE, 0x50, 0xC5, 0xCD, 0xA7, 0xE1, 0xAE, 0x5E, 0x0A,
    0x39, 0x37, 0x52, 0xC2, 0xC5, 0x09, 0x1C, 0x95, 0x5F, 0x4A, 0x5A, 0x20, 0x35, 0xD2, 0x0B, 0x53,
    0xCE, 0x3C, 0x42, 0x78, 0x9C, 0xFB, 0xC3, 0xCB, 0xC0, 0xB0, 0xE0, 0x3F, 0xFB, 0x1F, 0x20, 0xF5,
    0x6D, 0x3F, 0x03, 0x90, 0x52, 0xF8, 0x2F, 0x07, 0xA2, 0x2E, 0xFC, 0x67, 0x06, 0x51, 0x3F, 0xF3,
    0x19, 0x80, 0x54, 0xC0, 0x7F, 0x2E, 0x10, 0xF5, 0xE9, 0x3E, 0x03, 0x90, 0xFA, 0xFF, 0x5F, 0x1F,
    0x42, 0xC5, 0x83, 0xA8, 0xB8, 0xAF, 0xFF, 0x99, 0x20, 0x4A, 0x64, 0x41, 0x14, 0xC3, 0x8F, 0xFD,
    0x60, 0x6A, 0xC3, 0x7F, 0x0E, 0x10, 0x25, 0xF0, 0x37, 0x1E, 0x44, 0x31, 0x7C, 0xFA, 0xCF, 0x0C,
    0xA2, 0x02, 0xFE, 0xCB, 0x01, 0x00, 0xC9, 0x26, 0x2B, 0xEB, 0x78, 0x9C, 0x35, 0xC5, 0xCB, 0x11,
    0x40, 0x30, 0x00, 0x04, 0xD0, 0x1D, 0xE3, 0x13, 0xC6, 0x21, 0x25, 0x18, 0x57, 0x97, 0x4C, 0x2A,
    0xD0, 0x09, 0x1A, 0x52, 0x83, 0x4E, 0xD4, 0xE4, 0xE2, 0x16, 0x4B, 0x36, 0xF1, 0x2E, 0x0F, 0x08,
    0xFC, 0x18, 0xE0, 0xF9, 0x9F, 0x46, 0x1F, 0x67, 0x07, 0xAB, 0xDB, 0xBC, 0xD1, 0x96, 0x8D, 0x1E,
    0x58, 0x6B, 0xC7, 0x4A, 0xCF, 0x2C, 0xF5, 0xCA, 0x42, 0x1F, 0x84, 0xBE, 0x4E, 0xBD, 0x85, 0x45,
    0xDF, 0xEC, 0xD3, 0x3B, 0xF4, 0x0B, 0xE1, 0xAA, 0x2C, 0x6F, 0x78, 0x9C, 0xFB, 0x73, 0x9F, 0x01,
    0x08, 0x0C, 0xFE, 0xFB, 0xFF, 0xF9, 0xCF, 0x0C, 0x64, 0x4C, 0x00, 0x31, 0xB8, 0x80, 0x8C, 0x8F,
    0x20, 0x86, 0x3C, 0x90, 0xF1, 0x1D, 0xC8, 0xF8, 0xD7, 0x0F, 0x64, 0xFC, 0xFD, 0xE7, 0xFF, 0x67,
    0xEE, 0x7B, 0x06, 0x06, 0x87, 0xFF, 0x3F, 0xFC, 0xFF, 0xE8, 0xFE, 0x67, 0x65, 0xD8, 0x70, 0xFE,
    0xAB, 0xFF, 0x1F, 0xDE, 0xDF, 0x3C, 0x0C, 0x9F, 0xE2, 0x41, 0x8C, 0x2F, 0xFA, 0x0C, 0x3F, 0xF9,
    0x40, 0x8C, 0x0B, 0xF3, 0x19, 0xFE, 0xB3, 0x83, 0x18, 0x05, 0xFF, 0x13, 0xFE, 0x33, 0x82, 0x18,
    0x02, 0xFF, 0xAF, 0xCD, 0x67, 0x00, 0x31, 0x18, 0x7E, 0xFE, 0xB7, 0x87, 0x30, 0x3E, 0xFD, 0xE7,
    0x81, 0x30, 0x36, 0x00, 0x4D, 0x02, 0x33, 0x02, 0x80, 0x66, 0x7F, 0xF5, 0x07, 0x00, 0x03, 0xB0,
    0x46, 0xD0, 0x78, 0x9C, 0xFB, 0xC3, 0xCB, 0xC0, 0xA0, 0xF0, 0x9F, 0xE3, 0x0F, 0xF1, 0xD4, 0x7F,
    0x10, 0x80, 0x53, 0xBA, 0x4A, 0x4A, 0x46, 0xA4, 0x68, 0x07, 0x00, 0x8F, 0xE2, 0x2B, 0x15, 0x78,
    0x9C, 0x63, 0x60, 0x38, 0xF6, 0x6F, 0x1D, 0x33, 0x03, 0x03, 0xC3, 0xA5, 0xFF, 0xFF, 0xFF, 0xF7,
    0x33, 0x30, 0x08, 0xFC, 0x9B, 0x6F, 0x7C, 0xED, 0x3F, 0x07, 0xC3, 0x82, 0xFF, 0xAC, 0x0C, 0x0C,
    0x7F, 0xEC, 0x19, 0x3E, 0xAE, 0x07, 0xCA, 0x7D, 0x5A, 0xCF, 0xF0, 0xCD, 0x1F, 0x48, 0x6F, 0x78,
    0xCF, 0xF0, 0x93, 0x1F, 0x48, 0x37, 0xFC, 0x67, 0xFC, 0x05, 0xA2, 0x13, 0xFE, 0x33, 0xC3, 0x68,
    0x98, 0xF8, 0x37, 0x7B, 0x88, 0xBA, 0x4F, 0xF3, 0x41, 0xFA, 0xE6, 0x03, 0xCD, 0x61, 0x01, 0x9B,
    0x23, 0xF0, 0xAF, 0x5F, 0xF9, 0x28, 0xD0, 0x5C, 0x98, 0x3D, 0x0C, 0x0C, 0xC7, 0xFF, 0xCD, 0x65,
    0x62, 0x60, 0x00, 0x00, 0x69, 0x0D, 0x30, 0x9D, 0x78, 0x9C, 0xFB, 0xF3, 0x1F, 0x04, 0x38, 0xFE,
    0x40, 0x29, 0x5D, 0x25, 0x25, 0x27, 0x20, 0xC5, 0xCB, 0xC0, 0x20, 0x40, 0x1B, 0x0A, 0x00, 0xFD,
    0x15, 0x2A, 0x55, 0x78, 0x9C, 0xFB, 0x90, 0xDF, 0xF0, 0xF7, 0x3C, 0x1B, 0xC3, 0x87, 0xF9, 0x7F,
    0xFF, 0xFF, 0xDF, 0xCF, 0xF0, 0xE1, 0xFF, 0x7C, 0x97, 0xE7, 0xFF, 0x39, 0x3E, 0xFC, 0x67, 0x61,
    0x10, 0xF8, 0x27, 0xFF, 0x61, 0x3D, 0x03, 0x03, 0xC3, 0xD7, 0xFA, 0x0F, 0xF3, 0x81, 0xD4, 0x87,
    0xFD, 0x60, 0xEA, 0xC0, 0x7D, 0x30, 0xB5, 0xE1, 0x3D, 0x32, 0x05, 0x15, 0x04, 0x2A, 0x81, 0x6A,
    0xF8, 0xCF, 0x0C, 0xD6, 0xFE, 0xBF, 0x5F, 0xF9, 0x19, 0xD0, 0xB0, 0xF3, 0xFF, 0xFE, 0xFF, 0x5F,
    0x0F, 0xB4, 0xA1, 0x11, 0x62, 0x11, 0x03, 0x08, 0x10, 0x41, 0x01, 0x00, 0xB7, 0x3B, 0x44, 0x88,
    0x78, 0x9C, 0x63, 0x10, 0x38, 0xFE, 0x6F, 0x2E, 0x13, 0x03, 0xC3, 0xE3, 0xFF, 0xFF, 0xFF, 0xC7,
    0x33, 0x28, 0xFC, 0xAF, 0x37, 0xFE, 0xFE, 0x9F, 0x79, 0xC3, 0x7F, 0x66, 0x20, 0x93, 0xE7, 0x53,
    0x3F, 0x03, 0x03, 0xC3, 0x0F, 0xF9, 0xEF, 0xFA, 0x40, 0xAA, 0x49, 0xE2, 0x27, 0x3F, 0x03, 0x08,
    0xFC, 0xE2, 0x43, 0xA6, 0xA0, 0x82, 0x60, 0x25, 0x02, 0x8C, 0x9F, 0x41, 0x1A, 0xBE, 0xCB, 0x1F,
    0xF8, 0xCF, 0xC4, 0x20, 0xF0, 0x8F, 0x47, 0xE1, 0x7F, 0x9D, 0xF1, 0x33, 0xA0, 0x49, 0x4F, 0x80,
    0x46, 0xFB, 0x01, 0xA5, 0x6F, 0xFC, 0xEF, 0x65, 0x64, 0x00, 0x00, 0xBD, 0xA9, 0x26, 0xD9, 0x78,
    0x9C, 0xFB, 0xFE, 0x1F, 0x04, 0xF2, 0xBF, 0x43, 0x28, 0x05, 0xA5, 0xA2, 0xFF, 0xAA, 0x4A, 0x4C,
    0x0C, 0x0C, 0x09, 0xFF, 0x99, 0x19, 0x18, 0x68, 0x41, 0x01, 0x00, 0x42, 0xEA, 0x20, 0xB9, 0x78,
    0x9C, 0x1D, 0xCC, 0xC1, 0x0D, 0xC1, 0x00, 0x18, 0xC5, 0xF1, 0xBF, 0x46, 0x10, 0xD1, 0xB0, 0x81,
    0x11, 0xD8, 0x40, 0x37, 0xE0, 0xE0, 0x6E, 0x04, 0x36, 0x68, 0x47, 0x70, 0x75, 0xD2, 0x8B, 0xB3,
    0x11, 0x74, 0x03, 0x36, 0xA8, 0x09, 0x28, 0x91, 0xA6, 0xD2, 0xC4, 0xD3, 0xD7, 0xCB, 0xFB, 0xE5,
    0x25, 0xDF, 0xF7, 0xAA, 0x0D, 0xF0, 0x5D, 0xBC, 0xCF, 0x0D, 0xBF, 0x30, 0x13, 0xCC, 0x35, 0xD8,
    0xA9, 0x4B, 0xA2, 0x60, 0xA2, 0x21, 0x59, 0x0E, 0xF5, 0x98, 0x57, 0x0C, 0xE5, 0x92, 0x72, 0x06,
    0xC5, 0x91, 0x3A, 0x84, 0xF4, 0x89, 0xFA, 0xB0, 0xD2, 0x5A, 0x81, 0x7F, 0x0F, 0x57, 0xBC, 0xF4,
    0x88, 0xCD, 0x47, 0x53, 0x73, 0xD7, 0xC8, 0x24, 0xEA, 0x99, 0x48, 0x1D, 0xB3, 0xBF, 0x38, 0x29,
    0xB6, 0x2D, 0x95, 0x0F, 0xA3, 0x93, 0x06, 0x0D, 0x37, 0xB5, 0x1B, 0x69, 0xEE, 0xC2, 0x1F, 0x4B,
    0x2F, 0x2F, 0xF6, 0x78, 0x9C, 0x63, 0x60, 0x60, 0x60, 0xF8, 0xC7, 0xCD, 0x00, 0x05, 0x24, 0xB2,
    0x1C, 0xFE, 0x9C, 0xFF, 0x7F, 0xF6, 0x7F, 0x0C, 0x90, 0xF5, 0xFD, 0x3F, 0x18, 0x70, 0x30, 0x18,
    0xFC, 0xCF, 0x73, 0xFA, 0x6F, 0x9B, 0xFC, 0xDF, 0x9F, 0xE1, 0xC0, 0x7F, 0x26, 0x90, 0xBA, 0xCF,
    0xE7, 0x19, 0x3E, 0xCE, 0x07, 0xEB, 0x58, 0xF0, 0x9F, 0xF1, 0x6B, 0x3C, 0x98, 0x15, 0xF0, 0x9F,
    0xF5, 0xBB, 0x3E, 0x98, 0xA5, 0xF0, 0x9F, 0xFD, 0x87, 0x3C, 0xC4, 0xBC, 0xFF, 0x1C, 0x3F, 0xF9,
    0xA1, 0x2C, 0x4E, 0xA8, 0x98, 0xC0, 0x7F, 0x8E, 0x6F, 0xF6, 0x60, 0x96, 0xC1, 0x7F, 0xF6, 0xCF,
    0xF5, 0x60, 0x56, 0xC1, 0x7F, 0x96, 0x07, 0xEF, 0x19, 0x41, 0xAC, 0x87, 0xEF, 0x19, 0x12, 0xFE,
    0xC7, 0x3A, 0xFD, 0xB7, 0x09, 0xFA, 0x9B, 0xCF, 0xC0, 0xF0, 0x0B, 0xE2, 0x02, 0x2E, 0x06, 0x86,
    0x04, 0xA0, 0xAB, 0xCE, 0xFD, 0xCF, 0x21, 0xCB, 0x47, 0x70, 0x16, 0x00, 0x3D, 0x48, 0x54, 0x09,
    0x78, 0x9C, 0x7B, 0xF0, 0x9F, 0x91, 0x81, 0xE1, 0x8F, 0x7F, 0xC0, 0x7F, 0x2E, 0x06, 0x10, 0xFE,
    0x65, 0xCF, 0xF0, 0xE0, 0x3D, 0x23, 0xC3, 0xC7, 0xF3, 0x0C, 0x3F, 0xE2, 0x19, 0x18, 0x12, 0xFE,
    0xAB, 0xFE, 0xE7, 0x66, 0x00, 0xCA, 0xEF, 0xFB, 0xCF, 0x04, 0xA4, 0x3E, 0xFD, 0xAF, 0x07, 0x92,
    0x0C, 0x0D, 0xFF, 0x79, 0x41, 0xD4, 0x84, 0xFF, 0x7C, 0x20, 0xEA, 0xCB, 0xFF, 0xF9, 0x20, 0xEA,
    0xEF, 0xDC, 0xFF, 0xCC, 0x20, 0x29, 0x96, 0x7F, 0x40, 0xC9, 0xCF, 0xFB, 0x19, 0xBE, 0x02, 0x95,
    0xFE, 0xD1, 0x67, 0x38, 0xF0, 0x9F, 0xA9, 0xE0, 0x3F, 0x07, 0x83, 0xC1, 0x7F, 0x9E, 0x4F, 0xEF,
    0x81, 0xAA, 0x7E, 0xE6, 0x03, 0x00, 0x70, 0x66, 0x2A, 0xA9, 0x78, 0x9C, 0xFB, 0xC3, 0xCB, 0xC0,
    0x20, 0xF0, 0x9F, 0x83, 0xE1, 0x0F, 0xAD, 0x69, 0x5D, 0x25, 0x25, 0xA3, 0xFF, 0x9A, 0x0C, 0x7F,
    0xFE, 0x83, 0x01, 0x2B, 0x94, 0x66, 0x61, 0x00, 0x01, 0x87, 0xFF, 0xCC, 0x68, 0x34, 0x13, 0x1A,
    0xCD, 0x08, 0x00, 0x75, 0xAC, 0x32, 0xA3, 0x78, 0x9C, 0xFB, 0x21, 0xCF, 0xC0, 0x20, 0xF0, 0x9F,
    0xE3, 0x07, 0x1E, 0xEA, 0xBB, 0x3D, 0x98, 0xFA, 0xD2, 0x0F, 0xA6, 0x2E, 0xFC, 0x57, 0x17, 0x48,
    0xFA, 0xCF, 0x61, 0xF0, 0x1F, 0x04, 0x38, 0x18, 0x16, 0xFD, 0xFF, 0x7F, 0x1E, 0x48, 0x31, 0x08,
    0x08, 0x09, 0x80, 0x28, 0xB0, 0x12, 0x7C, 0x14, 0x00, 0xA2, 0x8E, 0x23, 0x92, 0x78, 0x9C, 0xFB,
    0xC3, 0xCB, 0xC0, 0xF0, 0x43, 0x9E, 0x81, 0xE1, 0xAB, 0xFF, 0x9F, 0x81, 0x62, 0xE9, 0x2A, 0x29,
    0xFD, 0xB4, 0x57, 0x52, 0xFA, 0xE6, 0xFF, 0xE7, 0x3F, 0x14, 0x20, 0xB1, 0x00, 0xAA, 0xB5, 0x42,
    0xC9, 0x78, 0x9C, 0xFB, 0xCF, 0xCD, 0xC0, 0xF0, 0x9B, 0x8F, 0x81, 0xE1, 0x87, 0x3E, 0xC3, 0xFF,
    0xC1, 0xC0, 0xD4, 0x56, 0x52, 0xFA, 0xAD, 0xA7, 0xA4, 0xF4, 0xD3, 0x9F, 0xE9, 0x3F, 0x1C, 0xF8,
    0x23, 0x98, 0xF6, 0x0C, 0x30, 0xF0, 0x15, 0x89, 0xA9, 0x8F, 0x60, 0xCA, 0x63, 0x65, 0xF2, 0x03,
    0x00, 0x96, 0xDE, 0x48, 0x16, 0x78, 0x9C, 0xFB, 0xF9, 0xFF, 0xFF, 0x7C, 0x06, 0x10, 0xF8, 0x09,
    0x63, 0x28, 0x2A, 0x7D, 0x82, 0x30, 0x18, 0x18, 0x3E, 0xE0, 0x61, 0xFC, 0xFF, 0xFF, 0x7F, 0x1F,
    0x1B, 0x94, 0xF1, 0x7F, 0x3F, 0x88, 0xB1, 0x5E, 0x49, 0xE9, 0xE8, 0x7F, 0x4E, 0xA8, 0x9A, 0xBF,
    0xFC, 0x50, 0xC6, 0x0F, 0x7D, 0x74, 0xC6, 0x1F, 0x7E, 0x88, 0xE2, 0x2D, 0xFF, 0x39, 0x90, 0xB5,
    0x83, 0x0C, 0x64, 0x65, 0x00, 0x00, 0x84, 0x8B, 0x34, 0x54, 0x78, 0x9C, 0xFB, 0xC3, 0xCB, 0x00,
    0x02, 0x1B, 0xDE, 0xFF, 0x21, 0x89, 0xF1, 0xFF, 0xFF, 0xFF, 0x1A, 0x18, 0xE3, 0xBF, 0x1E, 0x88,
    0xA1, 0xAB, 0xE4, 0xF4, 0xEB, 0x3E, 0x54, 0xCD, 0x82, 0xFF, 0xCC, 0x10, 0x86, 0xC3, 0x7F, 0x36,
    0x34, 0xC6, 0x04, 0xB0, 0x94, 0xAE, 0x92, 0xD1, 0xCF, 0xF3, 0x30, 0xED, 0xB2, 0xC8, 0x06, 0x02,
    0x00, 0x89, 0x59, 0x43, 0xD9, 0x78, 0x9C, 0xFB, 0xC3, 0xCB, 0x00, 0x02, 0x7F, 0x88, 0xA0, 0xFE,
    0xFF, 0xFF, 0x5F, 0x03, 0xA1, 0xFE, 0xEB, 0x31, 0xFC, 0xD1, 0x55, 0x72, 0xFA, 0x75, 0x1F, 0x2C,
    0xB7, 0xE0, 0x3F, 0x33, 0x88, 0x72, 0xF8, 0xCF, 0x86, 0x44, 0x4D, 0x00, 0x0A, 0xEA, 0x2A, 0x19,
    0xFD, 0x3C, 0x0F, 0xD1, 0x20, 0x0B, 0xD3, 0x0E, 0x00, 0x5B, 0x56, 0x29, 0xE9, 0x78, 0x9C, 0x63,
    0x30, 0x78, 0xF5, 0xDE, 0x8A, 0x81, 0x81, 0xE1, 0xE7, 0xFF, 0xFF, 0xFF, 0xD9, 0x19, 0x1A, 0xFE,
    0x47, 0x07, 0xFF, 0xCD, 0x67, 0xF8, 0x34, 0x9F, 0x81, 0xE1, 0xE2, 0x7F, 0xC6, 0xEF, 0xF2, 0x0C,
    0x0C, 0x01, 0xFF, 0xD9, 0x83, 0x59, 0x81, 0xF2, 0xFF, 0x79, 0x18, 0x40, 0xE0, 0x37, 0x3F, 0x03,
    0xC3, 0x57, 0xA0, 0x52, 0x04, 0xA5, 0xA0, 0xA4, 0xF4, 0x9B, 0x6F, 0x2A, 0x07, 0x50, 0xEE, 0x2F,
    0x0F, 0x48, 0x83, 0xC1, 0x7F, 0xF6, 0x4F, 0xEB, 0x19, 0x18, 0x0E, 0xFC, 0x67, 0x5C, 0xF0, 0xDF,
    0x3B, 0xE8, 0x4F, 0x3E, 0x50, 0x0F, 0xD8, 0x68, 0x86, 0x80, 0xD7, 0xF7, 0x35, 0x19, 0x18, 0x00,
    0xDD, 0xF7, 0x2C, 0xC0, 0x78, 0x9C, 0xFB, 0xC3, 0xCB, 0xC0, 0xC0, 0xB0, 0xF5, 0xDF, 0x3A, 0x16,
    0x06, 0x86, 0x3F, 0x40, 0xE6, 0xC6, 0xFF, 0xFF, 0xFF, 0xAF, 0x87, 0x30, 0x7F, 0xAF, 0x57, 0xD9,
    0xFA, 0x9F, 0x1B, 0xC4, 0x4C, 0xF8, 0xCF, 0xC1, 0xC0, 0xF0, 0x2B, 0x1E, 0xC4, 0x7C, 0x70, 0x1F,
    0xA8, 0x1C, 0x48, 0x00, 0x99, 0x9F, 0xEB, 0x81, 0xCC, 0x86, 0xFF, 0x4C, 0x40, 0xE6, 0x37, 0x7B,
    0x20, 0x33, 0xE0, 0x3F, 0xEB, 0x1F, 0xA0, 0x6E, 0x7D, 0x20, 0xD3, 0xE0, 0x3F, 0x1B, 0x32, 0x53,
    0x57, 0xE9, 0x07, 0x44, 0x01, 0x0B, 0x50, 0xED, 0x97, 0x7C, 0xB8, 0xB6, 0x0F, 0xE7, 0x41, 0x86,
    0x9D, 0x07, 0x19, 0xD6, 0xF0, 0x9F, 0x9D, 0x81, 0xE1, 0x27, 0xD8, 0x0A, 0x86, 0xBF, 0xEB, 0x55,
    0xB6, 0x40, 0x2C, 0x66, 0x38, 0x88, 0x70, 0x0E, 0xC3, 0xB6, 0x7F, 0x6B, 0x81, 0x8E, 0x04, 0x00,
    0x36, 0xEE, 0x45, 0x9E, 0x78, 0x9C, 0x63, 0x60, 0x38, 0xFE, 0xFF, 0xFF, 0xFF, 0xFD, 0x0C, 0x97,
    0xFE, 0x83, 0xA9, 0xBF, 0xEB, 0x55, 0x94, 0x3E, 0xED, 0x77, 0xF8, 0xCF, 0xC9, 0xC0, 0xF0, 0x61,
    0x7F, 0xC1, 0x7F, 0x66, 0x08, 0xC5, 0x04, 0xA2, 0x02, 0xFE, 0xB3, 0x83, 0x28, 0x86, 0x7F, 0xF9,
    0x8C, 0x20, 0xEA, 0x0B, 0x44, 0x83, 0xC2, 0x1F, 0x30, 0xC5, 0xF0, 0x4F, 0x17, 0xA8, 0x8F, 0x61,
    0xC2, 0x7F, 0x16, 0x90, 0xDC, 0xE7, 0xF5, 0x60, 0x95, 0x7F, 0xE4, 0x41, 0x54, 0xC2, 0x7F, 0x36,
    0x10, 0xF5, 0xF0, 0x3C, 0x03, 0x88, 0x02, 0x00, 0x6A, 0x67, 0x3A, 0x63, 0x78, 0x9C, 0x63, 0xB8,
    0xF8, 0x9F, 0x99, 0x01, 0x08, 0x14, 0xFE, 0xC9, 0x82, 0x28, 0x86, 0x4F, 0xFB, 0xC1, 0x94, 0xC1,
    0x3E, 0xB0, 0x28, 0x2A, 0x38, 0xF6, 0xBF, 0x97, 0x91, 0x81, 0xE1, 0xE0, 0xFF, 0xFF, 0xFF, 0xF5,
    0x18, 0x18, 0xFE, 0xF6, 0x1B, 0xFF, 0x78, 0xCF, 0x30, 0xE1, 0x3F, 0x2B, 0x43, 0xC0, 0x7F, 0xF6,
    0x8F, 0x20, 0x5D, 0x7F, 0x78, 0xBF, 0xC6, 0x03, 0xA9, 0x1F, 0xF2, 0x3F, 0xE4, 0x81, 0xD4, 0x57,
    0xFB, 0x5F, 0xFF, 0x41, 0xC0, 0x1F, 0x4A, 0xFD, 0xD4, 0x57, 0x02, 0x02, 0xA6, 0xEF, 0xFA, 0x10,
    0x6B, 0xFA, 0xC1, 0xD4, 0x86, 0xFF, 0x2C, 0x0C, 0x0C, 0x8F, 0xD9, 0x15, 0xFE, 0xCD, 0x57, 0x99,
    0xF2, 0x9F, 0x9B, 0xE1, 0x31, 0x50, 0x21, 0xC8, 0xA4, 0xE3, 0xFF, 0xD6, 0xB1, 0x32, 0x00, 0x00,
    0x81, 0xFC, 0x38, 0x03, 0x78, 0x9C, 0x63, 0x78, 0xAC, 0xCB, 0x70, 0xC9, 0x8E, 0x81, 0xE1, 0x47,
    0x3F, 0xC3, 0xB7, 0xF9, 0x0C, 0x0C, 0x8F, 0xED, 0x18, 0x2E, 0xF9, 0x31, 0xA0, 0x83, 0x63, 0xFF,
    0x7B, 0x19, 0x19, 0x18, 0x0E, 0xFE, 0xFF, 0xFF, 0x5F, 0x8F, 0x81, 0xE1, 0x6F, 0xBF, 0xF1, 0x8F,
    0xF7, 0x0C, 0x13, 0xFE, 0xB3, 0x32, 0x04, 0xFC, 0x67, 0xFF, 0xB8, 0x1F, 0x28, 0xFD, 0x87, 0xF7,
    0x6B, 0x3C, 0x90, 0xFA, 0x21, 0xFF, 0x43, 0x1E, 0x48, 0x7D, 0xB5, 0xFF, 0xF5, 0x1F, 0x04, 0xFC,
    0xA1, 0xD4, 0x4F, 0x7D, 0x25, 0x20, 0x60, 0xFA, 0xAE, 0x0F, 0x36, 0xEA, 0x53, 0x3F, 0x98, 0xDA,
    0xF0, 0x9F, 0x05, 0x68, 0x19, 0xBB, 0xC2, 0xBF, 0xF9, 0x2A, 0x53, 0xFE, 0x73, 0x33, 0x3C, 0x06,
    0x2A, 0x04, 0x99, 0x74, 0xFC, 0xDF, 0x3A, 0x56, 0x06, 0x00, 0x58, 0xCA, 0x39, 0xD0, 0x78, 0x9C,
    0x63, 0xF8, 0x30, 0x9F, 0x01, 0x0C, 0xA0, 0xF4, 0xD7, 0xFF, 0xFF, 0xFF, 0xAF, 0x47, 0xA2, 0x15,
    0x3E, 0xAD, 0x57, 0x12, 0x42, 0x92, 0x07, 0xD2, 0x01, 0x6F, 0xEE, 0x73, 0x00, 0xE9, 0xF5, 0xBF,
    0xFE, 0xFF, 0x3F, 0x0F, 0xA4, 0xFF, 0xEF, 0x77, 0x7D, 0xF6, 0x9F, 0x1D, 0x48, 0x73, 0x30, 0x28,
    0xFC, 0xE7, 0x61, 0xF8, 0x00, 0x14, 0x63, 0xF8, 0xCD, 0x0F, 0x51, 0xFF, 0x93, 0xFA, 0x34, 0x18,
    0xC0, 0xE8, 0x5F, 0x50, 0xFA, 0x2F, 0x1F, 0x88, 0x34, 0x98, 0xFC, 0x9F, 0x13, 0xEC, 0xC4, 0xFF,
    0xEF, 0x19, 0x41, 0xF4, 0xC5, 0xF7, 0x92, 0x0C, 0x00, 0xDB, 0x62, 0x49, 0xE3, 0x78, 0x9C, 0x63,
    0x60, 0x78, 0xF8, 0x9E, 0x89, 0x81, 0xE1, 0x8F, 0x1D, 0x03, 0xC3, 0x84, 0xFF, 0xCC, 0x0C, 0x0C,
    0x1B, 0xFD, 0x18, 0x90, 0xC0, 0xDF, 0xFF, 0xFF, 0xFF, 0xBF, 0x87, 0x10, 0xBA, 0x4A, 0x4A, 0x4A,
    0x7F, 0x79, 0x41, 0x62, 0x14, 0x10, 0x00, 0x64, 0x1E, 0x1E, 0x82, 0x78, 0x9C, 0x63, 0x60, 0x38,
    0xF6, 0x6F, 0x1E, 0x13, 0x03, 0xC3, 0xA5, 0xFF, 0xFF, 0xFF, 0xE7, 0x33, 0x08, 0xFC, 0x9B, 0x6F,
    0xFC, 0xEC, 0x3F, 0xEB, 0x84, 0xFF, 0xAC, 0x40, 0x26, 0xDF, 0x87, 0xFD, 0x0C, 0x0C, 0x0C, 0xDF,
    0xEC, 0xBF, 0xE4, 0x03, 0xA9, 0x45, 0x56, 0xDF, 0xEC, 0x19, 0x40, 0xE0, 0x07, 0x50, 0x21, 0x2F,
    0x9C, 0xFA, 0xEE, 0xAF, 0xA4, 0x04, 0xD4, 0xFD, 0x25, 0x1E, 0x28, 0xA3, 0xC0, 0xF4, 0x71, 0x3D,
    0x90, 0xFA, 0x6A, 0x3F, 0xE1, 0x3F, 0x0B, 0x03, 0xC3, 0x5F, 0x3E, 0x81, 0x7F, 0xFD, 0xCA, 0xD7,
    0x80, 0x26, 0x3D, 0x02, 0x1B, 0xCD, 0xC0, 0x70, 0xFC, 0xFF, 0x5C, 0x26, 0x06, 0x00, 0x66, 0x39,
    0x2E, 0x39, 0x78, 0x9C, 0x63, 0x08, 0x78, 0xFD, 0x3E, 0x87, 0x81, 0x81, 0xE1, 0xD7, 0xFF, 0xFF,
    0xFF, 0x65, 0x18, 0x1A, 0xFE, 0x7B, 0x07, 0xFF, 0xD9, 0xCF, 0xF0, 0xE1, 0x3C, 0x03, 0xC3, 0x86,
    0xFF, 0x4C, 0x1F, 0xFB, 0x19, 0x18, 0x1C, 0xCE, 0xB0, 0x7C, 0xB8, 0xCF, 0x08, 0x54, 0x00, 0x94,
    0x9B, 0xC7, 0x02, 0xA2, 0xBF, 0xFF, 0xFF, 0x0F, 0xD2, 0x20, 0xB0, 0xFD, 0xFF, 0x7F, 0x5B, 0x10,
    0xDF, 0xE1, 0xD7, 0x7B, 0x10, 0xC5, 0x50, 0xF0, 0x9F, 0xED, 0xA7, 0x3C, 0x03, 0x83, 0xC2, 0x7F,
    0xF6, 0xAF, 0x40, 0x7D, 0x09, 0xFF, 0x59, 0x2F, 0xFC, 0xF7, 0x32, 0xFA, 0xF1, 0x9E, 0x41, 0xE0,
    0x0F, 0xD0, 0x68, 0x3B, 0xA0, 0xC8, 0xEB, 0xFF, 0x35, 0x8C, 0x0C, 0x00, 0x6B, 0x41, 0x2E, 0xDA,
    0x78, 0x9C, 0xFB, 0xC1, 0xF5, 0x9F, 0xFF, 0x27, 0x17, 0x03, 0x18, 0xFC, 0xE1, 0xC5, 0x0F, 0x01,
    0x99, 0xF4, 0x13, 0xA4, 0x78, 0x9C, 0xFB, 0xC1, 0xC5, 0xF0, 0x8C, 0xFB, 0x9F, 0x3C, 0xC3, 0x5F,
    0xFD, 0x1F, 0x5C, 0x0C, 0xDF, 0xB9, 0x19, 0x10, 0xE0, 0xC2, 0x7D, 0xAA, 0x12, 0x00, 0xB7, 0x91,
    0x21, 0x31, 0x78, 0x9C, 0x63, 0xD8, 0x50, 0xCF, 0xF0, 0xE9, 0x3E, 0x03, 0x90, 0x84, 0x83, 0x0F,
    0xFB, 0x49, 0x47, 0xEB, 0x19, 0x3E, 0xCE, 0x77, 0xF9, 0x9D, 0xFF, 0xEF, 0x3F, 0xDF, 0x9F, 0x75,
    0x4C, 0x00, 0x19, 0x9B, 0x29, 0x63, 0x78, 0x9C, 0x63, 0x60, 0xF8, 0xF7, 0x1F, 0x08, 0x18, 0x20,
    0xE0, 0x3F, 0x32, 0x5B, 0x4B, 0x69, 0x11, 0x9C, 0xCD, 0xC1, 0x30, 0x01, 0xCA, 0x16, 0x40, 0x61,
    0xB3, 0xC3, 0xD9, 0x0A, 0xFF, 0xD9, 0x80, 0xEC, 0xFF, 0xFF, 0xEF, 0x4B, 0x30, 0x30, 0x18, 0xFC,
    0x67, 0x05, 0xB3, 0xFF, 0xBF, 0x67, 0x66, 0x70, 0xF8, 0xCF, 0x02, 0x64, 0x2B, 0x29, 0x35, 0xFF,
    0x97, 0x63, 0x08, 0xF8, 0xCF, 0x0C, 0x51, 0xFF, 0x2D, 0x9F, 0xA1, 0xE0, 0x3F, 0x23, 0x84, 0xFD,
    0x71, 0x3E, 0xC3, 0x86, 0xF7, 0x0C, 0x70, 0xF6, 0xA7, 0xF5, 0x0C, 0x30, 0x35, 0x49, 0x7F, 0xFD,
    0x41, 0x6C, 0x21, 0xC1, 0xE6, 0xFF, 0x7C, 0xDF, 0xFF, 0x73, 0x33, 0xC0, 0xCC, 0xFC, 0xDE, 0xCB,
    0xC0, 0x00, 0xB3, 0x0B, 0x00, 0x99, 0x7E, 0x4A, 0x73, 0x78, 0x9C, 0xFB, 0xC3, 0xCB, 0xC0, 0xA0,
    0xF0, 0x9F, 0x83, 0x01, 0x04, 0xFE, 0x50, 0xC2, 0xFE, 0x0F, 0x01, 0xF7, 0xBC, 0x10, 0xEC, 0xFF,
    0xFF, 0xB9, 0x18, 0xFE, 0xE8, 0x2A, 0x29, 0x19, 0xFD, 0xB7, 0x34, 0x4E, 0xFE, 0x5B, 0x8F, 0x50,
    0xFF, 0xF0, 0x3D, 0x82, 0x3D, 0xE1, 0x3F, 0x23, 0x12, 0x1B, 0x8B, 0x1A, 0x09, 0x41, 0xA7, 0x3F,
    0x30, 0xBD, 0x50, 0x33, 0xA1, 0xEC, 0xF7, 0xD1, 0x0C, 0x0C, 0x00, 0xCC, 0x33, 0x44, 0x4F, 0x78,
    0x9C, 0x63, 0xF8, 0x30, 0x9F, 0x01, 0x0C, 0xA0, 0xF4, 0x87, 0xFF, 0x40, 0x80, 0x44, 0x2B, 0x7C,
    0x5A, 0xAF, 0xA4, 0x84, 0x24, 0x0F, 0xA4, 0x03, 0xDE, 0xDC, 0xE7, 0x00, 0xD2, 0xEB, 0x7F, 0xFD,
    0xFF, 0x7F, 0x1E, 0xA4, 0x70, 0xBF, 0xEB, 0xB3, 0xFF, 0x6C, 0x40, 0x9A, 0x83, 0x41, 0xE1, 0x3F,
    0x0F, 0xC3, 0x07, 0xA0, 0x18, 0xC3, 0x6F, 0x7E, 0x88, 0xFA, 0x9F, 0x54, 0xA7, 0x01, 0x7E, 0xB2,
    0x40, 0xE9, 0x78, 0x9C, 0x63, 0x60, 0x60, 0xF8, 0x3E, 0x9F, 0x01, 0x08, 0x1C, 0xFE, 0x73, 0x81,
    0xA8, 0x87, 0xFB, 0x41, 0x24, 0xC3, 0x31, 0x6E, 0x06, 0x74, 0xF0, 0x87, 0x97, 0x81, 0x61, 0xC1,
    0x7F, 0x76, 0x10, 0xF5, 0x6D, 0x3F, 0x88, 0xA7, 0xF0, 0x5F, 0x0E, 0x44, 0x5D, 0xF8, 0xCF, 0x0C,
    0xA2, 0x7E, 0xE6, 0x83, 0x94, 0x04, 0x80, 0x4C, 0xF9, 0xC3, 0xFB, 0xE9, 0x3E, 0x48, 0xC3, 0xFF,
    0xFF, 0xFA, 0x10, 0x2A, 0x1E, 0x44, 0xC5, 0x7D, 0xFD, 0xCF, 0x04, 0x51, 0x22, 0x0B, 0x36, 0xEC,
    0xC7, 0x7E, 0x30, 0xB5, 0xE1, 0x3F, 0x07, 0x88, 0x12, 0xF8, 0x1B, 0x0F, 0xB6, 0xE1, 0xD3, 0x7F,
    0x66, 0x10, 0x15, 0xF0, 0x5F, 0x0E, 0x00, 0xBC, 0x07, 0x31, 0x3B, 0x78, 0x9C, 0x63, 0xF8, 0xD9,
    0xCF, 0x00, 0x02, 0x0B, 0xFE, 0xB3, 0x80, 0xE9, 0xDF, 0x7A, 0x60, 0xEA, 0x40, 0x0E, 0x03, 0x3A,
    0xF8, 0xC3, 0xCB, 0xC0, 0x90, 0xF0, 0x9F, 0x03, 0x44, 0x3D, 0x84, 0x50, 0x3F, 0xC1, 0x94, 0xC1,
    0x7F, 0x30, 0x75, 0xE1, 0x3E, 0x98, 0xFA, 0xE6, 0x0F, 0xA2, 0x04, 0xFE, 0x4B, 0x82, 0xA8, 0x05,
    0xEF, 0x05, 0x40, 0xD4, 0xE7, 0x78, 0x30, 0xF5, 0x97, 0x07, 0x44, 0xD5, 0xFE, 0x67, 0x02, 0x51,
    0xFF, 0xFA, 0x19, 0x40, 0xD4, 0x7F, 0x3E, 0x08, 0xC5, 0x0A, 0xA6, 0xF6, 0x33, 0x80, 0x29, 0x7D,
    0x30, 0x05, 0x00, 0x6C, 0x38, 0x38, 0x3C, 0x78, 0x9C, 0x35, 0x8D, 0x41, 0x0E, 0xC1, 0x00, 0x10,
    0x45, 0x9F, 0x46, 0x28, 0x21, 0xDC, 0xC0, 0x11, 0xEA, 0x06, 0x7A, 0x03, 0x16, 0xF6, 0x8E, 0xC0,
    0x05, 0xA4, 0x3D, 0x82, 0xAD, 0x55, 0xBB, 0xB1, 0x26, 0xB1, 0x16, 0xBD, 0x01, 0x37, 0xA8, 0x13,
    0x50, 0x22, 0xA2, 0x69, 0xE2, 0xEB, 0x54, 0xCC, 0x62, 0x5E, 0x26, 0xF9, 0xF3, 0x3E, 0x99, 0xC7,
    0x6E, 0x0E, 0x49, 0xC4, 0xC3, 0x83, 0xA1, 0x0E, 0x6A, 0x01, 0x7B, 0x2D, 0xF9, 0xCF, 0x7B, 0x56,
    0xAE, 0x7C, 0xF4, 0xD8, 0x96, 0xF8, 0x74, 0x13, 0x59, 0xCA, 0x5D, 0xA8, 0x4E, 0x28, 0xA7, 0xAF,
    0x36, 0x49, 0x0A, 0x45, 0x8F, 0x7B, 0x00, 0xAF, 0x31, 0xAF, 0xD2, 0x92, 0x45, 0x14, 0x5D, 0x88,
    0x6F, 0xA8, 0x09, 0x13, 0x4D, 0xE5, 0xD8, 0xEF, 0xFA, 0x64, 0xBA, 0xFC, 0x1A, 0x18, 0x9E, 0x1A,
    0x18, 0x2E, 0xEA, 0x18, 0x42, 0x35, 0x0C, 0xBE, 0x6A, 0x86, 0xD5, 0xB1, 0x2A, 0xCE, 0xE6, 0xBF,
    0x7E, 0x0B, 0xFA, 0x1B, 0xB9, 0x25, 0xCE, 0xAA, 0x1C, 0x71, 0x6A, 0x07, 0x5F, 0x12, 0x56, 0x39,
    0xD7, 0x78, 0x9C, 0xFB, 0xC3, 0xCB, 0xC0, 0x20, 0xF0, 0x9F, 0xE3, 0x0F, 0x2D, 0x28, 0x5D, 0x25,
    0x25, 0x23, 0x20, 0xF5, 0x1F, 0x04, 0x60, 0x14, 0x03, 0xC3, 0x83, 0xFD, 0x0C, 0x20, 0x80, 0x9B,
    0x02, 0x00, 0x36, 0x1C, 0x32, 0x60, 0x78, 0x9C, 0xFB, 0xFE, 0xFF, 0x7F, 0xFD, 0x77, 0x20, 0x56,
    0x54, 0x52, 0x62, 0x02, 0x00, 0x3D, 0x58, 0x07, 0x50, 0x78, 0x9C, 0xFB, 0xFE, 0xFF, 0x7F, 0xFD,
    0x77, 0x20, 0x56, 0x54, 0x52, 0x62, 0x02, 0x00, 0x3D, 0x58, 0x07, 0x50, 0x78, 0x9C, 0xFB, 0xFD,
    0x1F, 0x0C, 0xD8, 0x7F, 0x43, 0x69, 0x45, 0x25, 0x30, 0x60, 0x04, 0x00, 0xF1, 0xDF, 0x0E, 0xE7,
    0x78, 0x9C, 0xFB, 0xFF, 0x1F, 0x0A, 0xF8, 0xFF, 0xC3, 0x59, 0x4A, 0x30, 0xC0, 0x04, 0x00, 0x81,
    0xC1, 0x13, 0x41, 0x78, 0x9C, 0xFB, 0xFF, 0x1F, 0x0A, 0xF8, 0xFF, 0xC3, 0x59, 0x4A, 0x30, 0xC0,
    0x04, 0x00, 0x81, 0xC1, 0x13, 0x41, 0x78, 0x9C, 0x53, 0x54, 0x02, 0x01, 0xA6, 0xBF, 0xFF, 0x41,
    0x40, 0x1F, 0x4A, 0x31, 0x40, 0x00, 0xAA, 0xA0, 0x22, 0x44, 0x25, 0x00, 0x99, 0xF7, 0x1A, 0x37,
    0x78, 0x9C, 0x63, 0xE8, 0x62, 0x48, 0xF8, 0xCF, 0xF8, 0xA0, 0x9F, 0xE1, 0xAB, 0x3E, 0xC3, 0x0F,
    0x7E, 0x86, 0x5F, 0x60, 0x04, 0x00, 0x57, 0x72, 0x07, 0x97, 0x78, 0x9C, 0x63, 0xF8, 0xCF, 0xC5,
    0xF0, 0x9F, 0x93, 0xE1, 0x3F, 0x87, 0xC2, 0x7F, 0xD6, 0x86, 0xFF, 0x0C, 0x0F, 0xEB, 0x19, 0x1A,
    0xB8, 0x18, 0x00, 0x57, 0x0C, 0x07, 0xA6, 0x78, 0x9C, 0x13, 0x98, 0xC9, 0xA2, 0xF0, 0x9F, 0xDD,
    0xE0, 0x3F, 0x6B, 0xC0, 0x7F, 0xA6, 0x05, 0xF7, 0x19, 0x3E, 0xFB, 0x33, 0x2C, 0x64, 0x67, 0x00,
    0x00, 0x56, 0xD6, 0x07, 0xC2, 0x78, 0x9C, 0xFB, 0xC7, 0xCD, 0xF0, 0x97, 0x9B, 0xE1, 0x0F, 0x37,
    0xC3, 0x4F, 0x3E, 0x86, 0x2F, 0xFE, 0x0C, 0x1B, 0xCE, 0x33, 0x08, 0xC4, 0x30, 0x00, 0x00, 0x58,
    0x0F, 0x07, 0x4E, 0x78, 0x9C, 0x63, 0x98, 0xC1, 0x70, 0x88, 0x39, 0xE0, 0x3F, 0xD3, 0x5F, 0xCE,
    0x0B, 0xEB, 0x13, 0xFE, 0x33, 0x7E, 0xF6, 0x3F, 0x70, 0x9E, 0xE1, 0xBB, 0xFC, 0x87, 0xF9, 0x0C,
    0x3F, 0xE4, 0x3F, 0xF4, 0x03, 0x89, 0x8F, 0xFD, 0x0C, 0x00, 0x29, 0xC6, 0x11, 0x37, 0x78, 0x9C,
    0x63, 0xF8, 0xC3, 0xF3, 0x5D, 0x9F, 0x01, 0x4C, 0xFC, 0xE5, 0xFE, 0xCE, 0xCF, 0xF0, 0x9F, 0xE3,
    0x17, 0x6F, 0xC0, 0x7F, 0xA6, 0xFF, 0x1C, 0x17, 0xE6, 0x37, 0xBC, 0x67, 0x48, 0xE0, 0x36, 0xB0,
    0x61, 0x00, 0x00, 0x12, 0xE3, 0x0E, 0x86, 0x78, 0x9C, 0x13, 0x28, 0x67, 0x2E, 0x67, 0x55, 0xF8,
    0xCF, 0xFE, 0x9F, 0x0B, 0x4C, 0x18, 0xFC, 0x67, 0xFD, 0xCF, 0x19, 0xF0, 0x5F, 0xE9, 0x3F, 0xDB,
    0x82, 0xF3, 0x05, 0xFF, 0x19, 0x3F, 0xFB, 0x3F, 0xAC, 0x67, 0x58, 0xC8, 0xDE, 0xC0, 0xC5, 0x00,
    0x00, 0x4F, 0x4A, 0x10, 0xCA, 0x78, 0x9C, 0x63, 0x60, 0x60, 0xF8, 0xEA, 0xCF, 0x00, 0x06, 0x78,
    0xE9, 0x0F, 0xFF, 0xC1, 0x80, 0x1F, 0x46, 0x2B, 0x28, 0x29, 0x7D, 0xCF, 0x57, 0x52, 0x62, 0x22,
    0xA4, 0x8F, 0x5A, 0x34, 0x00, 0x89, 0xD9, 0x26, 0xCB, 0x78, 0x9C, 0x63, 0x60, 0x50, 0xF8, 0xCF,
    0xCE, 0x00, 0x02, 0xF8, 0xE9, 0x3F, 0xFF, 0xC1, 0x80, 0x19, 0x46, 0x2B, 0x29, 0x39, 0xFD, 0xD7,
    0x54, 0x52, 0x22, 0xA8, 0x8F, 0x54, 0x5A, 0x11, 0x68, 0xAE, 0x06, 0xD0, 0x5C, 0x74, 0xFB, 0x48,
    0x35, 0x07, 0x00, 0x34, 0x1D, 0x37, 0xE5, 0x78, 0x9C, 0x13, 0xF8, 0x55, 0xC7, 0xB0, 0xE1, 0xFF,
    0x7F, 0xB6, 0x0F, 0xFF, 0xFF, 0x73, 0x01, 0x31, 0xF7, 0x81, 0xFF, 0xFF, 0xD9, 0x15, 0xFE, 0xAE,
    0x67, 0x60, 0x10, 0x60, 0x64, 0x00, 0x00, 0xF5, 0xEF, 0x0E, 0xD0, 0x78, 0x9C, 0x63, 0x60, 0x00,
    0x82, 0x1F, 0x72, 0x0C, 0x5F, 0xED, 0xFF, 0xC6, 0x33, 0xFC, 0xEA, 0xFF, 0x2E, 0xC3, 0xF0, 0x44,
    0x17, 0x00, 0x3D, 0x12, 0x07, 0x54, 0x78, 0x9C, 0x63, 0x60, 0x80, 0x80, 0x1F, 0x72, 0x0C, 0x5F,
    0xED, 0x19, 0xBE, 0xEB, 0xFD, 0x8D, 0x67, 0xF8, 0xD5, 0xCF, 0xF0, 0x27, 0xFF, 0xBB, 0x0C, 0xC3,
    0x13, 0x5D, 0x86, 0x6F, 0xB2, 0x00, 0x8D, 0xB6, 0x0A, 0xF7, 0x78, 0x9C, 0xFB, 0xC6, 0xF3, 0xC7,
    0xFE, 0x1B, 0x37, 0x00, 0x0C, 0xAA, 0x03, 0x3F, 0x78, 0x9C, 0x63, 0x60, 0x60, 0x68, 0x7A, 0xF3,
    0xBE, 0x97, 0x81, 0xA1, 0xE1, 0xFF, 0xFF, 0xFF, 0xE7, 0x19, 0x18, 0x7E, 0xFE, 0x8F, 0x08, 0x49,
    0x67, 0x30, 0xF8, 0x2F, 0xCB, 0x00, 0x04, 0x0B, 0xFE, 0x33, 0x83, 0xA8, 0x0F, 0xF7, 0x41, 0x24,
    0xC3, 0xC7, 0xF5, 0x20, 0xF2, 0x17, 0x50, 0xDD, 0x7F, 0x7E, 0x86, 0x13, 0x7F, 0xDE, 0x9F, 0x39,
    0xC3, 0xC3, 0xC0, 0xF0, 0x69, 0x3E, 0x58, 0x0E, 0x42, 0x41, 0xE5, 0x8E, 0x43, 0xE5, 0x20, 0x1A,
    0x18, 0x3E, 0x9C, 0x07, 0x53, 0x07, 0xFE, 0x83, 0xA9, 0x82, 0xFF, 0xEC, 0x60, 0xFA, 0x9F, 0x3D,
    0x98, 0xFA, 0xF2, 0x3F, 0xD2, 0x39, 0x8D, 0x81, 0xC1, 0x01, 0x62, 0x3B, 0x43, 0xE1, 0x9B, 0xFF,
    0x73, 0x01, 0xA2, 0x5B, 0x38, 0x43, 0x78, 0x9C, 0x55, 0xCE, 0x41, 0x0A, 0x82, 0x50, 0x14, 0x05,
    0xD0, 0xAB, 0x0E, 0x2A, 0x28, 0x73, 0x03, 0x61, 0x2B, 0xA8, 0xAD, 0xB8, 0x84, 0x68, 0xD8, 0x24,
    0x77, 0x50, 0x1B, 0x08, 0xDB, 0x81, 0x3B, 0xA8, 0x81, 0x0B, 0x70, 0x09, 0x41, 0xD0, 0xDC, 0xA0,
    0xB9, 0x19, 0x84, 0xD6, 0x07, 0x6F, 0xEF, 0x7F, 0x09, 0xBE, 0x93, 0x07, 0x87, 0xF7, 0xEE, 0xE3,
    0xAA, 0x2D, 0x80, 0x15, 0x3D, 0x64, 0xED, 0xC1, 0x81, 0x2A, 0x3B, 0x45, 0x24, 0x67, 0x50, 0x1C,
    0x18, 0x15, 0x17, 0xF7, 0x71, 0x16, 0xF9, 0x46, 0xEF, 0x50, 0xA6, 0x68, 0x67, 0x54, 0x4F, 0x30,
    0xA7, 0xAB, 0x4E, 0xA5, 0xA3, 0xD5, 0x8C, 0x8D, 0x16, 0x1C, 0x5A, 0x3B, 0xFF, 0x1B, 0x9A, 0xDC,
    0x14, 0x91, 0xE4, 0xFC, 0x57, 0xA2, 0x55, 0xA5, 0xB8, 0xE6, 0xA2, 0x23, 0x1D, 0x51, 0xCC, 0x92,
    0x4B, 0x51, 0xC0, 0x91, 0xEE, 0x72, 0x63, 0xEE, 0x8A, 0xF0, 0x09, 0xB5, 0x10, 0x48, 0x29, 0x51,
    0x95, 0x1A, 0xA1, 0xD3, 0x9E, 0x6B, 0x7A, 0x4F, 0xE9, 0xA9, 0xBF, 0x20, 0xE0, 0xC6, 0x12, 0x9A,
    0xC4, 0xBA, 0xC4, 0x9D, 0xB6, 0xE2, 0x9E, 0xD0, 0xF6, 0x54, 0xF7, 0x54, 0xFC, 0xF5, 0x03, 0xEC,
    0x2A, 0x70, 0xE3,
};
const GFXglyph ReaderRoboto14Glyphs[] = {
    { 0, 0, 7, 0, 0, 8, 0 }, //
    { 4, 21, 7, 2, 21, 32, 8 }, // !
    { 7, 7, 9, 1, 22, 36, 40 }, // "
    { 17, 21, 18, 1, 21, 137, 76 }, // #
    { 14, 28, 16, 1, 25, 153, 213 }, // $
    { 19, 21, 21, 1, 21, 153, 366 }, // %
    { 17, 21, 18, 1, 21, 160, 519 }, // &
    { 3, 7, 5, 1, 22, 23, 679 }, // '
    { 9, 30, 10, 1, 23, 100, 702 }, // (
    { 9, 30, 10, 0, 23, 102, 802 }, // )
    { 13, 12, 12, 0, 21, 80, 904 }, // *
    { 15, 16, 16, 1, 18, 33, 984 }, // +
    { 5, 8, 6, 0, 4, 29, 1017 }, // ,
    { 8, 3, 8, 0, 10, 19, 1046 }, // -
    { 4, 4, 8, 2, 4, 16, 1065 }, // .
    { 12, 23, 12, 0, 21, 77, 1081 }, // /
    { 14, 21, 16, 1, 21, 106, 1158 }, // 0
    { 9, 21, 16, 2, 21, 41, 1264 }, // 1
    { 15, 21, 16, 1, 21, 121, 1305 }, // 2
    { 14, 21, 16, 1, 21, 126, 1426 }, // 3
    { 16, 21, 16, 0, 21, 91, 1552 }, // 4
    { 14, 21, 16, 2, 21, 117, 1643 }, // 5
    { 14, 21, 16, 1, 21, 136, 1760 }, // 6
    { 15, 21, 16, 1, 21, 97, 1896 }, // 7
    { 14, 21, 16, 1, 21, 148, 1993 }, // 8
    { 14, 21, 16, 1, 21, 139, 2141 }, // 9
    { 5, 16, 7, 1, 16, 33, 2280 }, // :
    { 5, 20, 6, 0, 16, 42, 2313 }, // ;
    { 12, 13, 15, 1, 16, 63, 2355 }, // <
    { 12, 9, 16, 2, 14, 24, 2418 }, // =
    { 13, 13, 15, 1, 16, 61, 2442 }, // >
    { 12, 21, 14, 1, 21, 97, 2503 }, // ?
    { 24, 26, 26, 1, 20, 244, 2600 }, // @
    { 19, 21, 19, 0, 21, 144, 2844 }, // A
    { 15, 21, 18, 2, 21, 111, 2988 }, // B
    { 17, 21, 19, 1, 21, 129, 3099 }, // C
    { 16, 21, 19, 2, 21, 98, 3228 }, // D
    { 14, 21, 16, 2, 21, 45, 3326 }, // E
    { 14, 21, 16, 2, 21, 39, 3371 }, // F
    { 17, 21, 20, 1, 21, 144, 3410 }, // G
    { 17, 21, 21, 2, 21, 32, 3554 }, // H
    { 4, 21, 8, 2, 21, 13, 3586 }, // I
    { 14, 21, 16, 0, 21, 56, 3599 }, // J
    { 17, 21, 18, 2, 21, 120, 3655 }, // K
    { 13, 21, 16, 2, 21, 27, 3775 }, // L
    { 21, 21, 25, 2, 21, 143, 3802 }, // M
    { 17, 21, 21, 2, 21, 99, 3945 }, // N
    { 18, 21, 20, 1, 21, 126, 4044 }, // O
    { 16, 21, 18, 2, 21, 89, 4170 }, // P
    { 18, 25, 20, 1, 21, 152, 4259 }, // Q
    { 16, 21, 18, 2, 21, 108, 4411 }, // R
    { 16, 21, 17, 1, 21, 145, 4519 }, // S
    { 17, 21, 17, 0, 21, 35, 4664 }, // T
    { 16, 21, 19, 1, 21, 65, 4699 }, // U
    { 19, 21, 18, 0, 21, 148, 4764 }, // V
    { 26, 21, 26, 0, 21, 212, 4912 }, // W
    { 18, 21, 18, 0, 21, 141, 5124 }, // X
    { 18, 21, 17, 0, 21, 107, 5265 }, // Y
    { 16, 21, 17, 1, 21, 80, 5372 }, // Z
    { 6, 28, 8, 2, 24, 25, 5452 }, // [
    { 12, 23, 12, 0, 21, 79, 5477 }, // <backslash>
    { 6, 28, 8, 0, 24, 27, 5556 }, // ]
    { 12, 10, 12, 0, 21, 63, 5583 }, // ^
    { 14, 3, 13, 0, 0, 19, 5646 }, // _
    { 7, 4, 9, 0, 22, 24, 5665 }, // `
    { 14, 16, 16, 1, 16, 111, 5689 }, // a
    { 14, 22, 16, 1, 22, 88, 5800 }, // b
    { 14, 16, 15, 1, 16, 95, 5888 }, // c
    { 14, 22, 16, 1, 22, 86, 5983 }, // d
    { 14, 16, 15, 1, 16, 103, 6069 }, // e
    { 11, 22, 10, 0, 22, 50, 6172 }, // f
    { 14, 22, 16, 1, 16, 124, 6222 }, // g
    { 14, 22, 16, 1, 22, 55, 6346 }, // h
    { 4, 22, 7, 2, 22, 20, 6401 }, // i
    { 6, 28, 7, -1, 22, 36, 6421 }, // j
    { 13, 22, 15, 2, 22, 89, 6457 }, // k
    { 3, 22, 7, 2, 22, 13, 6546 }, // l
    { 23, 16, 25, 1, 16, 88, 6559 }, // m
    { 14, 16, 16, 1, 16, 52, 6647 }, // n
    { 15, 16, 17, 1, 16, 105, 6699 }, // o
    { 14, 22, 16, 1, 16, 93, 6804 }, // p
    { 14, 22, 16, 1, 16, 89, 6897 }, // q
    { 9, 16, 10, 1, 16, 37, 6986 }, // r
    { 13, 16, 15, 1, 16, 110, 7023 }, // s
    { 9, 20, 9, 0, 20, 46, 7133 }, // t
    { 13, 16, 16, 1, 16, 57, 7179 }, // u
    { 14, 16, 14, 0, 16, 104, 7236 }, // v
    { 22, 16, 22, 0, 16, 153, 7340 }, // w
    { 14, 16, 14, 0, 16, 106, 7493 }, // x
    { 14, 22, 14, 0, 16, 132, 7599 }, // y
    { 13, 16, 14, 1, 16, 82, 7731 }, // z
    { 10, 28, 10, 0, 23, 89, 7813 }, // {
    { 3, 25, 7, 2, 21, 13, 7902 }, // |
    { 9, 28, 10, 0, 23, 89, 7915 }, // }
    { 17, 6, 20, 1, 11, 59, 8004 }, // ~
    { 0, 0, 7, 0, 0, 8, 8063 }, //  
    { 5, 21, 7, 1, 16, 38, 8071 }, // ¡
    { 14, 24, 16, 1, 20, 113, 8109 }, // ¢
    { 15, 21, 17, 1, 21, 109, 8222 }, // £
    { 19, 20, 21, 1, 19, 141, 8331 }, // ¤
    { 16, 21, 15, 0, 21, 108, 8472 }, // ¥
    { 3, 25, 7, 2, 21, 19, 8580 }, // ¦
    { 16, 28, 18, 1, 21, 193, 8599 }, // §
    { 10, 3, 12, 1, 21, 22, 8792 }, // ¨
    { 21, 21, 23, 1, 21, 163, 8814 }, // ©
    { 10, 11, 13, 2, 21, 66, 8977 }, // ª
    { 12, 11, 14, 1, 13, 62, 9043 }, // «
    { 13, 6, 16, 1, 11, 28, 9105 }, // ¬
    { 8, 3, 8, 0, 10, 19, 9133 }, // ­
    { 21, 21, 23, 1, 21, 176, 9152 }, // ®
    { 10, 3, 13, 2, 20, 18, 9328 }, // ¯
    { 8, 7, 11, 1, 21, 37, 9346 }, // °
    { 14, 18, 15, 1, 18, 51, 9383 }, // ±
    { 10, 12, 11, 0, 21, 64, 9434 }, // ²
    { 10, 12, 11, 0, 21, 71, 9498 }, // ³
    { 7, 4, 9, 1, 22, 24, 9569 }, // ´
    { 13, 22, 16, 2, 16, 52, 9593 }, // µ
    { 12, 21, 14, 0, 21, 59, 9645 }, // ¶
    { 4, 4, 8, 2, 12, 16, 9704 }, // ·
    { 6, 6, 7, 1, 0, 27, 9720 }, // ¸
    { 7, 12, 11, 1, 21, 28, 9747 }, // ¹
    { 11, 11, 13, 1, 21, 59, 9775 }, // º
    { 12, 11, 14, 1, 13, 58, 9834 }, // »
    { 20, 21, 21, 1, 21, 138, 9892 }, // ¼
    { 20, 21, 23, 1, 21, 149, 10030 }, // ½
    { 21, 21, 23, 1, 21, 173, 10179 }, // ¾
    { 13, 21, 14, 0, 16, 100, 10352 }, // ¿
    { 14, 27, 16, 2, 27, 62, 10452 }, // Ѐ
    { 14, 26, 16, 2, 26, 66, 10514 }, // Ё
    { 21, 21, 22, 0, 21, 106, 10580 }, // Ђ
    { 14, 27, 16, 2, 27, 48, 10686 }, // Ѓ
    { 17, 21, 20, 1, 21, 137, 10734 }, // Є
    { 16, 21, 17, 1, 21, 145, 10871 }, // Ѕ
    { 4, 21, 8, 2, 21, 13, 11016 }, // І
    { 10, 26, 8, -1, 26, 31, 11029 }, // Ї
    { 14, 21, 16, 0, 21, 56, 11060 }, // Ј
    { 30, 21, 31, 0, 21, 138, 11116 }, // Љ
    { 29, 21, 31, 2, 21, 81, 11254 }, // Њ
    { 22, 21, 24, 0, 21, 78, 11335 }, // Ћ
    { 17, 27, 18, 2, 27, 134, 11413 }, // Ќ
    { 17, 27, 21, 2, 27, 117, 11547 }, // Ѝ
    { 17, 26, 18, 1, 26, 160, 11664 }, // Ў
    { 17, 26, 21, 2, 21, 39, 11824 }, // Џ
    { 19, 21, 19, 0, 21, 144, 11863 }, // А
    { 15, 21, 18, 2, 21, 77, 12007 }, // Б
    { 15, 21, 18, 2, 21, 111, 12084 }, // В
    { 14, 21, 16, 2, 21, 27, 12195 }, // Г
    { 21, 26, 22, 0, 21, 119, 12222 }, // Д
    { 14, 21, 16, 2, 21, 45, 12341 }, // Е
    { 27, 21, 26, 0, 21, 184, 12386 }, // Ж
    { 15, 21, 17, 1, 21, 132, 12570 }, // З
    { 17, 21, 21, 2, 21, 100, 12702 }, // И
    { 17, 26, 21, 2, 26, 128, 12802 }, // Й
    { 17, 21, 19, 2, 21, 112, 12930 }, // К
    { 18, 21, 21, 0, 21, 97, 13042 }, // Л
    { 21, 21, 25, 2, 21, 143, 13139 }, // М
    { 17, 21, 21, 2, 21, 32, 13282 }, // Н
    { 18, 21, 20, 1, 21, 126, 13314 }, // О
    { 17, 21, 21, 2, 21, 29, 13440 }, // П
    { 16, 21, 18, 2, 21, 89, 13469 }, // Р
    { 17, 21, 19, 1, 21, 129, 13558 }, // С
    { 17, 21, 17, 0, 21, 35, 13687 }, // Т
    { 17, 21, 18, 1, 21, 141, 13722 }, // У
    { 21, 22, 22, 1, 21, 113, 13863 }, // Ф
    { 18, 21, 18, 0, 21, 141, 13976 }, // Х
    { 19, 26, 21, 2, 21, 46, 14117 }, // Ц
    { 16, 21, 20, 2, 21, 65, 14163 }, // Ч
    { 23, 21, 27, 2, 21, 38, 14228 }, // Ш
    { 25, 26, 28, 2, 21, 53, 14266 }, // Щ
    { 21, 21, 22, 0, 21, 79, 14319 }, // Ъ
    { 21, 21, 25, 2, 21, 77, 14398 }, // Ы
    { 15, 21, 18, 2, 21, 70, 14475 }, // Ь
    { 16, 21, 20, 2, 21, 131, 14545 }, // Э
    { 23, 21, 26, 2, 21, 157, 14676 }, // Ю
    { 15, 21, 18, 1, 21, 107, 14833 }, // Я
    { 14, 16, 16, 1, 16, 111, 14940 }, // а
    { 15, 22, 16, 1, 22, 155, 15051 }, // б
    { 14, 16, 17, 2, 16, 86, 15206 }, // в
    { 10, 16, 12, 2, 16, 27, 15292 }, // г
    { 17, 21, 18, 0, 16, 87, 15319 }, // д
    { 14, 16, 15, 1, 16, 103, 15406 }, // е
    { 22, 16, 22, 0, 16, 136, 15509 }, // ж
    { 13, 16, 15, 1, 16, 102, 15645 }, // з
    { 13, 16, 17, 2, 16, 74, 15747 }, // и
    { 13, 21, 17, 2, 21, 102, 15821 }, // й
    { 14, 16, 16, 2, 16, 87, 15923 }, // к
    { 15, 16, 17, 0, 16, 80, 16010 }, // л
    { 18, 16, 22, 2, 16, 120, 16090 }, // м
    { 13, 16, 17, 2, 16, 29, 16210 }, // н
    { 15, 16, 17, 1, 16, 105, 16239 }, // о
    { 13, 16, 17, 2, 16, 27, 16344 }, // п
    { 14, 22, 16, 1, 16, 93, 16371 }, // р
    { 14, 16, 15, 1, 16, 95, 16464 }, // с
    { 14, 16, 14, 0, 16, 32, 16559 }, // т
    { 14, 22, 14, 0, 16, 132, 16591 }, // у
    { 19, 28, 21, 1, 22, 141, 16723 }, // ф
    { 14, 16, 14, 0, 16, 106, 16864 }, // х
    { 15, 21, 17, 2, 16, 45, 16970 }, // ц
    { 13, 16, 16, 1, 16, 54, 17015 }, // ч
    { 20, 16, 23, 2, 16, 36, 17069 }, // ш
    { 22, 21, 24, 2, 16, 52, 17105 }, // щ
    { 18, 16, 18, 0, 16, 69, 17157 }, // ъ
    { 18, 16, 23, 2, 16, 59, 17226 }, // ы
    { 13, 16, 16, 2, 16, 56, 17285 }, // ь
    { 14, 16, 16, 1, 16, 103, 17341 }, // э
    { 21, 16, 24, 2, 16, 128, 17444 }, // ю
    { 14, 16, 16, 0, 16, 88, 17572 }, // я
    { 14, 22, 15, 1, 22, 120, 17660 }, // ѐ
    { 14, 21, 15, 1, 21, 122, 17780 }, // ё
    { 16, 28, 16, -1, 22, 95, 17902 }, // ђ
    { 10, 22, 12, 2, 22, 46, 17997 }, // ѓ
    { 14, 16, 16, 1, 16, 103, 18043 }, // є
    { 13, 16, 15, 1, 16, 110, 18146 }, // ѕ
    { 4, 22, 7, 2, 22, 20, 18256 }, // і
    { 10, 21, 7, -1, 21, 30, 18276 }, // ї
    { 6, 28, 7, -1, 22, 36, 18306 }, // ј
    { 24, 16, 25, 0, 16, 115, 18342 }, // љ
    { 23, 16, 25, 2, 16, 70, 18457 }, // њ
    { 16, 22, 16, -1, 22, 67, 18527 }, // ћ
    { 14, 22, 16, 2, 22, 105, 18594 }, // ќ
    { 13, 22, 17, 2, 22, 92, 18699 }, // ѝ
    { 14, 27, 14, 0, 21, 154, 18791 }, // ў
    { 13, 21, 17, 2, 16, 37, 18945 }, // џ
    { 8, 3, 8, 0, 10, 19, 18982 }, // ‐
    { 8, 3, 8, 0, 10, 19, 19001 }, // ‑
    { 15, 3, 19, 2, 11, 20, 19020 }, // –
    { 19, 3, 23, 2, 11, 19, 19040 }, // —
    { 19, 3, 23, 2, 11, 19, 19059 }, // ―
    { 14, 7, 13, 0, 1, 26, 19078 }, // ‗
    { 5, 7, 6, 1, 22, 26, 19104 }, // ‘
    { 5, 7, 6, 0, 22, 29, 19130 }, // ’
    { 5, 7, 6, 0, 3, 30, 19159 }, // ‚
    { 5, 7, 6, 1, 22, 30, 19189 }, // ‛
    { 9, 7, 10, 1, 22, 43, 19219 }, // “
    { 10, 7, 10, 0, 22, 41, 19262 }, // ”
    { 9, 8, 10, 0, 4, 46, 19303 }, // „
    { 16, 21, 16, 0, 21, 36, 19349 }, // †
    { 15, 27, 17, 1, 21, 46, 19385 }, // ‡
    { 7, 7, 10, 1, 14, 36, 19431 }, // •
    { 10, 4, 14, 2, 4, 27, 19467 }, // ‥
    { 16, 4, 19, 2, 4, 36, 19494 }, // …
    { 4, 3, 5, 1, 10, 14, 19530 }, // ‧
    { 14, 21, 16, 1, 21, 110, 19544 }, // €
    { 27, 21, 30, 2, 21, 173, 19654 }, // №
};
const UnicodeInterval ReaderRoboto14Intervals[] = {
    { 0x20, 0x7E, 0x0 },
    { 0xA0, 0xBF, 0x5F },
    { 0x400, 0x45F, 0x7F },
    { 0x2010, 0x2011, 0xDF },
    { 0x2013, 0x2015, 0xE1 },
    { 0x2017, 0x201E, 0xE4 },
    { 0x2020, 0x2022, 0xEC },
    { 0x2025, 0x2027, 0xEF },
    { 0x20AC, 0x20AC, 0xF2 },
    { 0x2116, 0x2116, 0xF3 },
};
const GFXfont ReaderRoboto14 = {
    (uint8_t*)ReaderRoboto14Bitmaps,
    (GFXglyph*)ReaderRoboto14Glyphs,
    (UnicodeInterval*)ReaderRoboto14Intervals,
    10,
    1,
    34,
    28,
    -8,
};
