// Generated by tools/generate_reader_font.py from Roboto-Regular.ttf.
// Covers ASCII, core Cyrillic and punctuation used by Russian FB2.
#pragma once
#include "epd_driver.h"
const uint8_t ReaderRoboto18Bitmaps[26031] = {
    0x78, 0x9C, 0x03, 0x00, 0x00, 0x00, 0x00, 0x01, 0x78, 0x9C, 0x7B, 0xF0, 0x9F, 0xFB, 0xC1, 0x7F,
    0x2E, 0x20, 0xBA, 0x80, 0x40, 0x9C, 0x07, 0x10, 0x88, 0x03, 0x88, 0x36, 0x20, 0x10, 0x3B, 0x10,
    0x2D, 0x00, 0x23, 0x05, 0x63, 0x46, 0x06, 0x18, 0x70, 0x38, 0xC3, 0xF2, 0xE0, 0x3F, 0xDF, 0x87,
    0xFF, 0xFC, 0x09, 0xEF, 0xD8, 0x00, 0x5C, 0xBA, 0x28, 0x86, 0x78, 0x9C, 0xFB, 0xAE, 0x5F, 0xF0,
    0x9F, 0xE9, 0x3B, 0x82, 0xE0, 0x2F, 0xF8, 0xCF, 0x08, 0x22, 0x18, 0xBE, 0xF3, 0x15, 0xBC, 0x67,
    0xF8, 0xCE, 0x53, 0x70, 0x9E, 0xE1, 0x3B, 0x77, 0xC1, 0x7E, 0x86, 0xEF, 0x9C, 0x05, 0xEB, 0x19,
    0x00, 0x0F, 0x3D, 0x15, 0xA7, 0x78, 0x9C, 0x63, 0x60, 0x60, 0x60, 0xF8, 0xCD, 0xCF, 0xA0, 0xF0,
    0x9F, 0x83, 0x01, 0x04, 0xFE, 0xF1, 0x30, 0x04, 0xFC, 0x67, 0x05, 0xB1, 0x04, 0x80, 0x22, 0x13,
    0xFE, 0x33, 0x82, 0x98, 0x20, 0x91, 0x03, 0xEF, 0xC1, 0xF2, 0x0D, 0x40, 0x91, 0x0F, 0xEB, 0xC1,
    0x4C, 0x90, 0xC8, 0xE7, 0x7A, 0x30, 0x13, 0x24, 0xF2, 0xDD, 0x9E, 0x81, 0x21, 0xE1, 0x3F, 0x0C,
    0xF0, 0x21, 0x31, 0x0D, 0x66, 0xCE, 0xFC, 0x3B, 0x7F, 0xE6, 0xCC, 0xFF, 0x73, 0x67, 0x82, 0xEC,
    0xF8, 0xC3, 0xC7, 0x60, 0xF0, 0x9F, 0x1D, 0xAC, 0xED, 0x3F, 0x17, 0x50, 0x07, 0x33, 0x88, 0xA5,
    0x00, 0x14, 0x59, 0xF0, 0x1F, 0x2C, 0x98, 0xF0, 0x9F, 0x85, 0xE1, 0xC2, 0x7D, 0x30, 0x73, 0x02,
    0x16, 0xCB, 0xFE, 0xC0, 0x8C, 0xED, 0x47, 0x66, 0xB6, 0x75, 0xFC, 0x5E, 0xDF, 0xD1, 0xF1, 0xAF,
    0xAF, 0xC3, 0x03, 0xA8, 0xE4, 0x87, 0x3E, 0xD0, 0x68, 0x6E, 0xB0, 0x36, 0xAC, 0x3E, 0x63, 0xF8,
    0xCF, 0x09, 0xF4, 0x07, 0x13, 0x88, 0x65, 0xF0, 0x9F, 0x0D, 0x61, 0x2F, 0x33, 0xC3, 0x85, 0xF3,
    0x38, 0xED, 0x65, 0x00, 0x00, 0xA4, 0x22, 0x6B, 0xF0, 0x78, 0x9C, 0x85, 0x8F, 0xBD, 0x0D, 0x82,
    0x60, 0x10, 0x86, 0xCF, 0x1F, 0xFC, 0x41, 0x45, 0xAD, 0x6C, 0x2C, 0x2C, 0x4C, 0x28, 0x71, 0x03,
    0x2D, 0xEC, 0x61, 0x04, 0x07, 0xB0, 0x80, 0x09, 0xB4, 0xB4, 0x93, 0x19, 0x0C, 0x95, 0x8D, 0x8C,
    0xA0, 0x71, 0x00, 0x46, 0x10, 0x5D, 0x80, 0xC2, 0x18, 0x43, 0x04, 0x5E, 0x8F, 0x43, 0x4B, 0xE3,
    0x9B, 0x2F, 0xF9, 0x9E, 0xE4, 0x2E, 0xCF, 0xDD, 0x11, 0x11, 0xF5, 0xA9, 0xC8, 0x0C, 0xF5, 0x7F,
    0xE0, 0x24, 0x08, 0x6A, 0xFC, 0x5B, 0x19, 0x80, 0xA8, 0x42, 0xF4, 0x40, 0x9E, 0x29, 0xF5, 0x00,
    0x9D, 0x76, 0xB8, 0x90, 0x0D, 0x93, 0xEB, 0x31, 0x14, 0x1F, 0x6D, 0x86, 0x10, 0xAD, 0x10, 0x4D,
    0x06, 0x17, 0x5A, 0x88, 0x06, 0xC3, 0x02, 0xDD, 0xA3, 0x94, 0x26, 0x7B, 0x75, 0x2D, 0xCD, 0x9C,
    0x11, 0xBE, 0x93, 0x9E, 0x88, 0x74, 0x01, 0x9B, 0xBD, 0x4B, 0xA1, 0x33, 0xD3, 0x4A, 0xC8, 0x63,
    0x1A, 0x0A, 0x59, 0x2F, 0x9E, 0x55, 0xAC, 0x96, 0x8A, 0x96, 0x73, 0x85, 0x36, 0x1F, 0x93, 0x8C,
    0x30, 0xB2, 0x6D, 0xA1, 0x35, 0x93, 0xC3, 0x07, 0x62, 0x94, 0xC4, 0x6A, 0xDC, 0xA1, 0x32, 0xDC,
    0xD0, 0xF1, 0x11, 0x54, 0xC9, 0x01, 0x94, 0x1E, 0x5F, 0xC3, 0x8F, 0x3B, 0x4F, 0x72, 0x4E, 0xEE,
    0xF3, 0x52, 0x04, 0x03, 0xD1, 0xBA, 0x28, 0xD3, 0x0F, 0xB0, 0x36, 0xB9, 0xF3, 0x0D, 0x42, 0x0B,
    0x6D, 0xB2, 0x78, 0x9C, 0x4D, 0x8F, 0x3D, 0x12, 0xC1, 0x50, 0x10, 0xC7, 0xFF, 0x08, 0xC6, 0xD7,
    0x70, 0x02, 0xD4, 0x9A, 0xB8, 0x81, 0x56, 0xE9, 0x06, 0xD1, 0x2B, 0x34, 0xFA, 0xB8, 0x81, 0xE8,
    0x74, 0xDC, 0x80, 0x13, 0x90, 0x1B, 0x70, 0x83, 0x44, 0xA3, 0xD0, 0x88, 0xF1, 0x91, 0xC9, 0x90,
    0xB7, 0xF6, 0xC9, 0xF3, 0x62, 0x67, 0x76, 0x66, 0x7F, 0xFB, 0xF9, 0x5F, 0xB4, 0xCF, 0x97, 0x0E,
    0x7E, 0xF6, 0x20, 0x22, 0x43, 0xC5, 0x6D, 0xB2, 0x27, 0x64, 0x2A, 0x58, 0x51, 0x0E, 0xB7, 0x25,
    0x07, 0x23, 0x76, 0x7F, 0x07, 0xB8, 0x1E, 0x30, 0x94, 0xBD, 0x01, 0x67, 0x1D, 0x02, 0xAE, 0x6B,
    0xAE, 0x04, 0x33, 0x60, 0xCA, 0xF0, 0x6A, 0x2A, 0xE0, 0xCA, 0x80, 0x0A, 0x6A, 0x66, 0xE3, 0xC1,
    0xDF, 0xFF, 0x6D, 0x8B, 0xCC, 0xF4, 0x4E, 0x97, 0x8A, 0x5A, 0x41, 0xFE, 0xE0, 0x29, 0x09, 0x52,
    0x5B, 0xD8, 0xD3, 0xF2, 0xB8, 0xB7, 0x94, 0x82, 0x7B, 0xC1, 0x5C, 0x6C, 0x73, 0x09, 0x3C, 0xAD,
    0xAE, 0x20, 0xB2, 0xBF, 0x71, 0x43, 0x94, 0x8F, 0xD4, 0x3F, 0x25, 0x9F, 0xAC, 0x28, 0x13, 0x5A,
    0x68, 0x50, 0x55, 0xC2, 0x7D, 0x8C, 0x77, 0x0D, 0x88, 0xEA, 0x12, 0x44, 0x15, 0x71, 0x85, 0x27,
    0xA5, 0x0A, 0x87, 0xB2, 0x10, 0x65, 0x06, 0x79, 0xEC, 0xC6, 0xC2, 0x75, 0x25, 0xE6, 0xFE, 0xEF,
    0x4C, 0x4B, 0x3D, 0xAC, 0xB7, 0x2D, 0xD8, 0xD3, 0x3B, 0x6C, 0xA9, 0x02, 0x69, 0xF3, 0x78, 0x6B,
    0xE0, 0x03, 0x32, 0xC3, 0x68, 0xAC, 0x78, 0x9C, 0x45, 0x90, 0x4F, 0x8E, 0x01, 0x41, 0x14, 0xC6,
    0xBF, 0x69, 0x19, 0x86, 0x41, 0x7A, 0x29, 0x99, 0x0C, 0x8E, 0xE0, 0x06, 0x7A, 0x6B, 0xC5, 0x05,
    0xC4, 0x11, 0xD8, 0xD9, 0xBA, 0x81, 0xBE, 0x01, 0x9B, 0x59, 0xE3, 0x04, 0xDC, 0x80, 0xAD, 0x0D,
    0xB3, 0xB2, 0xB1, 0xE8, 0x16, 0xF1, 0xBF, 0x53, 0x9F, 0xF7, 0xAA, 0x5B, 0xBC, 0xA4, 0x2A, 0xBF,
    0x7A, 0xF9, 0xEA, 0x7B, 0x5F, 0x15, 0x80, 0x3F, 0xB3, 0x2D, 0x21, 0xAE, 0x19, 0xA5, 0x3E, 0x63,
    0x8E, 0x18, 0x18, 0x36, 0x2D, 0xB6, 0xB8, 0x74, 0x3C, 0xB3, 0xB5, 0x3C, 0x66, 0x19, 0x38, 0xF2,
    0x43, 0x79, 0xC5, 0x1C, 0x10, 0x32, 0xA5, 0xFC, 0xCF, 0x2F, 0x65, 0xDB, 0x5F, 0x30, 0x0F, 0x5C,
    0x62, 0x7D, 0x8F, 0x75, 0xB9, 0xDF, 0xB5, 0xEC, 0x8A, 0xC7, 0x8D, 0xD9, 0xD8, 0xFF, 0xC4, 0x3D,
    0x47, 0xC9, 0x5C, 0xFF, 0x3D, 0x16, 0x35, 0xF2, 0x37, 0x41, 0x9C, 0x29, 0xB7, 0x5F, 0x92, 0xC0,
    0x04, 0x0E, 0xDC, 0x7E, 0x06, 0xB8, 0xF2, 0xE7, 0x28, 0xA2, 0x1A, 0x0B, 0xF0, 0x38, 0xD7, 0x78,
    0xB2, 0xF2, 0x98, 0xB2, 0x28, 0x63, 0x99, 0xF3, 0x25, 0x56, 0xA8, 0x71, 0x7C, 0x0E, 0x57, 0x4C,
    0xE3, 0x60, 0xBD, 0x1F, 0xBC, 0x4B, 0xBA, 0x50, 0xCE, 0x1A, 0x9C, 0x13, 0xDD, 0xBF, 0x6D, 0x28,
    0x56, 0x80, 0x01, 0x3B, 0xCA, 0x0F, 0x7D, 0x9D, 0x74, 0x4A, 0x70, 0x77, 0x14, 0x6B, 0x7D, 0x2A,
    0x37, 0x86, 0x8C, 0xD4, 0xAF, 0x1A, 0xE9, 0xFF, 0xB4, 0xA7, 0x56, 0xEB, 0xAD, 0xCD, 0xA6, 0xA1,
    0x5A, 0xE7, 0x09, 0x4B, 0x1A, 0x7E, 0x86, 0x78, 0x9C, 0xFB, 0xB8, 0xFF, 0xE3, 0xFE, 0x8F, 0xEB,
    0x3F, 0xCE, 0xFF, 0xD8, 0x0F, 0x84, 0xF5, 0x1F, 0xF3, 0x3F, 0xC6, 0x03, 0x00, 0x89, 0x7B, 0x0D,
    0xB1, 0x78, 0x9C, 0x63, 0x60, 0x60, 0x60, 0x98, 0x02, 0xC4, 0x0C, 0x05, 0xFF, 0x41, 0xE4, 0xF7,
    0xFB, 0x8C, 0x0C, 0x0C, 0x01, 0xFF, 0x65, 0x81, 0xCC, 0x4F, 0xFF, 0x99, 0x80, 0xE4, 0xEF, 0x7C,
    0x06, 0x90, 0x00, 0x0F, 0x90, 0xBC, 0xF0, 0x9F, 0x15, 0x48, 0x7E, 0xBD, 0x0F, 0x52, 0xF7, 0xA7,
    0x1E, 0x48, 0x08, 0xFC, 0xD7, 0x07, 0x92, 0x09, 0xFF, 0x79, 0x81, 0xE4, 0x82, 0xFF, 0x9C, 0x40,
    0xF2, 0xC1, 0x7F, 0x36, 0x20, 0xF9, 0xF1, 0x3F, 0x0B, 0x90, 0xFC, 0xF2, 0x9F, 0x11, 0xA4, 0x1C,
    0x62, 0x2C, 0x98, 0xFC, 0xF1, 0x1E, 0x89, 0x44, 0x12, 0x87, 0xA8, 0xF9, 0x02, 0xB6, 0x0F, 0xA2,
    0x17, 0x62, 0xCE, 0x06, 0xB0, 0x99, 0x05, 0xFF, 0xF9, 0xE0, 0x76, 0x41, 0xEC, 0x65, 0xF8, 0x0A,
    0x36, 0xE2, 0x02, 0x58, 0x29, 0xC4, 0x6D, 0x0C, 0xBF, 0xE3, 0x41, 0xE4, 0xA7, 0xF7, 0x8C, 0x08,
    0xA1, 0xEF, 0xE7, 0x21, 0xFE, 0x02, 0x09, 0x31, 0x2C, 0x61, 0x00, 0x00, 0xB8, 0x95, 0x40, 0x19,
    0x78, 0x9C, 0x5B, 0xC0, 0xC2, 0x00, 0x04, 0x1F, 0xEB, 0x41, 0xE4, 0xC1, 0xFF, 0xEC, 0x20, 0xEA,
    0x6F, 0x3C, 0x88, 0xFC, 0xF4, 0x9F, 0x09, 0x48, 0x16, 0xFC, 0xE7, 0x46, 0x08, 0x7D, 0xBB, 0x0F,
    0x22, 0x1F, 0xFC, 0x67, 0x05, 0x92, 0x13, 0xC0, 0x12, 0x0E, 0xFF, 0xE5, 0x41, 0x42, 0xFF, 0xF3,
    0x41, 0xE4, 0xEF, 0xF5, 0x20, 0xF2, 0xC7, 0x7B, 0x10, 0xF9, 0xF5, 0x3F, 0x23, 0xD8, 0x0C, 0x66,
    0x90, 0xE1, 0x60, 0x0D, 0x1F, 0xC0, 0x86, 0xC3, 0x48, 0x0E, 0x0C, 0x11, 0x56, 0xB8, 0xFA, 0x2F,
    0x60, 0xBD, 0xDF, 0xC1, 0xE6, 0xFC, 0x02, 0x9B, 0xF9, 0x0F, 0x64, 0xBE, 0x02, 0xD8, 0x2E, 0x88,
    0x83, 0x2E, 0x80, 0x95, 0x7F, 0x01, 0xBB, 0xE7, 0x0F, 0xC8, 0x6D, 0x01, 0x60, 0xE1, 0x87, 0x60,
    0x37, 0x83, 0x05, 0x0E, 0x80, 0x8D, 0x85, 0xF8, 0x6B, 0x01, 0xD8, 0x8F, 0x00, 0xAC, 0x94, 0x40,
    0x61, 0x78, 0x9C, 0x63, 0x60, 0x60, 0xF8, 0xB4, 0x9E, 0x01, 0x0C, 0x3E, 0xCD, 0x87, 0xD0, 0x1F,
    0x61, 0x74, 0x3F, 0x90, 0x68, 0x10, 0x03, 0xD1, 0x0E, 0x92, 0x1F, 0xFF, 0x47, 0x7F, 0xAC, 0x6F,
    0xFE, 0x97, 0xFF, 0xF5, 0x3F, 0x18, 0xAC, 0x57, 0xD8, 0x0E, 0xA2, 0x7A, 0x59, 0x18, 0x18, 0x02,
    0xFE, 0xFF, 0x97, 0x00, 0x29, 0x5F, 0xF0, 0xFF, 0x3F, 0x2F, 0x88, 0xFE, 0xB6, 0xFE, 0x27, 0xC8,
    0x00, 0x85, 0xFF, 0xF2, 0x0F, 0xFE, 0xB3, 0x32, 0x30, 0x5C, 0xF8, 0xCF, 0xE6, 0xF0, 0x5F, 0x8E,
    0x81, 0xE1, 0xEB, 0x79, 0x06, 0x86, 0x5F, 0x40, 0x09, 0x07, 0x5D, 0x06, 0x86, 0x87, 0x1C, 0x10,
    0x1B, 0x04, 0x18, 0x18, 0x00, 0x13, 0xD3, 0x2E, 0xC4, 0x78, 0x9C, 0x63, 0x60, 0x60, 0x60, 0x78,
    0x97, 0xC7, 0x00, 0x05, 0xFF, 0xEB, 0x29, 0x65, 0xFD, 0xF8, 0x0F, 0x05, 0xFC, 0xD8, 0x58, 0x4E,
    0x2E, 0x2E, 0x2E, 0xFF, 0xE7, 0x03, 0x09, 0x66, 0xEA, 0xD8, 0x06, 0x02, 0x67, 0x62, 0x40, 0x24,
    0x00, 0xA0, 0x08, 0x35, 0xE1, 0x78, 0x9C, 0x63, 0x10, 0x60, 0x64, 0xF8, 0xB5, 0x1F, 0x8A, 0x7E,
    0xCF, 0x67, 0xF8, 0x97, 0x6F, 0xF0, 0x5F, 0x7E, 0xC3, 0x7F, 0x8E, 0xCF, 0xF7, 0x19, 0x02, 0x64,
    0x18, 0x00, 0xCC, 0xCC, 0x0D, 0x87, 0x78, 0x9C, 0xFB, 0xFA, 0xFF, 0xFF, 0xFF, 0xFD, 0x5F, 0x41,
    0xC4, 0xE1, 0x33, 0x67, 0xCE, 0xCC, 0x01, 0x00, 0x6F, 0x03, 0x0D, 0x26, 0x78, 0x9C, 0x63, 0x60,
    0x60, 0x58, 0xF0, 0x9E, 0xE5, 0xF3, 0x7F, 0x5E, 0x20, 0x9A, 0x70, 0x9F, 0x05, 0x00, 0x31, 0x2D,
    0x07, 0x05, 0x78, 0x9C, 0x2D, 0xCA, 0xDB, 0x11, 0xC1, 0x60, 0x18, 0x84, 0xE1, 0x3F, 0xC4, 0x71,
    0x30, 0x3A, 0x88, 0x0E, 0x94, 0x90, 0x12, 0xA2, 0x83, 0xE8, 0x80, 0x0E, 0x28, 0x41, 0x07, 0x4A,
    0xA0, 0x83, 0xA4, 0x03, 0x3A, 0xA0, 0x03, 0x39, 0x30, 0x49, 0x30, 0x16, 0xBB, 0xDF, 0xDE, 0x3C,
    0x17, 0xFB, 0x3A, 0xF7, 0xDB, 0x0E, 0x9D, 0x3F, 0x2E, 0xBB, 0x11, 0xF7, 0xD8, 0xCB, 0xF7, 0x9C,
    0xCC, 0x30, 0xA2, 0x5B, 0x74, 0xE9, 0x15, 0xBA, 0xEF, 0x07, 0xF9, 0x0A, 0xC9, 0x14, 0x63, 0xBA,
    0x46, 0x8F, 0x9E, 0xE1, 0x29, 0x4B, 0x94, 0x3D, 0x23, 0xCB, 0x26, 0x74, 0x89, 0x3E, 0x4D, 0xD1,
    0xA2, 0xA5, 0x65, 0x4D, 0x2C, 0x2D, 0x5B, 0x60, 0x60, 0x59, 0x9B, 0x16, 0x27, 0xDD, 0xF5, 0x4A,
    0x7E, 0x02, 0xCB, 0x86, 0xF4, 0x08, 0x9F, 0xE6, 0x17, 0xDD, 0xD5, 0x46, 0x7E, 0x01, 0xB3, 0xDC,
    0x2B, 0x0A, 0x78, 0x9C, 0x75, 0x8F, 0xDD, 0x0D, 0xC1, 0x00, 0x14, 0x85, 0x4F, 0xA3, 0x48, 0x84,
    0xD8, 0x40, 0x6D, 0x50, 0x1B, 0x30, 0x82, 0x11, 0x8C, 0x80, 0x05, 0xD8, 0xC0, 0x04, 0x42, 0x2C,
    0xA0, 0xB1, 0x40, 0x6D, 0xD2, 0x05, 0x48, 0x91, 0x88, 0x46, 0xC9, 0xE7, 0xB6, 0xAA, 0x1E, 0xC4,
    0x79, 0xB9, 0x5F, 0x72, 0xCF, 0xFD, 0x39, 0xD2, 0xF4, 0x10, 0x2F, 0x5D, 0x49, 0x63, 0x4C, 0xA1,
    0x23, 0x25, 0x70, 0x84, 0xA6, 0x7A, 0x44, 0xAE, 0x76, 0x2C, 0x14, 0xD0, 0xB1, 0x7E, 0x8A, 0x73,
    0xA6, 0x6E, 0x70, 0xA1, 0x76, 0xC5, 0x7C, 0xDA, 0xD3, 0x48, 0x22, 0xAB, 0x9A, 0xD3, 0x4A, 0xC3,
    0x0C, 0x46, 0xB4, 0x1F, 0xAB, 0x0C, 0x06, 0x78, 0xCF, 0x02, 0xFC, 0x1F, 0xE8, 0xFF, 0x87, 0xAF,
    0xF9, 0xBD, 0x67, 0x88, 0x77, 0xFF, 0x6C, 0x2E, 0x6F, 0x95, 0xD7, 0x4F, 0xC5, 0x3F, 0xD5, 0x35,
    0x7E, 0xFE, 0xA1, 0xBA, 0xC4, 0xAE, 0x36, 0xCC, 0xA4, 0x1B, 0x71, 0x9E, 0xC2, 0x26, 0x4D, 0xDB,
    0x6C, 0x74, 0x62, 0x49, 0x2B, 0xD2, 0x0B, 0xE3, 0x06, 0x63, 0xD2, 0x78, 0x9C, 0x63, 0x60, 0x60,
    0x60, 0x38, 0xC6, 0xC1, 0xC0, 0xA0, 0xF0, 0xF3, 0x3F, 0x07, 0x43, 0xC0, 0x9F, 0xFF, 0xFF, 0x39,
    0x9A, 0xFE, 0xFD, 0x07, 0x92, 0x7F, 0xFF, 0xFF, 0xFF, 0x0D, 0x24, 0xEF, 0x8B, 0x3F, 0xF8, 0xCF,
    0x31, 0x87, 0x99, 0x01, 0x48, 0x02, 0x15, 0x0E, 0x08, 0x09, 0x00, 0xD6, 0x29, 0x3C, 0x2F, 0x78,
    0x9C, 0x45, 0xCF, 0x4D, 0x0A, 0xC2, 0x30, 0x10, 0x05, 0xE0, 0x57, 0x45, 0x41, 0xAC, 0xE8, 0x01,
    0x44, 0xBA, 0x75, 0x65, 0x6F, 0xE0, 0xDA, 0x95, 0xBA, 0xF0, 0x1C, 0x7A, 0x03, 0xBD, 0x41, 0xBD,
    0x49, 0x7A, 0x04, 0xB7, 0x82, 0xA0, 0x5E, 0xA0, 0x42, 0x2F, 0x50, 0xFC, 0x41, 0x10, 0xD3, 0x3C,
    0x93, 0x66, 0x8A, 0x6F, 0xF5, 0x65, 0x26, 0x33, 0x24, 0x40, 0x7C, 0x34, 0xD9, 0x0C, 0x36, 0x83,
    0x2F, 0x6D, 0x86, 0x56, 0x39, 0x99, 0x19, 0x16, 0x01, 0x50, 0x72, 0x8C, 0x58, 0x33, 0xC4, 0x86,
    0x6B, 0xDB, 0x48, 0x39, 0xC5, 0xC5, 0x9E, 0x80, 0x88, 0x09, 0xEE, 0x6C, 0xBB, 0xB9, 0x52, 0xE1,
    0xC9, 0xA6, 0x93, 0x56, 0x58, 0xAE, 0x1C, 0x60, 0x12, 0xF8, 0x44, 0x9C, 0x8B, 0x76, 0xEC, 0x89,
    0x1E, 0x7E, 0xCE, 0x8D, 0x9E, 0x05, 0x29, 0x27, 0xA2, 0x0F, 0x5B, 0xF5, 0xFD, 0xAD, 0x94, 0xDE,
    0xEC, 0x78, 0x2C, 0xA8, 0xA4, 0xF4, 0x62, 0xD7, 0x23, 0x66, 0xBD, 0x22, 0xAF, 0xDE, 0xE5, 0xFE,
    0x61, 0x6E, 0x81, 0xD7, 0x95, 0x23, 0x69, 0xEA, 0xA2, 0xE1, 0xB1, 0x67, 0x71, 0xAA, 0x12, 0x1E,
    0x28, 0xE9, 0xFF, 0xF5, 0x03, 0x57, 0xB9, 0x59, 0x37, 0x78, 0x9C, 0x35, 0xCF, 0x4D, 0x0E, 0xC1,
    0x50, 0x14, 0x05, 0xE0, 0xD3, 0x90, 0xA8, 0x10, 0xE9, 0x8C, 0x98, 0xE8, 0xD0, 0xF0, 0xED, 0xA0,
    0x76, 0xC0, 0x0E, 0x74, 0x07, 0xED, 0xCC, 0x50, 0xC4, 0xC4, 0xD0, 0x0E, 0x6A, 0x09, 0x76, 0x50,
    0x53, 0x13, 0xC6, 0x04, 0x65, 0x07, 0x82, 0x49, 0x55, 0xDF, 0xF1, 0x7E, 0xB8, 0xA3, 0x2F, 0xEF,
    0xBE, 0x7B, 0x6E, 0x2E, 0x20, 0x0E, 0xDC, 0xF5, 0x01, 0x78, 0x05, 0x55, 0xD5, 0x81, 0x1B, 0x79,
    0x91, 0x4C, 0x81, 0x92, 0x1D, 0x88, 0x82, 0xB5, 0x90, 0x91, 0xEA, 0x6F, 0xD8, 0x5A, 0xB3, 0xA9,
    0x30, 0x60, 0x70, 0xA5, 0xAB, 0x00, 0x46, 0xF1, 0xA4, 0x62, 0x30, 0x85, 0x29, 0x8F, 0x63, 0x8B,
    0x90, 0x3D, 0x8B, 0xA7, 0x4E, 0x54, 0x35, 0xD7, 0x81, 0xC0, 0xC7, 0xAE, 0x30, 0x48, 0x1D, 0x8D,
    0xED, 0x89, 0xFF, 0x69, 0xB5, 0xCB, 0xB5, 0x5A, 0x32, 0xB0, 0x80, 0x4C, 0x7E, 0x78, 0xEF, 0x67,
    0x0B, 0x33, 0x90, 0x67, 0x0F, 0x56, 0xED, 0xCB, 0xDD, 0x66, 0xC9, 0x64, 0x65, 0xFE, 0xC7, 0x1C,
    0xFA, 0x64, 0x1B, 0x7E, 0xCE, 0x06, 0x5E, 0xE4, 0x59, 0x32, 0x73, 0x20, 0x4A, 0x7D, 0x57, 0x57,
    0xF5, 0x47, 0x47, 0x73, 0xE9, 0x17, 0x98, 0xBA, 0x5B, 0x01, 0x78, 0x9C, 0x63, 0x60, 0x00, 0x81,
    0xCF, 0xFF, 0xB9, 0x19, 0xA0, 0xE0, 0x2F, 0x9C, 0xD9, 0xF0, 0x1F, 0xCE, 0xFC, 0x8C, 0x60, 0xFE,
    0x81, 0x33, 0x0B, 0xFE, 0xEF, 0x85, 0x31, 0x3F, 0xFD, 0xDF, 0x0C, 0x63, 0xFE, 0xEE, 0xDF, 0x00,
    0x65, 0x26, 0xFC, 0xE7, 0x83, 0x31, 0x3F, 0xFE, 0x67, 0x81, 0x31, 0x7F, 0xAD, 0x67, 0x80, 0x32,
    0x03, 0xFE, 0xCB, 0xC1, 0x98, 0x0F, 0xFF, 0xB3, 0xC1, 0x98, 0x3F, 0xF7, 0x33, 0x40, 0x99, 0x0E,
    0xFF, 0xF5, 0x61, 0xCC, 0x0B, 0xFF, 0xD9, 0x61, 0xCC, 0x1F, 0xF7, 0x19, 0xA0, 0x4C, 0x83, 0xFF,
    0xF6, 0x30, 0xE6, 0x85, 0xFF, 0x30, 0xC0, 0xFE, 0x01, 0xC1, 0x3C, 0x70, 0x06, 0x04, 0xFE, 0xFC,
    0x3F, 0x7F, 0x86, 0x0D, 0xE2, 0xB6, 0x0D, 0x08, 0x6F, 0x92, 0xCC, 0x04, 0x00, 0x03, 0x56, 0x5F,
    0x09, 0x78, 0x9C, 0x63, 0xB8, 0xF0, 0x1F, 0x0C, 0xF8, 0x19, 0x3E, 0x60, 0x30, 0x3E, 0xFD, 0x57,
    0x56, 0x02, 0x02, 0x26, 0x86, 0x2F, 0xFF, 0x19, 0x20, 0xE0, 0xDB, 0x7D, 0x28, 0xE3, 0xFB, 0x7E,
    0x28, 0xE3, 0xE7, 0x7C, 0x28, 0xE3, 0x77, 0x3D, 0x94, 0xF1, 0x27, 0x7F, 0xDB, 0xBF, 0xFB, 0x9A,
    0x40, 0xC6, 0x3F, 0xB0, 0x31, 0x9C, 0x0C, 0x0C, 0x10, 0xF3, 0xD6, 0x33, 0x08, 0xFC, 0xFF, 0xEF,
    0xA9, 0xB4, 0xE4, 0xFF, 0x7F, 0x36, 0x86, 0x16, 0x6D, 0xA0, 0xFC, 0xD7, 0xFF, 0x7C, 0x10, 0x1D,
    0x0D, 0xFF, 0xE3, 0x21, 0x0C, 0x81, 0xFF, 0xFD, 0x30, 0x43, 0x60, 0xE6, 0xFF, 0x3A, 0x0F, 0xB3,
    0xE8, 0x7C, 0x41, 0x39, 0x23, 0xD8, 0xA2, 0xFD, 0x1F, 0xFE, 0xB3, 0x82, 0x18, 0xFF, 0xE6, 0x6F,
    0xF8, 0xCF, 0x05, 0xA4, 0x1D, 0xFE, 0xC7, 0x27, 0xFC, 0xF7, 0x07, 0x32, 0x2E, 0x02, 0x0D, 0xFC,
    0xFB, 0x5F, 0x9C, 0xC1, 0xE1, 0x2F, 0xD0, 0x8A, 0x47, 0xFF, 0xFF, 0xDF, 0xFD, 0x07, 0xB4, 0x94,
    0x41, 0xE0, 0x0F, 0xC8, 0x76, 0x0E, 0x90, 0xC2, 0x9B, 0xFF, 0xCF, 0x49, 0x30, 0x30, 0x00, 0x00,
    0x26, 0x07, 0x61, 0x48, 0x78, 0x9C, 0x35, 0x8E, 0x3D, 0x0E, 0x01, 0x51, 0x14, 0x85, 0x2F, 0xC6,
    0x6F, 0x81, 0x52, 0xC5, 0xB4, 0x3A, 0x0B, 0x90, 0x8C, 0x1D, 0x58, 0x82, 0x25, 0x0C, 0x2B, 0x50,
    0xE8, 0xC5, 0x0E, 0x68, 0xD4, 0xAC, 0x80, 0x1D, 0x68, 0x44, 0x22, 0x51, 0xB0, 0x02, 0x43, 0x8C,
    0x99, 0x57, 0xC8, 0x7C, 0xDE, 0x0F, 0xAF, 0x79, 0x27, 0xDF, 0xBD, 0xE7, 0xDC, 0x23, 0x22, 0x32,
    0xBB, 0xEC, 0xC5, 0xBC, 0x13, 0x58, 0xB1, 0x05, 0x36, 0xFA, 0x6F, 0x7E, 0x98, 0x7B, 0x0E, 0x2C,
    0xED, 0x82, 0xBC, 0x29, 0x39, 0x91, 0xFD, 0xC0, 0x80, 0x8E, 0x13, 0x2B, 0xAA, 0x4E, 0xDC, 0xF0,
    0xD6, 0xD9, 0xA1, 0x25, 0xF2, 0xE4, 0xA8, 0x73, 0x28, 0x4A, 0x4C, 0xC6, 0x1D, 0x42, 0x49, 0xA0,
    0x2B, 0x13, 0xC8, 0xA7, 0x8C, 0x6C, 0x58, 0x4D, 0x51, 0xB6, 0xDE, 0x86, 0xC2, 0x78, 0x7B, 0x0C,
    0x55, 0x64, 0x53, 0x08, 0x53, 0xDC, 0xA1, 0x69, 0xF2, 0x17, 0x2F, 0x0A, 0x6E, 0xF4, 0xA0, 0x62,
    0x97, 0x83, 0x05, 0x6D, 0x6B, 0xAF, 0xFB, 0xB6, 0x78, 0xAC, 0xB9, 0xA2, 0x2F, 0x63, 0xA2, 0x9C,
    0xA6, 0xE6, 0x68, 0xA0, 0xB1, 0xD2, 0x2D, 0xAE, 0xC6, 0xEA, 0x9F, 0xD9, 0xE9, 0xFE, 0x5F, 0x42,
    0xEB, 0x63, 0x33, 0x78, 0x9C, 0x3D, 0xCD, 0xC1, 0x09, 0x80, 0x30, 0x10, 0x44, 0x51, 0x51, 0x10,
    0x54, 0x84, 0x74, 0xA0, 0x25, 0xD8, 0x89, 0x96, 0x92, 0x4E, 0x6C, 0xC1, 0x4E, 0xB4, 0x03, 0x8F,
    0x9E, 0x04, 0x3B, 0x90, 0x40, 0x10, 0x42, 0x08, 0x23, 0xE8, 0xEC, 0xCE, 0xE9, 0x9F, 0xDE, 0x04,
    0x70, 0x4D, 0x90, 0xAA, 0x8F, 0xF3, 0x5B, 0x42, 0x99, 0xFD, 0xF3, 0x60, 0x64, 0x71, 0x66, 0x0C,
    0xE8, 0x58, 0x0B, 0x6A, 0x96, 0x43, 0xC1, 0x0A, 0x3B, 0xC3, 0x60, 0x64, 0x59, 0xB4, 0xAC, 0x4B,
    0xDD, 0xE7, 0x16, 0x37, 0x89, 0x3B, 0xA9, 0xBB, 0xA9, 0xEB, 0xD5, 0x8D, 0x2B, 0xA3, 0x57, 0x77,
    0x51, 0xD7, 0xA9, 0x1B, 0xC4, 0x35, 0x10, 0xD7, 0xAA, 0x7B, 0xA1, 0x92, 0x7B, 0xE4, 0x72, 0x4F,
    0xF7, 0x05, 0xFB, 0x6E, 0x43, 0x04, 0x78, 0x9C, 0x25, 0x8E, 0xB1, 0x6D, 0x02, 0x51, 0x10, 0x44,
    0x07, 0x8E, 0xC3, 0x20, 0x83, 0xA0, 0x04, 0x67, 0xCE, 0x0C, 0x1D, 0x1C, 0x25, 0xB8, 0x04, 0x3A,
    0xC0, 0xEE, 0x00, 0x2A, 0x20, 0x20, 0x46, 0xE7, 0x06, 0x2C, 0xE4, 0x0A, 0x8C, 0x44, 0x03, 0x24,
    0x84, 0xE8, 0x9C, 0x38, 0x03, 0x7D, 0xC1, 0x61, 0x0B, 0x89, 0x83, 0xC7, 0x2E, 0x7C, 0xAD, 0xF4,
    0x9F, 0x66, 0x77, 0x76, 0x56, 0x7A, 0xDF, 0x84, 0x69, 0x24, 0xE9, 0x0D, 0x7B, 0xB3, 0x92, 0x74,
    0x84, 0x2D, 0x34, 0xD4, 0x23, 0xC4, 0x5A, 0x90, 0x6A, 0xCE, 0x8B, 0xF5, 0x0B, 0x4A, 0x3B, 0x1E,
    0x0C, 0x72, 0xAA, 0x39, 0xEE, 0xF8, 0xA1, 0x76, 0xA0, 0x6C, 0xB0, 0xA4, 0x9E, 0x53, 0xB9, 0x2B,
    0x56, 0xB7, 0x99, 0xCA, 0x90, 0xC4, 0x5D, 0x99, 0x74, 0xE2, 0xB9, 0xBD, 0xF2, 0x1D, 0x1F, 0x1E,
    0x91, 0x99, 0xB5, 0x5D, 0x18, 0xF8, 0xD2, 0x5F, 0x82, 0x65, 0xD5, 0xF4, 0xCA, 0x77, 0xA4, 0x91,
    0x65, 0xED, 0xA8, 0x9B, 0xFC, 0x47, 0x7C, 0x0C, 0xF6, 0x9B, 0xA3, 0x59, 0xCC, 0x1C, 0x7A, 0x74,
    0x2E, 0x63, 0x87, 0x2E, 0xC9, 0x39, 0xBD, 0x2B, 0xC9, 0x29, 0x73, 0x18, 0xD2, 0xFA, 0xBF, 0x1D,
    0xB6, 0xE7, 0x71, 0x49, 0x5A, 0x56, 0x1F, 0xA2, 0xA7, 0x0B, 0x61, 0x0D, 0x03, 0xE9, 0xCB, 0x43,
    0x83, 0x5F, 0x37, 0xD9, 0xF0, 0x19, 0x4B, 0x57, 0x39, 0x3C, 0x71, 0x46, 0x78, 0x9C, 0x2D, 0x8E,
    0x41, 0x0E, 0xC1, 0x60, 0x14, 0x84, 0x27, 0x0D, 0x29, 0x0B, 0xD2, 0x1B, 0xE8, 0x5A, 0x44, 0xBA,
    0xB7, 0x71, 0x03, 0x07, 0xB0, 0xD0, 0xB5, 0x95, 0x1B, 0x94, 0x13, 0x70, 0x09, 0x4B, 0xA9, 0x1B,
    0x10, 0x07, 0x50, 0xB1, 0xB3, 0xF1, 0x6B, 0x62, 0x27, 0x51, 0x16, 0x24, 0xED, 0x4F, 0xC7, 0xEB,
    0x5F, 0xB3, 0x99, 0x2F, 0xEF, 0xBD, 0x99, 0x3C, 0xC0, 0x3B, 0x71, 0x55, 0x85, 0x28, 0x23, 0x19,
    0x59, 0xC0, 0x96, 0xBC, 0x93, 0x5D, 0x20, 0x65, 0x0F, 0x33, 0x2A, 0xB8, 0x0C, 0x65, 0xFD, 0xA6,
    0x3D, 0x65, 0x4B, 0x60, 0xCD, 0xE6, 0x81, 0x75, 0x01, 0x8F, 0x83, 0x07, 0x4D, 0x34, 0x0F, 0x9E,
    0xAC, 0x14, 0xA0, 0xC3, 0x3F, 0x64, 0xD1, 0x7F, 0x95, 0xAA, 0x8B, 0x39, 0x46, 0xA6, 0x16, 0x26,
    0xEE, 0x52, 0xF5, 0x4D, 0xE1, 0x51, 0xAA, 0x35, 0xDB, 0xF0, 0x73, 0x46, 0x88, 0xC9, 0x33, 0x93,
    0x4F, 0x08, 0xE7, 0x2B, 0x6F, 0x74, 0xF4, 0x1C, 0xF0, 0x6F, 0xC9, 0x10, 0xF9, 0x08, 0x46, 0xAE,
    0xC9, 0x8A, 0x26, 0x6C, 0x94, 0x10, 0xD3, 0x2E, 0x41, 0x27, 0xA5, 0xEF, 0x68, 0x6E, 0x9D, 0x25,
    0x59, 0x13, 0xBF, 0x4A, 0x4F, 0x50, 0x0C, 0x5E, 0xE4, 0xC6, 0x32, 0xB0, 0x1F, 0x17, 0xFE, 0x03,
    0x99, 0x5C, 0x63, 0x0C, 0x78, 0x9C, 0xDB, 0x70, 0x9E, 0xE9, 0xDB, 0x7F, 0x2E, 0x20, 0x3A, 0xF8,
    0x9E, 0x99, 0x81, 0x08, 0x70, 0xE0, 0x3D, 0x54, 0xFD, 0x86, 0xF3, 0x4C, 0x00, 0xBD, 0xA7, 0x0E,
    0x63, 0x78, 0x9C, 0x63, 0xB8, 0x32, 0x9F, 0x81, 0xE1, 0xEF, 0x7F, 0x66, 0x30, 0xFE, 0xBA, 0x9E,
    0x81, 0x24, 0x20, 0xC0, 0xC8, 0xC0, 0xF0, 0xED, 0x3F, 0x14, 0xBF, 0x67, 0x60, 0xF8, 0x7E, 0x9E,
    0x81, 0xE1, 0x17, 0xD0, 0xBC, 0xFF, 0xF6, 0x0C, 0x05, 0xFF, 0x79, 0x18, 0x3E, 0xFE, 0x67, 0x62,
    0x30, 0xB0, 0x61, 0x60, 0x00, 0x00, 0xBB, 0x76, 0x15, 0x6C, 0x78, 0x9C, 0x63, 0x60, 0x00, 0x01,
    0x81, 0x0A, 0x30, 0xA5, 0xF0, 0xB3, 0x1F, 0x4C, 0xFD, 0xFA, 0x0F, 0xA2, 0x0D, 0x7E, 0xFF, 0xFF,
    0x9F, 0xCF, 0xC0, 0xE0, 0xF0, 0xE7, 0xFF, 0xFF, 0x3E, 0x46, 0x86, 0x80, 0xBF, 0xFF, 0xFF, 0xC7,
    0x30, 0x30, 0x24, 0xFC, 0xFB, 0xFF, 0xDF, 0x0A, 0x28, 0xF9, 0xEB, 0xFF, 0x7D, 0x71, 0x06, 0x30,
    0xCD, 0xC1, 0x00, 0xA1, 0xCF, 0xB3, 0x81, 0xE8, 0x84, 0xBF, 0xFF, 0xDF, 0x6B, 0x82, 0x18, 0x20,
    0xF5, 0xD1, 0x20, 0x06, 0x54, 0x3F, 0xDC, 0x3C, 0xB8, 0xF9, 0x70, 0xFB, 0x40, 0xF6, 0x03, 0x00,
    0x71, 0x36, 0x2E, 0x88, 0x78, 0x9C, 0xFB, 0xF4, 0x1F, 0x02, 0x58, 0x3E, 0x61, 0x30, 0x18, 0x48,
    0x01, 0x98, 0xDA, 0xE1, 0x0C, 0x00, 0x63, 0x4E, 0x2F, 0x9B, 0x78, 0x9C, 0x6B, 0x67, 0x64, 0x80,
    0x80, 0x1F, 0xEB, 0x99, 0xA1, 0x8C, 0xFF, 0xFB, 0x59, 0xC0, 0x8C, 0xAF, 0xFF, 0xFF, 0xDF, 0x67,
    0x03, 0xB3, 0x8E, 0xFD, 0xFF, 0xFF, 0x5E, 0x02, 0xCC, 0x9A, 0xF4, 0xEF, 0xFF, 0x7F, 0x4D, 0x30,
    0x2B, 0xE0, 0xCF, 0xFF, 0xFF, 0xDE, 0x60, 0x96, 0xC2, 0x8B, 0xFF, 0xFF, 0x59, 0xC1, 0x2C, 0x81,
    0x3F, 0x10, 0x86, 0xC1, 0xAF, 0xFF, 0xFF, 0x41, 0x66, 0x24, 0xFE, 0xFD, 0xFF, 0xDF, 0x0A, 0x48,
    0x2F, 0xFE, 0x0F, 0xD1, 0x75, 0x0D, 0x68, 0x8E, 0x38, 0xB2, 0xC9, 0x70, 0xBB, 0xE0, 0xB6, 0xB7,
    0xC3, 0xDC, 0x03, 0x00, 0x9E, 0x36, 0x30, 0x20, 0x78, 0x9C, 0x63, 0x60, 0x58, 0xFA, 0xEF, 0x7D,
    0x34, 0x03, 0x03, 0xC3, 0xA5, 0xFF, 0x40, 0xA0, 0xCB, 0xA0, 0xF0, 0x0F, 0x44, 0xBF, 0x67, 0x3C,
    0xF0, 0x7F, 0x3D, 0xB3, 0xC1, 0xEF, 0xFF, 0x5C, 0x9F, 0xFF, 0x73, 0x30, 0x30, 0x6C, 0xF8, 0x2F,
    0xFF, 0xFD, 0x3F, 0x50, 0x8D, 0xC1, 0x7F, 0xFF, 0x6D, 0xB3, 0x81, 0x34, 0xC3, 0xFF, 0x7C, 0x06,
    0x30, 0xF8, 0x1F, 0x0F, 0xA6, 0x1C, 0xFE, 0xDB, 0x83, 0xE9, 0x0D, 0xFF, 0x79, 0xC1, 0xF4, 0xB7,
    0xFF, 0x6C, 0x20, 0x2A, 0xE0, 0xFF, 0x79, 0x30, 0xF7, 0xEB, 0x7F, 0x39, 0x88, 0xAA, 0xF7, 0x4C,
    0x20, 0xFA, 0x13, 0xD0, 0x1A, 0x10, 0xF8, 0xF5, 0x9F, 0x09, 0x62, 0x48, 0x3F, 0x98, 0x02, 0x1A,
    0xCE, 0x00, 0xD1, 0x25, 0x0F, 0xA6, 0x05, 0x5C, 0x58, 0x18, 0xF0, 0x82, 0x5B, 0x5C, 0x60, 0x2A,
    0x01, 0xEA, 0x98, 0x82, 0xFF, 0xF5, 0x10, 0x7D, 0x7F, 0x64, 0x80, 0x24, 0x00, 0x18, 0x96, 0x38,
    0x39, 0x78, 0x9C, 0x5D, 0x92, 0xBF, 0x4E, 0x02, 0x41, 0x10, 0xC6, 0x3F, 0x8E, 0x3F, 0x4A, 0x04,
    0xF1, 0x05, 0xF4, 0x78, 0x04, 0xDF, 0x00, 0x1E, 0xC0, 0x82, 0xCA, 0x56, 0x5B, 0x6D, 0xA0, 0xB1,
    0xD1, 0x42, 0x0C, 0x85, 0x85, 0x85, 0x24, 0xC6, 0x1A, 0x12, 0x2B, 0x2B, 0xEC, 0x4D, 0x90, 0xF8,
    0x02, 0x24, 0x26, 0xC6, 0x18, 0x13, 0x8F, 0xDA, 0x98, 0x9C, 0x78, 0xF1, 0x3C, 0x90, 0xBB, 0xCF,
    0x99, 0x63, 0x21, 0xE2, 0x14, 0x3B, 0xF3, 0x9B, 0x9B, 0xFD, 0x76, 0x66, 0xF7, 0x00, 0xB5, 0xCB,
    0x77, 0xBE, 0xEE, 0x27, 0x60, 0x6C, 0x2D, 0xA0, 0x5A, 0xC7, 0x32, 0xEC, 0xD3, 0x3D, 0x3B, 0xBD,
    0x8E, 0x78, 0x3C, 0xC5, 0x36, 0x3B, 0x29, 0x71, 0xC5, 0x80, 0x2B, 0x31, 0x8F, 0x9D, 0xE4, 0x74,
    0xDB, 0xB8, 0xA3, 0xAE, 0x69, 0xD2, 0x1A, 0x65, 0x64, 0xFD, 0xEA, 0xCF, 0x74, 0x31, 0xB6, 0x65,
    0x89, 0x36, 0xE6, 0x3C, 0x6C, 0x01, 0xF5, 0xB8, 0xE8, 0x2A, 0xEA, 0xA6, 0x81, 0x1A, 0x81, 0x81,
    0x03, 0x4D, 0x92, 0x7D, 0x0B, 0x45, 0xA6, 0xE1, 0x57, 0x85, 0x47, 0xEE, 0xDE, 0x13, 0xB3, 0xC0,
    0x24, 0x8B, 0x9F, 0x02, 0x50, 0xE1, 0x3A, 0xCA, 0x5C, 0x06, 0x82, 0x3C, 0xF4, 0xB4, 0x01, 0x2D,
    0xC9, 0x89, 0x8E, 0x5F, 0x28, 0xAB, 0xFB, 0x3E, 0x07, 0x76, 0x65, 0x2F, 0x3C, 0xBB, 0x46, 0x69,
    0x6E, 0x62, 0xAB, 0xA4, 0x04, 0x9F, 0xA5, 0x26, 0x13, 0x22, 0x9B, 0xD3, 0xE6, 0x2C, 0xE5, 0x1B,
    0xAA, 0x9C, 0x48, 0x69, 0x20, 0xDC, 0x73, 0x4D, 0x4B, 0x3D, 0xC3, 0x8E, 0x7E, 0x4A, 0x99, 0xBE,
    0x3C, 0x5B, 0xB9, 0xA7, 0x5B, 0x3F, 0x74, 0x2C, 0xBF, 0xA0, 0xF5, 0x31, 0x0F, 0x75, 0xF8, 0x51,
    0xAE, 0x4D, 0x53, 0x1F, 0x28, 0x47, 0x4B, 0x7A, 0x4C, 0x53, 0xF4, 0x8B, 0xBC, 0xD3, 0xF9, 0x12,
    0xDA, 0x56, 0x85, 0x25, 0x3C, 0x50, 0x1A, 0xF1, 0x5A, 0x92, 0x97, 0xB1, 0x42, 0xDE, 0xF2, 0x88,
    0x5B, 0x0D, 0xE6, 0x25, 0x5E, 0x95, 0x63, 0x28, 0xD5, 0xA1, 0x5C, 0x81, 0x3C, 0x49, 0xB0, 0x23,
    0x57, 0xFD, 0xD6, 0xCF, 0xE0, 0x24, 0xEC, 0xEA, 0x4D, 0x0D, 0x1D, 0x2C, 0x58, 0x5D, 0x9B, 0xFF,
    0x6B, 0x61, 0x75, 0x91, 0xBD, 0x7F, 0x05, 0x9B, 0x74, 0xD2, 0xEA, 0x2F, 0x66, 0x89, 0x7B, 0xBA,
    0x87, 0xDB, 0x07, 0xCF, 0x4C, 0xCE, 0x12, 0x8F, 0xF1, 0xF3, 0x3B, 0x73, 0x46, 0xE3, 0x45, 0xFE,
    0x80, 0x29, 0xFE, 0x02, 0x9B, 0x61, 0xB1, 0xA1, 0x78, 0x9C, 0x3D, 0x90, 0x6B, 0x11, 0xC2, 0x30,
    0x10, 0x84, 0xAF, 0x0C, 0x1D, 0x18, 0x18, 0x3A, 0x75, 0x00, 0x12, 0x70, 0x00, 0x0E, 0x8A, 0x03,
    0x70, 0x40, 0x1D, 0x80, 0x04, 0x1C, 0x14, 0x07, 0xE0, 0x80, 0x3A, 0xA0, 0x0E, 0xC0, 0x01, 0xEF,
    0xD2, 0xA1, 0x94, 0xE5, 0x72, 0xB9, 0x64, 0x7F, 0x24, 0xFB, 0x25, 0x99, 0xEC, 0x26, 0x44, 0xAC,
    0x17, 0x5A, 0xE4, 0x55, 0xA3, 0xEB, 0x7D, 0x0C, 0x44, 0x1E, 0x52, 0x20, 0xF1, 0x50, 0xA0, 0xD9,
    0x79, 0x78, 0xE2, 0x81, 0xC0, 0xC1, 0x27, 0x2B, 0xD0, 0x71, 0x80, 0x24, 0xC5, 0x40, 0xFD, 0x02,
    0x51, 0x8C, 0x89, 0x42, 0xCE, 0x29, 0x75, 0xA6, 0x70, 0xE7, 0xFC, 0xF2, 0xA2, 0x50, 0x1D, 0x89,
    0xAE, 0x08, 0x2D, 0xFC, 0x56, 0x44, 0x5B, 0xF4, 0xC5, 0xCF, 0x30, 0x24, 0x9A, 0x9A, 0x81, 0xB5,
    0x97, 0x45, 0xB3, 0xCD, 0xBA, 0xC9, 0xF1, 0xEA, 0x24, 0xF0, 0x86, 0xBD, 0xB2, 0x6D, 0xA6, 0x06,
    0x56, 0x3D, 0xF6, 0x63, 0xF5, 0x72, 0xC3, 0xC6, 0xC1, 0x92, 0x4C, 0x9C, 0x7D, 0xF2, 0x97, 0xA3,
    0xA9, 0xD4, 0xCF, 0x90, 0x59, 0x56, 0xF4, 0xC4, 0x08, 0x36, 0x8D, 0x0B, 0x45, 0xB4, 0xD6, 0x1E,
    0x5C, 0x68, 0x4E, 0x67, 0x6D, 0xC8, 0x85, 0x0E, 0xFC, 0x19, 0xA1, 0x7B, 0x09, 0x82, 0x3F, 0xDD,
    0x7F, 0x67, 0xCA, 0x78, 0x9C, 0xFB, 0xFB, 0x1F, 0x08, 0xCE, 0x79, 0x32, 0x30, 0x30, 0xFC, 0xFD,
    0x0F, 0x06, 0x3A, 0x70, 0xD6, 0x7F, 0x66, 0x86, 0xBF, 0xFB, 0x81, 0x12, 0x8E, 0xBF, 0xFF, 0xF3,
    0x42, 0x58, 0x0C, 0x0B, 0xFE, 0xFB, 0x43, 0x59, 0x02, 0xFF, 0xE7, 0x43, 0x59, 0x20, 0x0A, 0xCA,
    0xFA, 0x73, 0x1E, 0xC6, 0xFA, 0x07, 0x13, 0x73, 0xF8, 0x5F, 0x0F, 0x65, 0x5D, 0xFC, 0x2F, 0x07,
    0x61, 0x15, 0xFD, 0x03, 0x99, 0x0C, 0xB1, 0xC2, 0x16, 0x6E, 0x9B, 0x38, 0x88, 0x75, 0xF7, 0xEE,
    0xDD, 0x7F, 0xFF, 0xDF, 0xB3, 0x40, 0xD4, 0x09, 0x3C, 0xFD, 0x6F, 0x0F, 0xB3, 0xED, 0xDF, 0x7D,
    0x98, 0xC9, 0xDF, 0xFE, 0x33, 0x43, 0x59, 0x9F, 0xFE, 0xB3, 0x43, 0x59, 0x1F, 0xFF, 0x73, 0x60,
    0x88, 0x7D, 0xFF, 0xCF, 0x02, 0x61, 0x19, 0xFC, 0x7F, 0x0F, 0xD1, 0xAB, 0xF0, 0xE3, 0x7F, 0x3E,
    0xD0, 0x8E, 0x77, 0xEF, 0xDE, 0x01, 0xAD, 0xE3, 0x82, 0xD9, 0x5B, 0x0F, 0x75, 0xC1, 0xFD, 0x2C,
    0x46, 0x06, 0x06, 0x00, 0x83, 0x64, 0x83, 0x94, 0x78, 0x9C, 0x85, 0x8F, 0x5D, 0x0E, 0xC1, 0x50,
    0x10, 0x85, 0x4F, 0x69, 0x52, 0x22, 0x15, 0x5E, 0x48, 0x24, 0x7E, 0x1E, 0x2D, 0x83, 0x1D, 0xB0,
    0x13, 0xAC, 0xC0, 0x16, 0xAC, 0x40, 0x77, 0xC0, 0x0A, 0xE8, 0x0A, 0x88, 0x15, 0x94, 0x67, 0x92,
    0x06, 0x21, 0xE1, 0x96, 0x63, 0x3A, 0x55, 0x7D, 0x74, 0x72, 0x27, 0xF3, 0x65, 0x66, 0xEE, 0xE4,
    0x0C, 0x80, 0xF1, 0x91, 0x9B, 0x2E, 0x62, 0x4D, 0x19, 0xAB, 0x21, 0x54, 0x79, 0x29, 0x86, 0x39,
    0x60, 0xC7, 0xA0, 0x86, 0x61, 0xC4, 0x26, 0x60, 0x58, 0xD4, 0xA9, 0x39, 0x7A, 0x5C, 0xE8, 0x0F,
    0x43, 0xCB, 0x67, 0x5B, 0xF1, 0x4A, 0xE7, 0xAC, 0x7D, 0x60, 0xCF, 0xD2, 0x9D, 0xB6, 0xE2, 0x92,
    0xE5, 0x07, 0x91, 0xA8, 0x6A, 0x99, 0x10, 0xA9, 0xA2, 0x20, 0xC3, 0xED, 0x1F, 0x34, 0xD9, 0xEC,
    0x33, 0xDB, 0xF0, 0xDB, 0x0B, 0xDC, 0x98, 0xD7, 0xEC, 0xD1, 0xBD, 0xB0, 0x90, 0x7A, 0xF0, 0xD9,
    0x4A, 0x9D, 0x0D, 0xC4, 0xF3, 0xD7, 0xAF, 0x84, 0x23, 0x34, 0x8A, 0x2B, 0x07, 0xAE, 0x6D, 0xF4,
    0x0D, 0x5D, 0xA0, 0xF3, 0x26, 0xE5, 0x05, 0x96, 0xF4, 0x66, 0x7A, 0x7C, 0x72, 0xCB, 0xE4, 0xC4,
    0x55, 0x5D, 0xF2, 0x07, 0x5B, 0xBC, 0x61, 0x71, 0x78, 0x9C, 0x7D, 0xCF, 0xBD, 0x15, 0x45, 0x50,
    0x10, 0x04, 0xE0, 0x79, 0x02, 0x11, 0xE7, 0xE8, 0x80, 0x0E, 0x9E, 0x4E, 0x94, 0xA0, 0x05, 0xB9,
    0x22, 0x94, 0xA0, 0x04, 0x91, 0x58, 0xF6, 0x62, 0x1D, 0x48, 0x5E, 0x4C, 0x44, 0x76, 0x8D, 0x9F,
    0x33, 0xCB, 0x91, 0xD8, 0xE8, 0x0B, 0xF6, 0xDE, 0x9D, 0x71, 0x24, 0xA7, 0xD2, 0x03, 0xE0, 0x78,
    0x4C, 0xE3, 0x99, 0x98, 0xEF, 0xEA, 0x80, 0xA8, 0x25, 0xFD, 0x53, 0xC0, 0x9F, 0x99, 0x94, 0xAC,
    0x83, 0x84, 0x99, 0xBE, 0xD4, 0x33, 0x90, 0x0A, 0xC6, 0x52, 0xCA, 0x5C, 0x02, 0x2B, 0xD3, 0x5A,
    0x9B, 0x5C, 0xF3, 0xA6, 0x7B, 0xEF, 0x7A, 0x7B, 0xFF, 0x57, 0xF0, 0x7B, 0xDD, 0x0D, 0xA5, 0xC5,
    0xB2, 0xA4, 0xB4, 0x7C, 0xB3, 0x32, 0x47, 0xBF, 0xB3, 0x07, 0xC7, 0x51, 0xDD, 0x1E, 0x7D, 0x87,
    0xF2, 0xB3, 0xEF, 0x6E, 0xF7, 0xF5, 0x72, 0x75, 0x78, 0x9C, 0xFB, 0xFB, 0x1F, 0x02, 0xE4, 0xFF,
    0x62, 0x32, 0xF6, 0x33, 0x40, 0x00, 0xD5, 0x18, 0x10, 0x83, 0xF3, 0x91, 0x19, 0xEF, 0x40, 0x20,
    0x8E, 0x7A, 0x56, 0x20, 0xEC, 0x02, 0x9B, 0xFC, 0xCE, 0x0F, 0xE6, 0x1D, 0x7F, 0x38, 0x03, 0x00,
    0xF9, 0x44, 0x65, 0xAC, 0x78, 0x9C, 0xFB, 0xFB, 0x1F, 0x02, 0xF8, 0xFE, 0xA2, 0x33, 0x78, 0xFF,
    0xEE, 0x67, 0x80, 0x00, 0xAA, 0x31, 0x20, 0x06, 0xF3, 0x23, 0x33, 0xDE, 0x81, 0x00, 0x1F, 0xF5,
    0xAC, 0x20, 0x82, 0x01, 0x00, 0x4D, 0x51, 0x51, 0x34, 0x78, 0x9C, 0x75, 0x8F, 0x31, 0x0A, 0xC2,
    0x50, 0x10, 0x44, 0x27, 0x12, 0x44, 0x45, 0x2D, 0xED, 0xE4, 0xA7, 0xB4, 0xF0, 0x00, 0x76, 0x5A,
    0xD8, 0x9B, 0x23, 0xE4, 0x08, 0xA2, 0xD7, 0xB0, 0xD0, 0x1B, 0x78, 0x03, 0x73, 0x12, 0xED, 0x15,
    0x0C, 0x5E, 0x20, 0x31, 0x10, 0x30, 0xFA, 0x21, 0xE3, 0xDF, 0x6F, 0x7E, 0x3A, 0xA7, 0x7A, 0xB0,
    0xB3, 0xB3, 0xB3, 0x00, 0x36, 0x37, 0x9E, 0x67, 0x10, 0x1D, 0x28, 0x9A, 0x1A, 0x0A, 0x2A, 0x8B,
    0xF4, 0x81, 0x07, 0x93, 0x11, 0x16, 0x9A, 0x73, 0x40, 0xB3, 0x6B, 0x66, 0x11, 0x2F, 0x08, 0x79,
    0xB2, 0x1B, 0x25, 0xFD, 0x98, 0xCA, 0x62, 0xCE, 0x5E, 0x6E, 0xE7, 0x40, 0xCC, 0x61, 0x21, 0xAB,
    0x12, 0xB4, 0xF4, 0x4B, 0x7A, 0xA8, 0xF5, 0xA6, 0x23, 0x7C, 0xB2, 0x06, 0x75, 0xF2, 0x17, 0x63,
    0x29, 0xA1, 0x74, 0xD6, 0xA0, 0x4D, 0x38, 0xA6, 0x69, 0x45, 0xF5, 0x62, 0xCB, 0x1A, 0xD7, 0x54,
    0x05, 0xDB, 0x0E, 0x9F, 0xEC, 0x3B, 0xDC, 0x73, 0xE5, 0x30, 0x60, 0xE2, 0xD5, 0x68, 0x3A, 0x8F,
    0x7F, 0x25, 0x95, 0x64, 0x4E, 0x80, 0x6D, 0xC5, 0x81, 0x29, 0x44, 0x66, 0xE6, 0x82, 0xF8, 0x22,
    0xFB, 0x7D, 0xD6, 0x11, 0x5B, 0x78, 0xE5, 0x7D, 0x67, 0x7E, 0xF9, 0x02, 0x28, 0x2D, 0x71, 0x63,
    0x78, 0x9C, 0xFB, 0xBB, 0x9F, 0x01, 0x0C, 0x36, 0xFC, 0xE7, 0xFB, 0x4B, 0x5F, 0xE6, 0x7F, 0x18,
    0x40, 0x65, 0xBE, 0x03, 0x83, 0x7F, 0x74, 0x77, 0x0E, 0x21, 0x26, 0x00, 0xD0, 0xCC, 0x70, 0xF8,
    0x78, 0x9C, 0xFB, 0xF9, 0xFF, 0x27, 0x19, 0x10, 0x00, 0xB5, 0xFC, 0x35, 0x29, 0x78, 0x9C, 0x63,
    0x60, 0x00, 0x83, 0x1F, 0xFF, 0x19, 0x18, 0x86, 0x20, 0xEB, 0xC2, 0x5D, 0x76, 0x10, 0xEB, 0xE7,
    0x7F, 0x86, 0x07, 0xFF, 0xB9, 0x40, 0xAC, 0x3F, 0xEF, 0x19, 0x36, 0xFC, 0xE7, 0x07, 0x32, 0x04,
    0xFE, 0xAF, 0x67, 0x48, 0xF8, 0x3F, 0x1F, 0xC8, 0xDA, 0xF0, 0x3F, 0x9E, 0x81, 0xE1, 0xDF, 0x7F,
    0x2B, 0x06, 0x87, 0x3F, 0xFF, 0x79, 0x18, 0x18, 0x3E, 0xFF, 0xFF, 0xFF, 0x1E, 0x88, 0x18, 0x19,
    0x18, 0x14, 0xFE, 0xFE, 0x07, 0x02, 0x69, 0x90, 0x36, 0x87, 0x9B, 0xFF, 0xEE, 0x59, 0x02, 0x69,
    0x00, 0x72, 0xF8, 0x48, 0x0C, 0x78, 0x9C, 0x35, 0xCF, 0xDD, 0x0D, 0x41, 0x41, 0x14, 0x04, 0xE0,
    0x71, 0x25, 0x84, 0x44, 0xA2, 0x01, 0x89, 0x0A, 0x2E, 0x3A, 0xD1, 0x01, 0x1D, 0x68, 0x41, 0x07,
    0x74, 0x40, 0x09, 0x3A, 0xA0, 0x03, 0x3A, 0x90, 0x78, 0x97, 0x4D, 0x84, 0xF8, 0xDD, 0x8C, 0xB3,
    0x7B, 0x66, 0xCF, 0xD3, 0xF7, 0x34, 0x33, 0x27, 0xEE, 0x91, 0x6E, 0xC7, 0x0D, 0xA2, 0xF3, 0xC3,
    0xAE, 0xB8, 0xE4, 0x11, 0xE2, 0x93, 0x03, 0x71, 0xCA, 0xD0, 0x10, 0xEF, 0xAC, 0xE1, 0x1C, 0x93,
    0x4D, 0xF1, 0xC2, 0x19, 0x9C, 0xFD, 0xC8, 0x96, 0x78, 0xE0, 0x0A, 0xE2, 0xD7, 0xE2, 0x9D, 0x6B,
    0x7A, 0xA1, 0xF1, 0x95, 0x9A, 0x32, 0x69, 0xD7, 0x29, 0xBC, 0x7A, 0x96, 0x31, 0x4C, 0xC8, 0xCA,
    0x59, 0xDB, 0x98, 0x5E, 0x66, 0xA8, 0xB0, 0xB5, 0xDD, 0x2A, 0x86, 0xD7, 0x65, 0xDE, 0x38, 0x2A,
    0x9C, 0xF3, 0x5C, 0x88, 0x77, 0xEA, 0x76, 0x9E, 0xB8, 0x28, 0x1C, 0xA6, 0xF1, 0x7A, 0xFE, 0x61,
    0x7F, 0x8A, 0x69, 0x9E, 0x88, 0x1F, 0xDB, 0x7F, 0xC4, 0xCB, 0x6E, 0x03, 0x78, 0x9C, 0xFB, 0xBB,
    0x9F, 0x01, 0x02, 0xFE, 0x0E, 0x33, 0xC6, 0xFF, 0x77, 0x60, 0xC0, 0xFE, 0xF7, 0x3F, 0x04, 0x70,
    0xC0, 0x19, 0x00, 0xF1, 0x32, 0x41, 0x34, 0x78, 0x9C, 0x4D, 0xCC, 0xC1, 0x0D, 0x82, 0x40, 0x10,
    0x85, 0xE1, 0x89, 0x89, 0xC6, 0x44, 0xA3, 0x74, 0xE2, 0x76, 0xE0, 0xCD, 0x9B, 0x89, 0x56, 0x20,
    0x1D, 0x48, 0x07, 0xD0, 0x01, 0x74, 0x40, 0x09, 0x96, 0xB0, 0x96, 0x60, 0x07, 0xDA, 0x01, 0x9B,
    0xA8, 0x7B, 0x40, 0xC8, 0x73, 0x86, 0xD9, 0x45, 0xE7, 0xF6, 0x25, 0xF3, 0xFE, 0x1E, 0x2B, 0x0A,
    0xD7, 0x61, 0xDD, 0xE3, 0x14, 0x60, 0x20, 0xB2, 0x41, 0xD5, 0x20, 0x4C, 0x54, 0x4E, 0x35, 0x57,
    0x79, 0x51, 0x13, 0x33, 0xDD, 0x9D, 0x55, 0x86, 0x8C, 0x41, 0xCE, 0x3A, 0x7F, 0x6C, 0x88, 0xEC,
    0x59, 0xF9, 0x5B, 0x33, 0x0E, 0x3B, 0xD1, 0x43, 0x33, 0x1E, 0x47, 0xD9, 0x15, 0x9A, 0xE9, 0xEA,
    0x83, 0x28, 0x19, 0x32, 0x06, 0xDB, 0x94, 0x55, 0xD3, 0x90, 0xA9, 0xB0, 0x54, 0xBD, 0x24, 0xE3,
    0x30, 0xCB, 0x58, 0x17, 0xBA, 0x49, 0xC6, 0x83, 0x54, 0x99, 0x64, 0xF8, 0xA7, 0x60, 0x59, 0x92,
    0x8C, 0xC1, 0x26, 0x88, 0x5A, 0x2B, 0x91, 0x28, 0xCE, 0x38, 0x4C, 0xA3, 0x38, 0xE3, 0x1B, 0x8A,
    0xE2, 0x4C, 0x5F, 0x8E, 0x4A, 0x50, 0x73, 0x24, 0x8A, 0x5A, 0x60, 0xF1, 0xD3, 0x13, 0x1C, 0x19,
    0x75, 0x05, 0x47, 0x46, 0xA5, 0x28, 0xFF, 0x44, 0x12, 0x11, 0x7D, 0x01, 0xF8, 0x3C, 0xA3, 0x38,
    0x78, 0x9C, 0x45, 0xCA, 0xBB, 0x11, 0x40, 0x50, 0x14, 0x45, 0xD1, 0x2B, 0xF2, 0x9B, 0x51, 0x83,
    0x0E, 0xE8, 0x80, 0x0E, 0xE8, 0x40, 0x6B, 0x32, 0x65, 0xD0, 0x01, 0x1D, 0xA0, 0x02, 0x99, 0xDF,
    0x8C, 0x39, 0x9E, 0xC7, 0x71, 0x77, 0xB4, 0x82, 0x7D, 0xC1, 0x91, 0xA7, 0x1A, 0xD1, 0x85, 0x50,
    0x59, 0x29, 0x17, 0xE7, 0x27, 0x02, 0x65, 0x41, 0x8E, 0x58, 0xC8, 0x76, 0x85, 0x4F, 0x76, 0xF6,
    0xB0, 0x8C, 0x31, 0x92, 0xB2, 0x3D, 0xC7, 0xCB, 0x0E, 0x19, 0x69, 0x8F, 0x97, 0xB2, 0xC3, 0x23,
    0x07, 0x73, 0x7C, 0x4C, 0xD1, 0x93, 0xE6, 0x70, 0xC9, 0x01, 0x09, 0x69, 0x0E, 0x52, 0x0E, 0x34,
    0xE4, 0x84, 0x9E, 0xCC, 0x01, 0x52, 0x4E, 0xE5, 0xAC, 0x2C, 0x95, 0xE6, 0xF8, 0x39, 0x23, 0xBA,
    0x01, 0x85, 0x9F, 0x84, 0xEC, 0x78, 0x9C, 0x63, 0x60, 0x60, 0x48, 0x7C, 0xFD, 0x7F, 0x9F, 0x38,
    0x03, 0x08, 0x34, 0xFC, 0x07, 0x01, 0x4E, 0x20, 0x4B, 0xE0, 0x0F, 0x98, 0x79, 0x9F, 0x89, 0x81,
    0xE1, 0xC0, 0xFF, 0xF7, 0x16, 0x82, 0xC5, 0xFF, 0xFE, 0xCB, 0x31, 0x30, 0xFC, 0xFC, 0x2F, 0x0D,
    0x94, 0x9B, 0xF0, 0xFF, 0x3C, 0x83, 0x01, 0x10, 0x83, 0xC0, 0xAF, 0xFF, 0xAC, 0x0B, 0xFE, 0xEB,
    0x83, 0x99, 0x0F, 0xFF, 0xF3, 0x7C, 0xF8, 0xCF, 0x05, 0x35, 0x47, 0xFF, 0xEB, 0x7F, 0x16, 0x30,
    0x53, 0xE1, 0x7F, 0xFE, 0x8F, 0xFF, 0x0C, 0x10, 0xF0, 0x6F, 0xFD, 0xAF, 0xF7, 0x50, 0xE6, 0x9F,
    0xF3, 0x7F, 0xCE, 0x43, 0x99, 0xBF, 0xEF, 0xFF, 0xD9, 0x0F, 0x65, 0xFE, 0x7A, 0xFF, 0x17, 0xC1,
    0x44, 0x12, 0x45, 0x52, 0x8B, 0x64, 0x02, 0x92, 0xB9, 0x08, 0xDB, 0xEA, 0x3F, 0x42, 0xDD, 0x50,
    0xF0, 0x5F, 0x1F, 0xE6, 0xB2, 0x07, 0xFF, 0x79, 0x60, 0xEE, 0xFD, 0xF9, 0x9F, 0x15, 0xEA, 0x8B,
    0x06, 0x90, 0x08, 0xD8, 0x6F, 0x49, 0x7F, 0xFF, 0xEB, 0xC1, 0x7D, 0xFC, 0x9E, 0x09, 0x1E, 0x0E,
    0x52, 0x60, 0x1D, 0xA0, 0xD0, 0x51, 0x07, 0xD2, 0x00, 0x47, 0x8C, 0x71, 0xD0, 0x78, 0x9C, 0xFB,
    0xFB, 0x1F, 0x08, 0xDE, 0xF7, 0x30, 0x33, 0x30, 0xFC, 0xFD, 0x0F, 0x06, 0xFB, 0x99, 0x60, 0xAC,
    0xFF, 0xF6, 0x0C, 0x7F, 0xF7, 0x33, 0x30, 0x30, 0x08, 0x1C, 0xFD, 0xFF, 0x9E, 0x11, 0xCC, 0x62,
    0x60, 0xF8, 0xF9, 0x9F, 0x0B, 0xCA, 0x3A, 0xF0, 0x5F, 0x1E, 0xCA, 0x0A, 0xF8, 0x1F, 0x0F, 0x65,
    0x09, 0xFC, 0xAF, 0x87, 0xB2, 0x18, 0xFE, 0xF7, 0x63, 0x88, 0x39, 0xC0, 0xD5, 0x6D, 0x80, 0xEB,
    0xFD, 0xFE, 0x9F, 0x1B, 0x66, 0xC7, 0x7F, 0x26, 0x98, 0xBD, 0xFE, 0x30, 0x17, 0x9C, 0x07, 0xB9,
    0xE5, 0xDD, 0xBB, 0x77, 0xF7, 0xAA, 0x41, 0xEE, 0x83, 0x9A, 0x4C, 0x4B, 0x16, 0x00, 0x8C, 0xAF,
    0x66, 0x3E, 0x78, 0x9C, 0x6D, 0x90, 0x31, 0x0E, 0x82, 0x40, 0x10, 0x45, 0x47, 0x28, 0x54, 0x12,
    0xA3, 0x36, 0x96, 0x8A, 0x95, 0x47, 0xB0, 0xF5, 0x06, 0x70, 0x03, 0xEF, 0xA0, 0x07, 0xA0, 0xF0,
    0x00, 0xEA, 0x09, 0xE4, 0x06, 0x84, 0x0B, 0xC8, 0x11, 0xF0, 0x06, 0x84, 0xC4, 0xC4, 0xC2, 0x82,
    0x44, 0x0B, 0x0B, 0x60, 0xBF, 0xBB, 0xC3, 0xAE, 0x50, 0xF8, 0xAB, 0x97, 0xD9, 0x9D, 0x99, 0xFF,
    0x87, 0x88, 0x76, 0x4F, 0x5C, 0x67, 0xA4, 0x74, 0x82, 0xD2, 0x40, 0x92, 0x5B, 0x33, 0xA6, 0x3D,
    0xA2, 0x1C, 0xC5, 0x7A, 0x79, 0x10, 0x18, 0x11, 0x55, 0x18, 0xCA, 0xB7, 0x18, 0x17, 0xF2, 0x11,
    0x71, 0x47, 0x05, 0xEB, 0x86, 0x39, 0xE3, 0x0B, 0xCE, 0x1B, 0x7D, 0xC6, 0x10, 0xE3, 0x0F, 0x2C,
    0x46, 0x1F, 0x5E, 0x59, 0x30, 0xD1, 0x04, 0x41, 0x9D, 0x34, 0x48, 0x22, 0x12, 0x91, 0xC6, 0x3A,
    0x91, 0xF3, 0x1A, 0x55, 0xE9, 0x7F, 0xEC, 0xFC, 0xED, 0x4C, 0x68, 0xE7, 0x1E, 0xCD, 0xB6, 0x0D,
    0xBC, 0xD6, 0xC3, 0xA2, 0xE3, 0xCC, 0xF8, 0x2D, 0x61, 0xEB, 0x14, 0xA1, 0xAA, 0xE4, 0xC8, 0x56,
    0xD3, 0x3D, 0x67, 0x73, 0xC5, 0x2F, 0x31, 0x9D, 0x19, 0x03, 0xEE, 0x50, 0xD7, 0x01, 0x1C, 0xBD,
    0x95, 0xEE, 0xC8, 0x2C, 0x8D, 0xF2, 0x46, 0x5B, 0x53, 0x0E, 0xE1, 0x19, 0xA4, 0x87, 0x4D, 0xAD,
    0xBE, 0x58, 0x53, 0x7A, 0xC5, 0x78, 0x9C, 0x65, 0xCE, 0xC1, 0x09, 0xC2, 0x40, 0x10, 0x85, 0xE1,
    0xC1, 0x88, 0x11, 0x41, 0xF0, 0xEC, 0xC5, 0x0E, 0x6C, 0x41, 0x4B, 0x88, 0x47, 0x2F, 0x5A, 0x82,
    0x29, 0xC5, 0x0E, 0x52, 0xCA, 0x76, 0xA0, 0x76, 0x20, 0x36, 0xB0, 0x21, 0x2A, 0xA2, 0x41, 0xF6,
    0x4F, 0xE2, 0xCE, 0xE4, 0xE2, 0x3B, 0x7D, 0x30, 0xCC, 0xCC, 0x0B, 0xB4, 0x39, 0x6D, 0x45, 0x24,
    0xF0, 0xCB, 0xAE, 0x17, 0xA9, 0x04, 0xD7, 0x0E, 0xD6, 0x35, 0xFB, 0x28, 0xC9, 0xB8, 0xAA, 0xE4,
    0x43, 0xA2, 0x7A, 0x30, 0x52, 0x55, 0x8C, 0xFF, 0xF4, 0xEC, 0xA7, 0x35, 0x83, 0xA8, 0x1C, 0x17,
    0xAF, 0x6C, 0xBE, 0x2C, 0xED, 0x5B, 0x99, 0x98, 0xE6, 0x5D, 0x03, 0xEF, 0x3D, 0x45, 0xD7, 0xCA,
    0xC5, 0x4D, 0xD5, 0x9D, 0x89, 0xEA, 0xC8, 0x4A, 0x35, 0xE3, 0xAC, 0x92, 0x37, 0x43, 0xD5, 0x8D,
    0xA9, 0xD8, 0xB7, 0x83, 0x75, 0x0E, 0xA5, 0xE9, 0x45, 0xAA, 0xBA, 0xB0, 0x50, 0x65, 0x14, 0x0D,
    0xD0, 0x44, 0x79, 0xCA, 0x78, 0x9C, 0x3D, 0x8F, 0x3F, 0x0E, 0x01, 0x41, 0x18, 0xC5, 0xBF, 0xC5,
    0xEA, 0xC4, 0x56, 0x4A, 0x51, 0x4A, 0x14, 0x88, 0x03, 0x70, 0x03, 0x9C, 0x80, 0x23, 0x6C, 0xD4,
    0x22, 0x6E, 0xB0, 0x0A, 0xBD, 0x4A, 0x29, 0x1B, 0x8D, 0x12, 0x57, 0x70, 0x82, 0xAD, 0xE8, 0x64,
    0x35, 0xC2, 0xFE, 0xC9, 0x3E, 0x6F, 0x76, 0x66, 0xBD, 0x66, 0x7E, 0x99, 0x79, 0x6F, 0xBE, 0xF7,
    0x89, 0xC8, 0xFE, 0x89, 0x83, 0x2D, 0x4A, 0x77, 0x50, 0x41, 0x85, 0xB4, 0x41, 0x2E, 0x8F, 0xF8,
    0xC1, 0xAA, 0x24, 0x8B, 0x0C, 0x55, 0x71, 0x10, 0x58, 0xBC, 0xB8, 0xA1, 0x2B, 0x73, 0x8C, 0x55,
    0xA0, 0x87, 0x1D, 0xAD, 0xF5, 0x3C, 0x9C, 0x06, 0x7F, 0x8C, 0x20, 0xAE, 0x36, 0x48, 0x7F, 0x40,
    0x53, 0x58, 0x12, 0xA3, 0x18, 0x9E, 0x65, 0xF0, 0x0A, 0x5C, 0x1A, 0x86, 0x23, 0xCE, 0x5A, 0xEA,
    0x87, 0x56, 0x4C, 0xF6, 0x75, 0xC0, 0x39, 0x91, 0x67, 0xC6, 0x33, 0x4D, 0xC0, 0x0E, 0x5A, 0x4E,
    0x84, 0x61, 0xF1, 0xE5, 0x04, 0xBE, 0x9A, 0xA2, 0x3B, 0x84, 0xAC, 0xAB, 0xB3, 0x5F, 0xC8, 0x1B,
    0x76, 0x81, 0x2F, 0xD4, 0x0A, 0xC3, 0x9A, 0x7E, 0xCA, 0x65, 0x75, 0x49, 0xD5, 0x6E, 0xA3, 0x04,
    0x4D, 0x91, 0x23, 0x47, 0x65, 0x40, 0x58, 0xE6, 0xDB, 0x23, 0x5F, 0xBE, 0x93, 0x27, 0xB6, 0x29,
    0xCE, 0x6D, 0x9E, 0x3F, 0x9B, 0x88, 0x6B, 0x16, 0x78, 0x9C, 0xFB, 0xF8, 0x1F, 0x06, 0xCE, 0x7F,
    0xC4, 0xC6, 0xDC, 0xCF, 0x00, 0x04, 0x09, 0xFF, 0xF5, 0x19, 0xA0, 0x60, 0xC4, 0x32, 0x01, 0x92,
    0xDE, 0x45, 0x66, 0x78, 0x9C, 0xFB, 0xF6, 0x9F, 0x89, 0x01, 0x04, 0xBE, 0xFD, 0x67, 0xFA, 0x36,
    0x74, 0x99, 0x5F, 0xA1, 0xCC, 0xEF, 0xFF, 0x19, 0xBF, 0xFC, 0x67, 0x01, 0x33, 0x7F, 0xFE, 0x67,
    0xF8, 0xF8, 0x9F, 0x03, 0xCC, 0xFC, 0x7B, 0x9F, 0xE1, 0xC0, 0x7F, 0x39, 0x10, 0xCB, 0xE1, 0x7F,
    0x3F, 0x43, 0xC0, 0xFF, 0xFD, 0x20, 0xE6, 0xA3, 0xFF, 0xF2, 0x0C, 0x0C, 0xBF, 0xFF, 0xE7, 0x32,
    0x32, 0x34, 0xFD, 0xFF, 0xCF, 0xC6, 0x00, 0x54, 0xF1, 0xFF, 0xFF, 0xBF, 0xFF, 0xFF, 0xEB, 0x41,
    0x72, 0x3F, 0x80, 0xEC, 0xFF, 0xF7, 0xC1, 0xE6, 0x08, 0x2C, 0xFB, 0xFB, 0x7E, 0x0E, 0x88, 0x05,
    0x00, 0x8D, 0x5D, 0x6F, 0x65, 0x78, 0x9C, 0x35, 0xD0, 0xDB, 0x11, 0x82, 0x30, 0x10, 0x05, 0xD0,
    0xF5, 0x85, 0x2F, 0x54, 0x3A, 0xB0, 0x04, 0xE8, 0x40, 0x3A, 0xD0, 0x0E, 0xB4, 0x03, 0xED, 0x40,
    0x3A, 0xD0, 0x0E, 0xB4, 0x03, 0xE8, 0x00, 0x3B, 0xD0, 0x0E, 0xA0, 0x03, 0x54, 0x18, 0x51, 0x14,
    0xAE, 0x59, 0x96, 0xE4, 0x23, 0x7B, 0x66, 0x92, 0x6C, 0xEE, 0x6C, 0x86, 0x01, 0xD5, 0x6B, 0x83,
    0x43, 0x8C, 0xA9, 0x38, 0x80, 0xED, 0x61, 0x29, 0x7E, 0xC0, 0x74, 0x70, 0x12, 0xBF, 0x60, 0x50,
    0x99, 0x88, 0x7F, 0x20, 0xCA, 0xD1, 0x65, 0x5A, 0xF0, 0xF9, 0xDE, 0x88, 0xBD, 0xE3, 0x77, 0x01,
    0x66, 0xEC, 0x0B, 0xF7, 0x5B, 0x61, 0xCD, 0x7E, 0xD6, 0xFF, 0x54, 0x3E, 0x3B, 0x47, 0x5B, 0xED,
    0x1F, 0xB0, 0xCB, 0x2B, 0xEF, 0x29, 0x7A, 0x44, 0x0E, 0xB6, 0xEC, 0x1B, 0xC6, 0x44, 0x1E, 0xE6,
    0xD2, 0x4D, 0x95, 0x58, 0x3A, 0x5B, 0x7C, 0x9C, 0xCA, 0x8F, 0xF4, 0x0D, 0x55, 0x83, 0x44, 0xA7,
    0x6A, 0x51, 0xD5, 0x24, 0xBC, 0xC3, 0x70, 0xB1, 0x10, 0x9F, 0x61, 0x1E, 0x31, 0x11, 0xBB, 0xB0,
    0x63, 0xF4, 0xC5, 0x54, 0xED, 0x33, 0xF5, 0x44, 0xD6, 0x3B, 0x2A, 0xC2, 0x86, 0x2A, 0xA3, 0x64,
    0x95, 0xEC, 0x7A, 0x18, 0x3C, 0x1A, 0x0C, 0xB5, 0x2D, 0xA0, 0xA3, 0x4D, 0x45, 0x54, 0x97, 0x3F,
    0x6A, 0x25, 0x5B, 0xE2, 0x78, 0x9C, 0x25, 0x91, 0x8D, 0x75, 0x82, 0x40, 0x10, 0x84, 0x27, 0x3F,
    0x44, 0x13, 0x4D, 0xA0, 0x03, 0xD3, 0x41, 0xD2, 0x81, 0x76, 0x80, 0x1D, 0x68, 0x07, 0xA6, 0x83,
    0xD8, 0x01, 0x74, 0xA0, 0x1D, 0x98, 0x0E, 0xB4, 0x03, 0xEC, 0x00, 0x53, 0x81, 0x46, 0x0D, 0x10,
    0x04, 0x27, 0xB3, 0x77, 0xBC, 0x77, 0xF7, 0xCD, 0x83, 0xBB, 0x9D, 0xD9, 0xA5, 0xC9, 0x60, 0x4F,
    0xB5, 0x76, 0x68, 0xB2, 0x8A, 0x4E, 0xB4, 0x1E, 0x4C, 0xCE, 0xBC, 0x17, 0x23, 0x3A, 0x8C, 0x18,
    0x1F, 0xD8, 0x91, 0x98, 0x92, 0x5D, 0xE1, 0x83, 0xE1, 0x86, 0x3D, 0x89, 0x25, 0xF9, 0x2C, 0x7C,
    0xB1, 0x3F, 0x67, 0x28, 0x71, 0xE0, 0x75, 0x20, 0xEC, 0xD8, 0x1D, 0x71, 0x28, 0x71, 0xCE, 0xEB,
    0x99, 0x70, 0x64, 0x10, 0xD1, 0x44, 0xB5, 0x2A, 0x56, 0x42, 0xC1, 0x1B, 0xB4, 0x26, 0xDA, 0xC9,
    0x71, 0x2F, 0xFC, 0xE5, 0x5A, 0x7B, 0xB3, 0x1B, 0x6C, 0x79, 0xA7, 0xD7, 0x0B, 0xE0, 0x57, 0x67,
    0xA6, 0xEC, 0xA7, 0xF2, 0x8D, 0x38, 0x01, 0x7E, 0x18, 0xC8, 0xAE, 0x33, 0x62, 0x5F, 0x71, 0x64,
    0xB2, 0xE5, 0xA3, 0x7C, 0x6E, 0x21, 0x3D, 0xB7, 0x10, 0xA9, 0xB6, 0x93, 0xEA, 0x5C, 0x26, 0xD8,
    0xE8, 0x13, 0xC6, 0x0A, 0x54, 0xA9, 0x4E, 0xB9, 0x50, 0xAA, 0x00, 0x78, 0x65, 0x8C, 0x26, 0x56,
    0x96, 0x3D, 0x4E, 0xBA, 0x06, 0x5C, 0x93, 0xC8, 0x32, 0xAB, 0x46, 0x61, 0x19, 0x50, 0xAF, 0xC7,
    0xD6, 0x93, 0x0C, 0x6B, 0x8B, 0xA6, 0x90, 0x4B, 0x3E, 0x58, 0x9D, 0x5E, 0x6B, 0xD1, 0xD5, 0xC4,
    0xB7, 0x22, 0x69, 0x36, 0x21, 0xDF, 0xE0, 0x9A, 0x2C, 0x72, 0xE3, 0x65, 0xC6, 0x17, 0xB8, 0x59,
    0x34, 0x89, 0xB1, 0xCC, 0xF8, 0x04, 0x3F, 0xAB, 0xA1, 0xBF, 0x67, 0x65, 0x80, 0x77, 0xFA, 0x73,
    0x3B, 0x5A, 0x8B, 0x56, 0xC8, 0x9F, 0x4B, 0xE9, 0x67, 0x8E, 0x8B, 0xC5, 0x34, 0x43, 0xFF, 0x4F,
    0x50, 0x3A, 0x3B, 0x75, 0xFF, 0xA9, 0xFD, 0x1F, 0xD2, 0x27, 0xA0, 0x7B, 0x78, 0x9C, 0x35, 0x8F,
    0xDD, 0x11, 0xC1, 0x50, 0x10, 0x85, 0x97, 0x10, 0x7F, 0x93, 0x8C, 0x0A, 0xD0, 0x01, 0x1D, 0xD0,
    0x01, 0x25, 0x78, 0xF0, 0x4E, 0x07, 0x3C, 0x79, 0x4D, 0x3A, 0xA0, 0x83, 0xE8, 0x80, 0x0E, 0xA2,
    0x03, 0xD2, 0x00, 0xE3, 0x27, 0x19, 0x31, 0x89, 0x63, 0x77, 0x6F, 0xB2, 0x33, 0x77, 0xEE, 0x77,
    0xEF, 0xEE, 0x39, 0xBB, 0x9B, 0xA0, 0x43, 0x12, 0x67, 0x4C, 0x4F, 0x58, 0x2A, 0x7E, 0xD0, 0x1E,
    0xE0, 0x5E, 0x61, 0xD2, 0x8B, 0x9F, 0x8C, 0x9A, 0xE4, 0x22, 0xC6, 0x44, 0x24, 0x23, 0x5C, 0x88,
    0xBA, 0x3F, 0x54, 0xF9, 0x23, 0x45, 0x93, 0xF6, 0x58, 0x8B, 0xF6, 0x8A, 0x21, 0xBD, 0xE1, 0x08,
    0x4E, 0x10, 0x52, 0x0E, 0x4B, 0x2D, 0xBF, 0xD8, 0xC2, 0x53, 0xA2, 0x08, 0x80, 0x6B, 0x70, 0xCE,
    0x58, 0x33, 0x48, 0x19, 0x82, 0x82, 0x28, 0xC6, 0xB8, 0xC4, 0x9C, 0x3D, 0x4C, 0x6C, 0xB8, 0xD6,
    0x36, 0xF8, 0xC2, 0x0D, 0xFD, 0x32, 0xBF, 0xC0, 0x51, 0x69, 0xC5, 0xFA, 0x0C, 0x75, 0xC1, 0x27,
    0x7A, 0x7A, 0xD4, 0xD5, 0x66, 0x65, 0xA0, 0xBD, 0x42, 0xAD, 0xE7, 0x7E, 0x0F, 0x9E, 0x51, 0x5C,
    0x5C, 0x99, 0xAB, 0xC1, 0xE8, 0x63, 0x47, 0x33, 0xD9, 0x47, 0x37, 0xB2, 0xA2, 0xA2, 0x7F, 0x0C,
    0x27, 0x45, 0x4B, 0xF1, 0x00, 0xEF, 0x0F, 0x23, 0x27, 0x69, 0x33, 0x78, 0x9C, 0xBD, 0xCF, 0x8D,
    0x0D, 0x01, 0x41, 0x10, 0x86, 0xE1, 0x8F, 0x23, 0xFE, 0x13, 0x0D, 0x08, 0x1D, 0x28, 0x81, 0x0E,
    0x28, 0x41, 0x07, 0xAE, 0x03, 0x3A, 0xA1, 0x03, 0x3A, 0x50, 0xC2, 0x5D, 0x07, 0x74, 0x70, 0x91,
    0x4B, 0xEE, 0x08, 0xEE, 0xB5, 0xB3, 0x8B, 0x12, 0x7C, 0xC9, 0x4E, 0x9E, 0x64, 0xB2, 0x33, 0xBB,
    0x25, 0x1D, 0xF9, 0xBC, 0x88, 0x52, 0xA6, 0x9E, 0x4B, 0x0E, 0xFE, 0x58, 0x52, 0xC6, 0xD2, 0x93,
    0xBA, 0xB9, 0xA0, 0x2D, 0xE5, 0x74, 0xCD, 0x55, 0x56, 0x93, 0x8E, 0xCC, 0x1C, 0x63, 0x36, 0xAE,
    0x4E, 0x38, 0xB9, 0x7A, 0x61, 0x60, 0xDD, 0x3B, 0x91, 0x54, 0xD2, 0x34, 0x5F, 0xE9, 0x6B, 0x58,
    0x25, 0x7E, 0x5A, 0xCC, 0x42, 0x5B, 0x7F, 0xC9, 0x46, 0x24, 0xAE, 0xD7, 0x0B, 0x2E, 0x68, 0xDC,
    0xC2, 0x12, 0x5B, 0x39, 0x62, 0x17, 0xA8, 0x39, 0x67, 0x7B, 0x40, 0xC8, 0x03, 0x5A, 0x5F, 0xE7,
    0x64, 0x5F, 0x6A, 0xCF, 0xFA, 0xE7, 0xD5, 0xE7, 0x0F, 0xFF, 0xF4, 0x1B, 0x9F, 0x74, 0x4C, 0xB7,
    0x78, 0x9C, 0xFB, 0xF4, 0x1F, 0x0A, 0xD6, 0x33, 0x7C, 0xC2, 0xC2, 0x9C, 0xCF, 0x00, 0x05, 0x0F,
    0xFF, 0xCB, 0xC3, 0x98, 0xBF, 0xFE, 0xB3, 0x42, 0x59, 0x01, 0x40, 0xA5, 0x50, 0xF0, 0xF1, 0xBF,
    0x1C, 0x8C, 0xF9, 0xFB, 0x3F, 0x0B, 0x94, 0x55, 0x80, 0xD0, 0xFF, 0xE9, 0x3F, 0x2F, 0x8C, 0xF9,
    0xE7, 0x3F, 0x33, 0x94, 0xD5, 0xF0, 0xBF, 0x1F, 0x26, 0xF8, 0xF9, 0x3F, 0x0F, 0x8C, 0xF9, 0xF7,
    0x3F, 0x13, 0x94, 0x35, 0xE1, 0x7F, 0x3D, 0x4C, 0xF0, 0x0B, 0x5C, 0x5E, 0xE0, 0xDF, 0x7F, 0x46,
    0x28, 0x73, 0xC1, 0xFF, 0x78, 0x98, 0xFC, 0xD7, 0xFF, 0x5C, 0x30, 0xF9, 0xFF, 0xEF, 0x61, 0xF2,
    0x1B, 0xFE, 0xFB, 0xC3, 0xE4, 0xBF, 0xFF, 0xE7, 0x84, 0xB2, 0x14, 0xFE, 0xDF, 0x87, 0x09, 0x1E,
    0xF8, 0x6F, 0x8F, 0xD0, 0xFF, 0xFE, 0x1D, 0x04, 0x30, 0x7F, 0x83, 0x79, 0xFE, 0x3F, 0x0B, 0x12,
    0x13, 0x00, 0x48, 0x34, 0x64, 0x30, 0x78, 0x9C, 0xFB, 0xF2, 0xFF, 0xFF, 0xFE, 0x2F, 0x60, 0x7C,
    0x77, 0xEE, 0x97, 0xFF, 0x4C, 0x0C, 0x03, 0x87, 0x41, 0xF6, 0x43, 0xDC, 0x02, 0x00, 0x32, 0x43,
    0x52, 0x4A, 0x78, 0x9C, 0xFB, 0xF8, 0x9F, 0x99, 0x01, 0x04, 0x16, 0xFC, 0xE7, 0x04, 0xD3, 0x0E,
    0xFF, 0xF9, 0xC1, 0x34, 0xC3, 0xBF, 0x7C, 0x08, 0xFD, 0xE3, 0x3C, 0x84, 0xFE, 0xF8, 0x9F, 0x09,
    0x4C, 0x6F, 0xF8, 0xCF, 0x01, 0xA6, 0x03, 0xFE, 0xF3, 0x41, 0x15, 0xC6, 0x43, 0x15, 0xEE, 0x87,
    0xD0, 0x9F, 0xFE, 0x33, 0x82, 0xE9, 0x03, 0xFF, 0xD9, 0xC1, 0x74, 0xC2, 0x7F, 0x5E, 0x88, 0xC4,
    0x7F, 0x7F, 0x08, 0xFD, 0x73, 0x3D, 0x84, 0xFE, 0x0C, 0x55, 0x78, 0xE1, 0x3F, 0x1B, 0x98, 0x2E,
    0x80, 0x2A, 0x14, 0xF8, 0x6F, 0x0F, 0x51, 0xF0, 0x6B, 0x3E, 0x84, 0xFE, 0xF2, 0x1F, 0x42, 0x3F,
    0x80, 0x2A, 0x6C, 0xF8, 0xCF, 0x03, 0x55, 0xA8, 0x0F, 0x91, 0xF8, 0xDD, 0x0F, 0xA1, 0xBF, 0xBE,
    0x87, 0x29, 0x64, 0x85, 0x2A, 0xE4, 0x06, 0xD3, 0x0A, 0xFF, 0xE5, 0x01, 0xAF, 0x36, 0x2F, 0x38,
    0x78, 0x9C, 0xFB, 0xFB, 0xFF, 0xBF, 0xFD, 0x5F, 0x20, 0xBE, 0x75, 0xF7, 0xBF, 0x3D, 0x83, 0xC3,
    0xC0, 0x61, 0x90, 0xFD, 0x7F, 0xA1, 0x6E, 0x01, 0x00, 0xE1, 0x15, 0x41, 0x15, 0x78, 0x9C, 0x63,
    0x60, 0x28, 0xF8, 0xCF, 0xC2, 0x00, 0x04, 0x0F, 0xFE, 0x73, 0x83, 0xA8, 0xAF, 0xFF, 0xF5, 0x41,
    0xD4, 0x9F, 0xFF, 0xF3, 0x81, 0xA4, 0xC1, 0xFF, 0x7F, 0xFF, 0x81, 0xD4, 0x84, 0xFF, 0x3B, 0xFE,
    0xB3, 0x31, 0x30, 0x7C, 0xFC, 0xEF, 0xF8, 0x9F, 0x97, 0x81, 0xE1, 0xFB, 0x7A, 0x86, 0xBF, 0xFE,
    0x0C, 0x0C, 0xFF, 0xFC, 0x19, 0xBE, 0xEF, 0x67, 0x08, 0x00, 0x8A, 0x7C, 0xF8, 0xCF, 0xB4, 0x01,
    0x28, 0x3F, 0xE1, 0x3F, 0xC7, 0x27, 0xA0, 0x6A, 0x85, 0xFF, 0xFC, 0x3F, 0x41, 0x7A, 0xFF, 0xE4,
    0x03, 0x00, 0x04, 0x8B, 0x24, 0x80, 0x78, 0x9C, 0xFB, 0xF7, 0x1F, 0x02, 0xE4, 0xFF, 0xC1, 0x18,
    0xA7, 0xCF, 0x40, 0x00, 0x0F, 0x00, 0x55, 0x63, 0x16, 0x98, 0x78, 0x9C, 0xFB, 0xFE, 0x9F, 0x93,
    0xA1, 0xE1, 0x7F, 0x3E, 0x03, 0xC3, 0x8F, 0xFF, 0xCC, 0x0C, 0x13, 0xFE, 0xCB, 0x31, 0x30, 0xBC,
    0x8A, 0x06, 0x00, 0x65, 0x5A, 0x08, 0xDA, 0x78, 0x9C, 0x4D, 0x8D, 0x31, 0x0E, 0x82, 0x50, 0x10,
    0x44, 0x1F, 0x6A, 0x41, 0x49, 0x6D, 0xE5, 0x4D, 0xBC, 0x82, 0x17, 0xB0, 0xF1, 0x12, 0x94, 0x98,
    0xD8, 0x92, 0x68, 0x63, 0x67, 0xE2, 0x01, 0xEC, 0x2C, 0xBC, 0x06, 0x24, 0x1E, 0xC0, 0xCA, 0x0A,
    0x92, 0x9F, 0x18, 0x49, 0x88, 0xC0, 0x1F, 0x17, 0xA1, 0x70, 0x9A, 0x7D, 0xC5, 0x9B, 0x59, 0xD8,
    0x95, 0x2E, 0x9D, 0x00, 0x57, 0x59, 0xF6, 0xB0, 0xF0, 0x7A, 0x94, 0x52, 0x48, 0xAE, 0x04, 0xEE,
    0x5A, 0x52, 0x69, 0x06, 0x91, 0xCE, 0xDC, 0x2E, 0xE6, 0xF1, 0xC9, 0x18, 0x52, 0xBB, 0x7F, 0x38,
    0x5A, 0x49, 0x06, 0xCF, 0x7E, 0xC7, 0x60, 0x2B, 0x9D, 0xE2, 0xB8, 0x71, 0xBC, 0x35, 0x1F, 0x9C,
    0x26, 0x1B, 0x65, 0x9F, 0x8C, 0xD0, 0xFF, 0x83, 0xD6, 0xD1, 0xF5, 0x0B, 0x07, 0x6B, 0xD5, 0x5A,
    0x07, 0x9B, 0xCE, 0x20, 0xFF, 0xCD, 0x78, 0x11, 0xB5, 0x76, 0x93, 0x4A, 0x53, 0x56, 0x85, 0xD2,
    0xE0, 0xA5, 0xF0, 0x0B, 0xF9, 0x87, 0x5A, 0xD8, 0x78, 0x9C, 0xFB, 0xF6, 0x9F, 0x01, 0x02, 0xBE,
    0x51, 0x8F, 0xB1, 0xF4, 0xDF, 0x39, 0x09, 0x10, 0xE3, 0xD0, 0x7F, 0x20, 0x60, 0x05, 0x32, 0xFE,
    0x81, 0x18, 0xF1, 0x40, 0xC6, 0x7B, 0x71, 0x86, 0x49, 0xFF, 0xDF, 0x33, 0x7E, 0xFB, 0xAF, 0x07,
    0x56, 0xC9, 0xF9, 0xED, 0x3F, 0x0B, 0x90, 0xB1, 0xE1, 0x3F, 0x1F, 0x44, 0x7B, 0xC0, 0x7F, 0x7B,
    0x08, 0x43, 0xE0, 0x7F, 0x3E, 0xD4, 0xC0, 0x7F, 0xFD, 0x50, 0xC6, 0xDF, 0xF9, 0x30, 0x11, 0x18,
    0xE3, 0x7F, 0x3F, 0x9A, 0x62, 0xB0, 0x76, 0x90, 0x81, 0x07, 0x40, 0x06, 0x42, 0xAC, 0xE0, 0xF8,
    0xF6, 0xFF, 0x3F, 0xD4, 0xD2, 0xF7, 0x7F, 0x41, 0xCE, 0xF0, 0x67, 0xF8, 0x76, 0x7F, 0x23, 0x90,
    0x7E, 0x0F, 0x74, 0xD8, 0x79, 0x90, 0x53, 0xC5, 0x19, 0x18, 0x00, 0x25, 0x7F, 0x6C, 0xEC, 0x78,
    0x9C, 0x63, 0x60, 0x10, 0x38, 0xF1, 0xEF, 0x9C, 0x06, 0x03, 0x10, 0x7C, 0xFF, 0x0F, 0x04, 0x1C,
    0x0C, 0x0C, 0x0B, 0xFE, 0xFF, 0xBF, 0xFF, 0xEF, 0xFF, 0x7A, 0x90, 0x80, 0x0D, 0x83, 0xC1, 0x9F,
    0xFF, 0xEC, 0x0A, 0xFF, 0xF7, 0x03, 0xA5, 0x37, 0xFC, 0xE7, 0x9F, 0xF0, 0x5F, 0x1E, 0xC8, 0x10,
    0xF8, 0x1F, 0xFF, 0xE0, 0x3F, 0x27, 0x48, 0xC7, 0x9F, 0xFE, 0x8F, 0xFF, 0x59, 0x41, 0x0C, 0x27,
    0x95, 0xCF, 0xFF, 0x99, 0x19, 0xC0, 0xE0, 0xCB, 0x7F, 0x26, 0x34, 0x06, 0x5C, 0x0A, 0xAA, 0x98,
    0x81, 0xE1, 0x02, 0x44, 0xFB, 0xF6, 0xEC, 0x09, 0xFF, 0xE5, 0x40, 0x8C, 0x7F, 0xF9, 0x0A, 0x20,
    0xFB, 0x18, 0x40, 0xE6, 0xFF, 0xF8, 0x6F, 0xCD, 0xA0, 0xF0, 0xEB, 0x3F, 0x3B, 0xD0, 0xBE, 0xFF,
    0xF7, 0xFE, 0xFD, 0x9F, 0x0F, 0x14, 0xFE, 0x01, 0x72, 0x18, 0x1B, 0xC8, 0xE6, 0xE3, 0xFF, 0xCE,
    0x89, 0x33, 0x30, 0x00, 0x00, 0x84, 0x5F, 0x44, 0x62, 0x78, 0x9C, 0x63, 0x60, 0x00, 0x83, 0xDF,
    0xFB, 0x19, 0xA8, 0xC6, 0x70, 0x78, 0xF5, 0xBE, 0x87, 0x11, 0xC4, 0xF8, 0xFD, 0xFF, 0xFF, 0xFF,
    0x7C, 0x20, 0xE3, 0xC0, 0xFF, 0xFF, 0xEF, 0x81, 0xCC, 0xFD, 0x0C, 0x3F, 0xFF, 0xC7, 0x32, 0x38,
    0xFC, 0xFE, 0xBF, 0x5F, 0xE1, 0xFF, 0x79, 0xA0, 0xDA, 0x09, 0xFF, 0xF7, 0x37, 0xFC, 0xD7, 0x07,
    0xE9, 0xFA, 0xBB, 0xFF, 0xC2, 0x7F, 0x6E, 0x88, 0xF6, 0x0F, 0xFF, 0xD9, 0x21, 0x8C, 0x4F, 0xFF,
    0x59, 0x20, 0x8C, 0xCF, 0xFF, 0x99, 0xD1, 0x18, 0x70, 0x29, 0xB8, 0x62, 0xB8, 0x76, 0xB8, 0x81,
    0x70, 0x2B, 0x18, 0x7E, 0xFC, 0xF7, 0x65, 0x70, 0xF8, 0xF3, 0x1F, 0xE6, 0x8C, 0x7F, 0x30, 0x87,
    0xFD, 0x84, 0x39, 0xF5, 0xFB, 0x7E, 0x00, 0x41, 0x7E, 0x6A, 0x74, 0x78, 0x9C, 0x2D, 0x8C, 0xB1,
    0x09, 0xC2, 0x50, 0x14, 0x45, 0xAF, 0x88, 0x06, 0x14, 0x21, 0x1B, 0xD8, 0x5A, 0x66, 0x00, 0x21,
    0x1B, 0x38, 0x80, 0x55, 0x26, 0x70, 0x05, 0x57, 0xC8, 0x06, 0x4E, 0x20, 0x16, 0x42, 0xDA, 0x64,
    0x02, 0x9D, 0xC0, 0xC4, 0x42, 0xAC, 0x95, 0x04, 0x2D, 0x34, 0xFF, 0xF8, 0x7E, 0xE2, 0x69, 0xDE,
    0xE1, 0xDD, 0x77, 0x9F, 0xA4, 0xCC, 0x9D, 0x16, 0x32, 0x6E, 0x18, 0x81, 0x94, 0x40, 0xE9, 0xD8,
    0x49, 0x35, 0x4B, 0x45, 0x5F, 0x46, 0x6A, 0x73, 0x8B, 0x0B, 0x66, 0x09, 0x73, 0x93, 0x88, 0xB8,
    0x60, 0xE2, 0x1B, 0x6E, 0xFB, 0xB0, 0xD4, 0xF8, 0x1C, 0x6A, 0x7A, 0xF2, 0xE6, 0x2F, 0xE7, 0x86,
    0x4B, 0xC7, 0xBE, 0x66, 0xA8, 0x8E, 0x27, 0xE3, 0x5E, 0xAE, 0x4C, 0x7B, 0x49, 0x89, 0xFD, 0x08,
    0x15, 0x52, 0x0D, 0x4C, 0x5E, 0x81, 0xDE, 0x6C, 0xA4, 0xA3, 0xED, 0x53, 0xA8, 0x5A, 0x7C, 0xE5,
    0xEE, 0xFF, 0xAD, 0xFC, 0x61, 0xE6, 0xAA, 0xB5, 0xF4, 0x03, 0x1B, 0xA6, 0x55, 0xD4, 0x78, 0x9C,
    0x63, 0x60, 0x60, 0x58, 0xF2, 0xEF, 0x3E, 0x13, 0x03, 0xC3, 0x84, 0xFF, 0xFF, 0xFF, 0x03, 0xA9,
    0x1F, 0x40, 0x8A, 0x91, 0x41, 0xE0, 0xFF, 0x7B, 0x56, 0x06, 0x06, 0x86, 0x84, 0xFF, 0xF1, 0x40,
    0x12, 0x28, 0xC5, 0x07, 0xA2, 0x36, 0xFC, 0xE7, 0x81, 0x50, 0xDC, 0x08, 0xEA, 0x1F, 0x50, 0xF9,
    0x7F, 0x7E, 0x18, 0xB5, 0xF2, 0xD5, 0xFF, 0x75, 0xAB, 0xB8, 0xD0, 0x94, 0xD0, 0x8D, 0x02, 0x00,
    0x77, 0xA6, 0x3F, 0xF6, 0x78, 0x9C, 0x35, 0xCF, 0xB1, 0x0D, 0x82, 0x40, 0x14, 0xC6, 0xF1, 0x8F,
    0x44, 0xD1, 0x44, 0x63, 0xE8, 0x6C, 0x2C, 0xDC, 0x40, 0x37, 0x90, 0x05, 0x8C, 0x2C, 0xE0, 0x0C,
    0xAE, 0xC0, 0x00, 0x26, 0xB2, 0x81, 0x23, 0x38, 0xC2, 0xA3, 0xB4, 0x52, 0x17, 0x30, 0xC6, 0xD6,
    0x06, 0x94, 0x44, 0x31, 0xE7, 0xF1, 0x79, 0xDC, 0xC1, 0xAB, 0x7E, 0xB9, 0xE2, 0xBD, 0xFF, 0x01,
    0xE1, 0x23, 0xDB, 0x7A, 0x6F, 0x41, 0xA0, 0x48, 0x6E, 0x3E, 0x82, 0x94, 0xCC, 0x48, 0x2D, 0xF8,
    0x72, 0x8D, 0x50, 0x51, 0xA6, 0xBC, 0x79, 0x40, 0x42, 0x89, 0xB9, 0x80, 0x19, 0x2D, 0x17, 0x0E,
    0x6B, 0x28, 0xC9, 0xD9, 0x77, 0x78, 0xB1, 0xEB, 0x50, 0xB0, 0xD3, 0xBE, 0x34, 0x78, 0xB6, 0xC8,
    0xD9, 0x73, 0x48, 0x39, 0x70, 0x88, 0x39, 0x73, 0x0B, 0x03, 0x9E, 0x61, 0x4F, 0xA0, 0xE4, 0xD2,
    0x1E, 0x6D, 0x32, 0x0C, 0x60, 0xC3, 0x94, 0x81, 0x4D, 0xAD, 0x61, 0xE7, 0x77, 0x68, 0xC0, 0x1D,
    0x12, 0x13, 0x88, 0x88, 0x2B, 0x94, 0x13, 0x83, 0x3B, 0x47, 0xA8, 0x32, 0x1F, 0x91, 0xA6, 0x8F,
    0x82, 0xBC, 0x92, 0x7B, 0xB8, 0x0F, 0xDA, 0x84, 0xF9, 0xB1, 0x3A, 0x8D, 0x81, 0x3F, 0xCA, 0xFB,
    0x75, 0xFC, 0x78, 0x9C, 0xFB, 0xF6, 0x9F, 0x01, 0x02, 0xBE, 0x51, 0x8F, 0x31, 0xF9, 0xEF, 0x7D,
    0x4B, 0x10, 0x63, 0xC2, 0x7F, 0x20, 0x60, 0x07, 0x32, 0x7E, 0x83, 0x18, 0xFE, 0x40, 0xC6, 0x7F,
    0x0D, 0x86, 0x89, 0xFF, 0xCF, 0x03, 0x19, 0xFE, 0x40, 0x95, 0xBF, 0xFE, 0x33, 0x7E, 0xFB, 0xCF,
    0x06, 0x64, 0x7C, 0xFE, 0xCF, 0x02, 0xD1, 0xFE, 0xF1, 0x3F, 0x2B, 0x84, 0xF1, 0xE1, 0x3F, 0x1B,
    0x3D, 0x19, 0x00, 0xAD, 0xDF, 0x68, 0x74, 0x78, 0x9C, 0x9B, 0xB0, 0x8F, 0xF1, 0xCB, 0x7F, 0x4E,
    0x20, 0x5A, 0x70, 0x9E, 0x89, 0x01, 0x06, 0x3E, 0xFE, 0x67, 0x25, 0x1B, 0x01, 0x00, 0xBA, 0x93,
    0x2D, 0xDD, 0x78, 0x9C, 0x63, 0x60, 0xD8, 0x38, 0x8F, 0x81, 0x81, 0xE1, 0xC7, 0x7F, 0x16, 0x10,
    0xC1, 0xCA, 0xC0, 0x70, 0x68, 0x3D, 0x03, 0x06, 0xF8, 0xF2, 0x9F, 0x89, 0x8E, 0xC4, 0xD7, 0xFF,
    0x8C, 0x0C, 0x0C, 0xDF, 0xFF, 0x33, 0x30, 0x18, 0xFC, 0xBB, 0xCF, 0xF0, 0xF9, 0xFF, 0xFF, 0x7A,
    0x10, 0xC1, 0xC3, 0x70, 0xE9, 0x7F, 0x2D, 0x03, 0x03, 0x00, 0x79, 0x2C, 0x40, 0x79, 0x78, 0x9C,
    0xFB, 0xF6, 0x9F, 0x01, 0x02, 0xBE, 0x51, 0x93, 0x11, 0xF0, 0xFF, 0x3C, 0x84, 0xF1, 0xE5, 0xBF,
    0x2C, 0x98, 0xE1, 0xF0, 0xFF, 0x3E, 0x23, 0x98, 0xF1, 0xF9, 0xBF, 0x1E, 0x58, 0x8D, 0xC1, 0xFF,
    0xF7, 0x4C, 0x60, 0xC6, 0xA3, 0xFF, 0xF6, 0x60, 0x5D, 0x0A, 0xFF, 0xFE, 0xB3, 0x80, 0x19, 0x17,
    0xFF, 0xC7, 0x43, 0xCC, 0xF9, 0xFD, 0x9F, 0x1B, 0xC2, 0xF8, 0x0F, 0x13, 0x01, 0x02, 0x26, 0x30,
    0xA3, 0xFE, 0xF3, 0x7F, 0x5E, 0x30, 0x83, 0xBD, 0xE0, 0xFF, 0x7C, 0xA8, 0xA5, 0xBF, 0xFF, 0xB3,
    0x42, 0x18, 0x0F, 0xFF, 0xEB, 0x43, 0x18, 0x06, 0xFF, 0xEF, 0x43, 0xDD, 0xF3, 0xFD, 0x3F, 0x27,
    0x84, 0xB1, 0x00, 0x68, 0x14, 0x98, 0x21, 0xF0, 0xF7, 0x3F, 0x13, 0xC4, 0xCD, 0x9F, 0xFF, 0xF3,
    0x00, 0x00, 0x1A, 0xFF, 0x63, 0xD8, 0x78, 0x9C, 0xFB, 0xF8, 0x9F, 0xF5, 0x23, 0x0D, 0x10, 0x00,
    0xDC, 0xC6, 0x38, 0xC2, 0x78, 0x9C, 0xFB, 0x76, 0x9F, 0x61, 0xE9, 0xDF, 0x7B, 0x1A, 0x0C, 0x0C,
    0x93, 0xFF, 0xBE, 0xF7, 0x62, 0x60, 0xF8, 0xF6, 0xFE, 0xE0, 0x7F, 0x20, 0x60, 0x5D, 0x00, 0x22,
    0xB9, 0x18, 0xBE, 0xFD, 0xFF, 0x07, 0x84, 0xFF, 0xED, 0xFF, 0xFC, 0x7F, 0xFF, 0xFF, 0xFF, 0x7C,
    0x20, 0xF7, 0x3E, 0x2B, 0xC3, 0x66, 0xA0, 0x8C, 0x26, 0x43, 0xE2, 0xFF, 0xFF, 0x8C, 0xDF, 0xFE,
    0xF3, 0x30, 0x30, 0x30, 0xFC, 0xF9, 0x9F, 0x0F, 0x24, 0xBF, 0xFE, 0x67, 0xFB, 0xF6, 0x9F, 0x09,
    0xCC, 0x00, 0x09, 0x3E, 0xF8, 0xCF, 0xF9, 0xED, 0x3F, 0x90, 0x66, 0xF8, 0xF4, 0x9F, 0x1D, 0x48,
    0x6E, 0xF8, 0xCF, 0x0D, 0xE1, 0x7E, 0xFC, 0xCF, 0x36, 0x74, 0xB9, 0x00, 0x3A, 0x33, 0x83, 0xA6,
    0x78, 0x9C, 0xFB, 0x76, 0x9F, 0x61, 0xF2, 0xDF, 0xFB, 0x96, 0x0C, 0x0C, 0xDF, 0xDE, 0x4F, 0xF8,
    0x0F, 0x04, 0xEC, 0x0C, 0xDF, 0xFE, 0xFF, 0x06, 0x31, 0xFC, 0x81, 0x8C, 0xFF, 0x1A, 0x0C, 0x13,
    0xFF, 0x9F, 0x07, 0x32, 0xFC, 0x19, 0x18, 0x18, 0x7E, 0xFD, 0x67, 0xFC, 0xF6, 0x9F, 0x0D, 0xC8,
    0xF8, 0xFC, 0x9F, 0xE5, 0xDB, 0x7F, 0x20, 0xCD, 0xF0, 0xF1, 0x3F, 0x2B, 0x84, 0xF1, 0xE1, 0x3F,
    0x1B, 0x3D, 0x19, 0x00, 0x19, 0xA7, 0x56, 0xA7, 0x78, 0x9C, 0x3D, 0x8E, 0xCD, 0x09, 0xC2, 0x40,
    0x10, 0x46, 0x3F, 0x37, 0xA2, 0x42, 0x30, 0x6E, 0x01, 0x62, 0x05, 0x82, 0x25, 0xE8, 0x35, 0x82,
    0x60, 0x05, 0xD6, 0xB0, 0x25, 0xA4, 0x04, 0x3B, 0xF1, 0x96, 0xB3, 0x25, 0x58, 0x41, 0xF6, 0xE4,
    0x59, 0x42, 0xD4, 0xC4, 0x83, 0xFB, 0x39, 0xB3, 0x09, 0x0E, 0x03, 0xF3, 0x60, 0xFE, 0x1E, 0x80,
    0x32, 0x54, 0x39, 0x34, 0xEE, 0x94, 0x58, 0x0B, 0x14, 0xA4, 0x0F, 0x7C, 0x24, 0xC0, 0x9B, 0x27,
    0xD8, 0x8E, 0x2B, 0xD8, 0xE0, 0x47, 0xC0, 0x91, 0x17, 0x38, 0x6E, 0x75, 0xF8, 0x43, 0x73, 0x63,
    0xAA, 0x54, 0x73, 0x2A, 0xA9, 0x74, 0x65, 0xDA, 0x70, 0xAC, 0x74, 0xE6, 0xFC, 0x49, 0xA3, 0xE4,
    0x98, 0x0D, 0x54, 0x70, 0xD1, 0x30, 0xE9, 0xBB, 0x59, 0xCD, 0xC9, 0xB0, 0xF1, 0xBF, 0x32, 0x73,
    0xDC, 0x28, 0x75, 0x34, 0x96, 0xFA, 0x6D, 0x27, 0xDF, 0xF0, 0xE2, 0x01, 0xB6, 0x15, 0x83, 0x68,
    0xF5, 0x8D, 0x56, 0xBD, 0xE9, 0x32, 0x4A, 0x97, 0xC1, 0xEF, 0xA5, 0xFC, 0x00, 0x2F, 0x27, 0x51,
    0x7C, 0x78, 0x9C, 0xFB, 0x76, 0x9E, 0x61, 0xDB, 0xBF, 0x73, 0xE2, 0x0C, 0x0C, 0xDF, 0xEE, 0x5F,
    0xFA, 0xFF, 0xFF, 0xFF, 0x7B, 0x56, 0x86, 0x6F, 0xFF, 0xFF, 0x01, 0x19, 0xFF, 0xE3, 0x81, 0x8C,
    0xFB, 0xAC, 0x0C, 0x9B, 0xFF, 0xBF, 0x67, 0xFC, 0xF6, 0x9F, 0x87, 0x81, 0x81, 0xE1, 0xE7, 0x7F,
    0x8E, 0x6F, 0xFF, 0x99, 0x80, 0x8C, 0x0B, 0xFF, 0xF9, 0xBE, 0xFD, 0x07, 0xD2, 0x0C, 0x09, 0xFF,
    0xF5, 0x21, 0x0C, 0x85, 0xFF, 0xF9, 0x10, 0x06, 0xC3, 0xFF, 0x7A, 0x28, 0xE3, 0x5F, 0x3F, 0x3A,
    0x03, 0x26, 0x05, 0x57, 0x0C, 0xD6, 0xCE, 0x08, 0x64, 0x1C, 0x00, 0x19, 0xC8, 0x0D, 0x64, 0x7C,
    0x07, 0x59, 0x71, 0x9E, 0x99, 0x61, 0x22, 0xD8, 0xD2, 0xFF, 0xEF, 0xEF, 0xFE, 0xFF, 0xEF, 0x0F,
    0x74, 0xC6, 0x63, 0x90, 0xC3, 0x58, 0x80, 0x0C, 0x98, 0x53, 0x21, 0x06, 0x52, 0xCC, 0x00, 0x00,
    0x77, 0x7A, 0x6A, 0x9E, 0x78, 0x9C, 0x63, 0x60, 0x70, 0x78, 0xF5, 0xBE, 0x97, 0xE9, 0xC7, 0x7E,
    0x06, 0x81, 0xDF, 0xFF, 0xFF, 0xFF, 0xAF, 0xFF, 0xB9, 0x9F, 0xE1, 0xE2, 0xFF, 0xFF, 0xF7, 0xFF,
    0xFD, 0xFF, 0xBF, 0x9F, 0xE1, 0xE7, 0x7F, 0x5F, 0x06, 0x85, 0x5F, 0xFF, 0xF7, 0x2B, 0xFC, 0x3F,
    0xCF, 0xC0, 0xC0, 0x50, 0xF0, 0x7F, 0xFF, 0x84, 0xFF, 0xFA, 0x40, 0x06, 0xC3, 0x9F, 0xFD, 0x17,
    0xFE, 0x73, 0x43, 0x18, 0x1F, 0xFE, 0xB3, 0x43, 0x18, 0x9F, 0xFE, 0xB3, 0x40, 0x18, 0x9F, 0xFF,
    0x33, 0xA3, 0x31, 0xE0, 0x52, 0x70, 0xC5, 0x70, 0xED, 0x0D, 0x30, 0x03, 0xE1, 0x56, 0x00, 0x2D,
    0xB5, 0x61, 0x50, 0xF8, 0x09, 0x64, 0x1C, 0xF8, 0xFF, 0xFF, 0x1E, 0xD8, 0x19, 0x10, 0x87, 0xFD,
    0xD9, 0xCF, 0x00, 0x74, 0xEA, 0xFF, 0x5E, 0x26, 0x10, 0x83, 0x01, 0xA2, 0x8B, 0x42, 0x06, 0x00,
    0x3A, 0x2B, 0x68, 0x7A, 0x78, 0x9C, 0xFB, 0xF6, 0x5F, 0xE0, 0xC6, 0x7B, 0xE6, 0x6F, 0xFF, 0x1F,
    0xFD, 0xFF, 0xCF, 0xF2, 0xED, 0xFF, 0x5F, 0x30, 0xF9, 0xBF, 0x3A, 0x95, 0xE9, 0xDB, 0x7F, 0x7F,
    0x06, 0x06, 0x86, 0x6F, 0xFF, 0xD9, 0xC0, 0x24, 0x03, 0xD5, 0x49, 0x00, 0xBB, 0xD7, 0x31, 0x18,
    0x78, 0x9C, 0x25, 0xCE, 0x3D, 0x0E, 0x01, 0x01, 0x10, 0xC5, 0xF1, 0x97, 0xFD, 0xF2, 0x51, 0xC8,
    0x76, 0x0A, 0x91, 0x38, 0x01, 0x6E, 0x60, 0x0B, 0x9D, 0x66, 0x8F, 0xB0, 0x9C, 0x84, 0x4E, 0x27,
    0x7A, 0x57, 0x90, 0x38, 0x81, 0x2B, 0xD0, 0x8B, 0x2C, 0x2D, 0x11, 0xD9, 0x82, 0xC8, 0x06, 0x7F,
    0xB3, 0x6B, 0xAA, 0x5F, 0xF2, 0x26, 0xF3, 0x46, 0x4A, 0xAE, 0xAC, 0x7D, 0x49, 0xD1, 0x17, 0x48,
    0x1D, 0xE9, 0x01, 0x37, 0xE8, 0x2A, 0x24, 0xF5, 0xB5, 0x24, 0x55, 0x42, 0xCF, 0xF2, 0x17, 0xEE,
    0x94, 0x86, 0x21, 0xA3, 0x92, 0x30, 0x30, 0xF4, 0x87, 0x4E, 0x87, 0x7B, 0x53, 0xE5, 0x3C, 0x61,
    0xE5, 0x15, 0x88, 0x3E, 0x76, 0x67, 0x54, 0x28, 0xBE, 0x98, 0x5A, 0x65, 0x3A, 0xC9, 0xD9, 0xFD,
    0xF7, 0xC2, 0x9C, 0x60, 0x36, 0xB7, 0x1A, 0x9D, 0xA8, 0x65, 0x04, 0x86, 0x0D, 0xF5, 0x3D, 0x6D,
    0xC3, 0x99, 0x6A, 0x4C, 0xEA, 0x29, 0x7A, 0xE3, 0x5A, 0x1F, 0x47, 0x58, 0x48, 0x49, 0xF1, 0x18,
    0x15, 0xCB, 0xC7, 0x07, 0xB6, 0x56, 0xF7, 0x03, 0xFA, 0x5C, 0x4D, 0x27, 0x78, 0x9C, 0x63, 0x50,
    0xF8, 0xEF, 0xCF, 0xC0, 0xC0, 0x80, 0x83, 0xFC, 0xFB, 0x1F, 0x08, 0xF8, 0x21, 0xE4, 0x8A, 0x5D,
    0xFF, 0xF7, 0xAF, 0xE2, 0xC2, 0xA5, 0x92, 0x0C, 0x32, 0x1E, 0x48, 0x32, 0xFC, 0x3F, 0xCF, 0x08,
    0x24, 0x7F, 0xFD, 0xFF, 0x2F, 0xCF, 0xC0, 0xF0, 0x08, 0x4C, 0x2A, 0xBC, 0x7A, 0xCF, 0x03, 0x00,
    0x00, 0xCB, 0x31, 0x9B, 0x78, 0x9C, 0xFB, 0xFE, 0x9F, 0x01, 0x08, 0x3E, 0xFE, 0x67, 0xFD, 0x4E,
    0x47, 0xC6, 0x37, 0x18, 0xE3, 0xEB, 0x7F, 0x26, 0x20, 0xE3, 0xCB, 0x7F, 0xD6, 0x4F, 0xFF, 0x39,
    0x19, 0x18, 0x14, 0xFE, 0xFD, 0x67, 0x3D, 0xF0, 0xBF, 0x9F, 0x51, 0xE0, 0xF9, 0xFF, 0xFF, 0xAC,
    0x0E, 0xFF, 0xFF, 0xBF, 0xFF, 0x0F, 0x04, 0xAC, 0x0C, 0xDF, 0x80, 0xE4, 0xFD, 0xCF, 0x40, 0x86,
    0xC2, 0xCD, 0xFF, 0xFB, 0xD8, 0x3E, 0xFC, 0x67, 0x05, 0x00, 0x7F, 0x0F, 0x56, 0xD4, 0x78, 0x9C,
    0x25, 0x8D, 0xC1, 0x09, 0x83, 0x00, 0x10, 0x04, 0x2F, 0x20, 0x84, 0x88, 0x51, 0x3B, 0xF0, 0xED,
    0x4B, 0x3B, 0x88, 0x1D, 0x58, 0x42, 0x4A, 0x88, 0x95, 0xC4, 0x74, 0xA0, 0x9D, 0x58, 0x82, 0x96,
    0x60, 0x07, 0x0A, 0x06, 0x89, 0x60, 0x5C, 0x77, 0x75, 0x1F, 0x77, 0x03, 0xC7, 0xDC, 0x4E, 0x70,
    0x8C, 0x41, 0xD9, 0xE1, 0xC6, 0x9D, 0x21, 0x29, 0xE0, 0x13, 0x3E, 0xF0, 0x42, 0xE4, 0x84, 0x1E,
    0x57, 0x5B, 0x2B, 0xC2, 0x17, 0x17, 0x9B, 0x07, 0xC2, 0xD2, 0x98, 0x8D, 0xD2, 0xB6, 0xA7, 0x59,
    0x4D, 0x2D, 0x45, 0x20, 0xD3, 0xA7, 0xE4, 0xF2, 0xBE, 0xE5, 0x94, 0xF4, 0x75, 0xA9, 0x6C, 0x92,
    0xA0, 0xF9, 0x2B, 0x05, 0x1D, 0x9C, 0xFF, 0x43, 0x50, 0x20, 0xC6, 0x5D, 0x10, 0xE2, 0xCD, 0x02,
    0x65, 0x05, 0x0B, 0x94, 0x19, 0xED, 0xB1, 0x59, 0xF2, 0x3A, 0xA1, 0x46, 0x74, 0x42, 0x76, 0x14,
    0xEC, 0xB5, 0x13, 0x3A, 0xFC, 0x78, 0x9C, 0x1D, 0x8E, 0xD1, 0x51, 0xC2, 0x50, 0x14, 0x44, 0x8F,
    0x83, 0x82, 0x98, 0x31, 0xA1, 0x84, 0x74, 0x40, 0x09, 0xD8, 0x81, 0x76, 0x40, 0x3A, 0x80, 0x0E,
    0x28, 0x21, 0x76, 0x00, 0x1D, 0x90, 0x0E, 0xB0, 0x03, 0xEC, 0x00, 0x3A, 0x20, 0x89, 0x04, 0x43,
    0x90, 0xAC, 0xF7, 0xBE, 0x9F, 0xDD, 0xB9, 0x3B, 0xEF, 0x9D, 0xDD, 0x4A, 0x4F, 0x40, 0xB3, 0x37,
    0xA1, 0xCF, 0xBF, 0x34, 0x36, 0xEF, 0xF4, 0x00, 0xA9, 0x66, 0x4B, 0xC5, 0x9E, 0x6A, 0x08, 0x99,
    0xE2, 0x54, 0x53, 0x78, 0x93, 0x22, 0xD8, 0xE8, 0x85, 0x7E, 0x01, 0x9F, 0x52, 0x02, 0x47, 0x43,
    0x5C, 0xB7, 0xF0, 0x7D, 0xEA, 0xE6, 0x50, 0xDB, 0xE7, 0xF3, 0x09, 0x7E, 0xB6, 0x8D, 0x65, 0x17,
    0x03, 0x97, 0x1A, 0xD0, 0xCE, 0x4B, 0xCB, 0xBA, 0x15, 0x14, 0x1A, 0x71, 0x4F, 0x36, 0x7A, 0xA4,
    0x37, 0xDE, 0x52, 0xD1, 0x44, 0xD1, 0x87, 0xC6, 0xA9, 0x77, 0xA5, 0x4A, 0x32, 0x6B, 0x53, 0x9C,
    0x85, 0x1D, 0xF7, 0xF7, 0xC2, 0x60, 0xB7, 0x99, 0x3F, 0x86, 0x6B, 0x5E, 0x19, 0xEC, 0x92, 0x1F,
    0xE5, 0x5B, 0xCF, 0xFB, 0xC6, 0x60, 0xD5, 0xA1, 0xDE, 0xF9, 0x55, 0xEA, 0x36, 0x75, 0x74, 0xBB,
    0xF0, 0xAB, 0x90, 0x5E, 0x7D, 0xB2, 0x0F, 0x0E, 0xFE, 0x0C, 0x93, 0x90, 0x05, 0x1F, 0x98, 0xFD,
    0x79, 0xE6, 0x15, 0x07, 0xD7, 0xDF, 0x50, 0x00, 0xED, 0xDA, 0xB5, 0xF6, 0x82, 0x7F, 0x68, 0x7B,
    0x6D, 0x1D, 0x78, 0x9C, 0x25, 0xCE, 0xD1, 0x09, 0xC2, 0x50, 0x0C, 0x85, 0xE1, 0x9F, 0x5A, 0xF1,
    0x45, 0xA4, 0x03, 0x48, 0x75, 0x84, 0xBB, 0x80, 0xE8, 0x08, 0x6E, 0x54, 0x37, 0x70, 0x94, 0xDB,
    0x11, 0x1C, 0xE1, 0x6E, 0x50, 0x67, 0xF0, 0xA1, 0xB4, 0x14, 0x7A, 0x4C, 0xD2, 0xBC, 0x24, 0xE4,
    0xE3, 0x84, 0xF4, 0xBA, 0x03, 0x2F, 0x75, 0xCD, 0x3A, 0xD8, 0xF0, 0xD3, 0x91, 0x51, 0x07, 0x58,
    0x54, 0xD1, 0xEB, 0xC2, 0x53, 0x1D, 0x34, 0xCA, 0x7C, 0x4D, 0x30, 0xDB, 0xCD, 0x26, 0x98, 0xDD,
    0x5C, 0xDC, 0x14, 0xE2, 0x16, 0xE2, 0x16, 0x02, 0xC5, 0x72, 0x51, 0x93, 0x54, 0x7B, 0x4F, 0x1A,
    0xD4, 0x6E, 0x72, 0x5E, 0xF3, 0x26, 0xD5, 0xE8, 0x96, 0xF4, 0xE6, 0xE3, 0x56, 0x74, 0xE2, 0xEA,
    0xB9, 0xD9, 0xD7, 0x93, 0xF6, 0x29, 0x8E, 0x14, 0xB5, 0xC5, 0xDE, 0x81, 0x87, 0xF2, 0x1F, 0xB0,
    0x8E, 0x45, 0xBF, 0x78, 0x9C, 0x2D, 0x8E, 0xC1, 0x0D, 0x82, 0x40, 0x14, 0x44, 0x47, 0xA2, 0xC6,
    0x6C, 0x8C, 0x78, 0xF1, 0x6E, 0x07, 0xDA, 0x81, 0x25, 0x48, 0x07, 0xDC, 0x3D, 0xD9, 0x81, 0x76,
    0x82, 0x15, 0x08, 0x1D, 0xD0, 0x82, 0x17, 0xCF, 0xD2, 0x81, 0x41, 0x0D, 0x84, 0x04, 0x1C, 0x67,
    0xFF, 0x7A, 0xD8, 0x9D, 0xB7, 0x7F, 0xFF, 0xFC, 0xF9, 0x0D, 0x27, 0x00, 0x12, 0xA6, 0x35, 0x9D,
    0xE0, 0xC2, 0xB8, 0x60, 0x2C, 0xA8, 0xE8, 0x54, 0x14, 0x7C, 0x38, 0xC6, 0x37, 0x17, 0x74, 0x4F,
    0x1D, 0x0A, 0x86, 0x0C, 0x78, 0xCB, 0xB6, 0xE5, 0x0E, 0xB8, 0xC9, 0x76, 0xE6, 0x02, 0xBA, 0x62,
    0x3D, 0x66, 0xC0, 0x5A, 0xB6, 0x17, 0x23, 0x35, 0xF6, 0x39, 0xDA, 0x87, 0x14, 0x0D, 0xD1, 0x9F,
    0x3C, 0xD4, 0x5C, 0x71, 0xE3, 0xA1, 0xE0, 0x81, 0x73, 0x58, 0x72, 0xC9, 0xA9, 0x07, 0x90, 0x1C,
    0x19, 0x74, 0x2C, 0x4D, 0x15, 0x92, 0x06, 0xA8, 0x6C, 0x25, 0xF8, 0x10, 0x17, 0xA0, 0xB0, 0xB5,
    0x6D, 0x62, 0x50, 0xB4, 0x59, 0xD0, 0xA5, 0xDF, 0xCA, 0xEB, 0x3D, 0x04, 0x1C, 0x35, 0x37, 0xFA,
    0xC3, 0xDE, 0x7E, 0x92, 0xE1, 0x6A, 0x05, 0xFC, 0x00, 0x83, 0x00, 0x4F, 0xE0, 0x78, 0x9C, 0xFB,
    0xFC, 0x1F, 0x02, 0x18, 0x3E, 0xC3, 0x18, 0x97, 0xEE, 0x02, 0xC1, 0xDB, 0xFF, 0xEF, 0x19, 0xC0,
    0xE0, 0xC0, 0x7F, 0x7B, 0x08, 0xE3, 0xC7, 0x7F, 0x76, 0x30, 0xED, 0xF0, 0x7F, 0x3F, 0x44, 0xE0,
    0xD1, 0x7F, 0x59, 0x08, 0xE3, 0xCF, 0x7F, 0x66, 0x30, 0x3D, 0xE1, 0x7F, 0x3E, 0x44, 0xE0, 0xEB,
    0x7F, 0x2E, 0x30, 0xAD, 0xF0, 0xFF, 0x3E, 0xCC, 0x10, 0x7D, 0x08, 0xE3, 0xE7, 0x7F, 0x36, 0x30,
    0x1D, 0xF0, 0x7F, 0x3D, 0x44, 0xE0, 0xD3, 0x7F, 0x5E, 0x08, 0xE3, 0xEF, 0x7F, 0x26, 0xA8, 0x21,
    0xF1, 0x10, 0x81, 0x2F, 0xFF, 0xCF, 0x9F, 0x01, 0x01, 0xF6, 0xAF, 0x50, 0x87, 0x71, 0xC2, 0x19,
    0x00, 0x34, 0x11, 0x49, 0x71, 0x78, 0x9C, 0x63, 0x60, 0x60, 0x60, 0x68, 0xE4, 0x01, 0x12, 0x0D,
    0xFF, 0xED, 0x81, 0xE4, 0xAF, 0xFF, 0x52, 0x0C, 0x0C, 0x05, 0xFF, 0xE3, 0x81, 0xCC, 0x8F, 0xFF,
    0x39, 0x80, 0xE4, 0xB7, 0xFF, 0x8C, 0x20, 0xE1, 0xF3, 0x40, 0x82, 0xE1, 0xCF, 0x7A, 0x10, 0xF9,
    0x77, 0x3E, 0x88, 0xFC, 0xD7, 0x8F, 0x9D, 0xFC, 0x5F, 0x0F, 0x24, 0x14, 0xFE, 0xFB, 0x03, 0xC9,
    0x09, 0xFF, 0xF9, 0x81, 0xCC, 0x9F, 0xFF, 0xD9, 0x81, 0x7A, 0xFE, 0x83, 0x34, 0xFD, 0xFD, 0x0F,
    0xB2, 0xE8, 0xE6, 0x7F, 0xB0, 0x61, 0x5F, 0xFF, 0x73, 0x32, 0x80, 0xAC, 0x92, 0x07, 0x92, 0x02,
    0x60, 0x0B, 0x19, 0xFE, 0xD5, 0xE3, 0x33, 0x19, 0x62, 0x2F, 0xC4, 0x0D, 0x10, 0xF7, 0x7C, 0xFB,
    0xCF, 0x04, 0x24, 0x3F, 0x40, 0x0D, 0x02, 0x1B, 0xF1, 0xEB, 0xBF, 0x16, 0x98, 0x03, 0xF2, 0x0B,
    0xD0, 0x5F, 0x00, 0x90, 0x0C, 0x3F, 0x27, 0x78, 0x9C, 0xFB, 0xC3, 0xFF, 0x87, 0x22, 0x08, 0x00,
    0x4B, 0xFC, 0x21, 0x61, 0x78, 0x9C, 0xBB, 0x28, 0xCE, 0x00, 0x04, 0xDF, 0xDE, 0xB3, 0x02, 0xC9,
    0xCD, 0xFF, 0xEB, 0x41, 0x9C, 0x1F, 0xFF, 0x59, 0x80, 0xE4, 0x86, 0xFF, 0xBC, 0x40, 0xD2, 0xE1,
    0xBF, 0x3D, 0x48, 0x08, 0x22, 0xF1, 0x77, 0x3E, 0x88, 0xFC, 0xB3, 0x1E, 0x4C, 0xEE, 0x47, 0x27,
    0x7F, 0x83, 0xC9, 0x5F, 0xE7, 0xC1, 0x46, 0xBC, 0x07, 0x91, 0x9F, 0xFE, 0xB3, 0x01, 0xC9, 0x09,
    0xFF, 0xEB, 0x19, 0x41, 0x12, 0xFF, 0x41, 0xBA, 0x0F, 0x80, 0x48, 0x81, 0xBF, 0xFF, 0x73, 0x41,
    0x4C, 0x3B, 0xA0, 0xC0, 0x67, 0xB0, 0x65, 0x10, 0xF5, 0xBF, 0x90, 0xCC, 0xC1, 0x34, 0x1F, 0x62,
    0xEF, 0xBF, 0xF9, 0x70, 0xF7, 0x04, 0x80, 0xDD, 0x76, 0x00, 0xEC, 0xCE, 0x9F, 0x20, 0x63, 0x0E,
    0x83, 0x85, 0x21, 0x7E, 0xB9, 0xC8, 0x0E, 0x52, 0x07, 0x00, 0x17, 0x8F, 0x42, 0xAB, 0x78, 0x9C,
    0x63, 0x30, 0x78, 0xF5, 0xDE, 0x8B, 0x01, 0x08, 0x9A, 0x2D, 0x18, 0x7E, 0xFC, 0xFF, 0xFF, 0x5F,
    0x1A, 0xC8, 0xFC, 0x19, 0x9F, 0x00, 0x64, 0xFD, 0x7F, 0xCF, 0xCC, 0x20, 0xF0, 0x4F, 0xFF, 0xC1,
    0x7F, 0x6B, 0xC3, 0xDF, 0xFF, 0xE7, 0x33, 0x1D, 0xFE, 0xCF, 0xF3, 0xF5, 0x3E, 0x03, 0x03, 0x58,
    0xE6, 0x3F, 0xF3, 0xF7, 0x7E, 0xA0, 0xBA, 0x4B, 0x40, 0x56, 0x3C, 0x43, 0xB2, 0x2A, 0x48, 0xFB,
    0xB1, 0xFF, 0xEB, 0x98, 0x18, 0x90, 0x00, 0x00, 0x59, 0x76, 0x25, 0x99, 0x78, 0x9C, 0x03, 0x00,
    0x00, 0x00, 0x00, 0x01, 0x78, 0x9C, 0x5B, 0x70, 0x9E, 0xF1, 0xEB, 0x7F, 0x0E, 0x20, 0x9A, 0xB0,
    0x8F, 0x91, 0x01, 0x06, 0x0C, 0x5C, 0x18, 0x2F, 0xFC, 0x67, 0x01, 0xA2, 0x07, 0x20, 0xC4, 0x0A,
    0x47, 0x1F, 0x40, 0x88, 0x0D, 0x15, 0xB1, 0x43, 0xD0, 0x47, 0x28, 0xE2, 0x00, 0x00, 0x44, 0x6D,
    0x2B, 0xCB, 0x78, 0x9C, 0x63, 0x60, 0x60, 0x60, 0x50, 0x62, 0x62, 0x80, 0x80, 0xFF, 0xF9, 0x84,
    0x18, 0x02, 0x27, 0xFE, 0xFF, 0xCF, 0x06, 0x31, 0xBE, 0xFD, 0x07, 0x02, 0x5D, 0x06, 0x86, 0x86,
    0xFF, 0xFF, 0xF7, 0xFE, 0xFE, 0xFF, 0x9E, 0x89, 0xE1, 0xEB, 0x7F, 0x1B, 0x06, 0x86, 0xEF, 0xFF,
    0x79, 0x18, 0xFE, 0xDD, 0x07, 0x4A, 0x27, 0xFC, 0xF7, 0x0F, 0xF8, 0x6F, 0x0F, 0x52, 0xF8, 0x67,
    0xFE, 0x82, 0xFF, 0xBC, 0x20, 0xC6, 0xF7, 0xF3, 0x17, 0xFE, 0x73, 0x82, 0x18, 0x0A, 0x42, 0x1F,
    0xFE, 0xB3, 0x43, 0x4C, 0xFD, 0xF0, 0x9F, 0x0D, 0x17, 0x03, 0xAA, 0x98, 0x81, 0x61, 0x01, 0xD0,
    0x4C, 0x20, 0x68, 0xAE, 0x80, 0x1A, 0xF8, 0x6B, 0x3F, 0xC3, 0xBF, 0xF3, 0x40, 0xDA, 0x00, 0xE8,
    0xA4, 0x6F, 0xFF, 0x75, 0x18, 0x80, 0x36, 0xF3, 0x32, 0x4C, 0xF8, 0xFF, 0x7F, 0xCD, 0x6B, 0x90,
    0x33, 0x18, 0x7E, 0x80, 0x1C, 0xA6, 0x03, 0xB2, 0xE6, 0xE6, 0xFF, 0xFF, 0xD1, 0xC4, 0xFA, 0x8B,
    0x81, 0x21, 0x54, 0x15, 0x48, 0x00, 0x00, 0xC4, 0xF4, 0x50, 0xA5, 0x78, 0x9C, 0x63, 0x60, 0x60,
    0x10, 0xD8, 0xFE, 0xEF, 0xBE, 0x25, 0x03, 0x08, 0x7C, 0xFD, 0x0F, 0x04, 0x5C, 0x40, 0x46, 0x01,
    0x88, 0xF1, 0xFF, 0x3C, 0x90, 0xF5, 0xE5, 0x7F, 0x3E, 0x43, 0xC0, 0xBF, 0xFF, 0xEC, 0x0C, 0x0C,
    0x7F, 0xFE, 0x33, 0x33, 0x30, 0x3C, 0xFC, 0xCF, 0xC7, 0xA0, 0xF0, 0x7F, 0x3E, 0x58, 0x89, 0x3D,
    0x43, 0xC0, 0x7F, 0x7F, 0x20, 0xCB, 0xE0, 0x7F, 0x3C, 0x90, 0x27, 0x0F, 0x32, 0xC0, 0x58, 0x98,
    0xA1, 0x01, 0xC2, 0x02, 0xAB, 0x80, 0xB1, 0x12, 0xFE, 0xEB, 0x63, 0xB0, 0x02, 0x80, 0xFA, 0x11,
    0x96, 0x82, 0x85, 0x11, 0xAC, 0x27, 0xEF, 0xFE, 0xBF, 0x7F, 0xF7, 0x4E, 0x8F, 0x01, 0x6A, 0x3A,
    0x04, 0x18, 0x00, 0x9D, 0x02, 0x01, 0x0A, 0x70, 0x96, 0xC0, 0xFF, 0x7A, 0xB8, 0x18, 0x8C, 0xE5,
    0x00, 0xD7, 0x81, 0x70, 0xCB, 0x27, 0xB0, 0xB7, 0x80, 0xE0, 0xF1, 0x7F, 0x90, 0xC9, 0x40, 0x70,
    0xEF, 0xF3, 0x7F, 0x28, 0x78, 0x8F, 0x60, 0x01, 0x00, 0x09, 0x3C, 0x63, 0x24, 0x78, 0x9C, 0x63,
    0x70, 0x60, 0x80, 0x02, 0x05, 0x26, 0x06, 0x86, 0x5F, 0x6C, 0x0C, 0x4D, 0x6F, 0xDE, 0xCF, 0x65,
    0x61, 0x78, 0xA4, 0xC7, 0x30, 0xE1, 0x7F, 0xFE, 0xC2, 0xFF, 0x40, 0x70, 0x5F, 0xF9, 0xDF, 0x7B,
    0xC6, 0x86, 0xFF, 0x70, 0x70, 0x9E, 0x91, 0xE1, 0x07, 0x50, 0xD4, 0xC3, 0xF9, 0x38, 0x90, 0x23,
    0xCB, 0x00, 0x54, 0xF7, 0x9F, 0x1D, 0xA8, 0xFD, 0xC9, 0xFF, 0xFB, 0x8C, 0x0C, 0x0C, 0x07, 0xFE,
    0xFB, 0x83, 0xCD, 0xFA, 0xFB, 0x1F, 0xC8, 0xF9, 0xFA, 0x9F, 0x0D, 0x6C, 0xF2, 0xE7, 0xFF, 0x9C,
    0x0C, 0x0C, 0xBF, 0xCF, 0x43, 0xAC, 0x69, 0xF8, 0xCF, 0xCF, 0xC0, 0x00, 0x51, 0xC5, 0xC0, 0x20,
    0x00, 0x64, 0x18, 0x80, 0x04, 0xC0, 0xE0, 0x4F, 0x3D, 0x43, 0xC0, 0x7F, 0x5E, 0x28, 0xE7, 0xE7,
    0x7C, 0x86, 0x84, 0xFF, 0x3C, 0x50, 0xCE, 0x8F, 0xF5, 0xA8, 0x32, 0x28, 0x7A, 0x50, 0x4C, 0x43,
    0xB5, 0x07, 0xC5, 0x05, 0x28, 0x6E, 0xBB, 0x08, 0x73, 0xF5, 0x7F, 0x16, 0x06, 0x81, 0xBF, 0x40,
    0xFF, 0xB8, 0x1B, 0x1F, 0x03, 0xFA, 0xC7, 0x1F, 0xA8, 0xEA, 0x3E, 0xD4, 0x9F, 0xFF, 0xFF, 0x33,
    0x1B, 0xFC, 0x97, 0xDD, 0x08, 0x0E, 0x03, 0x16, 0xA0, 0xA5, 0x0C, 0x57, 0x18, 0xA1, 0xA1, 0xB3,
    0x80, 0x93, 0x01, 0x05, 0x00, 0x00, 0x1B, 0xF2, 0x79, 0x19, 0x78, 0x9C, 0xFB, 0xFE, 0x9F, 0x83,
    0x01, 0x08, 0x1A, 0xFE, 0xE7, 0x3F, 0xF8, 0xCF, 0x07, 0x62, 0x01, 0xA9, 0x86, 0xFF, 0xF5, 0x20,
    0xD6, 0xF7, 0xFF, 0xEC, 0x02, 0xFF, 0xDF, 0x83, 0x58, 0xFF, 0x80, 0xE4, 0x8F, 0xFF, 0xAC, 0x0C,
    0x0C, 0x09, 0x20, 0x99, 0x8F, 0xFF, 0x79, 0x19, 0x18, 0x2E, 0x80, 0x54, 0x37, 0xFC, 0xF7, 0x67,
    0x60, 0xF8, 0x02, 0x32, 0x41, 0xE0, 0xFF, 0x79, 0x06, 0x86, 0x3F, 0xFF, 0x19, 0x81, 0x8A, 0x7F,
    0xFE, 0x67, 0x36, 0xF8, 0xDF, 0x0F, 0xD2, 0xF6, 0xF1, 0x3F, 0xF7, 0x86, 0xFF, 0xF2, 0x20, 0xD6,
    0x84, 0xFF, 0xFA, 0x9F, 0x20, 0x16, 0x29, 0xFC, 0x5F, 0xFF, 0x0B, 0xAC, 0x8C, 0x81, 0xE1, 0xD7,
    0xFF, 0xFF, 0xF3, 0xC1, 0x0C, 0x86, 0x4F, 0xFF, 0x21, 0xCA, 0xFE, 0xFC, 0x07, 0x83, 0xFD, 0xC8,
    0xAC, 0xE0, 0xD0, 0xD0, 0x7F, 0xE7, 0x43, 0x43, 0x4D, 0xC1, 0x0A, 0xFF, 0xED, 0x67, 0x80, 0x02,
    0x28, 0x0B, 0x9B, 0x0E, 0x67, 0x17, 0x97, 0x7F, 0xE7, 0x5D, 0x5C, 0x4C, 0xB0, 0xEB, 0xC0, 0xCB,
    0x02, 0x00, 0x82, 0xFF, 0x66, 0xA7, 0x78, 0x9C, 0xFB, 0xF2, 0x9F, 0xE9, 0x0B, 0x71, 0x88, 0x01,
    0x06, 0x88, 0x54, 0x0F, 0x41, 0x00, 0xD4, 0x22, 0x38, 0xC2, 0x78, 0x9C, 0x35, 0x90, 0xBD, 0x2E,
    0x04, 0x71, 0x14, 0xC5, 0xCF, 0x5A, 0x9F, 0x09, 0x31, 0x0D, 0x2A, 0xB1, 0x95, 0x76, 0xA7, 0x55,
    0x08, 0x0F, 0x20, 0xB1, 0xBD, 0x08, 0x1E, 0xC0, 0x33, 0x48, 0xF4, 0x62, 0x6A, 0xD5, 0x2A, 0x94,
    0x8C, 0x8A, 0x8E, 0x52, 0xB9, 0xD9, 0x07, 0x90, 0x55, 0xE9, 0x36, 0xBB, 0x31, 0x1B, 0x64, 0xC6,
    0xFC, 0x8F, 0x73, 0xEF, 0xCE, 0x9C, 0xEA, 0x97, 0x9B, 0xFB, 0x71, 0xCE, 0x05, 0x70, 0x37, 0xE4,
    0xCB, 0x06, 0x4C, 0x9F, 0x34, 0x2D, 0x8A, 0xBA, 0xE4, 0xE0, 0x9D, 0x7C, 0x15, 0xFE, 0xF0, 0x18,
    0x38, 0x0D, 0x5C, 0x02, 0xC2, 0xA0, 0xA1, 0x42, 0x9F, 0x6D, 0xEC, 0xF3, 0xD0, 0x06, 0x62, 0x5E,
    0xA0, 0xC3, 0x2D, 0x1F, 0x2E, 0x53, 0x61, 0xDB, 0x31, 0xEF, 0xA1, 0xC5, 0x6B, 0xD4, 0x2A, 0x7D,
    0xA5, 0x2B, 0xE3, 0x68, 0xA7, 0xC2, 0x8E, 0x4E, 0x3D, 0xAC, 0x39, 0xDE, 0xFA, 0xDD, 0x23, 0x51,
    0x54, 0xF2, 0x26, 0x88, 0x77, 0x81, 0x84, 0x7B, 0x88, 0xDF, 0xC4, 0xF3, 0x18, 0xFB, 0x82, 0xCB,
    0xA0, 0xCA, 0x17, 0x67, 0x6D, 0x22, 0x61, 0xAF, 0x46, 0xE4, 0x6C, 0x8C, 0xCD, 0x9D, 0x34, 0x61,
    0xF3, 0x51, 0x96, 0x2A, 0x8C, 0xC9, 0x73, 0x33, 0xFC, 0x4B, 0xE0, 0x5B, 0x61, 0xB6, 0x65, 0x3B,
    0x95, 0xE9, 0x52, 0x4B, 0xAF, 0x0A, 0x6E, 0x9A, 0x89, 0x3F, 0xBB, 0x9C, 0x5A, 0x17, 0xA2, 0x27,
    0xE1, 0x49, 0xED, 0xAE, 0x20, 0x9B, 0x15, 0xB7, 0x72, 0xAE, 0xD4, 0x01, 0xBA, 0x8A, 0x38, 0xE1,
    0x8C, 0x97, 0xD5, 0x9C, 0x71, 0xCE, 0x47, 0x85, 0x1F, 0x5C, 0x36, 0xB4, 0xCF, 0x24, 0xD3, 0xF0,
    0x7D, 0xAE, 0x22, 0x0A, 0x3C, 0x00, 0xCE, 0x82, 0x25, 0xC8, 0xC8, 0xD1, 0x70, 0xFA, 0xD4, 0xA8,
    0xF0, 0xC8, 0x0B, 0xBE, 0xE7, 0xB9, 0xE4, 0xFD, 0xBA, 0xE0, 0x1F, 0x0C, 0xC4, 0x9B, 0xD8, 0x78,
    0x9C, 0x4B, 0x38, 0xCB, 0xCC, 0x90, 0x70, 0x96, 0xF9, 0xC3, 0x7F, 0x5E, 0x86, 0x0F, 0xFF, 0x79,
    0x40, 0xD4, 0xC7, 0xFF, 0xBC, 0x05, 0xEF, 0x58, 0x18, 0x0A, 0xDE, 0xB3, 0x00, 0x00, 0xBE, 0xBF,
    0x0D, 0x16, 0x78, 0x9C, 0x63, 0x60, 0x60, 0x60, 0x30, 0x38, 0xF1, 0xEF, 0x7D, 0x35, 0x13, 0x03,
    0x04, 0x04, 0xFC, 0xFD, 0x0F, 0x04, 0xFB, 0x21, 0x5C, 0x81, 0xDF, 0xFF, 0x7B, 0x5C, 0x43, 0x6E,
    0xFE, 0xEF, 0x07, 0xF3, 0x1E, 0xFD, 0xD7, 0x02, 0x51, 0x47, 0xFE, 0x73, 0x83, 0xA4, 0xFE, 0xF9,
    0x41, 0x34, 0xFC, 0xD8, 0x0F, 0x24, 0x0E, 0xBC, 0x67, 0x62, 0x58, 0xFC, 0xEF, 0x1C, 0x3B, 0x43,
    0xC0, 0x7F, 0x76, 0x06, 0x86, 0x6F, 0xF6, 0x0C, 0x05, 0x40, 0x43, 0x80, 0x62, 0xDF, 0xF5, 0x19,
    0x18, 0xFE, 0x71, 0x30, 0x7C, 0xFB, 0x9F, 0x79, 0xE3, 0x3F, 0x2F, 0xC3, 0x81, 0xF5, 0x0C, 0x09,
    0xEF, 0x81, 0x02, 0x7A, 0x0C, 0x0C, 0x3F, 0xE3, 0x19, 0x1C, 0xFE, 0x33, 0x6E, 0xE8, 0x87, 0x68,
    0xF8, 0xB8, 0x9E, 0x81, 0xE1, 0x2F, 0xDB, 0x07, 0x7B, 0x86, 0x09, 0xFF, 0x19, 0x19, 0x18, 0x3E,
    0x00, 0x4D, 0xFC, 0xC1, 0xF5, 0x89, 0x9F, 0x61, 0xC3, 0x7B, 0xA8, 0xA3, 0xBE, 0xF0, 0x7E, 0xE1,
    0x03, 0xDA, 0x01, 0xE5, 0x7D, 0xE2, 0xFF, 0xC2, 0x8B, 0xC2, 0x43, 0x91, 0x03, 0xE9, 0xFB, 0x0F,
    0xD7, 0x87, 0x6A, 0x26, 0xD8, 0x3E, 0x0E, 0xA0, 0xAA, 0xF9, 0x20, 0xFB, 0x50, 0xDD, 0x02, 0x75,
    0xE7, 0x09, 0x88, 0x3B, 0xD1, 0xFC, 0x00, 0xF1, 0xDF, 0x79, 0x71, 0x88, 0x73, 0xE1, 0x7E, 0xFF,
    0xBE, 0x1E, 0x44, 0x5E, 0xFA, 0xAF, 0x09, 0xA2, 0x0E, 0xFF, 0xE7, 0x82, 0x86, 0x59, 0xB5, 0x49,
    0xF0, 0x8D, 0xFF, 0xF5, 0x58, 0xC2, 0x13, 0x39, 0xAC, 0x01, 0x95, 0x0F, 0x83, 0x2F, 0x78, 0x9C,
    0x63, 0x08, 0x78, 0xFD, 0x3F, 0x87, 0x81, 0x81, 0xE1, 0xF7, 0xFF, 0xFF, 0xFF, 0xB9, 0x19, 0x1A,
    0xFE, 0x9F, 0xDF, 0xF5, 0xBF, 0x9F, 0xE1, 0xC1, 0x7F, 0x56, 0x86, 0x6F, 0xF7, 0x19, 0x02, 0xCA,
    0x18, 0x18, 0x3E, 0xFC, 0x67, 0x00, 0x01, 0x10, 0xD5, 0xF8, 0x06, 0xA8, 0x86, 0xC1, 0xE1, 0x3F,
    0x08, 0x00, 0x95, 0x78, 0x0B, 0x7E, 0xFC, 0xCF, 0xF0, 0xF9, 0x3E, 0x58, 0xEE, 0xF3, 0x7B, 0x06,
    0x86, 0x2F, 0xFF, 0x81, 0xAC, 0xB9, 0x37, 0xFF, 0xFF, 0x67, 0x4C, 0x00, 0x2A, 0x78, 0xF7, 0x9F,
    0x99, 0x61, 0xCB, 0xFF, 0x79, 0x85, 0xBB, 0x59, 0x01, 0x18, 0x8D, 0x37, 0x36, 0x78, 0x9C, 0x63,
    0x60, 0x10, 0xF8, 0xC7, 0xC5, 0xF0, 0x97, 0x87, 0x81, 0x61, 0xC3, 0x7B, 0xC6, 0x05, 0xFF, 0x99,
    0x18, 0x18, 0xBE, 0xE7, 0x33, 0x7C, 0xED, 0x67, 0x60, 0x70, 0xF8, 0xCF, 0xA3, 0xF0, 0x9F, 0x97,
    0x81, 0xE1, 0xE1, 0x7F, 0xA6, 0x0B, 0xFF, 0x59, 0x18, 0x18, 0x7E, 0xD7, 0x33, 0xFC, 0x9C, 0xCF,
    0xC0, 0x50, 0xF0, 0x9F, 0x37, 0xE0, 0xBF, 0x1C, 0x03, 0xC3, 0x87, 0xFF, 0xAC, 0x0F, 0xFE, 0xB3,
    0x33, 0x30, 0x34, 0xFC, 0xE7, 0x4D, 0xF8, 0xCF, 0xC7, 0x00, 0x96, 0xFF, 0x05, 0x94, 0x87, 0xA8,
    0x67, 0x06, 0xE9, 0xE7, 0x06, 0xEB, 0x67, 0xF8, 0x91, 0xCF, 0xF0, 0x0D, 0x68, 0x1E, 0xDC, 0x7C,
    0x88, 0x7D, 0x00, 0xA2, 0x9A, 0x2C, 0xD2, 0x78, 0x9C, 0xFB, 0xF5, 0x1F, 0x0C, 0xCE, 0xFF, 0x42,
    0xA3, 0x19, 0xC0, 0xE0, 0x17, 0x41, 0x1A, 0x00, 0x65, 0x66, 0x20, 0x37, 0x78, 0x9C, 0xFB, 0xFA,
    0xFF, 0xFF, 0xFF, 0xFD, 0x5F, 0x41, 0xC4, 0xE1, 0x33, 0x67, 0xCE, 0xCC, 0x01, 0x00, 0x6F, 0x03,
    0x0D, 0x26, 0x78, 0x9C, 0x63, 0x60, 0x60, 0x60, 0x30, 0x38, 0xF1, 0xEF, 0x7D, 0x35, 0x13, 0x03,
    0x04, 0x04, 0xFC, 0xFD, 0x0F, 0x04, 0xFB, 0x21, 0x5C, 0x81, 0xDF, 0xFF, 0x7B, 0x5C, 0x43, 0x5E,
    0xFE, 0xAF, 0x07, 0xF3, 0x1E, 0xFD, 0xD7, 0x02, 0x51, 0x47, 0xFE, 0x73, 0x81, 0xA4, 0xFE, 0xF9,
    0x41, 0x34, 0xFC, 0x58, 0x0F, 0x24, 0x0E, 0xBC, 0x87, 0xEA, 0x0F, 0xF8, 0xCF, 0xCE, 0xC0, 0xF0,
    0xDD, 0x9E, 0xE1, 0xC7, 0xFF, 0xFF, 0xF7, 0x35, 0x80, 0x2C, 0x7D, 0x06, 0x86, 0x7F, 0xEC, 0x20,
    0xDE, 0xFF, 0xFF, 0xAC, 0x0C, 0x07, 0xD6, 0x33, 0x24, 0xBC, 0x07, 0xEA, 0xC8, 0x0F, 0x9D, 0xF6,
    0x5F, 0x9E, 0xC1, 0xE1, 0x3F, 0xE3, 0x86, 0x7E, 0x20, 0x4F, 0x9E, 0x81, 0xE1, 0x2B, 0xD0, 0x82,
    0xBF, 0x6C, 0x1F, 0xEC, 0x21, 0xBC, 0x8F, 0xF3, 0x81, 0x34, 0xD7, 0x27, 0x7E, 0x08, 0xEF, 0x33,
    0x50, 0xEE, 0x2B, 0xEF, 0x17, 0x5E, 0x30, 0x2F, 0xF0, 0x2F, 0x48, 0x84, 0xFF, 0x2B, 0x0F, 0x03,
    0xD8, 0xCC, 0xF7, 0xCC, 0x0C, 0x0C, 0x9F, 0xF8, 0xC1, 0x72, 0x50, 0x47, 0x7F, 0xE6, 0x03, 0xEB,
    0xAB, 0x4F, 0x9B, 0xF6, 0x9F, 0x0F, 0xA4, 0x0F, 0x66, 0xE6, 0xB7, 0x78, 0x90, 0x99, 0x30, 0xFB,
    0x3E, 0x81, 0xED, 0x03, 0xBB, 0x05, 0xC4, 0xEB, 0x07, 0xB9, 0x05, 0xEC, 0x4E, 0x90, 0xED, 0xFD,
    0x0C, 0x07, 0x80, 0x0E, 0xF8, 0x66, 0x0F, 0xE6, 0x7D, 0xD8, 0x0F, 0xF6, 0x03, 0xAA, 0xFF, 0x04,
    0xFE, 0xD9, 0x41, 0x78, 0xDF, 0xD7, 0x43, 0xC2, 0x45, 0x12, 0x11, 0x2E, 0xA0, 0x30, 0xAB, 0x36,
    0x09, 0xBE, 0x01, 0x0D, 0x33, 0xD4, 0xF0, 0x44, 0x0E, 0x6B, 0x00, 0x37, 0xF2, 0x83, 0xBE, 0x78,
    0x9C, 0xFB, 0xFA, 0x1F, 0x04, 0xE4, 0xBF, 0x42, 0xA8, 0xC5, 0xAB, 0x40, 0x40, 0x0A, 0x00, 0xC6,
    0xA3, 0x10, 0x2E, 0x78, 0x9C, 0x63, 0x58, 0xF4, 0x2F, 0x86, 0xC1, 0xE1, 0xFF, 0xFF, 0xFF, 0xEC,
    0x0F, 0xDF, 0xA7, 0xFF, 0xB1, 0xFF, 0xA6, 0xCF, 0x70, 0x61, 0xFE, 0x4F, 0x1E, 0x86, 0x86, 0xF3,
    0x3F, 0xF8, 0x18, 0x16, 0xEC, 0xFF, 0xBC, 0x5E, 0xF0, 0x5B, 0xFE, 0x02, 0xA0, 0x2C, 0x2F, 0xC3,
    0x8F, 0xFF, 0xFB, 0x19, 0x19, 0x04, 0x42, 0x99, 0x18, 0x00, 0xBE, 0x66, 0x19, 0xE0, 0x78, 0x9C,
    0x63, 0x60, 0x60, 0x60, 0x58, 0xC5, 0xC5, 0x00, 0x06, 0x02, 0xFF, 0xF9, 0xC9, 0x66, 0x7C, 0xFE,
    0x0F, 0x01, 0xE7, 0xE1, 0x8C, 0x43, 0x67, 0xCE, 0x9C, 0xF9, 0x7F, 0xFE, 0xCC, 0x99, 0x35, 0x14,
    0x9A, 0x0C, 0x02, 0x33, 0x39, 0x19, 0xB0, 0x81, 0x84, 0xBB, 0x10, 0xC0, 0xDB, 0x00, 0xB5, 0x94,
    0x1F, 0xCE, 0x00, 0x00, 0x90, 0x8B, 0x3F, 0x31, 0x78, 0x9C, 0x63, 0x98, 0xF4, 0xF7, 0x3C, 0x3B,
    0x43, 0xC0, 0xFF, 0xFF, 0xFF, 0xEF, 0x33, 0x7E, 0xFA, 0x5F, 0xF5, 0xFC, 0x3F, 0xD7, 0xCF, 0x7E,
    0x06, 0x85, 0xFF, 0xFC, 0xB7, 0x74, 0x19, 0x18, 0xFE, 0xF1, 0x33, 0x30, 0x00, 0xD9, 0x7C, 0x40,
    0xF2, 0xC0, 0x7F, 0x0E, 0x20, 0xF9, 0xEB, 0x3E, 0x90, 0x58, 0xF0, 0x5F, 0x16, 0x48, 0xFE, 0xBE,
    0xCF, 0x08, 0x12, 0x95, 0x66, 0x60, 0x10, 0xF8, 0x33, 0x1F, 0xC8, 0xBF, 0xF8, 0x3F, 0x27, 0x2D,
    0xCD, 0xED, 0x3B, 0xD0, 0x9C, 0xFF, 0xEB, 0x21, 0x24, 0x00, 0x00, 0x9B, 0x2A, 0x33, 0x78, 0x9C,
    0x63, 0x58, 0xFC, 0xEF, 0xBE, 0x04, 0x43, 0xC3, 0xFF, 0xFF, 0xFF, 0xDF, 0x33, 0x7D, 0xF9, 0x9F,
    0x75, 0xFD, 0x3F, 0xCF, 0xCF, 0x7A, 0x06, 0x81, 0xFF, 0xFC, 0x02, 0x8C, 0x0C, 0x0C, 0xFF, 0xF8,
    0x19, 0x18, 0x18, 0x26, 0xFD, 0xE7, 0x04, 0xF2, 0xFF, 0xF7, 0x33, 0x80, 0xC8, 0xF9, 0x40, 0x01,
    0xA5, 0x25, 0xFF, 0xB9, 0x81, 0x14, 0xC3, 0x1F, 0xFB, 0x10, 0x56, 0x06, 0x86, 0x9F, 0xF1, 0xBF,
    0xE3, 0x19, 0x18, 0xFE, 0xDA, 0x7F, 0xFB, 0x9F, 0x79, 0xFD, 0x3F, 0xEF, 0x02, 0xB0, 0x39, 0x0C,
    0x5B, 0xFF, 0x9D, 0x17, 0x67, 0x00, 0x00, 0x32, 0x99, 0x28, 0x98, 0x78, 0x9C, 0x63, 0x68, 0xF8,
    0xDF, 0xCF, 0xC0, 0xF0, 0xF5, 0x3F, 0x07, 0x83, 0x02, 0x88, 0x71, 0x11, 0xC8, 0x60, 0xD8, 0xD2,
    0xC7, 0xC0, 0xC0, 0x00, 0x00, 0x82, 0x23, 0x08, 0xD3, 0x78, 0x9C, 0xFB, 0xF4, 0x9F, 0x85, 0x81,
    0x81, 0xE1, 0xC0, 0x7F, 0xAE, 0x4F, 0xF4, 0x60, 0xB0, 0xC2, 0x18, 0xEC, 0x30, 0x06, 0x37, 0x90,
    0x71, 0x01, 0xC4, 0xD0, 0x07, 0x32, 0xBE, 0x83, 0x18, 0xF7, 0x99, 0x18, 0x26, 0xFE, 0x07, 0x31,
    0xFE, 0xDF, 0x7F, 0xF3, 0xFF, 0x3D, 0x88, 0xF1, 0xEF, 0xFF, 0xFF, 0xFF, 0x1D, 0x20, 0x46, 0xEA,
    0x9B, 0xF7, 0x5E, 0x01, 0xBB, 0xD9, 0x21, 0x06, 0x02, 0x01, 0x85, 0x0C, 0x00, 0x56, 0x4B, 0x66,
    0x2D, 0x78, 0x9C, 0x63, 0x60, 0x08, 0xB8, 0xF9, 0xEF, 0xFF, 0x7F, 0x76, 0x06, 0x87, 0xBF, 0xFF,
    0xFF, 0x83, 0xE8, 0x6F, 0xFF, 0xC1, 0xB4, 0xC1, 0x7F, 0x08, 0x7D, 0x00, 0x4A, 0x7F, 0x86, 0xD2,
    0x3F, 0xA0, 0xF4, 0x2F, 0x28, 0xFD, 0x1B, 0x8D, 0xFF, 0x13, 0x4A, 0x7F, 0x85, 0xD2, 0x1F, 0xA0,
    0x74, 0x01, 0x94, 0x66, 0xF8, 0x0D, 0xA5, 0x17, 0x40, 0x69, 0x86, 0x2D, 0x50, 0x9A, 0xC1, 0x20,
    0xE4, 0x2B, 0x98, 0x66, 0x60, 0xF8, 0x40, 0x39, 0x0D, 0x00, 0xE8, 0x44, 0x7F, 0x03, 0x78, 0x9C,
    0x6B, 0x78, 0xCF, 0xF2, 0xE9, 0x3F, 0xDF, 0xE7, 0xFF, 0x7C, 0x0B, 0xFE, 0xB3, 0x31, 0x30, 0x32,
    0x00, 0x00, 0x45, 0x68, 0x07, 0x19, 0x78, 0x9C, 0xFB, 0xA2, 0xCF, 0xF0, 0xE3, 0x3D, 0xFB, 0xD2,
    0x7F, 0xF5, 0x0C, 0x0F, 0xCF, 0x33, 0x5C, 0xB8, 0xAF, 0xF0, 0x73, 0xFE, 0xDF, 0xFF, 0xB2, 0xAF,
    0x6B, 0x18, 0x00, 0xAB, 0xF0, 0x0D, 0xCB, 0x78, 0x9C, 0x63, 0x60, 0x98, 0x62, 0x17, 0xF8, 0xEB,
    0xBF, 0xFD, 0xEF, 0xFF, 0x40, 0xDC, 0xF3, 0xD7, 0x5E, 0x98, 0xE1, 0xB7, 0x3D, 0x03, 0x91, 0x18,
    0x00, 0x08, 0x58, 0x16, 0xE8, 0x78, 0x9C, 0x63, 0x70, 0x78, 0xFD, 0x3E, 0x87, 0x81, 0x81, 0xE1,
    0xD7, 0xFF, 0xFF, 0xFF, 0x65, 0x19, 0x26, 0xFC, 0x3F, 0x7F, 0xEA, 0xFF, 0x7D, 0x86, 0x4F, 0xFF,
    0xD9, 0x18, 0x1E, 0xFF, 0x67, 0xFB, 0xB1, 0x9E, 0x81, 0xA1, 0xE0, 0x3F, 0xF7, 0xAF, 0x7C, 0x06,
    0x06, 0x85, 0xFF, 0x7C, 0xBF, 0xFD, 0x81, 0xCA, 0xFE, 0xF3, 0x43, 0x29, 0xA8, 0xE0, 0x77, 0xA0,
    0x92, 0x84, 0xFF, 0xDC, 0x9F, 0xFE, 0xB3, 0x82, 0x34, 0x00, 0xB5, 0xEF, 0x02, 0x6A, 0x87, 0x1A,
    0xC6, 0xE0, 0xF0, 0x0A, 0x64, 0x34, 0x00, 0x2F, 0x7F, 0x2E, 0xFA, 0x78, 0x9C, 0x3B, 0x70, 0x9F,
    0xC1, 0xE1, 0x3F, 0x2B, 0x03, 0x83, 0xC2, 0x7F, 0x2E, 0x86, 0x5F, 0xFA, 0x0C, 0x0C, 0x0C, 0x3F,
    0xF2, 0x19, 0x1E, 0xDE, 0x07, 0xD2, 0x17, 0xFE, 0x33, 0x25, 0xFC, 0xE7, 0x64, 0x00, 0xCA, 0xF2,
    0x32, 0xFC, 0x89, 0x07, 0x0A, 0xFC, 0x5C, 0xCF, 0xF0, 0xE9, 0x3F, 0x13, 0x03, 0xC3, 0xC3, 0xFF,
    0x6C, 0x05, 0x40, 0x31, 0x86, 0x82, 0xFF, 0x7C, 0x0C, 0xFF, 0xF3, 0x19, 0x18, 0x1E, 0x40, 0xF9,
    0x50, 0x79, 0x03, 0x20, 0xFB, 0x77, 0x3C, 0x42, 0x3F, 0xD4, 0x3C, 0x98, 0xF9, 0x07, 0xA0, 0xF6,
    0x01, 0x00, 0xBF, 0x75, 0x2D, 0x4C, 0x78, 0x9C, 0x5D, 0xCF, 0x4F, 0x0E, 0xC1, 0x50, 0x10, 0x06,
    0xF0, 0x0F, 0xF1, 0x2F, 0xBA, 0xE8, 0x09, 0x10, 0x0B, 0x5B, 0x8E, 0xD0, 0x1B, 0xD4, 0xDE, 0x82,
    0x55, 0xD7, 0x12, 0x5B, 0x49, 0xB7, 0x76, 0x5C, 0x40, 0xB8, 0x41, 0xDD, 0x40, 0x6F, 0xC0, 0x0D,
    0xA4, 0x4B, 0xAB, 0x26, 0xA2, 0xAD, 0x96, 0x1A, 0xAF, 0xEF, 0x3D, 0x46, 0x7C, 0xC9, 0x2C, 0x7E,
    0xF9, 0x16, 0x33, 0x03, 0xCC, 0x17, 0xF8, 0xC4, 0xBA, 0xD0, 0xEA, 0x8B, 0x98, 0x7E, 0xB1, 0xC9,
    0x14, 0xC6, 0x62, 0x7A, 0x88, 0x25, 0x66, 0x54, 0x91, 0x9D, 0xC4, 0x75, 0x0B, 0xC6, 0xA3, 0xCD,
    0x18, 0x51, 0x95, 0x11, 0x1C, 0xC0, 0xC8, 0x3A, 0x0C, 0x8B, 0x6A, 0x8C, 0xD3, 0x11, 0x8C, 0xFB,
    0x00, 0xC8, 0x5D, 0x85, 0x21, 0x35, 0xB0, 0x23, 0x0D, 0xFF, 0x0C, 0x44, 0x12, 0x22, 0x89, 0x8D,
    0x2E, 0x69, 0x98, 0xD4, 0x84, 0x1F, 0xA6, 0x0A, 0xFB, 0xB0, 0x84, 0xD4, 0x4E, 0x14, 0xA2, 0x89,
    0x38, 0xA7, 0xAE, 0x60, 0xBE, 0x5A, 0x08, 0x3C, 0x28, 0xAC, 0xA9, 0x8C, 0xA7, 0xA1, 0x71, 0x73,
    0x31, 0xA5, 0x22, 0x85, 0x72, 0x43, 0xFC, 0xA9, 0x51, 0x3C, 0xDC, 0x75, 0x1C, 0x27, 0xF3, 0xFA,
    0xA2, 0x59, 0xEA, 0xCD, 0x2E, 0x38, 0xFF, 0x78, 0x03, 0x05, 0x32, 0x61, 0x1C, 0x78, 0x9C, 0x63,
    0x60, 0x68, 0xCE, 0x65, 0x80, 0x03, 0x87, 0x97, 0xFF, 0xF3, 0x11, 0xBC, 0x1F, 0xFF, 0x51, 0x78,
    0x73, 0x7F, 0x83, 0x79, 0x0B, 0xD8, 0x41, 0xA4, 0x10, 0xC3, 0x0F, 0x30, 0xEF, 0x4B, 0x3C, 0x54,
    0x16, 0xCC, 0xFB, 0xC7, 0x83, 0xC4, 0x9B, 0xF0, 0x9F, 0x09, 0x89, 0xF7, 0xB9, 0x9F, 0x01, 0x89,
    0xF7, 0x97, 0x17, 0x89, 0x57, 0xF0, 0x9F, 0x19, 0x89, 0xF7, 0x69, 0x3E, 0x03, 0x12, 0xEF, 0xB7,
    0x1C, 0x12, 0x2F, 0xE0, 0x3F, 0xAB, 0xC1, 0xAB, 0xF7, 0x39, 0x50, 0xDE, 0xC3, 0xFD, 0x20, 0x17,
    0xFE, 0xE7, 0x86, 0xF0, 0x7E, 0xC9, 0x07, 0xFC, 0x9F, 0xDF, 0xF6, 0xBF, 0x1E, 0xE2, 0x8F, 0xFF,
    0x6C, 0x07, 0xFE, 0xB3, 0x32, 0x7C, 0x3D, 0x0F, 0xE6, 0x5D, 0x38, 0xCF, 0x70, 0xE0, 0x2E, 0x03,
    0xC3, 0xC7, 0xFB, 0x10, 0x73, 0xF4, 0xC1, 0xD4, 0xD7, 0xFD, 0x20, 0xD2, 0xE0, 0x3F, 0x07, 0x88,
    0x12, 0xF8, 0x07, 0xF6, 0xC6, 0x01, 0x88, 0x8A, 0x83, 0xFF, 0xB9, 0x40, 0xD4, 0x77, 0x7F, 0xB0,
    0xD4, 0x5F, 0xB0, 0x21, 0x02, 0xFF, 0x39, 0x41, 0xD4, 0x45, 0xB0, 0x75, 0x0C, 0x1B, 0xDE, 0x33,
    0x02, 0x49, 0x85, 0xBF, 0x10, 0xA7, 0x42, 0xC2, 0xE0, 0xD1, 0x7F, 0x70, 0xC0, 0x30, 0x14, 0x80,
    0x34, 0x2B, 0xFC, 0x5B, 0x9F, 0x96, 0x96, 0x06, 0xF5, 0x3F, 0xC3, 0x82, 0xFF, 0x20, 0xC0, 0x8E,
    0xCA, 0x03, 0x00, 0x73, 0xFB, 0x61, 0x48, 0x78, 0x9C, 0x75, 0x90, 0x3B, 0x12, 0x01, 0x41, 0x10,
    0x86, 0x7B, 0xB7, 0xBC, 0x6D, 0xE1, 0x06, 0xB6, 0x5C, 0x80, 0x1B, 0xAC, 0x23, 0xB8, 0x01, 0x81,
    0xA2, 0x44, 0x44, 0x52, 0x6E, 0xE0, 0x0A, 0xCA, 0x05, 0x08, 0xC8, 0xC9, 0x55, 0x11, 0x11, 0x22,
    0x93, 0xA9, 0xF2, 0x2C, 0xAF, 0xFD, 0x75, 0x9B, 0x6D, 0x99, 0x0E, 0x7A, 0xFA, 0xEB, 0xFA, 0xE7,
    0x9F, 0xEE, 0xA1, 0xB1, 0xBF, 0x88, 0x92, 0x46, 0x1F, 0xC0, 0xC6, 0x52, 0xBA, 0xA2, 0xB1, 0x47,
    0x52, 0xE9, 0x51, 0xA6, 0x0C, 0xD2, 0x5C, 0xB4, 0xE2, 0x41, 0x07, 0x29, 0x4E, 0xC7, 0x9E, 0x81,
    0x01, 0xC4, 0xE6, 0x25, 0x2D, 0x72, 0x81, 0x0E, 0x1F, 0x15, 0x84, 0x02, 0x12, 0xCD, 0x6E, 0x68,
    0x84, 0xB9, 0x31, 0x12, 0xEC, 0x96, 0x55, 0xDF, 0x77, 0x96, 0x8A, 0x88, 0x48, 0xD5, 0x66, 0x87,
    0xA7, 0x47, 0xDB, 0x85, 0xE9, 0xF3, 0x7B, 0x7E, 0x9E, 0xEE, 0xF9, 0x2F, 0xDD, 0xD0, 0x58, 0xC3,
    0x29, 0x20, 0x46, 0x27, 0xD8, 0x66, 0x4E, 0x7B, 0xB9, 0x61, 0x15, 0x13, 0x4D, 0x64, 0x87, 0x9B,
    0x27, 0x6D, 0xDB, 0x98, 0xBA, 0x88, 0xF3, 0xF8, 0x4A, 0xA3, 0x83, 0xE5, 0x62, 0xAE, 0x74, 0x29,
    0xD3, 0xF2, 0x30, 0x0B, 0x28, 0xE3, 0x27, 0xE9, 0xEE, 0x4D, 0x03, 0xEA, 0xC3, 0x2A, 0x21, 0xAC,
    0x74, 0x6E, 0xCA, 0x76, 0x4A, 0x6F, 0x87, 0x9E, 0x90, 0x10, 0xEC, 0x72, 0x7E, 0xFD, 0x48, 0xFE,
    0xA0, 0x5A, 0xAB, 0xAD, 0x50, 0x17, 0x61, 0xC9, 0xF9, 0xEA, 0xF5, 0x1E, 0xFD, 0xA1, 0x0F, 0x76,
    0x83, 0x72, 0x2B, 0x78, 0x9C, 0x63, 0x60, 0x60, 0x78, 0x9A, 0xC7, 0x00, 0x06, 0xFF, 0xFE, 0xA3,
    0xD2, 0x57, 0x62, 0x19, 0xF0, 0x82, 0x20, 0x57, 0x08, 0xFD, 0xF3, 0x3E, 0x84, 0xFE, 0x7D, 0x1E,
    0x4C, 0x09, 0xFC, 0xEF, 0x07, 0xD3, 0x13, 0xFE, 0xEB, 0x83, 0xE9, 0x1F, 0xFF, 0x39, 0x40, 0x54,
    0xC1, 0xFF, 0xFD, 0x60, 0xEE, 0xD7, 0xFF, 0x3C, 0x20, 0x4A, 0xE1, 0xFF, 0x7D, 0x46, 0x10, 0xBD,
    0xE1, 0xBF, 0x1C, 0x58, 0xF8, 0xF3, 0x7F, 0x56, 0x88, 0xEA, 0xF7, 0x10, 0xC3, 0x7E, 0xED, 0x87,
    0x1A, 0x0A, 0xA6, 0xCF, 0xC4, 0xFC, 0x7C, 0x0F, 0xD6, 0x14, 0xFF, 0xF5, 0x3F, 0x1B, 0x48, 0x93,
    0xFC, 0x83, 0xFF, 0xFD, 0x4C, 0x0E, 0x7F, 0xFE, 0x73, 0x06, 0xFC, 0x07, 0x01, 0xA0, 0x59, 0x5F,
    0x41, 0xB4, 0x34, 0xD0, 0xFA, 0xED, 0xFF, 0xEE, 0x7B, 0x31, 0x30, 0x00, 0x00, 0xDC, 0x3F, 0x3A,
    0x8D, 0x78, 0x9C, 0x63, 0x38, 0xF0, 0xDF, 0x9F, 0x01, 0x02, 0xFE, 0xBC, 0x67, 0x82, 0x30, 0x2E,
    0xFE, 0xE7, 0x85, 0x30, 0x04, 0xFE, 0xAE, 0x87, 0xCA, 0x5D, 0x5C, 0x0B, 0x95, 0x43, 0x03, 0x7F,
    0xFF, 0x43, 0x80, 0x3C, 0x16, 0xC6, 0x7E, 0x98, 0x1A, 0x6A, 0x31, 0x20, 0x06, 0xE7, 0x23, 0x33,
    0xDE, 0x81, 0x40, 0x1C, 0xF5, 0xAC, 0x40, 0xD8, 0x05, 0x36, 0xF9, 0x9D, 0x1F, 0xCC, 0x3B, 0xFE,
    0x70, 0x06, 0x00, 0x24, 0x0E, 0x6E, 0xC0, 0x78, 0x9C, 0x63, 0x58, 0xB0, 0x8E, 0x81, 0x61, 0xC1,
    0x5A, 0x06, 0x06, 0x86, 0x6F, 0xFF, 0xD9, 0xC1, 0x18, 0xC1, 0xD8, 0x70, 0x9E, 0x11, 0x8C, 0x31,
    0xC1, 0xDF, 0xFF, 0x10, 0x20, 0x8F, 0x85, 0xB1, 0x1F, 0xA6, 0x86, 0x5A, 0x0C, 0x88, 0xC1, 0xF9,
    0xC8, 0x8C, 0x77, 0x20, 0x10, 0x47, 0x3D, 0x2B, 0x10, 0x76, 0x81, 0x4D, 0x7E, 0xE7, 0x07, 0xF3,
    0x8E, 0x3F, 0x9C, 0x01, 0x00, 0xC4, 0xA6, 0x73, 0x37, 0x78, 0x9C, 0xFB, 0xFC, 0x1F, 0x06, 0xCE,
    0x33, 0x30, 0x30, 0x7C, 0xC6, 0xC1, 0xDB, 0xCF, 0x00, 0x01, 0x3F, 0xFE, 0x33, 0x32, 0x20, 0x00,
    0x6D, 0x78, 0x25, 0xB7, 0xFF, 0xDD, 0xCB, 0x82, 0xF3, 0xC0, 0x20, 0x0F, 0x85, 0xF7, 0x9F, 0x0B,
    0xCA, 0x9B, 0x6B, 0x2A, 0x14, 0xF4, 0xEB, 0x7F, 0x3F, 0x92, 0x29, 0x06, 0xFF, 0xFF, 0x33, 0x21,
    0x99, 0xF9, 0xF5, 0x3F, 0x07, 0x12, 0xEF, 0xC1, 0x7F, 0x1E, 0x24, 0xDE, 0x82, 0xFF, 0x7C, 0x48,
    0xBC, 0x86, 0xFF, 0xFC, 0x48, 0xBC, 0x09, 0x28, 0xBC, 0x0D, 0xFF, 0x79, 0x91, 0x78, 0x1F, 0xFF,
    0x73, 0x22, 0xF1, 0x7E, 0xFD, 0x67, 0x41, 0xF0, 0x36, 0x43, 0xC3, 0x09, 0xC4, 0x53, 0xF8, 0xFB,
    0xFF, 0xBF, 0x2C, 0x9C, 0x07, 0x74, 0xD7, 0x7A, 0x88, 0x1F, 0x5A, 0x3A, 0x80, 0xAE, 0x7C, 0xDF,
    0x0D, 0x74, 0x25, 0x00, 0x4A, 0xC3, 0x7C, 0x00, 0x78, 0x9C, 0x63, 0x60, 0x60, 0x60, 0x50, 0xF8,
    0x7F, 0x9F, 0x91, 0x01, 0x04, 0x2E, 0xFC, 0x97, 0x05, 0xD3, 0x0C, 0xBF, 0xA1, 0x02, 0x0D, 0x30,
    0x81, 0x85, 0x77, 0x21, 0x02, 0xE8, 0xE0, 0xF7, 0x7F, 0x08, 0xE0, 0xC3, 0x60, 0xF0, 0xFE, 0xBE,
    0x0F, 0x53, 0x33, 0xBC, 0x18, 0x00, 0xF7, 0xAC, 0x4D, 0x57, 0x78, 0x9C, 0x5D, 0x8F, 0x5D, 0x0E,
    0xC1, 0x40, 0x14, 0x85, 0x4F, 0x1B, 0xA5, 0x44, 0xA8, 0x57, 0x12, 0xDE, 0xF0, 0xC6, 0x12, 0xBA,
    0x14, 0x76, 0x20, 0x56, 0x60, 0x09, 0xBA, 0x03, 0x3B, 0x60, 0x05, 0xEC, 0xC0, 0xCF, 0x0A, 0x2C,
    0x80, 0x28, 0xD2, 0x04, 0x53, 0x72, 0xCC, 0xDC, 0x74, 0x34, 0x71, 0x92, 0xC9, 0x7C, 0x99, 0x3B,
    0xE7, 0xDE, 0x73, 0x01, 0x8C, 0x4F, 0xDC, 0xF6, 0x61, 0x34, 0xA3, 0x51, 0x4B, 0x53, 0xF0, 0x16,
    0x8C, 0x5D, 0x60, 0xCF, 0x63, 0x17, 0x61, 0xCA, 0x36, 0xA0, 0x58, 0xD1, 0xB5, 0x09, 0x97, 0x18,
    0x72, 0x23, 0x0E, 0x45, 0x77, 0xC1, 0x81, 0xE0, 0x9D, 0xFE, 0x55, 0xEA, 0xC6, 0x52, 0x4D, 0xE8,
    0x09, 0xCE, 0x59, 0x7F, 0xD0, 0x11, 0x44, 0xC3, 0x51, 0x84, 0x55, 0x1A, 0xE7, 0x28, 0xB3, 0x58,
    0xFA, 0xC7, 0x8B, 0x51, 0xD1, 0x4C, 0xC9, 0xFF, 0xBE, 0xF2, 0x0E, 0x4F, 0xDB, 0x17, 0x48, 0x58,
    0xC8, 0x16, 0xA8, 0xDD, 0x58, 0xB6, 0x19, 0x56, 0xEC, 0xD8, 0x64, 0xA1, 0xCE, 0x9C, 0xE5, 0xD5,
    0xC7, 0xD7, 0x34, 0x32, 0x2F, 0x07, 0xEE, 0x3C, 0x84, 0xCA, 0xEC, 0x16, 0x7C, 0x7E, 0x1B, 0x23,
    0x12, 0x6C, 0x8A, 0x63, 0x7A, 0xE6, 0xBA, 0xA7, 0xEF, 0x2F, 0x17, 0xCC, 0x70, 0x8D, 0x78, 0x9C,
    0x3D, 0x8F, 0x3F, 0x0E, 0x01, 0x41, 0x18, 0xC5, 0xBF, 0xC5, 0xEA, 0xC4, 0x56, 0x4A, 0x51, 0x4A,
    0x14, 0x88, 0x03, 0x70, 0x03, 0x9C, 0x80, 0x23, 0x6C, 0xD4, 0x22, 0x6E, 0xB0, 0x0A, 0xBD, 0x4A,
    0x29, 0x1B, 0x8D, 0x12, 0x57, 0x70, 0x82, 0xAD, 0xE8, 0x64, 0x35, 0xC2, 0xFE, 0xC9, 0x3E, 0x6F,
    0x76, 0x66, 0xBD, 0x66, 0x7E, 0x99, 0x79, 0x6F, 0xBE, 0xF7, 0x89, 0xC8, 0xFE, 0x89, 0x83, 0x2D,
    0x4A, 0x77, 0x50, 0x41, 0x85, 0xB4, 0x41, 0x2E, 0x8F, 0xF8, 0xC1, 0xAA, 0x24, 0x8B, 0x0C, 0x55,
    0x71, 0x10, 0x58, 0xBC, 0xB8, 0xA1, 0x2B, 0x73, 0x8C, 0x55, 0xA0, 0x87, 0x1D, 0xAD, 0xF5, 0x3C,
    0x9C, 0x06, 0x7F, 0x8C, 0x20, 0xAE, 0x36, 0x48, 0x7F, 0x40, 0x53, 0x58, 0x12, 0xA3, 0x18, 0x9E,
    0x65, 0xF0, 0x0A, 0x5C, 0x1A, 0x86, 0x23, 0xCE, 0x5A, 0xEA, 0x87, 0x56, 0x4C, 0xF6, 0x75, 0xC0,
    0x39, 0x91, 0x67, 0xC6, 0x33, 0x4D, 0xC0, 0x0E, 0x5A, 0x4E, 0x84, 0x61, 0xF1, 0xE5, 0x04, 0xBE,
    0x9A, 0xA2, 0x3B, 0x84, 0xAC, 0xAB, 0xB3, 0x5F, 0xC8, 0x1B, 0x76, 0x81, 0x2F, 0xD4, 0x0A, 0xC3,
    0x9A, 0x7E, 0xCA, 0x65, 0x75, 0x49, 0xD5, 0x6E, 0xA3, 0x04, 0x4D, 0x91, 0x23, 0x47, 0x65, 0x40,
    0x58, 0xE6, 0xDB, 0x23, 0x5F, 0xBE, 0x93, 0x27, 0xB6, 0x29, 0xCE, 0x6D, 0x9E, 0x3F, 0x9B, 0x88,
    0x6B, 0x16, 0x78, 0x9C, 0xFB, 0xF9, 0xFF, 0x27, 0x19, 0x10, 0x00, 0xB5, 0xFC, 0x35, 0x29, 0x78,
    0x9C, 0x3B, 0x54, 0xCB, 0xC0, 0x70, 0xA8, 0x96, 0xE1, 0xF7, 0x7F, 0x26, 0x10, 0x86, 0x52, 0x97,
    0xE7, 0x33, 0x30, 0x5C, 0xEE, 0x67, 0x40, 0x07, 0x3F, 0xFF, 0x0F, 0x59, 0x0A, 0x00, 0x1E, 0x0D,
    0x42, 0x6B, 0x78, 0x9C, 0x63, 0x60, 0x00, 0x83, 0x1F, 0xFF, 0x19, 0x18, 0x86, 0x20, 0xEB, 0xC2,
    0x5D, 0x76, 0x10, 0xEB, 0xE7, 0x7F, 0x86, 0x07, 0xFF, 0xB9, 0x40, 0xAC, 0x3F, 0xEF, 0x19, 0x36,
    0xFC, 0xE7, 0x07, 0x32, 0x04, 0xFE, 0xAF, 0x67, 0x48, 0xF8, 0x3F, 0x1F, 0xC8, 0xDA, 0xF0, 0x3F,
    0x9E, 0x81, 0xE1, 0xDF, 0x7F, 0x2B, 0x06, 0x87, 0x3F, 0xFF, 0x79, 0x18, 0x18, 0x3E, 0xFF, 0xFF,
    0xFF, 0x1E, 0x88, 0x18, 0x19, 0x18, 0x14, 0xFE, 0xFE, 0x07, 0x02, 0x69, 0x90, 0x36, 0x87, 0x9B,
    0xFF, 0xEE, 0x59, 0x02, 0x69, 0x00, 0x72, 0xF8, 0x48, 0x0C, 0x78, 0x9C, 0x75, 0xD1, 0xCB, 0x0D,
    0xC2, 0x30, 0x0C, 0x06, 0x60, 0x97, 0x87, 0x00, 0x21, 0xA0, 0x1B, 0xC0, 0x08, 0x9C, 0x59, 0x82,
    0x51, 0xE0, 0xCE, 0x05, 0xB1, 0x40, 0x47, 0x60, 0x04, 0x46, 0x80, 0x11, 0xD8, 0xA0, 0xB7, 0x1E,
    0x5B, 0x85, 0x42, 0x79, 0xA9, 0xFC, 0x24, 0xAE, 0x22, 0xAC, 0x24, 0xF8, 0x60, 0x29, 0x5F, 0xA2,
    0x38, 0x76, 0x88, 0x48, 0xA1, 0x89, 0x15, 0xFD, 0x22, 0x64, 0x97, 0x80, 0x95, 0xE8, 0xEA, 0x3C,
    0x73, 0xAC, 0xE3, 0xD9, 0x15, 0x6D, 0xCF, 0x6E, 0x41, 0x6B, 0x79, 0x56, 0x21, 0xF2, 0xEC, 0x0E,
    0xFA, 0x6B, 0x26, 0x8A, 0x4D, 0xC4, 0xF6, 0x10, 0x06, 0x24, 0x6C, 0xCF, 0x42, 0x1A, 0x86, 0xD2,
    0xCC, 0x7D, 0x71, 0x86, 0xBD, 0x59, 0xBD, 0x52, 0x51, 0x23, 0xAE, 0xF9, 0xB5, 0xEF, 0xA3, 0xAC,
    0x5B, 0x62, 0xA0, 0x73, 0x7D, 0x90, 0x76, 0xC2, 0x58, 0xE7, 0x4F, 0x22, 0x6D, 0x8B, 0x89, 0xCE,
    0xCD, 0xC2, 0xDA, 0x1A, 0x53, 0xA2, 0x39, 0x96, 0xDE, 0x39, 0xDE, 0x70, 0xEE, 0x3B, 0x63, 0xE4,
    0xD5, 0xAD, 0xD0, 0x73, 0xDF, 0xB7, 0x03, 0x8F, 0x4A, 0xF6, 0xA1, 0xEC, 0x7F, 0xE9, 0x7E, 0xF3,
    0x3C, 0xE7, 0x7E, 0xB5, 0xF5, 0xAD, 0xD9, 0xB9, 0xA8, 0x74, 0x41, 0xC2, 0x78, 0x7E, 0x5F, 0xE3,
    0x0D, 0xA6, 0x6F, 0x78, 0x9C, 0xFB, 0x7D, 0x9F, 0x01, 0x0C, 0x2E, 0xFC, 0xE7, 0x61, 0x80, 0x82,
    0xDF, 0xC3, 0x44, 0x08, 0x04, 0xCE, 0x79, 0x82, 0x84, 0xFE, 0xA3, 0x02, 0x5B, 0x64, 0xA1, 0xF7,
    0xEF, 0xDE, 0xBD, 0x03, 0x52, 0x2C, 0x40, 0xA1, 0x77, 0x60, 0xF0, 0x0F, 0x6C, 0x96, 0xC1, 0xAF,
    0xFF, 0xFA, 0xE8, 0xC6, 0x27, 0xFC, 0xDF, 0x8F, 0x61, 0xE3, 0xEF, 0xFF, 0x8C, 0xE8, 0x42, 0x5F,
    0xFF, 0xB3, 0xA0, 0x0B, 0x7D, 0xFA, 0xCF, 0x86, 0x2E, 0xF4, 0xF9, 0x3F, 0x2B, 0xBA, 0xD0, 0x37,
    0x4C, 0x8D, 0x7F, 0xFE, 0xA3, 0xDB, 0x38, 0xE1, 0xFF, 0x7A, 0x24, 0x21, 0x19, 0x41, 0x41, 0xC1,
    0xA4, 0xBF, 0xFF, 0xE5, 0xD0, 0xBC, 0x0D, 0x04, 0xCC, 0x18, 0x42, 0x3A, 0x58, 0x03, 0x07, 0x00,
    0xE3, 0xCB, 0xAF, 0xC5, 0x78, 0x9C, 0xFB, 0xFB, 0x1F, 0x06, 0xE4, 0x19, 0x18, 0x18, 0xFE, 0xA2,
    0xF0, 0xFE, 0xA0, 0xF0, 0x80, 0xC0, 0xE1, 0xBF, 0x3F, 0x03, 0x02, 0xD0, 0x86, 0xD7, 0xBF, 0xFC,
    0xED, 0xFF, 0xFB, 0xD5, 0x8C, 0x50, 0x1E, 0x04, 0xCC, 0x47, 0xE1, 0xFD, 0xE7, 0x86, 0xF0, 0xCE,
    0x7B, 0x08, 0x31, 0x28, 0x3C, 0xFB, 0xDF, 0x8F, 0x64, 0x8A, 0xC0, 0xBF, 0xFF, 0xC8, 0x66, 0x7E,
    0xFB, 0xCF, 0x82, 0xC4, 0xFB, 0xF8, 0x9F, 0x03, 0x89, 0xF7, 0xE1, 0x3F, 0x27, 0x12, 0xEF, 0xC1,
    0x7F, 0x2E, 0x14, 0x1E, 0x37, 0xED, 0x79, 0x00, 0xD0, 0x0F, 0x71, 0x53, 0x78, 0x9C, 0x7D, 0xCF,
    0xCD, 0x09, 0xC2, 0x40, 0x10, 0x05, 0xE0, 0x31, 0x82, 0x1A, 0x41, 0xB0, 0x01, 0x21, 0x15, 0x44,
    0xED, 0xC4, 0x0E, 0xB4, 0x03, 0x5B, 0x48, 0x07, 0x5A, 0x81, 0x5A, 0x82, 0x07, 0xEF, 0xB1, 0x03,
    0xD3, 0x81, 0xE0, 0x5D, 0x02, 0x12, 0xF1, 0x37, 0x3C, 0x67, 0x77, 0xDF, 0xE8, 0xCD, 0xB9, 0xE4,
    0x63, 0x09, 0x33, 0xEF, 0x89, 0x88, 0x64, 0x58, 0x08, 0xA7, 0x42, 0x87, 0x4A, 0x7E, 0x8F, 0x05,
    0x62, 0xE3, 0x6E, 0x25, 0x7F, 0xA6, 0xCE, 0xFD, 0x67, 0x8B, 0xB5, 0xF1, 0x89, 0x2E, 0x99, 0xE1,
    0x60, 0x3F, 0xDC, 0x30, 0x20, 0x27, 0x28, 0x1B, 0x64, 0x85, 0x94, 0x1B, 0x46, 0x40, 0x93, 0x3C,
    0x61, 0xCA, 0xBD, 0xFD, 0x1A, 0x2D, 0x72, 0xCF, 0x64, 0xCA, 0x97, 0xAE, 0x0F, 0x5C, 0x22, 0xB7,
    0x0C, 0x77, 0x77, 0xC9, 0x13, 0x3A, 0xB1, 0xF1, 0x1C, 0x76, 0x29, 0xCB, 0x31, 0x10, 0x05, 0xA6,
    0x1A, 0xA6, 0xE7, 0x59, 0x46, 0xB2, 0xD1, 0xDC, 0xD6, 0x22, 0x9C, 0xF3, 0xBC, 0x60, 0x68, 0x9C,
    0xE1, 0xF8, 0xAD, 0xF9, 0x70, 0xB7, 0x03, 0x0B, 0xCC, 0x8D, 0x89, 0x0B, 0xCF, 0xF2, 0x57, 0xED,
    0x49, 0xBA, 0x78, 0xA4, 0xBC, 0xD1, 0xFE, 0x00, 0xE7, 0x31, 0x76, 0xE4, 0x78, 0x9C, 0x65, 0xCA,
    0xD1, 0x0D, 0xC1, 0x70, 0x14, 0xC5, 0xE1, 0x4B, 0x13, 0x42, 0x3D, 0x98, 0x00, 0x1B, 0xB0, 0x01,
    0x1B, 0xB0, 0x01, 0x1B, 0x18, 0xC1, 0x2A, 0x5D, 0x40, 0xD2, 0x0D, 0xCA, 0x04, 0xFA, 0xE2, 0xB9,
    0xB1, 0x80, 0x86, 0x08, 0xE2, 0xDF, 0xF4, 0xE7, 0xC1, 0xBD, 0xB7, 0x0F, 0xCE, 0xCB, 0xF9, 0x72,
    0x72, 0x44, 0x12, 0xD6, 0x62, 0x09, 0x44, 0xC6, 0x94, 0x91, 0xCF, 0x55, 0xE6, 0x3C, 0xEE, 0xFD,
    0xF1, 0x9F, 0x50, 0xFC, 0xFA, 0x4E, 0x6C, 0xAC, 0x9C, 0x1B, 0x9C, 0xB7, 0x86, 0xC1, 0xB9, 0xC2,
    0x79, 0xE1, 0x6A, 0xFC, 0x70, 0x56, 0x2E, 0xC8, 0x72, 0x65, 0xCE, 0xD8, 0xF8, 0xA6, 0xA3, 0x9C,
    0x71, 0x12, 0xE5, 0x81, 0xA9, 0xF1, 0x45, 0x57, 0x39, 0xA1, 0x10, 0x65, 0xCA, 0xDC, 0xF8, 0xA4,
    0xA7, 0x1C, 0xD6, 0xA5, 0x28, 0x13, 0x96, 0xC6, 0x07, 0x7D, 0x65, 0x59, 0x97, 0x2D, 0x25, 0x6C,
    0xC5, 0x19, 0x37, 0x6C, 0x3B, 0x77, 0xE2, 0x1C, 0x34, 0x8C, 0x8C, 0x5F, 0x63, 0x82, 0x93, 0xFB,
    0x78, 0x9C, 0x75, 0x90, 0xCD, 0x0D, 0x82, 0x40, 0x10, 0x85, 0x07, 0xFF, 0x20, 0x1A, 0x0D, 0x1D,
    0x48, 0x07, 0x50, 0x81, 0x5E, 0x3C, 0x1B, 0x3A, 0xD0, 0x0E, 0x6C, 0xC1, 0x06, 0x0C, 0x5A, 0x01,
    0x74, 0xA0, 0x25, 0xD8, 0x01, 0x1E, 0xBD, 0x61, 0x62, 0x01, 0x28, 0x51, 0x0C, 0x11, 0x79, 0xCE,
    0xCE, 0xAE, 0x47, 0xDF, 0xE9, 0xDB, 0xCD, 0xBE, 0x79, 0x6F, 0x96, 0x68, 0x8D, 0x2E, 0x85, 0x70,
    0x88, 0x15, 0xA2, 0x4F, 0x09, 0x1F, 0x95, 0x9A, 0x78, 0x56, 0xE5, 0x42, 0x74, 0x05, 0x30, 0xD1,
    0xE8, 0x9E, 0xB1, 0xB1, 0xE8, 0x9F, 0x9E, 0xEC, 0x57, 0xDA, 0x22, 0x3A, 0x61, 0x2C, 0x78, 0x83,
    0xBF, 0x44, 0x24, 0x58, 0x62, 0x40, 0x0D, 0x04, 0x6B, 0x74, 0xE8, 0x05, 0x9B, 0x29, 0x40, 0x46,
    0x74, 0xC7, 0x48, 0x5C, 0x2B, 0xE2, 0x36, 0x0B, 0x71, 0xF1, 0x85, 0x8B, 0x54, 0x5C, 0xAA, 0x5A,
    0xC5, 0x06, 0x76, 0xA9, 0xE8, 0x82, 0xC7, 0x04, 0xD8, 0xAB, 0x31, 0x09, 0x7C, 0x76, 0x4D, 0x49,
    0xE6, 0xC4, 0xEC, 0x1A, 0xCA, 0xF4, 0x37, 0xAC, 0x12, 0x3D, 0xC1, 0x07, 0x9C, 0xDA, 0x6C, 0x71,
    0xC4, 0xDC, 0x14, 0xE1, 0x3D, 0x73, 0x53, 0x8F, 0xE8, 0x03, 0x53, 0x5A, 0x45, 0xA1, 0x6D, 0xF0,
    0x22, 0xD9, 0x22, 0xDD, 0x48, 0x74, 0x90, 0x9E, 0xA2, 0x42, 0xFF, 0x98, 0x89, 0x33, 0xB4, 0xFB,
    0x05, 0x78, 0x39, 0x7E, 0x4F, 0x3D, 0x20, 0x6B, 0x69, 0x0C, 0x90, 0xDA, 0x9A, 0xBE, 0x97, 0x5D,
    0x68, 0x86, 0x78, 0x9C, 0xFB, 0x7D, 0x9F, 0x01, 0x0C, 0x2E, 0xFC, 0xE7, 0xFE, 0x3D, 0xA2, 0x99,
    0xFF, 0xDF, 0x81, 0xC1, 0x3F, 0x10, 0x13, 0x06, 0x90, 0x99, 0x20, 0x75, 0x9F, 0xFE, 0xB3, 0x31,
    0x40, 0x01, 0x65, 0x4C, 0x00, 0x64, 0x83, 0x84, 0x32, 0x78, 0x9C, 0x3D, 0x90, 0x6B, 0x11, 0xC2,
    0x30, 0x10, 0x84, 0xAF, 0x0C, 0x1D, 0x18, 0x18, 0x3A, 0x75, 0x00, 0x12, 0x70, 0x00, 0x0E, 0x8A,
    0x03, 0x70, 0x40, 0x1D, 0x80, 0x04, 0x1C, 0x14, 0x07, 0xE0, 0x80, 0x3A, 0xA0, 0x0E, 0xC0, 0x01,
    0xEF, 0xD2, 0xA1, 0x94, 0xE5, 0x72, 0xB9, 0x64, 0x7F, 0x24, 0xFB, 0x25, 0x99, 0xEC, 0x26, 0x44,
    0xAC, 0x17, 0x5A, 0xE4, 0x55, 0xA3, 0xEB, 0x7D, 0x0C, 0x44, 0x1E, 0x52, 0x20, 0xF1, 0x50, 0xA0,
    0xD9, 0x79, 0x78, 0xE2, 0x81, 0xC0, 0xC1, 0x27, 0x2B, 0xD0, 0x71, 0x80, 0x24, 0xC5, 0x40, 0xFD,
    0x02, 0x51, 0x8C, 0x89, 0x42, 0xCE, 0x29, 0x75, 0xA6, 0x70, 0xE7, 0xFC, 0xF2, 0xA2, 0x50, 0x1D,
    0x89, 0xAE, 0x08, 0x2D, 0xFC, 0x56, 0x44, 0x5B, 0xF4, 0xC5, 0xCF, 0x30, 0x24, 0x9A, 0x9A, 0x81,
    0xB5, 0x97, 0x45, 0xB3, 0xCD, 0xBA, 0xC9, 0xF1, 0xEA, 0x24, 0xF0, 0x86, 0xBD, 0xB2, 0x6D, 0xA6,
    0x06, 0x56, 0x3D, 0xF6, 0x63, 0xF5, 0x72, 0xC3, 0xC6, 0xC1, 0x92, 0x4C, 0x9C, 0x7D, 0xF2, 0x97,
    0xA3, 0xA9, 0xD4, 0xCF, 0x90, 0x59, 0x56, 0xF4, 0xC4, 0x08, 0x36, 0x8D, 0x0B, 0x45, 0xB4, 0xD6,
    0x1E, 0x5C, 0x68, 0x4E, 0x67, 0x6D, 0xC8, 0x85, 0x0E, 0xFC, 0x19, 0xA1, 0x7B, 0x09, 0x82, 0x3F,
    0xDD, 0x7F, 0x67, 0xCA, 0x78, 0x9C, 0xFB, 0xFF, 0x1F, 0x02, 0x38, 0x19, 0xFE, 0x63, 0x63, 0xCD,
    0x67, 0x80, 0x02, 0x2A, 0xB1, 0x40, 0xE0, 0x7D, 0x0F, 0x33, 0x03, 0xCC, 0x8E, 0xF3, 0x4C, 0x70,
    0xDB, 0xEC, 0xA1, 0xEA, 0xB6, 0xFC, 0x7F, 0xCF, 0x08, 0xD5, 0xF1, 0xE3, 0x3F, 0x27, 0x94, 0x75,
    0xE1, 0x3F, 0x1F, 0x94, 0x55, 0xF0, 0x5F, 0x1F, 0xCA, 0x0A, 0xF8, 0x6F, 0x8F, 0xC1, 0x6A, 0x80,
    0xCB, 0x3E, 0x80, 0xEB, 0xF8, 0xF5, 0x9F, 0x03, 0xC2, 0x3A, 0xF2, 0xFF, 0x3D, 0xD0, 0xB6, 0x77,
    0xEF, 0xDE, 0xFD, 0xFB, 0xFF, 0x5F, 0x0F, 0x66, 0xEF, 0x7E, 0x46, 0x24, 0x57, 0x01, 0x00, 0xF6,
    0x9D, 0x75, 0x46, 0x78, 0x9C, 0xFB, 0xFB, 0x1F, 0x08, 0xCE, 0x79, 0x32, 0x30, 0x30, 0xFC, 0xFD,
    0x0F, 0x06, 0x3A, 0x70, 0xD6, 0x7F, 0x66, 0x86, 0xBF, 0xFB, 0x81, 0x12, 0x8E, 0xBF, 0xFF, 0xF3,
    0x42, 0x58, 0x0C, 0x0B, 0xFE, 0xFB, 0x43, 0x59, 0x02, 0xFF, 0xE7, 0x43, 0x59, 0x20, 0x0A, 0xCA,
    0xFA, 0x73, 0x1E, 0xC6, 0xFA, 0x07, 0x13, 0x73, 0xF8, 0x5F, 0x0F, 0x65, 0x5D, 0xFC, 0x2F, 0x07,
    0x61, 0x15, 0xFD, 0x03, 0x99, 0x0C, 0xB1, 0xC2, 0x16, 0x6E, 0x9B, 0x38, 0x88, 0x75, 0xF7, 0xEE,
    0xDD, 0x7F, 0xFF, 0xDF, 0xB3, 0x40, 0xD4, 0x09, 0x3C, 0xFD, 0x6F, 0x0F, 0xB3, 0xED, 0xDF, 0x7D,
    0x98, 0xC9, 0xDF, 0xFE, 0x33, 0x43, 0x59, 0x9F, 0xFE, 0xB3, 0x43, 0x59, 0x1F, 0xFF, 0x73, 0x60,
    0x88, 0x7D, 0xFF, 0xCF, 0x02, 0x61, 0x19, 0xFC, 0x7F, 0x0F, 0xD1, 0xAB, 0xF0, 0xE3, 0x7F, 0x3E,
    0xD0, 0x8E, 0x77, 0xEF, 0xDE, 0x01, 0xAD, 0xE3, 0x82, 0xD9, 0x5B, 0x0F, 0x75, 0xC1, 0xFD, 0x2C,
    0x46, 0x06, 0x06, 0x00, 0x83, 0x64, 0x83, 0x94, 0x78, 0x9C, 0xFB, 0xFD, 0x1F, 0x02, 0xF8, 0x7E,
    0xA3, 0x33, 0x78, 0x7F, 0xDF, 0x67, 0x80, 0x80, 0x61, 0xC6, 0x00, 0x00, 0x15, 0x51, 0x44, 0x76,
    0x78, 0x9C, 0x9D, 0xCE, 0xDD, 0x0D, 0x01, 0x51, 0x10, 0x86, 0xE1, 0x89, 0x44, 0x10, 0xBF, 0x1D,
    0x28, 0x81, 0x0E, 0x28, 0x61, 0x3B, 0xB0, 0x15, 0xA0, 0x03, 0x4A, 0xD0, 0x01, 0x1D, 0xD8, 0x12,
    0x94, 0xB2, 0x1A, 0xD8, 0x5D, 0x1B, 0x17, 0x82, 0x78, 0x65, 0x9D, 0x43, 0xBE, 0xE3, 0xC2, 0x85,
    0xF7, 0x66, 0xF2, 0xDC, 0xCC, 0x8C, 0x99, 0x8D, 0xF1, 0x59, 0xD5, 0x34, 0x50, 0x14, 0x28, 0x66,
    0x52, 0x8D, 0xEB, 0x5B, 0x23, 0xD1, 0x92, 0xA1, 0x68, 0x4D, 0x5F, 0xB4, 0x09, 0xB4, 0x0B, 0x94,
    0xD0, 0x0B, 0xD4, 0x15, 0x1D, 0xE8, 0x88, 0x52, 0xDA, 0xA2, 0x82, 0x96, 0xA8, 0xA4, 0x21, 0x3A,
    0x53, 0x17, 0x5D, 0xA8, 0x89, 0xEE, 0xB9, 0x89, 0xD8, 0x8B, 0x22, 0x66, 0xA2, 0xC4, 0xBD, 0xE9,
    0x55, 0xBA, 0x73, 0x5E, 0x37, 0xB7, 0xD2, 0x29, 0x66, 0x6B, 0x1F, 0x1D, 0x1F, 0xE4, 0xD9, 0x2B,
    0xC8, 0xE6, 0x27, 0xA4, 0xD5, 0xB7, 0x9A, 0xE6, 0x1B, 0xFC, 0x56, 0xF1, 0x9F, 0x16, 0x4F, 0xE3,
    0x3A, 0xA7, 0xCB, 0x78, 0x9C, 0xFB, 0xFB, 0x1F, 0x02, 0xE4, 0xFF, 0x62, 0x32, 0xF6, 0x33, 0x40,
    0x00, 0xD5, 0x18, 0x10, 0x83, 0xF3, 0x91, 0x19, 0xEF, 0x40, 0x20, 0x8E, 0x7A, 0x56, 0x20, 0xEC,
    0x02, 0x9B, 0xFC, 0xCE, 0x0F, 0xE6, 0x1D, 0x7F, 0x38, 0x03, 0x00, 0xF9, 0x44, 0x65, 0xAC, 0x78,
    0x9C, 0x75, 0xD1, 0xDB, 0x11, 0xC1, 0x40, 0x14, 0x06, 0xE0, 0x8D, 0x91, 0x71, 0x1D, 0xA3, 0x02,
    0xA3, 0x03, 0x25, 0xD0, 0x81, 0x74, 0x40, 0x07, 0x74, 0x40, 0x07, 0xD2, 0x01, 0x25, 0xE8, 0x80,
    0x0E, 0xE8, 0x20, 0x54, 0x60, 0xE4, 0x62, 0xDC, 0x92, 0xDF, 0xB9, 0x6C, 0x96, 0x17, 0xFB, 0x90,
    0x64, 0xBE, 0xEC, 0xD9, 0xDD, 0xF3, 0xEF, 0x1C, 0x3B, 0x43, 0x23, 0xC0, 0x90, 0x5F, 0x27, 0x7E,
    0xE5, 0xF0, 0xBF, 0xF2, 0x40, 0xDD, 0x98, 0x04, 0x1D, 0x27, 0x7D, 0x44, 0xF4, 0x5C, 0x62, 0xE5,
    0x64, 0x8F, 0x31, 0xCF, 0xCC, 0x51, 0x29, 0x25, 0x43, 0x93, 0x25, 0x45, 0xAB, 0x94, 0xE2, 0xE2,
    0xB1, 0x84, 0x3C, 0x55, 0x64, 0x89, 0x09, 0x83, 0xE9, 0x16, 0x91, 0x95, 0x98, 0x67, 0x1B, 0xA9,
    0xAE, 0xA9, 0xBC, 0xE1, 0xA9, 0x6C, 0x30, 0x10, 0x09, 0x30, 0x53, 0xA0, 0xB2, 0x9D, 0xC8, 0x09,
    0x6D, 0x2B, 0xE6, 0x86, 0x2A, 0xCB, 0x9D, 0x8F, 0xA1, 0x63, 0x0B, 0x1D, 0x0B, 0xF3, 0x5F, 0x32,
    0x2B, 0xAE, 0xAA, 0x5B, 0x94, 0xEB, 0x94, 0x2B, 0x6F, 0xB0, 0x96, 0xBD, 0x8E, 0x6E, 0xF7, 0x0C,
    0x3D, 0x91, 0x11, 0xEC, 0x09, 0xA9, 0xC8, 0xD7, 0x33, 0x3F, 0x6D, 0x17, 0x21, 0xE7, 0x2A, 0x72,
    0xB6, 0x9D, 0xA6, 0xD4, 0x84, 0x4A, 0x00, 0x4D, 0x23, 0xA7, 0x46, 0x6D, 0x3E, 0x2F, 0x49, 0x2C,
    0xC4, 0xC1, 0xA5, 0x7A, 0x95, 0x54, 0x13, 0xF9, 0x56, 0x99, 0xE2, 0x22, 0x45, 0xF5, 0xEF, 0xED,
    0xBC, 0xD1, 0xA0, 0x24, 0xA3, 0x9F, 0x1B, 0x8C, 0xA9, 0x2C, 0xD1, 0x0B, 0xB1, 0xC2, 0xFF, 0x3F,
    0xCE, 0x3E, 0xA1, 0xFE, 0x78, 0x9C, 0x3D, 0x90, 0x3D, 0x0A, 0xC2, 0x40, 0x10, 0x85, 0x5F, 0xD0,
    0x08, 0x2A, 0xC8, 0xD6, 0x16, 0x92, 0x9B, 0x78, 0x84, 0x5C, 0xC0, 0x42, 0x3C, 0x80, 0xA4, 0xB3,
    0x8C, 0xE0, 0x01, 0x6C, 0x2C, 0x2D, 0x2C, 0xEC, 0xD3, 0x69, 0x99, 0xDC, 0xC0, 0xE4, 0x04, 0x16,
    0x82, 0xA5, 0x11, 0x15, 0xF1, 0x2F, 0x3E, 0x77, 0x76, 0x17, 0x5F, 0xB3, 0x1F, 0xB3, 0x33, 0xF3,
    0x78, 0x03, 0xA8, 0x4D, 0x55, 0x2E, 0x7D, 0x68, 0x3D, 0xA8, 0x55, 0x6A, 0x2C, 0x68, 0x34, 0x07,
    0x3E, 0x1C, 0x7B, 0x58, 0x93, 0x7E, 0xC4, 0x54, 0x5A, 0x6E, 0xEC, 0xE4, 0xEC, 0x09, 0x4D, 0x19,
    0x9E, 0xD9, 0x14, 0x0A, 0x18, 0x47, 0x93, 0x9A, 0x10, 0x64, 0xC4, 0x48, 0x31, 0x76, 0x34, 0x64,
    0xDF, 0xD1, 0x81, 0x6D, 0xFB, 0xB7, 0xE0, 0xCE, 0xD3, 0x6F, 0x2E, 0x1E, 0x5D, 0x38, 0x4A, 0xA5,
    0x84, 0xCC, 0xF9, 0x1A, 0x8D, 0x2A, 0x6B, 0xA0, 0xB5, 0x62, 0xF8, 0xDF, 0x9C, 0x38, 0xC2, 0xBB,
    0x3C, 0x9E, 0xCC, 0x14, 0x9E, 0xBC, 0xB3, 0x6E, 0x6B, 0xFB, 0x8B, 0xB5, 0x09, 0x98, 0x64, 0x76,
    0x53, 0xC1, 0x30, 0x20, 0x07, 0xC0, 0x8C, 0x6C, 0xE1, 0xAA, 0x23, 0x7E, 0x29, 0x69, 0xD4, 0xCB,
    0xE4, 0x6D, 0x48, 0xF3, 0xD6, 0xDE, 0xE0, 0x07, 0xF7, 0x01, 0x67, 0xBC, 0x78, 0x9C, 0x45, 0xC6,
    0xC1, 0x0D, 0x01, 0x51, 0x14, 0x86, 0xD1, 0x8B, 0x84, 0x30, 0x16, 0x3A, 0xA0, 0x03, 0x3A, 0xA0,
    0x03, 0x4A, 0xD0, 0x81, 0x12, 0xB4, 0xA2, 0x04, 0x1D, 0xD0, 0x81, 0xD9, 0x58, 0x4F, 0x34, 0xE0,
    0x85, 0x08, 0xE2, 0xC9, 0x7C, 0x12, 0xF9, 0xEF, 0x9D, 0xB3, 0x3A, 0xB9, 0xB2, 0xBF, 0x3B, 0x45,
    0x56, 0xBF, 0xD1, 0x35, 0xD1, 0x5B, 0xD3, 0x1C, 0x5D, 0x11, 0xBD, 0x70, 0xF5, 0x7E, 0x38, 0xAB,
    0x0B, 0x0E, 0xA5, 0x5A, 0x32, 0xF6, 0xBE, 0xE9, 0xAA, 0x33, 0x4E, 0xA6, 0x1E, 0x99, 0x7A, 0x5F,
    0xF4, 0xD4, 0x09, 0x95, 0xA9, 0x7B, 0xE6, 0xDE, 0x27, 0x7D, 0x75, 0x54, 0x27, 0x53, 0x77, 0x2C,
    0xBD, 0x0F, 0x06, 0x6A, 0xAA, 0x53, 0x4B, 0x85, 0x8D, 0x45, 0x8B, 0xA6, 0xED, 0xE8, 0xD6, 0xA2,
    0xC3, 0xA6, 0x1D, 0xEF, 0x0F, 0x25, 0x86, 0x8B, 0x07, 0x78, 0x9C, 0x75, 0xC6, 0xC1, 0x0D, 0xC1,
    0x70, 0x18, 0x86, 0xF1, 0xB7, 0x9A, 0x10, 0xEA, 0x60, 0x03, 0x36, 0x60, 0x03, 0xDD, 0x80, 0xC4,
    0xD1, 0xC5, 0x04, 0x8C, 0x60, 0x04, 0x2B, 0x18, 0xA1, 0x1B, 0xB0, 0x81, 0x5E, 0x9C, 0xAB, 0x57,
    0x07, 0xFF, 0x10, 0xA1, 0x51, 0xFA, 0x4A, 0xF5, 0xFB, 0xBE, 0x9E, 0x3C, 0x97, 0xE7, 0x07, 0x9C,
    0x1C, 0x10, 0xD1, 0x03, 0xCA, 0xF9, 0x48, 0x5D, 0x29, 0x84, 0x5C, 0xCE, 0x3E, 0x9B, 0x1F, 0x91,
    0x91, 0x0C, 0x2A, 0x8E, 0xCE, 0x6E, 0x8E, 0xBF, 0xE5, 0x49, 0xF5, 0x1B, 0x03, 0xE5, 0xDB, 0xB8,
    0xA0, 0xF1, 0x5A, 0x33, 0x37, 0x4E, 0x69, 0x4C, 0x79, 0x51, 0xBE, 0x78, 0x14, 0x86, 0xDC, 0xC5,
    0xC2, 0x98, 0x7D, 0x65, 0xC6, 0xA6, 0x70, 0xC4, 0x03, 0x84, 0x7B, 0x0E, 0x95, 0x4F, 0xB6, 0x84,
    0x03, 0x26, 0x10, 0x46, 0x1C, 0x2B, 0x1F, 0x6C, 0x0B, 0x7B, 0x85, 0x83, 0x70, 0xCB, 0x89, 0xF2,
    0xCE, 0x8E, 0xD0, 0x15, 0xCE, 0x13, 0x92, 0x2B, 0x18, 0x83, 0x9A, 0x0D, 0xE3, 0x1A, 0xC6, 0x6E,
    0x4D, 0x5F, 0xF9, 0x05, 0x37, 0xB8, 0x9B, 0xF8, 0x78, 0x9C, 0x45, 0xCF, 0xC1, 0x0D, 0x83, 0x30,
    0x0C, 0x05, 0x50, 0x53, 0x24, 0x90, 0x0A, 0x95, 0x98, 0xA0, 0xEA, 0x08, 0xDD, 0xA0, 0x23, 0xC0,
    0x06, 0x8C, 0x00, 0x1B, 0x74, 0x85, 0x6E, 0xC0, 0x08, 0x74, 0x15, 0x26, 0xA8, 0x98, 0xA0, 0x87,
    0x1C, 0x7A, 0x88, 0xD4, 0x4F, 0x1C, 0xFF, 0x28, 0x3E, 0x44, 0xEF, 0x10, 0x7D, 0x7F, 0xFB, 0x8F,
    0xE8, 0x0C, 0xC0, 0xC9, 0x1B, 0x1D, 0x7A, 0x31, 0xDE, 0xFE, 0xA8, 0xC8, 0x0D, 0x8B, 0x90, 0x1E,
    0x0D, 0xF9, 0x82, 0xBE, 0x91, 0x3F, 0x5C, 0xC9, 0x90, 0x54, 0x92, 0x0E, 0xA3, 0x18, 0x43, 0x52,
    0x4D, 0x6E, 0x58, 0xC5, 0x62, 0xC2, 0xB4, 0x99, 0x75, 0xE6, 0x43, 0xF8, 0x77, 0xC6, 0xB7, 0x20,
    0x6D, 0xAD, 0x71, 0xC7, 0x33, 0xF1, 0x9E, 0xB7, 0x85, 0x0E, 0x97, 0xC4, 0x77, 0x5C, 0x12, 0xD9,
    0xE9, 0x11, 0xAC, 0xEE, 0x34, 0xDA, 0x38, 0x6B, 0x77, 0x5E, 0xEC, 0x71, 0x4E, 0xDC, 0x31, 0x25,
    0x6A, 0x34, 0xA9, 0xD1, 0x07, 0xF6, 0x94, 0x71, 0x05, 0x78, 0x9C, 0x75, 0xD0, 0xC1, 0x0D, 0x82,
    0x50, 0x10, 0x04, 0xD0, 0x41, 0x48, 0xE0, 0x60, 0xA2, 0xED, 0x70, 0xD2, 0x8E, 0x6C, 0x81, 0xD0,
    0x00, 0x25, 0x50, 0x8A, 0x25, 0x68, 0x07, 0x94, 0x40, 0x40, 0x41, 0x51, 0xCC, 0xB0, 0xE1, 0x87,
    0xF9, 0x9A, 0xE0, 0x1C, 0x26, 0xEF, 0xB4, 0xD9, 0x0C, 0x80, 0x86, 0x2E, 0x25, 0x80, 0xF6, 0x8F,
    0x6F, 0x8C, 0xAC, 0x31, 0xFB, 0xCE, 0x50, 0xEE, 0x7E, 0xBC, 0x91, 0x7B, 0x06, 0xF2, 0x83, 0x58,
    0xF5, 0xF3, 0xCB, 0x43, 0xBD, 0xEE, 0x57, 0xE5, 0xFD, 0xBE, 0x78, 0x8F, 0x67, 0xEF, 0x4F, 0xE9,
    0xCD, 0x42, 0xDE, 0xF3, 0x24, 0x1F, 0x79, 0x90, 0x33, 0xEE, 0xE4, 0x2B, 0xB7, 0x72, 0xCF, 0x78,
    0x71, 0x4E, 0xF7, 0xBE, 0xD9, 0xC6, 0x71, 0x67, 0xCC, 0x36, 0x48, 0x22, 0x57, 0x29, 0x16, 0x4F,
    0xE1, 0xD5, 0x6F, 0xBA, 0x78, 0x9C, 0x4D, 0xCC, 0xC1, 0x0D, 0x82, 0x40, 0x10, 0x85, 0xE1, 0x89,
    0x89, 0xC6, 0x44, 0xA3, 0x74, 0xE2, 0x76, 0xE0, 0xCD, 0x9B, 0x89, 0x56, 0x20, 0x1D, 0x48, 0x07,
    0xD0, 0x01, 0x74, 0x40, 0x09, 0x96, 0xB0, 0x96, 0x60, 0x07, 0xDA, 0x01, 0x9B, 0xA8, 0x7B, 0x40,
    0xC8, 0x73, 0x86, 0xD9, 0x45, 0xE7, 0xF6, 0x25, 0xF3, 0xFE, 0x1E, 0x2B, 0x0A, 0xD7, 0x61, 0xDD,
    0xE3, 0x14, 0x60, 0x20, 0xB2, 0x41, 0xD5, 0x20, 0x4C, 0x54, 0x4E, 0x35, 0x57, 0x79, 0x51, 0x13,
    0x33, 0xDD, 0x9D, 0x55, 0x86, 0x8C, 0x41, 0xCE, 0x3A, 0x7F, 0x6C, 0x88, 0xEC, 0x59, 0xF9, 0x5B,
    0x33, 0x0E, 0x3B, 0xD1, 0x43, 0x33, 0x1E, 0x47, 0xD9, 0x15, 0x9A, 0xE9, 0xEA, 0x83, 0x28, 0x19,
    0x32, 0x06, 0xDB, 0x94, 0x55, 0xD3, 0x90, 0xA9, 0xB0, 0x54, 0xBD, 0x24, 0xE3, 0x30, 0xCB, 0x58,
    0x17, 0xBA, 0x49, 0xC6, 0x83, 0x54, 0x99, 0x64, 0xF8, 0xA7, 0x60, 0x59, 0x92, 0x8C, 0xC1, 0x26,
    0x88, 0x5A, 0x2B, 0x91, 0x28, 0xCE, 0x38, 0x4C, 0xA3, 0x38, 0xE3, 0x1B, 0x8A, 0xE2, 0x4C, 0x5F,
    0x8E, 0x4A, 0x50, 0x73, 0x24, 0x8A, 0x5A, 0x60, 0xF1, 0xD3, 0x13, 0x1C, 0x19, 0x75, 0x05, 0x47,
    0x46, 0xA5, 0x28, 0xFF, 0x44, 0x12, 0x11, 0x7D, 0x01, 0xF8, 0x3C, 0xA3, 0x38, 0x78, 0x9C, 0xFB,
    0xBB, 0x9F, 0x01, 0x0C, 0x36, 0xFC, 0xE7, 0xFB, 0x4B, 0x5F, 0xE6, 0x7F, 0x18, 0x40, 0x65, 0xBE,
    0x03, 0x83, 0x7F, 0x74, 0x77, 0x0E, 0x21, 0x26, 0x00, 0xD0, 0xCC, 0x70, 0xF8, 0x78, 0x9C, 0x63,
    0x60, 0x60, 0x48, 0x7C, 0xFD, 0x7F, 0x9F, 0x38, 0x03, 0x08, 0x34, 0xFC, 0x07, 0x01, 0x4E, 0x20,
    0x4B, 0xE0, 0x0F, 0x98, 0x79, 0x9F, 0x89, 0x81, 0xE1, 0xC0, 0xFF, 0xF7, 0x16, 0x82, 0xC5, 0xFF,
    0xFE, 0xCB, 0x31, 0x30, 0xFC, 0xFC, 0x2F, 0x0D, 0x94, 0x9B, 0xF0, 0xFF, 0x3C, 0x83, 0x01, 0x10,
    0x83, 0xC0, 0xAF, 0xFF, 0xAC, 0x0B, 0xFE, 0xEB, 0x83, 0x99, 0x0F, 0xFF, 0xF3, 0x7C, 0xF8, 0xCF,
    0x05, 0x35, 0x47, 0xFF, 0xEB, 0x7F, 0x16, 0x30, 0x53, 0xE1, 0x7F, 0xFE, 0x8F, 0xFF, 0x0C, 0x10,
    0xF0, 0x6F, 0xFD, 0xAF, 0xF7, 0x50, 0xE6, 0x9F, 0xF3, 0x7F, 0xCE, 0x43, 0x99, 0xBF, 0xEF, 0xFF,
    0xD9, 0x0F, 0x65, 0xFE, 0x7A, 0xFF, 0x17, 0xC1, 0x44, 0x12, 0x45, 0x52, 0x8B, 0x64, 0x02, 0x92,
    0xB9, 0x08, 0xDB, 0xEA, 0x3F, 0x42, 0xDD, 0x50, 0xF0, 0x5F, 0x1F, 0xE6, 0xB2, 0x07, 0xFF, 0x79,
    0x60, 0xEE, 0xFD, 0xF9, 0x9F, 0x15, 0xEA, 0x8B, 0x06, 0x90, 0x08, 0xD8, 0x6F, 0x49, 0x7F, 0xFF,
    0xEB, 0xC1, 0x7D, 0xFC, 0x9E, 0x09, 0x1E, 0x0E, 0x52, 0x60, 0x1D, 0xA0, 0xD0, 0x51, 0x07, 0xD2,
    0x00, 0x47, 0x8C, 0x71, 0xD0, 0x78, 0x9C, 0xFB, 0xFD, 0x1F, 0x06, 0x78, 0x7E, 0x63, 0x67, 0xDE,
    0x67, 0x00, 0x83, 0x0B, 0x23, 0x9C, 0x09, 0x00, 0x31, 0x19, 0x76, 0xF3, 0x78, 0x9C, 0xFB, 0xFB,
    0x1F, 0x08, 0xDE, 0xF7, 0x30, 0x33, 0x30, 0xFC, 0xFD, 0x0F, 0x06, 0xFB, 0x99, 0x60, 0xAC, 0xFF,
    0xF6, 0x0C, 0x7F, 0xF7, 0x33, 0x30, 0x30, 0x08, 0x1C, 0xFD, 0xFF, 0x9E, 0x11, 0xCC, 0x62, 0x60,
    0xF8, 0xF9, 0x9F, 0x0B, 0xCA, 0x3A, 0xF0, 0x5F, 0x1E, 0xCA, 0x0A, 0xF8, 0x1F, 0x0F, 0x65, 0x09,
    0xFC, 0xAF, 0x87, 0xB2, 0x18, 0xFE, 0xF7, 0x63, 0x88, 0x39, 0xC0, 0xD5, 0x6D, 0x80, 0xEB, 0xFD,
    0xFE, 0x9F, 0x1B, 0x66, 0xC7, 0x7F, 0x26, 0x98, 0xBD, 0xFE, 0x30, 0x17, 0x9C, 0x07, 0xB9, 0xE5,
    0xDD, 0xBB, 0x77, 0xF7, 0xAA, 0x41, 0xEE, 0x83, 0x9A, 0x4C, 0x4B, 0x16, 0x00, 0x8C, 0xAF, 0x66,
    0x3E, 0x78, 0x9C, 0x85, 0x8F, 0x5D, 0x0E, 0xC1, 0x50, 0x10, 0x85, 0x4F, 0x69, 0x52, 0x22, 0x15,
    0x5E, 0x48, 0x24, 0x7E, 0x1E, 0x2D, 0x83, 0x1D, 0xB0, 0x13, 0xAC, 0xC0, 0x16, 0xAC, 0x40, 0x77,
    0xC0, 0x0A, 0xE8, 0x0A, 0x88, 0x15, 0x94, 0x67, 0x92, 0x06, 0x21, 0xE1, 0x96, 0x63, 0x3A, 0x55,
    0x7D, 0x74, 0x72, 0x27, 0xF3, 0x65, 0x66, 0xEE, 0xE4, 0x0C, 0x80, 0xF1, 0x91, 0x9B, 0x2E, 0x62,
    0x4D, 0x19, 0xAB, 0x21, 0x54, 0x79, 0x29, 0x86, 0x39, 0x60, 0xC7, 0xA0, 0x86, 0x61, 0xC4, 0x26,
    0x60, 0x58, 0xD4, 0xA9, 0x39, 0x7A, 0x5C, 0xE8, 0x0F, 0x43, 0xCB, 0x67, 0x5B, 0xF1, 0x4A, 0xE7,
    0xAC, 0x7D, 0x60, 0xCF, 0xD2, 0x9D, 0xB6, 0xE2, 0x92, 0xE5, 0x07, 0x91, 0xA8, 0x6A, 0x99, 0x10,
    0xA9, 0xA2, 0x20, 0xC3, 0xED, 0x1F, 0x34, 0xD9, 0xEC, 0x33, 0xDB, 0xF0, 0xDB, 0x0B, 0xDC, 0x98,
    0xD7, 0xEC, 0xD1, 0xBD, 0xB0, 0x90, 0x7A, 0xF0, 0xD9, 0x4A, 0x9D, 0x0D, 0xC4, 0xF3, 0xD7, 0xAF,
    0x84, 0x23, 0x34, 0x8A, 0x2B, 0x07, 0xAE, 0x6D, 0xF4, 0x0D, 0x5D, 0xA0, 0xF3, 0x26, 0xE5, 0x05,
    0x96, 0xF4, 0x66, 0x7A, 0x7C, 0x72, 0xCB, 0xE4, 0xC4, 0x55, 0x5D, 0xF2, 0x07, 0x5B, 0xBC, 0x61,
    0x71, 0x78, 0x9C, 0xFB, 0xF8, 0x1F, 0x06, 0xCE, 0x7F, 0xC4, 0xC6, 0xDC, 0xCF, 0x00, 0x04, 0x09,
    0xFF, 0xF5, 0x19, 0xA0, 0x60, 0xC4, 0x32, 0x01, 0x92, 0xDE, 0x45, 0x66, 0x78, 0x9C, 0x35, 0x8E,
    0xFF, 0x0D, 0xC1, 0x40, 0x1C, 0xC5, 0xBF, 0x45, 0xB4, 0x21, 0xC4, 0x06, 0xBA, 0x41, 0xBB, 0x81,
    0x0D, 0xC4, 0x06, 0x6C, 0x60, 0x05, 0x1B, 0x94, 0x09, 0xD8, 0x80, 0x11, 0x6C, 0x50, 0x1B, 0xD4,
    0x06, 0x47, 0x43, 0x45, 0x94, 0xE7, 0x7B, 0xEF, 0xEE, 0xDE, 0x1F, 0x97, 0x4F, 0xBE, 0xB9, 0xF7,
    0xE3, 0x89, 0x81, 0x58, 0x6D, 0x51, 0x5C, 0x30, 0x25, 0xDE, 0x90, 0xAD, 0x50, 0x10, 0x1B, 0x0C,
    0xE5, 0x07, 0x62, 0x8B, 0x9E, 0xBC, 0x10, 0x2B, 0xE5, 0xA8, 0x44, 0xEE, 0x18, 0xD3, 0xB5, 0x16,
    0xD9, 0x60, 0x49, 0x97, 0x1E, 0x26, 0x28, 0xE9, 0x4A, 0xF4, 0x7D, 0xAB, 0x41, 0x5D, 0x91, 0x62,
    0xAD, 0x31, 0x39, 0x8E, 0x36, 0xE6, 0x80, 0x4C, 0x5D, 0x33, 0x61, 0xCE, 0x5E, 0x5D, 0x23, 0xA6,
    0x7F, 0x10, 0x35, 0xE8, 0x13, 0x1F, 0x48, 0x5A, 0x43, 0x92, 0x33, 0xE6, 0x7E, 0x88, 0x2C, 0x60,
    0xFC, 0x3C, 0x91, 0x2F, 0xFC, 0x68, 0x5B, 0x85, 0xAE, 0xC7, 0x2B, 0xBB, 0x29, 0xB7, 0x88, 0x3A,
    0x71, 0x27, 0x55, 0x73, 0x56, 0xA8, 0xF3, 0xB4, 0x0B, 0x05, 0xA9, 0x41, 0xF8, 0x9A, 0x02, 0x55,
    0xC7, 0x61, 0x8E, 0x32, 0x76, 0xF4, 0x07, 0xA0, 0x12, 0x58, 0x52, 0x78, 0x9C, 0x63, 0x60, 0x00,
    0x81, 0xFF, 0xF5, 0x0C, 0x48, 0x80, 0x48, 0x5E, 0xC0, 0xAD, 0xFF, 0xFF, 0xFF, 0xBF, 0xAF, 0x66,
    0x02, 0x73, 0x12, 0xFE, 0xFD, 0x07, 0x83, 0xF5, 0x8C, 0x40, 0x8E, 0xC0, 0xEF, 0xFF, 0xFF, 0xCF,
    0xFD, 0x7F, 0xFF, 0xF6, 0xFF, 0xFF, 0x78, 0x20, 0xEF, 0xC0, 0xFF, 0xFD, 0x2C, 0x20, 0x7D, 0x45,
    0xFF, 0xFE, 0xB3, 0x32, 0x30, 0xFC, 0xFA, 0xCF, 0x06, 0x31, 0xE5, 0xE0, 0x7F, 0x7D, 0x06, 0x03,
    0xB0, 0x71, 0x20, 0x42, 0xE0, 0xDF, 0x7E, 0x86, 0x0D, 0xFF, 0x79, 0x61, 0x36, 0x7C, 0xFD, 0xCF,
    0xFC, 0x11, 0xA4, 0x10, 0xC2, 0x7B, 0xF0, 0x9F, 0xE3, 0xCB, 0x7F, 0x26, 0x18, 0x6F, 0xC1, 0x7F,
    0x9E, 0x6F, 0xFF, 0xE1, 0x6E, 0x69, 0xF8, 0xCF, 0xF7, 0x1D, 0xC1, 0x2B, 0xF8, 0xCF, 0x8F, 0x2A,
    0x87, 0xAA, 0x0F, 0xD5, 0x4C, 0x54, 0xFB, 0x1C, 0x50, 0xDC, 0x82, 0x70, 0xE7, 0x45, 0xA0, 0x3B,
    0x81, 0x7E, 0x38, 0xCF, 0x0A, 0xE2, 0x35, 0xFD, 0x07, 0xF9, 0x01, 0xE4, 0xBF, 0x7B, 0xFF, 0xDF,
    0xFF, 0x85, 0xF8, 0x0F, 0xEE, 0xF7, 0xFD, 0x4C, 0x98, 0xE1, 0x42, 0x5E, 0xE8, 0x02, 0x00, 0x81,
    0x2B, 0x89, 0xB0, 0x78, 0x9C, 0x35, 0x8F, 0xDD, 0x11, 0xC1, 0x50, 0x10, 0x85, 0x97, 0x10, 0x7F,
    0x93, 0x8C, 0x0A, 0xD0, 0x01, 0x1D, 0xD0, 0x01, 0x25, 0x78, 0xF0, 0x4E, 0x07, 0x3C, 0x79, 0x4D,
    0x3A, 0xA0, 0x83, 0xE8, 0x80, 0x0E, 0xA2, 0x03, 0xD2, 0x00, 0xE3, 0x27, 0x19, 0x31, 0x89, 0x63,
    0x77, 0x6F, 0xB2, 0x33, 0x77, 0xEE, 0x77, 0xEF, 0xEE, 0x39, 0xBB, 0x9B, 0xA0, 0x43, 0x12, 0x67,
    0x4C, 0x4F, 0x58, 0x2A, 0x7E, 0xD0, 0x1E, 0xE0, 0x5E, 0x61, 0xD2, 0x8B, 0x9F, 0x8C, 0x9A, 0xE4,
    0x22, 0xC6, 0x44, 0x24, 0x23, 0x5C, 0x88, 0xBA, 0x3F, 0x54, 0xF9, 0x23, 0x45, 0x93, 0xF6, 0x58,
    0x8B, 0xF6, 0x8A, 0x21, 0xBD, 0xE1, 0x08, 0x4E, 0x10, 0x52, 0x0E, 0x4B, 0x2D, 0xBF, 0xD8, 0xC2,
    0x53, 0xA2, 0x08, 0x80, 0x6B, 0x70, 0xCE, 0x58, 0x33, 0x48, 0x19, 0x82, 0x82, 0x28, 0xC6, 0xB8,
    0xC4, 0x9C, 0x3D, 0x4C, 0x6C, 0xB8, 0xD6, 0x36, 0xF8, 0xC2, 0x0D, 0xFD, 0x32, 0xBF, 0xC0, 0x51,
    0x69, 0xC5, 0xFA, 0x0C, 0x75, 0xC1, 0x27, 0x7A, 0x7A, 0xD4, 0xD5, 0x66, 0x65, 0xA0, 0xBD, 0x42,
    0xAD, 0xE7, 0x7E, 0x0F, 0x9E, 0x51, 0x5C, 0x5C, 0x99, 0xAB, 0xC1, 0xE8, 0x63, 0x47, 0x33, 0xD9,
    0x47, 0x37, 0xB2, 0xA2, 0xA2, 0x7F, 0x0C, 0x27, 0x45, 0x4B, 0xF1, 0x00, 0xEF, 0x0F, 0x23, 0x27,
    0x69, 0x33, 0x78, 0x9C, 0xFB, 0x73, 0x9F, 0x01, 0x0C, 0x2E, 0xFC, 0xE7, 0x66, 0xF8, 0x33, 0xCA,
    0xC6, 0x64, 0xFF, 0x7F, 0x07, 0x06, 0xFF, 0xFE, 0xFF, 0xEF, 0xFF, 0xF3, 0x1F, 0x0E, 0xEA, 0x91,
    0xD9, 0x0C, 0x70, 0xF0, 0x3F, 0x1F, 0x07, 0x3B, 0x1E, 0x07, 0xDB, 0x1F, 0x07, 0xDB, 0x1E, 0x00,
    0x58, 0xA5, 0x84, 0x67, 0x78, 0x9C, 0xFB, 0xFC, 0x9F, 0x95, 0x01, 0x04, 0x1E, 0xFC, 0xE7, 0xFE,
    0x4C, 0x23, 0xE6, 0xA7, 0xFF, 0x6C, 0x30, 0xE6, 0xC7, 0xFF, 0x9C, 0x30, 0xE6, 0x85, 0xFF, 0xBC,
    0x30, 0x66, 0xC3, 0xFF, 0x7A, 0x18, 0x53, 0xE0, 0xFF, 0x7F, 0x2F, 0x46, 0x06, 0xA7, 0x69, 0x7F,
    0xFF, 0x73, 0x33, 0x7C, 0xF9, 0x0F, 0x05, 0xDC, 0x0C, 0x06, 0x7F, 0xE1, 0x4C, 0x06, 0x87, 0x13,
    0x6F, 0xDF, 0xED, 0x8D, 0x7C, 0x08, 0x62, 0x32, 0xC0, 0xB4, 0xD1, 0x81, 0x09, 0x00, 0x07, 0xC9,
    0x61, 0xC4, 0x78, 0x9C, 0xFB, 0x7D, 0x9F, 0x01, 0x08, 0x2E, 0xFC, 0xE7, 0x06, 0x92, 0x02, 0xFF,
    0xEB, 0x7F, 0x8F, 0x72, 0x69, 0xC4, 0xFD, 0xFF, 0x0E, 0x08, 0xFE, 0xFD, 0x7F, 0x0F, 0xA2, 0x40,
    0x5C, 0x64, 0x80, 0xCE, 0x05, 0x00, 0x50, 0xD8, 0xA8, 0xDF, 0x78, 0x9C, 0xFB, 0x7D, 0x9F, 0x01,
    0x08, 0x2E, 0xFC, 0xE7, 0x06, 0x92, 0x02, 0xFF, 0xEB, 0x19, 0x18, 0x7E, 0x8F, 0x0A, 0x0C, 0x0A,
    0x81, 0xFF, 0xEF, 0x80, 0xE0, 0xDF, 0xFF, 0xF7, 0x20, 0xEA, 0xFF, 0xFB, 0x33, 0x4C, 0xBF, 0xFF,
    0xA3, 0x02, 0x4C, 0x01, 0x06, 0x14, 0xF0, 0xE9, 0x3F, 0x23, 0x41, 0x01, 0x06, 0xCA, 0x05, 0xDE,
    0x33, 0x00, 0x00, 0xE6, 0xCF, 0xBA, 0xA8, 0x78, 0x9C, 0xFB, 0xFD, 0x1F, 0x08, 0xEA, 0x19, 0xA0,
    0xE0, 0x37, 0x0A, 0xEF, 0xE6, 0xDD, 0xBB, 0x77, 0x11, 0x3C, 0x20, 0x10, 0xA0, 0x3B, 0x0F, 0x04,
    0xDE, 0xF7, 0x30, 0x23, 0xF1, 0xFE, 0xFF, 0xDF, 0xCF, 0x88, 0xCC, 0xFB, 0xAF, 0x87, 0xD0, 0x27,
    0x70, 0xF4, 0xFF, 0x7B, 0x64, 0x53, 0x7E, 0xFD, 0x67, 0x47, 0xE2, 0x3D, 0xF8, 0xCF, 0x8B, 0xC4,
    0x9B, 0xF0, 0x9F, 0x1F, 0x89, 0x57, 0xF0, 0x5F, 0x1F, 0x85, 0x27, 0x8F, 0xC4, 0x5B, 0x80, 0xA2,
    0xF2, 0xE3, 0x7F, 0x1E, 0x24, 0xDE, 0xEF, 0xFF, 0x6C, 0x08, 0xDE, 0xD5, 0xFF, 0xF7, 0xA1, 0x2E,
    0x7B, 0xF7, 0xEE, 0x1D, 0xD0, 0x65, 0x72, 0xC8, 0xEE, 0x5C, 0x8F, 0xE4, 0xEA, 0xF7, 0x3D, 0x4C,
    0x0C, 0x0C, 0x00, 0x1E, 0x0A, 0x6C, 0x69, 0x78, 0x9C, 0xFB, 0x7D, 0x9F, 0x01, 0x06, 0x3E, 0xFD,
    0x67, 0xFB, 0x3D, 0x98, 0x78, 0xFF, 0x81, 0xE0, 0xFD, 0x5C, 0x56, 0x24, 0x1E, 0x90, 0xCF, 0x8A,
    0xCC, 0xFB, 0x5F, 0x8F, 0xA4, 0x6F, 0xF2, 0xFF, 0xFF, 0x2C, 0x48, 0xA6, 0x7C, 0xF9, 0xCF, 0x8B,
    0xC4, 0x6B, 0xF8, 0x6F, 0x8F, 0xC4, 0x33, 0xF8, 0x9F, 0x8F, 0x6C, 0xDF, 0xFF, 0x7E, 0x24, 0x9E,
    0x00, 0x0A, 0x0F, 0x55, 0xE5, 0x82, 0xFF, 0xFA, 0x48, 0xBC, 0xAF, 0xFF, 0x79, 0x50, 0x6C, 0x67,
    0x86, 0xB8, 0xEC, 0xDD, 0xBB, 0x77, 0xFF, 0xFE, 0x03, 0xB5, 0x21, 0xB9, 0xF3, 0x3E, 0x0B, 0x16,
    0x1F, 0x01, 0x00, 0x38, 0xDC, 0x9C, 0x80, 0x78, 0x9C, 0xFB, 0x3F, 0x9F, 0x01, 0x0A, 0xFE, 0xD3,
    0x83, 0x05, 0x02, 0xEF, 0x7B, 0x98, 0xA1, 0xAC, 0xFF, 0xFF, 0xCF, 0x33, 0xC1, 0x58, 0xFF, 0xED,
    0xA1, 0xEA, 0xB6, 0xFC, 0x7F, 0xCF, 0x08, 0xD5, 0xF1, 0xE3, 0x3F, 0x27, 0x94, 0x75, 0xE1, 0x3F,
    0x1F, 0x94, 0x55, 0xF0, 0x5F, 0x1F, 0xCA, 0x0A, 0xF8, 0x6F, 0x8F, 0xC1, 0x6A, 0x80, 0xCB, 0x3E,
    0x80, 0xEB, 0xF8, 0xF5, 0x9F, 0x03, 0xC2, 0x3A, 0xF2, 0xFF, 0x3D, 0xD0, 0xB6, 0x77, 0xEF, 0xDE,
    0xFD, 0xFB, 0xFF, 0x5F, 0x0F, 0x66, 0xEF, 0x7E, 0x46, 0x24, 0x57, 0x01, 0x00, 0xD2, 0x83, 0x62,
    0x1D, 0x78, 0x9C, 0x63, 0x60, 0x60, 0x98, 0xF2, 0xE6, 0xFF, 0x5A, 0x56, 0x06, 0x10, 0x38, 0xF4,
    0x1F, 0x08, 0xDE, 0xB3, 0x01, 0x59, 0x01, 0xFF, 0xC1, 0x60, 0x3D, 0x90, 0xF9, 0xF9, 0xFF, 0x7C,
    0x66, 0x86, 0xA2, 0x7F, 0xFF, 0xB9, 0x18, 0x18, 0xFE, 0xFE, 0x67, 0x01, 0x0A, 0x1C, 0xFC, 0x5F,
    0x0F, 0x94, 0xAF, 0x07, 0xEB, 0xF8, 0xFB, 0x9F, 0x71, 0xC3, 0x7F, 0x3E, 0x30, 0xF3, 0xCB, 0x7F,
    0xF6, 0x0F, 0x20, 0x45, 0x40, 0x70, 0xE1, 0x3F, 0xEF, 0xA7, 0xFF, 0x6C, 0x60, 0x66, 0xC1, 0x7F,
    0x79, 0x01, 0x41, 0x30, 0x8B, 0xC1, 0xE1, 0xBF, 0x3F, 0x03, 0x14, 0x28, 0xFC, 0xCF, 0x87, 0x31,
    0x05, 0xC0, 0x26, 0x6D, 0x80, 0xD8, 0xD7, 0x8F, 0xCA, 0x5C, 0x80, 0x60, 0x22, 0xA9, 0x85, 0x9A,
    0x00, 0x67, 0x02, 0xCD, 0x45, 0xD8, 0xA6, 0xFF, 0xE1, 0x3F, 0x27, 0xCC, 0x0D, 0x30, 0x97, 0x7D,
    0xFE, 0xCF, 0x11, 0x00, 0xB5, 0x10, 0xE8, 0x5E, 0x20, 0x66, 0x06, 0x5B, 0x53, 0x0F, 0xF5, 0x5B,
    0xE2, 0xBF, 0xFF, 0xDC, 0x20, 0x53, 0xFE, 0xFF, 0xFF, 0xF7, 0xFF, 0xFF, 0x7E, 0x78, 0x38, 0xFC,
    0x67, 0x07, 0xEB, 0x68, 0x7E, 0xF3, 0x7F, 0x9F, 0x18, 0x90, 0x06, 0x00, 0x8F, 0xAF, 0x6F, 0x29,
    0x78, 0x9C, 0x65, 0xD1, 0xCB, 0x09, 0xC2, 0x40, 0x10, 0x06, 0xE0, 0x39, 0x98, 0x08, 0x92, 0xC3,
    0x76, 0x60, 0xBC, 0x78, 0xB6, 0x04, 0x3B, 0xD0, 0x0E, 0x2C, 0x21, 0x76, 0x10, 0x31, 0x05, 0xE4,
    0x62, 0x01, 0x5A, 0x80, 0x08, 0xD6, 0x21, 0xF8, 0x38, 0x7B, 0xB0, 0x00, 0x21, 0xA0, 0x06, 0x89,
    0x98, 0xFC, 0xCE, 0xCC, 0x6E, 0x0E, 0x8B, 0x73, 0xD8, 0xF0, 0x2D, 0x64, 0x5E, 0x5B, 0x81, 0x24,
    0xB2, 0x3B, 0xB6, 0x01, 0x7F, 0x2B, 0xE5, 0x1E, 0x1C, 0x45, 0xE0, 0x38, 0x85, 0xC6, 0xCE, 0xB1,
    0xC4, 0x71, 0x38, 0x58, 0x01, 0x3D, 0x65, 0x0C, 0x74, 0xF9, 0xF2, 0x82, 0x44, 0xB9, 0x46, 0x2A,
    0x09, 0x4C, 0x53, 0x28, 0x1F, 0x88, 0x34, 0x7D, 0x89, 0x50, 0xF8, 0x46, 0x47, 0x79, 0x42, 0x24,
    0xFC, 0x16, 0x2A, 0x5A, 0xA0, 0x2F, 0x94, 0x0A, 0x12, 0x63, 0x4C, 0x98, 0x06, 0xB9, 0x65, 0x8C,
    0x84, 0xC9, 0xA7, 0xA5, 0x41, 0x5A, 0x49, 0x3B, 0x33, 0x4B, 0x42, 0xFE, 0xC7, 0xC3, 0xD5, 0x23,
    0xFF, 0x92, 0xB4, 0x4C, 0xB5, 0x90, 0x97, 0x99, 0x6A, 0xAF, 0x2E, 0x7D, 0xFC, 0xAE, 0x4A, 0xBF,
    0xE7, 0x9B, 0x9B, 0xE8, 0x65, 0x27, 0x9A, 0xDB, 0xD4, 0xED, 0xBC, 0x54, 0x23, 0xE4, 0xF3, 0xEC,
    0xB6, 0x41, 0x4F, 0xDE, 0x95, 0xC9, 0xDA, 0x5D, 0xD1, 0xA8, 0xF1, 0x36, 0x49, 0x1B, 0xDD, 0x73,
    0xD8, 0x92, 0x96, 0xEE, 0x15, 0x7E, 0x7D, 0x55, 0xA8, 0x02, 0x78, 0x9C, 0x65, 0xCE, 0xCD, 0x09,
    0x02, 0x31, 0x14, 0x04, 0xE0, 0xF1, 0x22, 0xA8, 0x20, 0x7B, 0xF2, 0xE4, 0x61, 0x6F, 0x1E, 0x4D,
    0x09, 0x76, 0x60, 0x09, 0xF6, 0xB0, 0x15, 0xA4, 0x03, 0x4B, 0x10, 0x2B, 0xD1, 0x12, 0xEC, 0x20,
    0x05, 0x08, 0x59, 0x94, 0xF5, 0x87, 0x0D, 0x66, 0x8C, 0x66, 0xE2, 0xC5, 0x77, 0xFA, 0x78, 0x0C,
    0xEF, 0x0D, 0x80, 0xE6, 0xCC, 0x34, 0x0E, 0xD8, 0x93, 0x59, 0x75, 0x2C, 0x3A, 0xD1, 0xCD, 0x00,
    0x04, 0x87, 0x07, 0xC7, 0xC8, 0x7A, 0xB5, 0xC8, 0xAA, 0xB9, 0x95, 0x0C, 0x37, 0xD2, 0x8A, 0xEB,
    0xBF, 0x5D, 0xC5, 0x9D, 0x84, 0xC0, 0x81, 0xD4, 0x71, 0x2E, 0x59, 0xB6, 0x8B, 0x2C, 0x3C, 0xCB,
    0x5F, 0x98, 0x50, 0x84, 0x3B, 0xBD, 0xF7, 0x1F, 0x55, 0xF1, 0xA0, 0x9C, 0xE5, 0x52, 0xBA, 0x72,
    0x24, 0xF5, 0xDF, 0xD3, 0x49, 0x26, 0xD7, 0x4A, 0x3A, 0x72, 0x2A, 0xDD, 0x38, 0x94, 0xA2, 0x53,
    0x17, 0xFB, 0x6B, 0x7A, 0xE1, 0x44, 0x7A, 0x03, 0x6F, 0x55, 0x79, 0xEE, 0x78, 0x9C, 0x4D, 0x8D,
    0x31, 0x0E, 0x82, 0x50, 0x10, 0x44, 0x1F, 0x6A, 0x41, 0x49, 0x6D, 0xE5, 0x4D, 0xBC, 0x82, 0x17,
    0xB0, 0xF1, 0x12, 0x94, 0x98, 0xD8, 0x92, 0x68, 0x63, 0x67, 0xE2, 0x01, 0xEC, 0x2C, 0xBC, 0x06,
    0x24, 0x1E, 0xC0, 0xCA, 0x0A, 0x92, 0x9F, 0x18, 0x49, 0x88, 0xC0, 0x1F, 0x17, 0xA1, 0x70, 0x9A,
    0x7D, 0xC5, 0x9B, 0x59, 0xD8, 0x95, 0x2E, 0x9D, 0x00, 0x57, 0x59, 0xF6, 0xB0, 0xF0, 0x7A, 0x94,
    0x52, 0x48, 0xAE, 0x04, 0xEE, 0x5A, 0x52, 0x69, 0x06, 0x91, 0xCE, 0xDC, 0x2E, 0xE6, 0xF1, 0xC9,
    0x18, 0x52, 0xBB, 0x7F, 0x38, 0x5A, 0x49, 0x06, 0xCF, 0x7E, 0xC7, 0x60, 0x2B, 0x9D, 0xE2, 0xB8,
    0x71, 0xBC, 0x35, 0x1F, 0x9C, 0x26, 0x1B, 0x65, 0x9F, 0x8C, 0xD0, 0xFF, 0x83, 0xD6, 0xD1, 0xF5,
    0x0B, 0x07, 0x6B, 0xD5, 0x5A, 0x07, 0x9B, 0xCE, 0x20, 0xFF, 0xCD, 0x78, 0x11, 0xB5, 0x76, 0x93,
    0x4A, 0x53, 0x56, 0x85, 0xD2, 0xE0, 0xA5, 0xF0, 0x0B, 0xF9, 0x87, 0x5A, 0xD8, 0x78, 0x9C, 0x3D,
    0x8E, 0xBD, 0x6A, 0x02, 0x51, 0x10, 0x46, 0x47, 0xE3, 0x1F, 0x2B, 0x91, 0xED, 0x2D, 0xE2, 0x1B,
    0xE8, 0x0B, 0x48, 0x4C, 0x19, 0x88, 0x98, 0x56, 0x02, 0x16, 0x3E, 0x41, 0xEC, 0x2D, 0x7C, 0x03,
    0x5F, 0xC5, 0xCE, 0x32, 0x3E, 0x81, 0xA6, 0xB5, 0xDA, 0x80, 0x60, 0x15, 0xD8, 0x5D, 0x97, 0x80,
    0x6B, 0x70, 0x8F, 0x33, 0x77, 0x17, 0xA7, 0xF9, 0x0E, 0x97, 0x73, 0x67, 0x3E, 0x11, 0x37, 0xE9,
    0x28, 0x4F, 0xE9, 0xD0, 0xCD, 0xE1, 0x25, 0xA5, 0x65, 0xD9, 0xDB, 0x03, 0x55, 0x05, 0xFF, 0x5F,
    0x61, 0x62, 0x4F, 0x07, 0x08, 0xC6, 0x4E, 0xCE, 0xF8, 0x28, 0x39, 0x7B, 0x43, 0xBF, 0x58, 0xF0,
    0xB7, 0x2B, 0x40, 0xAE, 0x4F, 0x05, 0xF4, 0x68, 0xCC, 0x7E, 0xC3, 0xB9, 0x9A, 0x0B, 0xA6, 0xE4,
    0x5B, 0x56, 0x61, 0x4A, 0x90, 0x41, 0x4D, 0x7E, 0xE0, 0x4D, 0xFC, 0x33, 0xCF, 0x12, 0xF1, 0xA5,
    0xF6, 0x80, 0x9D, 0xC4, 0xB8, 0xBF, 0x67, 0x1E, 0x4E, 0x78, 0x46, 0x31, 0xF5, 0x44, 0x5D, 0x9D,
    0x6F, 0xBC, 0x84, 0x8A, 0xD1, 0x8A, 0xE6, 0xE9, 0x4E, 0xB1, 0xEB, 0xA8, 0x3D, 0xBC, 0x88, 0xBA,
    0x51, 0x44, 0x63, 0x43, 0xD3, 0x28, 0xA1, 0xFA, 0xA9, 0xDB, 0x75, 0x2E, 0x88, 0x64, 0x81, 0xF6,
    0x78, 0x67, 0xA9, 0x4D, 0x19, 0xDA, 0xDD, 0x47, 0xAB, 0xC5, 0xF6, 0x4A, 0x58, 0x56, 0xE5, 0x68,
    0xFD, 0xDA, 0x26, 0xFB, 0xEB, 0x2C, 0x78, 0xD5, 0xBC, 0x01, 0xA7, 0x18, 0x6D, 0x0E, 0x78, 0x9C,
    0xFB, 0xF8, 0x1F, 0x08, 0xCE, 0x79, 0x32, 0x30, 0x7C, 0xFC, 0x0F, 0x06, 0xB6, 0x40, 0xC6, 0xD9,
    0x33, 0x67, 0xFE, 0xFD, 0xFF, 0xCF, 0xF4, 0xF1, 0x3F, 0x2B, 0x03, 0x83, 0xC0, 0x8F, 0xFF, 0xDC,
    0x60, 0x06, 0xC3, 0x84, 0xFF, 0xFC, 0x10, 0x46, 0x02, 0x8C, 0xB1, 0xE1, 0x3F, 0x0F, 0x98, 0xE1,
    0xF8, 0xFB, 0x3F, 0x33, 0x54, 0xBB, 0x2F, 0xCC, 0x1C, 0x71, 0x88, 0x39, 0x6F, 0xFE, 0xBF, 0x67,
    0x86, 0x28, 0x3E, 0xFC, 0x5F, 0x0E, 0xC2, 0x10, 0xF8, 0xDF, 0x0F, 0x61, 0x30, 0xFC, 0xDE, 0x8F,
    0xC6, 0x10, 0xF8, 0x3F, 0x1F, 0xC2, 0xB8, 0xFC, 0xDF, 0x1F, 0xAA, 0xFD, 0x3F, 0x17, 0xD4, 0xC0,
    0xF9, 0x10, 0x93, 0xDF, 0xF7, 0x30, 0x31, 0x00, 0x00, 0x25, 0x26, 0x68, 0x88, 0x78, 0x9C, 0xFB,
    0xF4, 0x1F, 0x04, 0xE6, 0x7F, 0x82, 0x51, 0xF7, 0xEE, 0xDE, 0xBD, 0x5B, 0xFB, 0xE9, 0x3F, 0x2B,
    0x03, 0x10, 0xD0, 0x9B, 0x02, 0x00, 0xCF, 0xC7, 0x34, 0x52, 0x78, 0x9C, 0x63, 0x60, 0x60, 0xF8,
    0xF3, 0x1F, 0x04, 0xF4, 0x19, 0x80, 0xE0, 0x2F, 0x82, 0xF9, 0x0F, 0x89, 0x39, 0x5F, 0x49, 0x29,
    0x09, 0xC2, 0xFC, 0x5F, 0xCF, 0xC0, 0xE0, 0x00, 0x65, 0xE6, 0x63, 0x61, 0x0A, 0xFC, 0x8F, 0x87,
    0x31, 0x15, 0xFE, 0xFB, 0xC3, 0x98, 0x60, 0x12, 0xC2, 0x0C, 0xF8, 0xCF, 0x0F, 0x63, 0x4E, 0xF8,
    0xCF, 0x0B, 0x63, 0x5E, 0xF8, 0xCF, 0x05, 0x63, 0x7E, 0xFA, 0xCF, 0x0A, 0x63, 0xFE, 0x7C, 0x0F,
    0xD3, 0x6B, 0xF0, 0xBF, 0x1F, 0xC6, 0x7C, 0xF8, 0x9F, 0x0F, 0xCA, 0x3C, 0xF8, 0xEF, 0xFF, 0xB9,
    0x33, 0x67, 0xCE, 0xDC, 0xF9, 0x7F, 0x7F, 0xCE, 0xA7, 0xFF, 0x30, 0xB0, 0x1F, 0x85, 0xC9, 0xC2,
    0x00, 0x06, 0xBF, 0xC9, 0x65, 0x02, 0x00, 0x98, 0xCE, 0x72, 0x2E, 0x78, 0x9C, 0x2D, 0x8C, 0xB1,
    0x09, 0xC2, 0x50, 0x14, 0x45, 0xAF, 0x88, 0x06, 0x14, 0x21, 0x1B, 0xD8, 0x5A, 0x66, 0x00, 0x21,
    0x1B, 0x38, 0x80, 0x55, 0x26, 0x70, 0x05, 0x57, 0xC8, 0x06, 0x4E, 0x20, 0x16, 0x42, 0xDA, 0x64,
    0x02, 0x9D, 0xC0, 0xC4, 0x42, 0xAC, 0x95, 0x04, 0x2D, 0x34, 0xFF, 0xF8, 0x7E, 0xE2, 0x69, 0xDE,
    0xE1, 0xDD, 0x77, 0x9F, 0xA4, 0xCC, 0x9D, 0x16, 0x32, 0x6E, 0x18, 0x81, 0x94, 0x40, 0xE9, 0xD8,
    0x49, 0x35, 0x4B, 0x45, 0x5F, 0x46, 0x6A, 0x73, 0x8B, 0x0B, 0x66, 0x09, 0x73, 0x93, 0x88, 0xB8,
    0x60, 0xE2, 0x1B, 0x6E, 0xFB, 0xB0, 0xD4, 0xF8, 0x1C, 0x6A, 0x7A, 0xF2, 0xE6, 0x2F, 0xE7, 0x86,
    0x4B, 0xC7, 0xBE, 0x66, 0xA8, 0x8E, 0x27, 0xE3, 0x5E, 0xAE, 0x4C, 0x7B, 0x49, 0x89, 0xFD, 0x08,
    0x15, 0x52, 0x0D, 0x4C, 0x5E, 0x81, 0xDE, 0x6C, 0xA4, 0xA3, 0xED, 0x53, 0xA8, 0x5A, 0x7C, 0xE5,
    0xEE, 0xFF, 0xAD, 0xFC, 0x61, 0xE6, 0xAA, 0xB5, 0xF4, 0x03, 0x1B, 0xA6, 0x55, 0xD4, 0x78, 0x9C,
    0x3D, 0x90, 0xD1, 0x15, 0xC2, 0x30, 0x08, 0x45, 0x31, 0xF1, 0x4F, 0xEB, 0xE9, 0x06, 0xAE, 0xE6,
    0x06, 0x76, 0x83, 0x76, 0x03, 0xB3, 0x81, 0x23, 0xE8, 0x4A, 0x4E, 0xE0, 0x39, 0x4D, 0xFD, 0xD2,
    0xFA, 0x04, 0x1E, 0x91, 0x0F, 0xE0, 0x26, 0x0F, 0x08, 0x29, 0xB8, 0x88, 0x48, 0x45, 0x16, 0x29,
    0x96, 0xAE, 0x96, 0x55, 0xBA, 0xEE, 0xEF, 0x72, 0x5C, 0x0C, 0x18, 0x89, 0x93, 0x25, 0x22, 0x1F,
    0x24, 0xC7, 0x8A, 0xBD, 0xE1, 0xAC, 0xC1, 0x70, 0xD5, 0x63, 0xB5, 0x13, 0xCE, 0x86, 0x83, 0x06,
    0xB7, 0x37, 0x92, 0xE2, 0x8C, 0x1D, 0xF1, 0x01, 0xB7, 0xE7, 0x86, 0x58, 0x88, 0x57, 0x92, 0x16,
    0xD2, 0x12, 0x51, 0x5B, 0x2E, 0x56, 0xEB, 0x73, 0x7C, 0xBC, 0x77, 0x1E, 0x43, 0xDB, 0xE6, 0x66,
    0x6A, 0x73, 0xBC, 0xAA, 0x93, 0x58, 0xCB, 0xB0, 0xC4, 0xAA, 0x07, 0x62, 0xFF, 0xE5, 0x5A, 0xDB,
    0x58, 0xF0, 0xA5, 0xEA, 0x82, 0x5B, 0xFB, 0x8D, 0xBB, 0xAA, 0x17, 0x1C, 0x1B, 0xF6, 0x40, 0xFE,
    0x01, 0x4F, 0xC6, 0x7C, 0xB5, 0x78, 0x9C, 0x2D, 0x8E, 0xC1, 0x0D, 0xC2, 0x30, 0x0C, 0x45, 0xBF,
    0x12, 0x1A, 0x09, 0x66, 0xE0, 0xC0, 0x26, 0x8C, 0x02, 0x23, 0xF4, 0xC6, 0x11, 0xBA, 0x41, 0x05,
    0x13, 0x30, 0x00, 0x82, 0x4E, 0xD0, 0x45, 0x90, 0xC2, 0x00, 0x51, 0x23, 0x10, 0x05, 0x81, 0x04,
    0x1F, 0xBB, 0xE6, 0x1F, 0xEC, 0x27, 0xDB, 0xDF, 0x36, 0xB0, 0x4B, 0x3C, 0x04, 0x00, 0x7B, 0x8A,
    0xF2, 0x08, 0xF8, 0x30, 0x27, 0x72, 0x8E, 0x9A, 0x47, 0x87, 0x8A, 0x2D, 0x2E, 0x9C, 0x48, 0xFF,
    0x45, 0x94, 0x2B, 0x27, 0xF0, 0x20, 0x4C, 0xEF, 0x68, 0x79, 0xCB, 0x85, 0xC4, 0x5A, 0xFD, 0xE1,
    0x0F, 0x6B, 0xAD, 0x6F, 0xBA, 0x8E, 0x9C, 0xDA, 0xCC, 0x52, 0xF6, 0x98, 0x7A, 0x7A, 0x83, 0x2B,
    0x8B, 0x3B, 0xDD, 0x00, 0xE1, 0xC6, 0xB1, 0xC0, 0x93, 0xFE, 0x64, 0x47, 0x23, 0x66, 0x5F, 0xE6,
    0xB3, 0xBE, 0x81, 0x46, 0x17, 0x47, 0x35, 0xE9, 0xAB, 0x05, 0xF0, 0x03, 0xE0, 0xBE, 0x4C, 0x7C,
    0x78, 0x9C, 0xFB, 0xF8, 0x9F, 0x95, 0x81, 0x81, 0x61, 0xC3, 0x7F, 0xFE, 0x8F, 0x60, 0xC6, 0x57,
    0x28, 0x43, 0xE0, 0x1F, 0x94, 0xB1, 0xE0, 0x3F, 0x94, 0xF1, 0x05, 0xC6, 0xF8, 0xFB, 0x1E, 0xC2,
    0x68, 0xF8, 0x5F, 0x0B, 0x61, 0x7C, 0xFA, 0x9F, 0x02, 0x61, 0xFC, 0x59, 0x9F, 0x00, 0x66, 0x24,
    0xFC, 0x97, 0x83, 0x30, 0xC0, 0x6C, 0x10, 0xE3, 0xF7, 0x7E, 0x06, 0x30, 0x23, 0xF4, 0xBF, 0x3E,
    0x84, 0xF1, 0xEC, 0x3F, 0x3B, 0x84, 0xF1, 0xEF, 0x3C, 0x03, 0x84, 0xF1, 0xDF, 0x1E, 0xC6, 0xE0,
    0x80, 0x32, 0xEE, 0x33, 0x40, 0x19, 0xFE, 0x30, 0x06, 0x17, 0x84, 0x01, 0x00, 0x37, 0x5F, 0x5C,
    0xA7, 0x78, 0x9C, 0x63, 0x98, 0xF0, 0x9F, 0x85, 0x21, 0xE0, 0x3F, 0x3B, 0x03, 0x43, 0xC2, 0x7F,
    0x4E, 0x86, 0x05, 0x40, 0x0E, 0x03, 0xC3, 0xBF, 0xF9, 0x2E, 0xBF, 0xEE, 0x03, 0x69, 0x86, 0xC7,
    0xFF, 0xFF, 0xFF, 0xD7, 0x03, 0x31, 0x04, 0x6E, 0xFC, 0xEF, 0x65, 0x64, 0xC0, 0x07, 0x3E, 0xFE,
    0x67, 0x05, 0x92, 0x1B, 0xFE, 0xF3, 0x43, 0x18, 0x5F, 0xA1, 0x0C, 0x81, 0x7F, 0x50, 0xC6, 0x82,
    0xFF, 0x50, 0xC6, 0x17, 0x18, 0xE3, 0xEF, 0x7B, 0x08, 0xA3, 0xE1, 0x7F, 0x2D, 0x84, 0xF1, 0xE9,
    0x7F, 0x0A, 0x84, 0xF1, 0x67, 0x7D, 0x02, 0x98, 0x91, 0xF0, 0x5F, 0x0E, 0xC2, 0x00, 0xB3, 0x41,
    0x8C, 0xDF, 0xFB, 0x19, 0xC0, 0x8C, 0xD0, 0xFF, 0xFA, 0x10, 0xC6, 0x33, 0xA0, 0xCB, 0xC1, 0x8C,
    0x7F, 0xE7, 0x19, 0x20, 0x8C, 0xFF, 0xF6, 0x30, 0x06, 0x07, 0x94, 0x01, 0xF2, 0x0A, 0x98, 0xE1,
    0x0F, 0x63, 0x70, 0x41, 0x18, 0x00, 0xC7, 0x0E, 0x6C, 0xD8, 0x78, 0x9C, 0x35, 0xCE, 0xD1, 0x0D,
    0x40, 0x30, 0x18, 0x04, 0xE0, 0x0B, 0x11, 0xC1, 0x8B, 0x09, 0xC4, 0x04, 0x62, 0x23, 0x23, 0x30,
    0x8A, 0x0D, 0xAC, 0x60, 0x04, 0x1B, 0xB0, 0x81, 0xB0, 0x81, 0x84, 0x07, 0x12, 0x4E, 0xB9, 0xB6,
    0x4F, 0x5F, 0xFA, 0xFF, 0xD7, 0xEB, 0xC6, 0x00, 0xC0, 0xCA, 0x02, 0xDB, 0xA7, 0xF4, 0xA6, 0x2F,
    0xF5, 0xAC, 0x20, 0x9D, 0x0C, 0xA5, 0x86, 0x1D, 0xA4, 0x9D, 0x89, 0x54, 0x72, 0x86, 0xB4, 0x30,
    0x93, 0xCC, 0xF1, 0x9C, 0xFE, 0xA1, 0xEE, 0x62, 0xBB, 0x37, 0xB0, 0xB6, 0x4A, 0x1F, 0xD3, 0xE5,
    0xDE, 0xCB, 0xE0, 0x3A, 0x46, 0x2B, 0x5C, 0x8C, 0xAC, 0xA6, 0x2F, 0xF3, 0x2B, 0xA7, 0xFB, 0x1F,
    0x0E, 0x93, 0x91, 0x5A, 0x93, 0x79, 0x01, 0x28, 0xFE, 0x53, 0x9A, 0x78, 0x9C, 0x4D, 0xCE, 0xCD,
    0x0D, 0x40, 0x40, 0x18, 0x84, 0xE1, 0x8F, 0xF8, 0x77, 0xD1, 0x01, 0x9D, 0x68, 0x45, 0x29, 0x3A,
    0xA0, 0x04, 0x25, 0x28, 0x41, 0x07, 0x1C, 0x5C, 0x65, 0x35, 0x20, 0x21, 0x9B, 0x38, 0xB8, 0x0C,
    0x6B, 0x27, 0x62, 0x4E, 0xCF, 0x6D, 0x5E, 0x91, 0x1A, 0xEF, 0x72, 0x91, 0xF6, 0x27, 0xB5, 0x2C,
    0x9B, 0x51, 0x87, 0x54, 0xA4, 0x32, 0xEA, 0x7F, 0x4A, 0xA8, 0x01, 0x31, 0x35, 0x21, 0xA2, 0x56,
    0x84, 0xD4, 0x8E, 0xE0, 0x93, 0x4F, 0x1D, 0xF0, 0x28, 0x0D, 0x97, 0x3A, 0x21, 0xD4, 0x35, 0x52,
    0x05, 0x1A, 0xAB, 0x6C, 0x46, 0x69, 0xA5, 0x61, 0x02, 0xAC, 0x94, 0x43, 0xA9, 0xE7, 0xEB, 0xD5,
    0x0D, 0x14, 0xC1, 0x4E, 0x7C, 0x78, 0x9C, 0x35, 0xCF, 0xC1, 0x0D, 0x82, 0x40, 0x14, 0x04, 0xD0,
    0x6F, 0x88, 0x9A, 0x68, 0x34, 0x76, 0xE0, 0x7A, 0x30, 0xDE, 0xB4, 0x14, 0xEC, 0x00, 0x4B, 0xB1,
    0x03, 0xB8, 0x78, 0xDE, 0x52, 0xB4, 0x03, 0x2C, 0x81, 0x0E, 0x70, 0x23, 0x81, 0x44, 0x02, 0xE3,
    0xCE, 0xDF, 0x65, 0x4E, 0xEF, 0x36, 0x33, 0x0E, 0x56, 0x34, 0x5F, 0xA4, 0x0E, 0x98, 0xA9, 0x7F,
    0xEA, 0x25, 0x69, 0xA0, 0xDE, 0xD2, 0x45, 0x70, 0x46, 0x7F, 0xD4, 0x43, 0x49, 0x77, 0x35, 0xDD,
    0x22, 0xF1, 0x1E, 0x72, 0xFA, 0x81, 0x95, 0xC8, 0x15, 0x67, 0xFA, 0x88, 0xBD, 0xC8, 0x0B, 0x27,
    0x7A, 0xDE, 0xE7, 0x6C, 0x3A, 0xA8, 0x9B, 0xDA, 0x37, 0x59, 0xA3, 0x7E, 0x63, 0xB1, 0xC3, 0x25,
    0xF8, 0x86, 0xCD, 0x1D, 0xEB, 0x60, 0x19, 0xD3, 0x0A, 0x49, 0x74, 0xF7, 0x6C, 0x4B, 0x89, 0x76,
    0x18, 0xB3, 0xC9, 0x05, 0xF7, 0x45, 0x1B, 0xEE, 0x8E, 0x96, 0xDE, 0xFF, 0x99, 0xDC, 0x58, 0x9E,
    0x49, 0xFF, 0xDC, 0x6C, 0x7A, 0xCC, 0x78, 0x9C, 0xFB, 0xF8, 0x9F, 0x95, 0x81, 0x81, 0xA1, 0xE0,
    0x3F, 0xFF, 0x47, 0x4A, 0x19, 0x10, 0x80, 0xCC, 0x38, 0x7B, 0xE6, 0xCC, 0x99, 0x37, 0x54, 0x30,
    0x19, 0x9D, 0x01, 0x00, 0x5C, 0x43, 0x51, 0xB1, 0x78, 0x9C, 0x3D, 0x8E, 0xCD, 0x09, 0xC2, 0x40,
    0x10, 0x46, 0x3F, 0x37, 0xA2, 0x42, 0x30, 0x6E, 0x01, 0x62, 0x05, 0x82, 0x25, 0xE8, 0x35, 0x82,
    0x60, 0x05, 0xD6, 0xB0, 0x25, 0xA4, 0x04, 0x3B, 0xF1, 0x96, 0xB3, 0x25, 0x58, 0x41, 0xF6, 0xE4,
    0x59, 0x42, 0xD4, 0xC4, 0x83, 0xFB, 0x39, 0xB3, 0x09, 0x0E, 0x03, 0xF3, 0x60, 0xFE, 0x1E, 0x80,
    0x32, 0x54, 0x39, 0x34, 0xEE, 0x94, 0x58, 0x0B, 0x14, 0xA4, 0x0F, 0x7C, 0x24, 0xC0, 0x9B, 0x27,
    0xD8, 0x8E, 0x2B, 0xD8, 0xE0, 0x47, 0xC0, 0x91, 0x17, 0x38, 0x6E, 0x75, 0xF8, 0x43, 0x73, 0x63,
    0xAA, 0x54, 0x73, 0x2A, 0xA9, 0x74, 0x65, 0xDA, 0x70, 0xAC, 0x74, 0xE6, 0xFC, 0x49, 0xA3, 0xE4,
    0x98, 0x0D, 0x54, 0x70, 0xD1, 0x30, 0xE9, 0xBB, 0x59, 0xCD, 0xC9, 0xB0, 0xF1, 0xBF, 0x32, 0x73,
    0xDC, 0x28, 0x75, 0x34, 0x96, 0xFA, 0x6D, 0x27, 0xDF, 0xF0, 0xE2, 0x01, 0xB6, 0x15, 0x83, 0x68,
    0xF5, 0x8D, 0x56, 0xBD, 0xE9, 0x32, 0x4A, 0x97, 0xC1, 0xEF, 0xA5, 0xFC, 0x00, 0x2F, 0x27, 0x51,
    0x7C, 0x78, 0x9C, 0xFB, 0xF8, 0x1F, 0x02, 0xF8, 0x3F, 0x22, 0x18, 0xF7, 0xEE, 0xDE, 0xBD, 0xFB,
    0x16, 0xC4, 0x60, 0x65, 0x60, 0x60, 0x48, 0x18, 0x7C, 0x0C, 0x00, 0xCA, 0x16, 0x50, 0xE6, 0x78,
    0x9C, 0xFB, 0x76, 0x9E, 0x61, 0xDB, 0xBF, 0x73, 0xE2, 0x0C, 0x0C, 0xDF, 0xEE, 0x5F, 0xFA, 0xFF,
    0xFF, 0xFF, 0x7B, 0x56, 0x86, 0x6F, 0xFF, 0xFF, 0x01, 0x19, 0xFF, 0xE3, 0x81, 0x8C, 0xFB, 0xAC,
    0x0C, 0x9B, 0xFF, 0xBF, 0x67, 0xFC, 0xF6, 0x9F, 0x87, 0x81, 0x81, 0xE1, 0xE7, 0x7F, 0x8E, 0x6F,
    0xFF, 0x99, 0x80, 0x8C, 0x0B, 0xFF, 0xF9, 0xBE, 0xFD, 0x07, 0xD2, 0x0C, 0x09, 0xFF, 0xF5, 0x21,
    0x0C, 0x85, 0xFF, 0xF9, 0x10, 0x06, 0xC3, 0xFF, 0x7A, 0x28, 0xE3, 0x5F, 0x3F, 0x3A, 0x03, 0x26,
    0x05, 0x57, 0x0C, 0xD6, 0xCE, 0x08, 0x64, 0x1C, 0x00, 0x19, 0xC8, 0x0D, 0x64, 0x7C, 0x07, 0x59,
    0x71, 0x9E, 0x99, 0x61, 0x22, 0xD8, 0xD2, 0xFF, 0xEF, 0xEF, 0xFE, 0xFF, 0xEF, 0x0F, 0x74, 0xC6,
    0x63, 0x90, 0xC3, 0x58, 0x80, 0x0C, 0x98, 0x53, 0x21, 0x06, 0x52, 0xCC, 0x00, 0x00, 0x77, 0x7A,
    0x6A, 0x9E, 0x78, 0x9C, 0x63, 0x60, 0x10, 0x38, 0xF1, 0xEF, 0x9C, 0x06, 0x03, 0x10, 0x7C, 0xFF,
    0x0F, 0x04, 0x1C, 0x0C, 0x0C, 0x0B, 0xFE, 0xFF, 0xBF, 0xFF, 0xEF, 0xFF, 0x7A, 0x90, 0x80, 0x0D,
    0x83, 0xC1, 0x9F, 0xFF, 0xEC, 0x0A, 0xFF, 0xF7, 0x03, 0xA5, 0x37, 0xFC, 0xE7, 0x9F, 0xF0, 0x5F,
    0x1E, 0xC8, 0x10, 0xF8, 0x1F, 0xFF, 0xE0, 0x3F, 0x27, 0x48, 0xC7, 0x9F, 0xFE, 0x8F, 0xFF, 0x59,
    0x41, 0x0C, 0x27, 0x95, 0xCF, 0xFF, 0x99, 0x19, 0xC0, 0xE0, 0xCB, 0x7F, 0x26, 0x34, 0x06, 0x5C,
    0x0A, 0xAA, 0x98, 0x81, 0xE1, 0x02, 0x44, 0xFB, 0xF6, 0xEC, 0x09, 0xFF, 0xE5, 0x40, 0x8C, 0x7F,
    0xF9, 0x0A, 0x20, 0xFB, 0x18, 0x40, 0xE6, 0xFF, 0xF8, 0x6F, 0xCD, 0xA0, 0xF0, 0xEB, 0x3F, 0x3B,
    0xD0, 0xBE, 0xFF, 0xF7, 0xFE, 0xFD, 0x9F, 0x0F, 0x14, 0xFE, 0x01, 0x72, 0x18, 0x1B, 0xC8, 0xE6,
    0xE3, 0xFF, 0xCE, 0x89, 0x33, 0x30, 0x00, 0x00, 0x84, 0x5F, 0x44, 0x62, 0x78, 0x9C, 0xFB, 0xF2,
    0x1F, 0x02, 0xFA, 0xBF, 0xC0, 0x18, 0x87, 0xCF, 0x9C, 0x79, 0xF3, 0xFF, 0xFC, 0x99, 0x33, 0x39,
    0x0C, 0x0C, 0x0C, 0x0B, 0xFE, 0xF3, 0x30, 0x80, 0xC1, 0xA0, 0x62, 0x00, 0x00, 0x57, 0x82, 0x34,
    0x6D, 0x78, 0x9C, 0x2D, 0x8E, 0xC1, 0x0D, 0x82, 0x40, 0x14, 0x44, 0x47, 0xA2, 0xC6, 0x6C, 0x8C,
    0x78, 0xF1, 0x6E, 0x07, 0xDA, 0x81, 0x25, 0x48, 0x07, 0xDC, 0x3D, 0xD9, 0x81, 0x76, 0x82, 0x15,
    0x08, 0x1D, 0xD0, 0x82, 0x17, 0xCF, 0xD2, 0x81, 0x41, 0x0D, 0x84, 0x04, 0x1C, 0x67, 0xFF, 0x7A,
    0xD8, 0x9D, 0xB7, 0x7F, 0xFF, 0xFC, 0xF9, 0x0D, 0x27, 0x00, 0x12, 0xA6, 0x35, 0x9D, 0xE0, 0xC2,
    0xB8, 0x60, 0x2C, 0xA8, 0xE8, 0x54, 0x14, 0x7C, 0x38, 0xC6, 0x37, 0x17, 0x74, 0x4F, 0x1D, 0x0A,
    0x86, 0x0C, 0x78, 0xCB, 0xB6, 0xE5, 0x0E, 0xB8, 0xC9, 0x76, 0xE6, 0x02, 0xBA, 0x62, 0x3D, 0x66,
    0xC0, 0x5A, 0xB6, 0x17, 0x23, 0x35, 0xF6, 0x39, 0xDA, 0x87, 0x14, 0x0D, 0xD1, 0x9F, 0x3C, 0xD4,
    0x5C, 0x71, 0xE3, 0xA1, 0xE0, 0x81, 0x73, 0x58, 0x72, 0xC9, 0xA9, 0x07, 0x90, 0x1C, 0x19, 0x74,
    0x2C, 0x4D, 0x15, 0x92, 0x06, 0xA8, 0x6C, 0x25, 0xF8, 0x10, 0x17, 0xA0, 0xB0, 0xB5, 0x6D, 0x62,
    0x50, 0xB4, 0x59, 0xD0, 0xA5, 0xDF, 0xCA, 0xEB, 0x3D, 0x04, 0x1C, 0x35, 0x37, 0xFA, 0xC3, 0xDE,
    0x7E, 0x92, 0xE1, 0x6A, 0x05, 0xFC, 0x00, 0x83, 0x00, 0x4F, 0xE0, 0x78, 0x9C, 0xBD, 0x90, 0x4F,
    0x0E, 0xC1, 0x40, 0x18, 0xC5, 0x5F, 0xD2, 0x16, 0x2D, 0x11, 0x6B, 0x2B, 0x37, 0x70, 0x85, 0xDE,
    0x48, 0x6F, 0x20, 0x4E, 0xE0, 0x0A, 0x4E, 0x40, 0xD7, 0x16, 0x6A, 0x6D, 0x45, 0x62, 0x4B, 0x7B,
    0x00, 0xA2, 0xFE, 0x84, 0x68, 0x74, 0x9E, 0xAF, 0x9D, 0x09, 0xB1, 0x14, 0x89, 0xB7, 0x98, 0xF9,
    0x7E, 0xDF, 0xE4, 0x7D, 0x33, 0x6F, 0x00, 0xD1, 0x91, 0x0E, 0x5E, 0xFA, 0x0B, 0x04, 0xBB, 0x38,
    0xE3, 0x54, 0x8D, 0x2D, 0xA9, 0x3B, 0x39, 0xB5, 0x86, 0x02, 0x2B, 0x72, 0x4B, 0x1E, 0xA4, 0x55,
    0x03, 0xEE, 0x6C, 0x8B, 0xA7, 0x82, 0x2B, 0xBB, 0xE8, 0x30, 0xD2, 0x03, 0x7C, 0x4E, 0x10, 0x48,
    0x43, 0x4F, 0xCB, 0x88, 0x90, 0x0D, 0x03, 0x17, 0xDA, 0x49, 0xE1, 0x2B, 0x21, 0x65, 0x35, 0x15,
    0xAF, 0x86, 0x25, 0xDD, 0x72, 0x2F, 0x97, 0x39, 0xBD, 0x13, 0x6D, 0x03, 0x21, 0xBD, 0x8F, 0x93,
    0xB7, 0x27, 0xA1, 0x2B, 0x36, 0x03, 0xF2, 0x8C, 0x11, 0x9B, 0x06, 0x6E, 0xB4, 0x7C, 0xF6, 0x35,
    0xB4, 0x54, 0x0C, 0x3C, 0xE4, 0xD6, 0x02, 0xD6, 0xEC, 0x01, 0x67, 0x72, 0x43, 0xC6, 0x7B, 0xB2,
    0x0E, 0xF8, 0xCA, 0x84, 0x8B, 0x8A, 0xD8, 0x83, 0x5C, 0x62, 0x2F, 0xD4, 0xCC, 0xF9, 0xE2, 0xAB,
    0x7E, 0x84, 0x27, 0x6D, 0xCA, 0xA4, 0x64, 0x78, 0x9C, 0x25, 0xCE, 0xD1, 0x09, 0xC2, 0x50, 0x0C,
    0x85, 0xE1, 0x9F, 0x5A, 0xF1, 0x45, 0xA4, 0x03, 0x48, 0x75, 0x84, 0xBB, 0x80, 0xE8, 0x08, 0x6E,
    0x54, 0x37, 0x70, 0x94, 0xDB, 0x11, 0x1C, 0xE1, 0x6E, 0x50, 0x67, 0xF0, 0xA1, 0xB4, 0x14, 0x7A,
    0x4C, 0xD2, 0xBC, 0x24, 0xE4, 0xE3, 0x84, 0xF4, 0xBA, 0x03, 0x2F, 0x75, 0xCD, 0x3A, 0xD8, 0xF0,
    0xD3, 0x91, 0x51, 0x07, 0x58, 0x54, 0xD1, 0xEB, 0xC2, 0x53, 0x1D, 0x34, 0xCA, 0x7C, 0x4D, 0x30,
    0xDB, 0xCD, 0x26, 0x98, 0xDD, 0x5C, 0xDC, 0x14, 0xE2, 0x16, 0xE2, 0x16, 0x02, 0xC5, 0x72, 0x51,
    0x93, 0x54, 0x7B, 0x4F, 0x1A, 0xD4, 0x6E, 0x72, 0x5E, 0xF3, 0x26, 0xD5, 0xE8, 0x96, 0xF4, 0xE6,
    0xE3, 0x56, 0x74, 0xE2, 0xEA, 0xB9, 0xD9, 0xD7, 0x93, 0xF6, 0x29, 0x8E, 0x14, 0xB5, 0xC5, 0xDE,
    0x81, 0x87, 0xF2, 0x1F, 0xB0, 0x8E, 0x45, 0xBF, 0x78, 0x9C, 0xFB, 0xF8, 0x9F, 0x95, 0x81, 0x81,
    0x21, 0xE1, 0x3F, 0x3F, 0xC3, 0xC7, 0x41, 0xCF, 0x3A, 0x7B, 0xE6, 0xCC, 0x99, 0x37, 0xFF, 0xCF,
    0xFB, 0x7C, 0xFC, 0x0F, 0x05, 0xF1, 0x08, 0x16, 0x03, 0x14, 0xFC, 0xF7, 0x87, 0xB3, 0xEC, 0xB1,
    0xB0, 0xF4, 0xB1, 0xB0, 0xE4, 0x01, 0x6F, 0x5A, 0x5B, 0x8F, 0x78, 0x9C, 0xFB, 0xF8, 0x9F, 0x95,
    0x81, 0x81, 0x61, 0xC3, 0x7F, 0x9E, 0x8F, 0x64, 0x31, 0x3E, 0xFC, 0x67, 0x87, 0x30, 0x0E, 0xFC,
    0xE7, 0x86, 0x30, 0x1A, 0xFE, 0xDB, 0x43, 0x18, 0x02, 0xFF, 0xFF, 0x8B, 0x33, 0x38, 0x5E, 0xFF,
    0xCF, 0xC3, 0xF0, 0xF5, 0x3F, 0x18, 0xF0, 0x30, 0x38, 0xFC, 0x83, 0x32, 0x18, 0x02, 0x4E, 0x9E,
    0x99, 0x7D, 0x0C, 0xC4, 0x60, 0x80, 0x28, 0x26, 0x89, 0x01, 0x00, 0xA4, 0x33, 0x44, 0xBB, 0x78,
    0x9C, 0xFB, 0xF8, 0x9F, 0x95, 0x81, 0x21, 0xE0, 0xBF, 0x3E, 0x03, 0x03, 0xC3, 0x8F, 0xF7, 0x1F,
    0x87, 0x1D, 0xE7, 0xEC, 0x99, 0x33, 0x77, 0xFE, 0xDF, 0x3F, 0x73, 0xE6, 0xCC, 0x3F, 0x20, 0x07,
    0x01, 0x50, 0x39, 0x00, 0x2B, 0x6D, 0x80, 0x05, 0x78, 0x9C, 0xFB, 0xFA, 0x9F, 0x89, 0x81, 0xA1,
    0xE1, 0x3F, 0x1F, 0x03, 0x03, 0xC3, 0x9F, 0xFD, 0x0C, 0x0C, 0x5F, 0x47, 0x1C, 0xF7, 0xEC, 0x99,
    0x33, 0x6F, 0xFE, 0x9F, 0x3F, 0x73, 0xE6, 0xCC, 0xFF, 0xFF, 0x67, 0xD8, 0xBE, 0xFE, 0x47, 0x06,
    0xEC, 0xA8, 0x5C, 0x36, 0x06, 0x24, 0xF0, 0x00, 0x9D, 0xCB, 0x8A, 0x97, 0xCB, 0x82, 0xCA, 0x65,
    0x46, 0xE3, 0x02, 0x00, 0x85, 0x63, 0x8C, 0x97, 0x78, 0x9C, 0xFB, 0xFE, 0x1F, 0x08, 0x18, 0x20,
    0xE0, 0x3B, 0x12, 0xFB, 0xEA, 0xDD, 0xBB, 0xFF, 0x60, 0x6C, 0xB0, 0x14, 0xA9, 0x6C, 0x20, 0xD8,
    0xC7, 0x86, 0x60, 0xFF, 0x7F, 0xCF, 0x02, 0x61, 0x9F, 0x39, 0x73, 0xE7, 0xFF, 0x7F, 0x7F, 0xB8,
    0xFA, 0x82, 0xFF, 0xF7, 0x11, 0x7A, 0xBF, 0xFF, 0x67, 0x81, 0xB3, 0x3F, 0xFE, 0x67, 0x87, 0xB3,
    0x1F, 0xFC, 0xE7, 0x80, 0xB3, 0x3F, 0x20, 0x89, 0x7F, 0xFB, 0xCF, 0x8C, 0x30, 0xE7, 0x3C, 0x92,
    0xF9, 0xF6, 0x08, 0x7B, 0xEF, 0x33, 0xA3, 0xB8, 0x07, 0x00, 0xA6, 0xC1, 0x58, 0xDC, 0x78, 0x9C,
    0xFB, 0xF8, 0x9F, 0x95, 0x01, 0x02, 0xBE, 0xFE, 0x67, 0xFC, 0x48, 0x65, 0x0E, 0x10, 0x9C, 0xD3,
    0x40, 0xE2, 0xFC, 0xFF, 0xCF, 0x01, 0xE5, 0x9C, 0x3D, 0x73, 0xE6, 0xDF, 0xFF, 0xF9, 0x08, 0x3D,
    0x06, 0x7F, 0xFF, 0xB3, 0x20, 0x0C, 0xF8, 0xF8, 0x9F, 0x0B, 0xC1, 0x59, 0xF0, 0x9F, 0x17, 0xC1,
    0x69, 0xF8, 0xCF, 0x87, 0xE0, 0x4C, 0x40, 0x96, 0x79, 0xF8, 0x9F, 0x13, 0xD9, 0x34, 0x66, 0x98,
    0x3D, 0x77, 0xFE, 0xFF, 0xEF, 0x47, 0x76, 0x01, 0x3B, 0xA6, 0xDB, 0x00, 0xD7, 0xE5, 0x77, 0x30,
    0x78, 0x9C, 0xFB, 0xF8, 0x9F, 0x95, 0x01, 0x0C, 0x3E, 0x92, 0xC9, 0x00, 0x82, 0x73, 0x1A, 0x50,
    0xC6, 0xFF, 0xFF, 0x1C, 0x40, 0xC6, 0xD9, 0x33, 0x67, 0xFE, 0xFD, 0x9F, 0x0F, 0x51, 0x63, 0xF0,
    0xF7, 0x3F, 0x0B, 0x44, 0xF1, 0xC7, 0xFF, 0x5C, 0x10, 0xC6, 0x82, 0xFF, 0xBC, 0x10, 0x46, 0xC3,
    0x7F, 0x3E, 0x08, 0x63, 0x02, 0x4C, 0xE4, 0xE1, 0x7F, 0x4E, 0x98, 0x2E, 0x66, 0x90, 0x39, 0x77,
    0xFE, 0xFF, 0xEF, 0x87, 0x99, 0xCC, 0x8E, 0xB0, 0x0B, 0x00, 0xAC, 0x99, 0x50, 0x0C, 0x78, 0x9C,
    0x35, 0x8E, 0xC1, 0x09, 0xC2, 0x50, 0x0C, 0x86, 0x7F, 0xDA, 0xE2, 0xA1, 0x1E, 0xBA, 0x81, 0x3C,
    0x5C, 0xA4, 0xDD, 0xC0, 0xB7, 0x81, 0x6E, 0xA0, 0x83, 0x08, 0xBA, 0x41, 0xC5, 0x11, 0x9C, 0xC0,
    0x0D, 0xF4, 0xE6, 0xC1, 0x16, 0x07, 0x10, 0xA9, 0xEF, 0x22, 0x8A, 0xE0, 0x67, 0x5E, 0xC5, 0x1C,
    0x92, 0x2F, 0x21, 0x21, 0x9F, 0xE4, 0xCF, 0xDD, 0x32, 0x91, 0x54, 0x7D, 0x80, 0x95, 0xC1, 0x03,
    0x6E, 0x30, 0x54, 0xC5, 0x21, 0xD3, 0xD6, 0x46, 0x7B, 0x6B, 0xA4, 0x27, 0x49, 0x20, 0x35, 0x38,
    0x92, 0xBB, 0xB1, 0x55, 0xCD, 0x28, 0xD4, 0x87, 0xA3, 0xB4, 0xFC, 0xB2, 0x7B, 0x26, 0x7F, 0x98,
    0x1B, 0x9C, 0xDA, 0xB6, 0xED, 0xA1, 0xDF, 0x99, 0xFE, 0xC0, 0x53, 0x06, 0xE2, 0xC3, 0x35, 0xC5,
    0x9D, 0x81, 0x41, 0x20, 0xDF, 0x30, 0x32, 0x78, 0x93, 0x3A, 0x2E, 0x99, 0x76, 0xD4, 0x51, 0xA3,
    0x6B, 0xA2, 0x86, 0x7C, 0x14, 0xAB, 0xE3, 0xE9, 0xE2, 0x4A, 0x54, 0xFD, 0x02, 0xA4, 0x28, 0x4B,
    0xF2, 0x78, 0x9C, 0x4D, 0xD0, 0xCB, 0x0D, 0xC2, 0x30, 0x0C, 0x06, 0x60, 0x07, 0x29, 0x12, 0x45,
    0x80, 0xBA, 0x01, 0x6C, 0x50, 0x46, 0x60, 0x03, 0xD8, 0x80, 0x0D, 0xE8, 0x00, 0x1C, 0xCA, 0x06,
    0x20, 0xC1, 0xBD, 0x6C, 0x40, 0xD9, 0x80, 0x19, 0x10, 0x1C, 0x81, 0x09, 0x50, 0x95, 0x5E, 0xB8,
    0x34, 0xFA, 0xB1, 0x63, 0x0A, 0xF5, 0x21, 0xD6, 0x27, 0x25, 0x7E, 0xC4, 0xC1, 0x12, 0xC7, 0xDE,
    0x97, 0x2B, 0x4E, 0x2E, 0xE8, 0x02, 0x8E, 0xE5, 0x57, 0x53, 0xA0, 0xF4, 0x40, 0x57, 0x55, 0x21,
    0x37, 0x74, 0x43, 0xAA, 0xAA, 0xE5, 0x88, 0x3D, 0x8C, 0x68, 0x82, 0xA3, 0x54, 0xAA, 0x10, 0x89,
    0xD6, 0x48, 0x44, 0x07, 0x0C, 0x45, 0x05, 0x06, 0xA2, 0x39, 0x12, 0x27, 0xB5, 0xD1, 0x13, 0x8D,
    0x31, 0x53, 0x45, 0xA2, 0x18, 0xA9, 0xC3, 0xE3, 0xEE, 0x1B, 0x2D, 0xF4, 0xDD, 0xFF, 0xA6, 0xA5,
    0x2D, 0xFA, 0xBF, 0x2A, 0x96, 0xD3, 0xA8, 0xD5, 0x81, 0x90, 0xB7, 0xBA, 0xD3, 0x3B, 0x2C, 0x52,
    0xA3, 0x13, 0x74, 0xC6, 0xC6, 0xD0, 0x15, 0x99, 0x4E, 0xCD, 0x03, 0x3F, 0x5F, 0x32, 0x83, 0x6E,
    0x7B, 0x92, 0x11, 0xB2, 0x66, 0x77, 0xDA, 0xF1, 0x4F, 0x18, 0xA2, 0x0F, 0x5F, 0x36, 0x7C, 0x83,
    0x78, 0x9C, 0x35, 0xCD, 0xBB, 0x0D, 0x80, 0x30, 0x0C, 0x04, 0xD0, 0x4B, 0x41, 0x41, 0x01, 0x62,
    0x0F, 0x1A, 0x36, 0x80, 0x01, 0x28, 0xD8, 0x84, 0x11, 0x60, 0x24, 0x46, 0xA0, 0x45, 0x42, 0xC0,
    0x02, 0x11, 0x33, 0x50, 0x20, 0x3E, 0x12, 0x39, 0xA2, 0x38, 0xB9, 0xC2, 0x7A, 0x85, 0x7D, 0x06,
    0x8A, 0xC9, 0xD0, 0x06, 0xD9, 0x4B, 0x17, 0x6C, 0xE4, 0x32, 0xCF, 0x86, 0xB8, 0x99, 0x03, 0x76,
    0xE2, 0x5B, 0x21, 0x60, 0x1B, 0xD0, 0x79, 0x7C, 0xBB, 0xC7, 0xC5, 0x5A, 0x39, 0x0C, 0xF4, 0x3D,
    0x78, 0x02, 0x1A, 0xEE, 0x5A, 0xDB, 0x42, 0x8C, 0x4C, 0xDD, 0x0E, 0x4E, 0x46, 0x02, 0xB3, 0xCA,
    0x79, 0xCF, 0x52, 0x70, 0x30, 0x16, 0xBC, 0x54, 0x0E, 0x55, 0xF8, 0xB5, 0x31, 0x11, 0xFC, 0x5D,
    0x13, 0x5E, 0x03, 0x78, 0x9C, 0x85, 0x8E, 0xCB, 0x09, 0xC2, 0x40, 0x14, 0x45, 0xAF, 0xF8, 0x09,
    0x28, 0x42, 0x3A, 0x70, 0x2B, 0x2E, 0x24, 0x05, 0x08, 0xE9, 0xC0, 0x02, 0x5C, 0xA5, 0x02, 0x5B,
    0xB0, 0x85, 0x74, 0x60, 0x05, 0xE2, 0x42, 0x70, 0x9B, 0x54, 0xA0, 0x58, 0x40, 0x1C, 0x17, 0xE2,
    0x5A, 0x99, 0xA0, 0x0B, 0x33, 0x73, 0x9D, 0x99, 0x97, 0xBD, 0x67, 0xF3, 0x0E, 0xF7, 0xF1, 0x3E,
    0x40, 0xC3, 0x1E, 0x02, 0x25, 0xE7, 0x22, 0xB1, 0x51, 0x22, 0xB8, 0x70, 0xD8, 0x46, 0xD5, 0x0C,
    0xFF, 0x38, 0xDA, 0xD3, 0xD4, 0xD7, 0x3B, 0x1D, 0x11, 0x90, 0x91, 0x57, 0xCB, 0x2D, 0xA0, 0xB9,
    0x40, 0xD2, 0xB0, 0x0F, 0x53, 0x84, 0x33, 0xE3, 0x8C, 0x13, 0x27, 0x09, 0xD3, 0x52, 0xF6, 0xDB,
    0xCD, 0xD3, 0x75, 0x1D, 0xDF, 0xBD, 0xA6, 0x50, 0xD4, 0xAD, 0x9C, 0x6B, 0x56, 0x81, 0x9D, 0x66,
    0x57, 0x0E, 0xBD, 0x38, 0x10, 0xB9, 0x71, 0x24, 0x92, 0x33, 0x0D, 0x5F, 0x22, 0xA6, 0xEA, 0x38,
    0x79, 0x47, 0xF8, 0x70, 0x0D, 0x1C, 0x5C, 0x9E, 0x93, 0xCA, 0xD0, 0x8F, 0x3C, 0xFC, 0xBE, 0xA5,
    0xBC, 0xAA, 0x56, 0xC0, 0x0F, 0x19, 0x37, 0x5E, 0x9D, 0x78, 0x9C, 0x63, 0x60, 0x78, 0xC5, 0xC5,
    0xC0, 0x70, 0x0B, 0x88, 0x13, 0xFE, 0xD7, 0x83, 0x31, 0x82, 0xC1, 0xF0, 0x5B, 0x06, 0x82, 0xF1,
    0x82, 0x6D, 0xFF, 0xCE, 0x69, 0x80, 0xE8, 0x27, 0xFF, 0x81, 0x80, 0x1D, 0xA4, 0xFD, 0xFF, 0xBD,
    0x7F, 0xFF, 0xE7, 0x33, 0x30, 0x7C, 0xFE, 0x6F, 0xC3, 0x60, 0xF0, 0xE7, 0x3F, 0x2B, 0xC3, 0xDF,
    0xFD, 0x40, 0xE9, 0x03, 0xFF, 0x79, 0x13, 0xFE, 0xCB, 0x03, 0x19, 0x06, 0xFF, 0xED, 0x0F, 0xFC,
    0xE7, 0x02, 0xE9, 0xF8, 0x57, 0xFF, 0x01, 0x28, 0x0B, 0xB2, 0x67, 0xFD, 0xE7, 0xFF, 0x10, 0xB0,
    0xFF, 0x0B, 0x94, 0x71, 0xFE, 0xCB, 0xFF, 0xBB, 0x60, 0xB0, 0xF6, 0xF3, 0x7F, 0x66, 0x88, 0x45,
    0x1F, 0xFF, 0xB3, 0x41, 0x18, 0x0F, 0xFE, 0x73, 0x43, 0x18, 0x13, 0xFE, 0xDB, 0x83, 0x28, 0x01,
    0x06, 0x81, 0xFF, 0xF7, 0x19, 0x81, 0x8C, 0x6F, 0xEC, 0x0C, 0xDF, 0xFF, 0xE7, 0x31, 0x30, 0x6C,
    0x06, 0x8A, 0x4F, 0xF8, 0xFF, 0xFF, 0xFE, 0xDF, 0xFF, 0x20, 0x2D, 0xCF, 0x40, 0xE6, 0xF9, 0x41,
    0x9C, 0x7A, 0x3F, 0x8A, 0x81, 0x01, 0x00, 0x36, 0xC7, 0x61, 0x52, 0x78, 0x9C, 0x63, 0x48, 0xF8,
    0xCF, 0xCF, 0x00, 0x01, 0x58, 0x58, 0xDF, 0xFF, 0x83, 0x00, 0x2B, 0x0A, 0xEB, 0xDA, 0xDB, 0xFF,
    0xF7, 0xEF, 0xDE, 0x65, 0xC1, 0xA1, 0x03, 0x95, 0x65, 0x70, 0xF3, 0xFF, 0x5C, 0x66, 0x30, 0xEB,
    0x27, 0x50, 0x77, 0x3D, 0x88, 0xB5, 0x1F, 0x6C, 0x10, 0x0B, 0x90, 0xF5, 0xBF, 0x9F, 0x49, 0xE0,
    0xE7, 0x7F, 0x1E, 0x10, 0x0B, 0x68, 0xDA, 0x82, 0xFF, 0xF2, 0x40, 0x56, 0x3E, 0x50, 0x9F, 0xC1,
    0x7F, 0x7F, 0xA8, 0x29, 0x02, 0xFF, 0xE3, 0x61, 0xE6, 0x01, 0x65, 0x06, 0x8A, 0x05, 0x05, 0x58,
    0x58, 0x0A, 0x40, 0xF7, 0xC1, 0xFC, 0x6A, 0x0F, 0x65, 0x3D, 0xFA, 0xCF, 0x07, 0xA6, 0x0B, 0xEE,
    0xFD, 0xFF, 0xCF, 0x0E, 0x66, 0x4D, 0xF8, 0xFF, 0x7F, 0x3D, 0x44, 0xAE, 0xE1, 0xDF, 0x3E, 0x56,
    0x06, 0x00, 0xC6, 0xA8, 0x70, 0x27, 0x78, 0x9C, 0x63, 0x60, 0x60, 0xD8, 0xF0, 0x3F, 0x9E, 0x01,
    0x08, 0x7E, 0xFC, 0x67, 0x05, 0x92, 0x01, 0x10, 0xCE, 0x27, 0x30, 0x87, 0xE1, 0x78, 0x1C, 0x03,
    0x0E, 0xF0, 0xE9, 0x3F, 0x08, 0xCC, 0x87, 0x53, 0xF7, 0xEE, 0xDE, 0xBD, 0x5B, 0x0B, 0xD5, 0x45,
    0x6F, 0x0A, 0x00, 0x07, 0xB8, 0x3D, 0x25, 0x78, 0x9C, 0x63, 0x60, 0x10, 0xD8, 0xFE, 0xEF, 0xBE,
    0x17, 0x03, 0x10, 0x7C, 0xFB, 0x0F, 0x04, 0x3A, 0x0C, 0x0C, 0x0D, 0xFF, 0xFF, 0xDF, 0xFF, 0xF7,
    0xFF, 0x3F, 0x33, 0xC3, 0xD7, 0xFF, 0x3E, 0x0C, 0x02, 0xDF, 0xFF, 0xF3, 0x31, 0xFC, 0xDB, 0x0F,
    0x94, 0x76, 0xF8, 0x9F, 0x9F, 0xF0, 0x5F, 0x1E, 0xA4, 0xF0, 0xD7, 0xFA, 0x0D, 0xFF, 0xB9, 0x40,
    0x8C, 0xE2, 0xF0, 0x07, 0xFF, 0xD9, 0x19, 0xC0, 0xE0, 0x03, 0x48, 0xF3, 0x7B, 0x20, 0xE3, 0x23,
    0x82, 0x71, 0xEF, 0xEE, 0xDD, 0xBD, 0x60, 0x29, 0xA8, 0x9A, 0x07, 0xFF, 0x39, 0x21, 0x8C, 0x05,
    0xFF, 0x79, 0x21, 0xDA, 0x03, 0xFE, 0xFB, 0x43, 0x0C, 0x64, 0xF8, 0xF7, 0x9E, 0x11, 0x64, 0x45,
    0x3C, 0xD0, 0xD2, 0x38, 0x90, 0xA5, 0x3C, 0x60, 0x67, 0xFC, 0xFD, 0x7F, 0x1F, 0x28, 0xFC, 0x0C,
    0x64, 0xA4, 0x24, 0x50, 0x1D, 0xD0, 0xA9, 0xF7, 0x34, 0x18, 0x18, 0x00, 0x20, 0xAB, 0x4E, 0x3E,
    0x78, 0x9C, 0x25, 0xCE, 0x3D, 0x0E, 0x01, 0x01, 0x10, 0xC5, 0xF1, 0x97, 0xFD, 0xF2, 0x51, 0xC8,
    0x76, 0x0A, 0x91, 0x38, 0x01, 0x6E, 0x60, 0x0B, 0x9D, 0x66, 0x8F, 0xB0, 0x9C, 0x84, 0x4E, 0x27,
    0x7A, 0x57, 0x90, 0x38, 0x81, 0x2B, 0xD0, 0x8B, 0x2C, 0x2D, 0x11, 0xD9, 0x82, 0xC8, 0x06, 0x7F,
    0xB3, 0x6B, 0xAA, 0x5F, 0xF2, 0x26, 0xF3, 0x46, 0x4A, 0xAE, 0xAC, 0x7D, 0x49, 0xD1, 0x17, 0x48,
    0x1D, 0xE9, 0x01, 0x37, 0xE8, 0x2A, 0x24, 0xF5, 0xB5, 0x24, 0x55, 0x42, 0xCF, 0xF2, 0x17, 0xEE,
    0x94, 0x86, 0x21, 0xA3, 0x92, 0x30, 0x30, 0xF4, 0x87, 0x4E, 0x87, 0x7B, 0x53, 0xE5, 0x3C, 0x61,
    0xE5, 0x15, 0x88, 0x3E, 0x76, 0x67, 0x54, 0x28, 0xBE, 0x98, 0x5A, 0x65, 0x3A, 0xC9, 0xD9, 0xFD,
    0xF7, 0xC2, 0x9C, 0x60, 0x36, 0xB7, 0x1A, 0x9D, 0xA8, 0x65, 0x04, 0x86, 0x0D, 0xF5, 0x3D, 0x6D,
    0xC3, 0x99, 0x6A, 0x4C, 0xEA, 0x29, 0x7A, 0xE3, 0x5A, 0x1F, 0x47, 0x58, 0x48, 0x49, 0xF1, 0x18,
    0x15, 0xCB, 0xC7, 0x07, 0xB6, 0x56, 0xF7, 0x03, 0xFA, 0x5C, 0x4D, 0x27, 0x78, 0x9C, 0x9B, 0xB0,
    0x8F, 0xF1, 0xCB, 0x7F, 0x4E, 0x20, 0x5A, 0x70, 0x9E, 0x89, 0x01, 0x06, 0x3E, 0xFE, 0x67, 0x25,
    0x1B, 0x01, 0x00, 0xBA, 0x93, 0x2D, 0xDD, 0x78, 0x9C, 0x6B, 0x38, 0xCB, 0xC4, 0xD0, 0xB0, 0x97,
    0xE9, 0xD3, 0x7F, 0x2E, 0x06, 0x20, 0xFE, 0xFC, 0x9F, 0x9B, 0xE1, 0xF3, 0x7F, 0xAE, 0x09, 0xF7,
    0x99, 0x19, 0x40, 0x18, 0x3B, 0xF8, 0xF4, 0x9F, 0x75, 0x90, 0x50, 0x00, 0x0F, 0xA0, 0x34, 0x9A,
    0x78, 0x9C, 0x63, 0x60, 0xD8, 0x38, 0x8F, 0x81, 0x81, 0xE1, 0xC7, 0x7F, 0x16, 0x10, 0xC1, 0xCA,
    0xC0, 0x70, 0x68, 0x3D, 0x03, 0x06, 0xF8, 0xF2, 0x9F, 0x89, 0x8E, 0xC4, 0xD7, 0xFF, 0x8C, 0x0C,
    0x0C, 0xDF, 0xFF, 0x33, 0x30, 0x18, 0xFC, 0xBB, 0xCF, 0xF0, 0xF9, 0xFF, 0xFF, 0x7A, 0x10, 0xC1,
    0xC3, 0x70, 0xE9, 0x7F, 0x2D, 0x03, 0x03, 0x00, 0x79, 0x2C, 0x40, 0x79, 0x78, 0x9C, 0x5D, 0xCF,
    0xCB, 0x0D, 0xC2, 0x30, 0x10, 0x04, 0xD0, 0x11, 0x02, 0x07, 0x10, 0x02, 0x4A, 0xA0, 0x03, 0x72,
    0xA5, 0x3A, 0x28, 0x81, 0x12, 0x28, 0x21, 0x1D, 0x84, 0x02, 0x82, 0x92, 0x06, 0x9C, 0x70, 0xE1,
    0xCC, 0x47, 0x46, 0x1C, 0x02, 0x4C, 0xBC, 0x51, 0x3E, 0x76, 0xE6, 0xB0, 0xF2, 0x93, 0x6C, 0xEF,
    0x2E, 0x70, 0x64, 0x1D, 0x85, 0x26, 0xA7, 0x81, 0x23, 0x16, 0x5A, 0xFF, 0x7A, 0x9F, 0x39, 0x07,
    0x9E, 0xAE, 0x67, 0x9E, 0x33, 0x4E, 0x3D, 0x5F, 0x19, 0x0C, 0xAC, 0x3C, 0x3F, 0x38, 0x11, 0xDB,
    0xE4, 0x3B, 0xDF, 0x94, 0x4E, 0xF6, 0x38, 0x96, 0x92, 0x6B, 0x4D, 0xA6, 0xD6, 0x2F, 0x8E, 0x9A,
    0xF7, 0x61, 0x29, 0xF5, 0x4D, 0xB4, 0xFF, 0x65, 0x5C, 0x00, 0x9F, 0x7B, 0xE7, 0x03, 0x57, 0x40,
    0x19, 0x3B, 0x5E, 0x22, 0xE4, 0xDE, 0xBD, 0xBF, 0xBE, 0x71, 0xDB, 0x7A, 0xF3, 0xA5, 0x32, 0x94,
    0x75, 0xAC, 0x2F, 0x49, 0xF2, 0x67, 0x0C, 0x53, 0xF7, 0xEC, 0xE7, 0x31, 0x69, 0xD0, 0xB9, 0xB0,
    0xF3, 0x56, 0xE5, 0x0F, 0x7E, 0x76, 0x78, 0x9C, 0xFB, 0xF8, 0x9F, 0x95, 0x81, 0x81, 0xA1, 0xE0,
    0x3F, 0x3F, 0x03, 0x18, 0x7C, 0xA4, 0x1F, 0x17, 0x02, 0xDE, 0xBF, 0x7B, 0x77, 0x2F, 0x0B, 0xC1,
    0x05, 0x83, 0x38, 0x20, 0xF7, 0xEC, 0x99, 0x33, 0x67, 0xDE, 0x80, 0x64, 0xFF, 0xFD, 0xFF, 0xCF,
    0x86, 0xAC, 0xF7, 0xD9, 0x7F, 0x79, 0x64, 0xAE, 0xC3, 0xFF, 0x7C, 0x14, 0x93, 0xFF, 0xF5, 0xE3,
    0xE1, 0xA2, 0x29, 0x7E, 0x8A, 0x30, 0xEA, 0xFC, 0x99, 0x33, 0x7F, 0xFF, 0xFF, 0x67, 0x85, 0x71,
    0xC1, 0x20, 0x9E, 0x01, 0x89, 0xFB, 0xBE, 0x9A, 0x91, 0x01, 0x00, 0x50, 0x2E, 0x7A, 0x36, 0x78,
    0x9C, 0x63, 0x48, 0xF8, 0xCF, 0xCF, 0x00, 0x01, 0x58, 0x58, 0x1F, 0xFF, 0x83, 0x00, 0x0F, 0x0A,
    0xEB, 0xC0, 0x9B, 0xFF, 0xE7, 0xCF, 0x9C, 0xE1, 0xC4, 0xA1, 0x03, 0x95, 0x65, 0x70, 0xF3, 0xFF,
    0x5C, 0x66, 0x30, 0xEB, 0x27, 0x50, 0x77, 0x3D, 0x88, 0xB5, 0x1F, 0x6C, 0x10, 0x0B, 0x90, 0xF5,
    0xBF, 0x9F, 0x49, 0xE0, 0x27, 0xD0, 0xC8, 0x04, 0x10, 0x97, 0x61, 0xC1, 0x7F, 0x79, 0x20, 0x2B,
    0x1F, 0xA8, 0xCF, 0xE0, 0xBF, 0x3F, 0xD4, 0x14, 0x81, 0xFF, 0xF1, 0x30, 0xF3, 0x80, 0x32, 0x03,
    0xC4, 0x02, 0x00, 0xA4, 0x73, 0x5F, 0x2D, 0x78, 0x9C, 0x63, 0x60, 0x60, 0x60, 0xD8, 0xF0, 0x3F,
    0x9E, 0x01, 0x02, 0xBE, 0xFF, 0x67, 0x83, 0x30, 0x1C, 0xFE, 0xE7, 0x43, 0x85, 0x1E, 0xC1, 0x84,
    0x18, 0x8E, 0xE5, 0x31, 0x10, 0x06, 0x1F, 0xFF, 0xB3, 0x82, 0x35, 0xE9, 0x41, 0x58, 0x02, 0x7F,
    0xFF, 0x33, 0x43, 0x58, 0x60, 0x4B, 0xC0, 0xAC, 0x9F, 0xFF, 0xD9, 0x21, 0xAC, 0x82, 0xFF, 0xF3,
    0xA1, 0x3A, 0xBE, 0xFC, 0xE7, 0x86, 0xB0, 0x0C, 0xFE, 0xDF, 0x87, 0x9A, 0xF2, 0xF0, 0xBF, 0x1C,
    0x84, 0x05, 0x04, 0x4C, 0x30, 0xD6, 0x7D, 0x06, 0xB8, 0x18, 0x17, 0x54, 0xDD, 0x01, 0x88, 0x4B,
    0x81, 0x2C, 0x81, 0x7F, 0x40, 0xBB, 0x60, 0xE6, 0xC9, 0x31, 0xC0, 0xEC, 0x38, 0x0F, 0x73, 0xD5,
    0xAF, 0xFF, 0x9C, 0x50, 0xD6, 0x05, 0x90, 0x1E, 0x30, 0x4B, 0xE1, 0x3F, 0xCC, 0x7D, 0x0C, 0x5F,
    0x81, 0x7A, 0x20, 0xAC, 0x09, 0x40, 0x3D, 0x00, 0x0D, 0x5A, 0x5C, 0x6D, 0x78, 0x9C, 0x63, 0x08,
    0xF8, 0xBF, 0x9F, 0x01, 0x02, 0xBE, 0xFD, 0xE7, 0x80, 0x30, 0x12, 0xFE, 0xC7, 0x43, 0x85, 0xBE,
    0xFF, 0x67, 0x82, 0x30, 0x1A, 0xF6, 0xB1, 0x31, 0xE0, 0x05, 0x1F, 0xFF, 0xB3, 0x02, 0xC9, 0x0D,
    0xFF, 0xF9, 0x21, 0x8C, 0xAF, 0x50, 0x86, 0xC0, 0x3F, 0x28, 0x63, 0xC1, 0x7F, 0x28, 0xE3, 0x0B,
    0x8C, 0xF1, 0xF7, 0x3D, 0x84, 0xD1, 0xF0, 0xBF, 0x16, 0xC2, 0xF8, 0xF4, 0x3F, 0x05, 0xC2, 0xF8,
    0xB3, 0x3E, 0x01, 0xCC, 0x48, 0xF8, 0x2F, 0x07, 0x61, 0x80, 0xD9, 0x20, 0xC6, 0xEF, 0xFD, 0x0C,
    0x60, 0x46, 0xE8, 0x7F, 0x7D, 0x08, 0xE3, 0xD9, 0x7F, 0x76, 0x08, 0xE3, 0xDF, 0x79, 0x06, 0x08,
    0xE3, 0xBF, 0x3D, 0x8C, 0xC1, 0x01, 0x65, 0xDC, 0x67, 0x80, 0x32, 0xFC, 0x61, 0x0C, 0x2E, 0x08,
    0x03, 0x00, 0x6A, 0xC4, 0x65, 0xAC, 0x78, 0x9C, 0x7D, 0x8F, 0x3F, 0x0E, 0x01, 0x41, 0x18, 0xC5,
    0x9F, 0x0D, 0x22, 0x1B, 0xB1, 0x1A, 0x35, 0x37, 0xB0, 0x8D, 0xDA, 0x11, 0xEC, 0x0D, 0xF4, 0x2A,
    0x37, 0xE0, 0x06, 0x8E, 0xC0, 0x09, 0xEC, 0x36, 0x5A, 0x7B, 0x05, 0x8D, 0x9A, 0x4A, 0x2B, 0x6B,
    0x85, 0x48, 0xD8, 0xE7, 0xCD, 0x37, 0x6A, 0x93, 0xCC, 0xCC, 0x6F, 0xFE, 0xBC, 0xF9, 0x7E, 0x83,
    0x2E, 0xDB, 0x40, 0x15, 0x41, 0x43, 0x1F, 0xB1, 0x5B, 0xE0, 0x79, 0x1A, 0x5D, 0xD8, 0x10, 0x6C,
    0x48, 0xAE, 0xE0, 0xDA, 0xAE, 0xDA, 0xD7, 0xF1, 0xAF, 0x3D, 0x2C, 0x90, 0x70, 0x5A, 0x30, 0xB4,
    0x64, 0x94, 0xD1, 0x3D, 0x7A, 0x66, 0xA8, 0x4D, 0xC1, 0x9D, 0x75, 0x54, 0xA9, 0xE0, 0x75, 0x55,
    0xA7, 0xE0, 0xB3, 0x06, 0x4A, 0xC5, 0x62, 0x8E, 0x81, 0x83, 0x62, 0x4B, 0x76, 0xA0, 0x21, 0xD2,
    0xA2, 0x05, 0x0C, 0x14, 0xBB, 0x31, 0xD0, 0xC5, 0x77, 0x2A, 0x25, 0x5F, 0x04, 0xEF, 0x85, 0x83,
    0x82, 0x3D, 0x0E, 0x1D, 0x64, 0x9C, 0x99, 0xB2, 0x2A, 0xE7, 0x6C, 0x9A, 0x89, 0x9C, 0x6B, 0x06,
    0x2F, 0xE6, 0xDE, 0xAD, 0x34, 0x01, 0x93, 0x89, 0x3C, 0x2C, 0x4D, 0xD2, 0xF2, 0x0D, 0x0F, 0x05,
    0x7F, 0x1F, 0x79, 0xAE, 0xFD, 0xDC, 0x75, 0x56, 0x6E, 0x3E, 0xFA, 0x02, 0x73, 0xBD, 0x1B, 0xFC,
    0x60, 0x62, 0x27, 0xC9, 0x67, 0x6B, 0x1B, 0xF8, 0x02, 0x3A, 0x31, 0x5E, 0xF6, 0x78, 0x9C, 0xFB,
    0xF8, 0x9F, 0x95, 0x81, 0x81, 0x21, 0xE1, 0x3F, 0xFF, 0xC7, 0x41, 0xC7, 0x38, 0x7B, 0xE6, 0xCC,
    0x99, 0x37, 0x20, 0x06, 0x04, 0x20, 0x18, 0x40, 0x05, 0x1B, 0xFE, 0x73, 0x33, 0x80, 0x01, 0x19,
    0x0C, 0x00, 0x3B, 0x34, 0x5C, 0xB7, 0x78, 0x9C, 0xFB, 0xFA, 0xFF, 0xFF, 0xFF, 0xFD, 0x5F, 0x41,
    0xC4, 0xE1, 0x33, 0x67, 0xCE, 0xCC, 0x01, 0x00, 0x6F, 0x03, 0x0D, 0x26, 0x78, 0x9C, 0xFB, 0xFA,
    0xFF, 0xFF, 0xFF, 0xFD, 0x5F, 0x41, 0xC4, 0xE1, 0x33, 0x67, 0xCE, 0xCC, 0x01, 0x00, 0x6F, 0x03,
    0x0D, 0x26, 0x78, 0x9C, 0xFB, 0xFF, 0x1F, 0x0A, 0x38, 0xFF, 0xC3, 0x59, 0x67, 0x60, 0x80, 0x1D,
    0x00, 0xA4, 0xE2, 0x19, 0x34, 0x78, 0x9C, 0xFB, 0xFA, 0x1F, 0x01, 0xEA, 0xBF, 0x22, 0x73, 0x0E,
    0x9F, 0x41, 0x80, 0x18, 0x00, 0xDF, 0x29, 0x22, 0xB6, 0x78, 0x9C, 0xFB, 0xFA, 0x1F, 0x01, 0xEA,
    0xBF, 0x22, 0x73, 0x0E, 0x9F, 0x41, 0x80, 0x18, 0x00, 0xDF, 0x29, 0x22, 0xB6, 0x78, 0x9C, 0x3B,
    0x79, 0x06, 0x02, 0x74, 0xFE, 0xFC, 0x87, 0x00, 0x7B, 0x38, 0x83, 0x01, 0x03, 0x60, 0xAA, 0x39,
    0x09, 0xD3, 0x0E, 0x00, 0x9C, 0x13, 0x2D, 0xE3, 0x78, 0x9C, 0x63, 0x28, 0x90, 0x62, 0xF8, 0x7A,
    0x5E, 0xE0, 0x9F, 0x7F, 0xC1, 0x7F, 0x9E, 0x0B, 0xFF, 0xD9, 0x3F, 0xFE, 0x67, 0xF9, 0xF4, 0x9F,
    0xF9, 0x33, 0x18, 0x01, 0x00, 0xBB, 0x6E, 0x0E, 0xCF, 0x78, 0x9C, 0x63, 0xF8, 0xFA, 0x9F, 0x91,
    0x01, 0x82, 0x19, 0x18, 0xBE, 0xBD, 0x67, 0x60, 0xF8, 0xB9, 0x9F, 0x81, 0xE1, 0x5F, 0x3C, 0x43,
    0xC2, 0x7F, 0x5E, 0x86, 0x07, 0xFF, 0x99, 0x19, 0x14, 0xA2, 0x19, 0x18, 0x00, 0x31, 0x4C, 0x0E,
    0xA2, 0x78, 0x9C, 0x63, 0x08, 0x76, 0x65, 0xF8, 0x79, 0x1F, 0x84, 0x7E, 0xED, 0x67, 0xF8, 0xDB,
    0xAF, 0xF0, 0x5F, 0x7F, 0xC2, 0x7F, 0xAE, 0x8F, 0xEF, 0x19, 0x1D, 0x6C, 0x18, 0x00, 0xB5, 0x99,
    0x0C, 0xD2, 0x78, 0x9C, 0xFB, 0x71, 0x9F, 0xE1, 0x07, 0x18, 0x7D, 0xFB, 0xCF, 0xF0, 0xF9, 0x3F,
    0xD3, 0x85, 0xFF, 0xEC, 0x01, 0xFF, 0xF9, 0x18, 0x7E, 0xE7, 0x33, 0x6C, 0x60, 0x07, 0x00, 0xE8,
    0xA9, 0x0E, 0xC3, 0x78, 0x9C, 0x63, 0x08, 0xD0, 0x66, 0x28, 0x90, 0x62, 0xF8, 0xFC, 0x9E, 0xE1,
    0xEB, 0x79, 0x86, 0xBF, 0xF9, 0x02, 0xFF, 0xFC, 0x03, 0xFE, 0xF3, 0x15, 0xFC, 0xE7, 0x59, 0xF0,
    0x9F, 0xEB, 0xC2, 0x7F, 0xF6, 0x07, 0xFF, 0xD9, 0x3F, 0xFE, 0x67, 0xF9, 0xF0, 0x9F, 0xF5, 0xD3,
    0x7F, 0xE6, 0x8F, 0xFF, 0x59, 0x3F, 0xC3, 0x48, 0x00, 0xD0, 0xD3, 0x1D, 0x62, 0x78, 0x9C, 0x13,
    0xF8, 0xEF, 0x9F, 0xF0, 0x9F, 0x5F, 0x00, 0x89, 0x34, 0xF8, 0xAF, 0x5F, 0xF0, 0x9F, 0x37, 0xE1,
    0x3F, 0xDF, 0x86, 0xFF, 0x5C, 0x1B, 0xFE, 0x73, 0x7E, 0xF8, 0xCF, 0xF2, 0xE9, 0x3F, 0xE3, 0xF7,
    0xF3, 0x0C, 0xBF, 0xEA, 0x19, 0xFE, 0xE9, 0x33, 0x4C, 0xE0, 0x60, 0x38, 0xC4, 0xC2, 0x00, 0x00,
    0xE2, 0x2F, 0x19, 0xCC, 0x78, 0x9C, 0x63, 0x98, 0x5A, 0xC9, 0x30, 0xD3, 0x92, 0xE1, 0xE7, 0x7D,
    0x81, 0xFF, 0xF1, 0x28, 0xE4, 0xAF, 0xFD, 0x0A, 0xFF, 0xFD, 0x19, 0x7E, 0xCF, 0x37, 0xF8, 0xAF,
    0xCF, 0xF0, 0x3F, 0xBE, 0xE0, 0x3F, 0xAF, 0xC3, 0x7F, 0xFE, 0x03, 0xFF, 0x39, 0x36, 0xFC, 0x67,
    0xFF, 0xFC, 0x9E, 0xF1, 0xD3, 0x7D, 0x86, 0x5F, 0xF9, 0x0C, 0x06, 0x3A, 0x0C, 0x13, 0x38, 0x18,
    0x00, 0x3D, 0x3E, 0x1F, 0x88, 0x78, 0x9C, 0x63, 0x60, 0x60, 0x70, 0xF8, 0xAF, 0xCF, 0x00, 0x01,
    0x64, 0xB3, 0x7E, 0xFF, 0x87, 0x02, 0x2E, 0x04, 0xEB, 0xE6, 0xDD, 0xBB, 0x6F, 0xFF, 0xDF, 0xBF,
    0x7B, 0xF7, 0x2E, 0x27, 0x25, 0x26, 0xD3, 0x97, 0x05, 0x00, 0x50, 0x41, 0x3C, 0x49, 0x78, 0x9C,
    0x63, 0x60, 0x60, 0x60, 0xF8, 0x5F, 0xCF, 0x00, 0x05, 0xE4, 0xB2, 0xBE, 0xFD, 0x87, 0x02, 0x7E,
    0x04, 0xEB, 0xEA, 0xDD, 0xBB, 0x77, 0xFF, 0xBF, 0x07, 0x12, 0xBC, 0x94, 0x98, 0x4C, 0x6D, 0xD6,
    0x91, 0x33, 0x67, 0xCE, 0xFC, 0x7F, 0x0F, 0x24, 0x78, 0xB0, 0xB9, 0x99, 0xDA, 0xB6, 0x01, 0x00,
    0x0E, 0x87, 0x5E, 0xBF, 0x78, 0x9C, 0x63, 0x78, 0x79, 0x9F, 0x8D, 0x61, 0xC3, 0xFF, 0xFF, 0xF5,
    0x0C, 0x5F, 0xFE, 0xFF, 0x7F, 0xCF, 0xF0, 0xED, 0xFF, 0xFF, 0xFF, 0x8C, 0x60, 0x02, 0xC8, 0xFD,
    0xCF, 0x70, 0xE1, 0xFF, 0xFF, 0x7E, 0x06, 0x81, 0x5F, 0xEF, 0x39, 0x18, 0x18, 0x18, 0x18, 0x19,
    0x18, 0x00, 0xA0, 0x7F, 0x1A, 0x15, 0x78, 0x9C, 0x63, 0x60, 0x00, 0x83, 0x09, 0xFF, 0x59, 0x19,
    0x0A, 0xFE, 0xB3, 0x7F, 0xFA, 0xCF, 0xC7, 0xF0, 0xE1, 0x3F, 0x3F, 0x94, 0x6A, 0x78, 0xCF, 0xCA,
    0x90, 0xF0, 0x8E, 0x0D, 0x00, 0xD0, 0xB9, 0x0D, 0xCD, 0x78, 0x9C, 0x63, 0x60, 0x80, 0x83, 0x09,
    0xFF, 0x59, 0x19, 0x0A, 0xFE, 0xB3, 0x33, 0x6C, 0x78, 0xCF, 0xFC, 0xE9, 0x3F, 0x1F, 0xC3, 0x87,
    0xFF, 0xFC, 0x0C, 0x5F, 0xFF, 0x73, 0x23, 0x31, 0x1B, 0xDE, 0xB3, 0x32, 0x24, 0xBC, 0x63, 0x63,
    0x58, 0x70, 0x9F, 0x19, 0x00, 0xE5, 0x83, 0x14, 0xEF, 0x78, 0x9C, 0xDB, 0x70, 0x9E, 0xF1, 0xDB,
    0x7F, 0x76, 0x20, 0x5A, 0xB0, 0x8E, 0x01, 0x00, 0x30, 0x21, 0x06, 0xC7, 0x78, 0x9C, 0x6D, 0xCF,
    0xB1, 0x09, 0x02, 0x41, 0x10, 0x05, 0xD0, 0x7F, 0x9C, 0x9A, 0xA8, 0xB0, 0x25, 0xD8, 0x8A, 0xB0,
    0x0D, 0x18, 0x6C, 0x66, 0x66, 0x2C, 0x58, 0x90, 0xA0, 0x0D, 0x88, 0xA1, 0x66, 0x57, 0xC2, 0x61,
    0x07, 0x82, 0x05, 0x2C, 0x9C, 0x88, 0x9C, 0x9E, 0xF3, 0x5D, 0xD7, 0x19, 0x30, 0x70, 0xA2, 0x97,
    0xFC, 0x99, 0xF9, 0x00, 0xE0, 0x0E, 0x12, 0xD7, 0x65, 0x02, 0x5A, 0xA6, 0x19, 0x24, 0x9C, 0x3E,
    0x60, 0x2F, 0xA9, 0xE3, 0xB2, 0xC0, 0xA2, 0x00, 0x56, 0xAC, 0xF0, 0x9D, 0x33, 0xC7, 0xAA, 0x1B,
    0xFB, 0xAA, 0x96, 0x0A, 0x74, 0xB5, 0x49, 0x34, 0x70, 0xCD, 0xCB, 0x38, 0xFA, 0xD5, 0x2C, 0xB0,
    0x0A, 0x21, 0xE4, 0xAB, 0xDC, 0x5B, 0xC2, 0xF4, 0x2F, 0x31, 0xF5, 0x52, 0x7B, 0xEF, 0x73, 0xE2,
    0x65, 0xAF, 0xE0, 0x19, 0x4D, 0x77, 0x96, 0xAA, 0x86, 0x43, 0xD5, 0x96, 0x1B, 0x95, 0x13, 0xCE,
    0xD3, 0xD5, 0xD4, 0x03, 0x17, 0x32, 0x4A, 0xEE, 0xE6, 0x1E, 0xD6, 0x17, 0x93, 0xA3, 0xC4, 0x5D,
    0xF9, 0x06, 0x52, 0x79, 0x5D, 0x2C, 0x78, 0x9C, 0x5D, 0xCF, 0x31, 0x4E, 0x02, 0x41, 0x14, 0xC6,
    0xF1, 0x0F, 0xD4, 0xD5, 0x10, 0x34, 0x7B, 0x03, 0xB9, 0x01, 0xD4, 0x56, 0x7B, 0x03, 0x2C, 0xED,
    0xF0, 0x04, 0xEA, 0x0D, 0x96, 0xCE, 0x9E, 0x0B, 0x40, 0x6D, 0x48, 0xD8, 0xC6, 0xD6, 0xF5, 0x06,
    0xEB, 0x0D, 0xF0, 0x06, 0x04, 0x50, 0x89, 0x80, 0xFB, 0xF7, 0xCD, 0xAC, 0x98, 0xEC, 0xBC, 0x66,
    0x26, 0xBF, 0x79, 0x79, 0xEF, 0x1B, 0x68, 0xC8, 0x6A, 0xC5, 0x91, 0xF4, 0x5C, 0xBE, 0x44, 0x82,
    0xB3, 0x03, 0x64, 0x40, 0xD1, 0x80, 0xCB, 0x03, 0x6C, 0x99, 0xEE, 0x69, 0xC3, 0xF8, 0x0F, 0x7A,
    0x0C, 0x94, 0x30, 0xB0, 0xB6, 0x66, 0x05, 0x43, 0x5A, 0xD2, 0x66, 0x66, 0xD0, 0xAA, 0x20, 0xE3,
    0x44, 0x5A, 0xCF, 0xC9, 0xE9, 0x56, 0xF0, 0xEA, 0x16, 0x2D, 0x17, 0xA4, 0xFB, 0x3C, 0x80, 0xB5,
    0xBB, 0x78, 0x38, 0xB6, 0xD3, 0x20, 0xA3, 0xED, 0x61, 0x42, 0x24, 0x7D, 0x14, 0xA4, 0x3D, 0xFA,
    0x1E, 0x6E, 0xDD, 0xC3, 0x6E, 0x4C, 0xAA, 0x6D, 0xE1, 0x21, 0x26, 0x6F, 0x8E, 0xE8, 0x1A, 0xAC,
    0x6C, 0x9F, 0x4B, 0xFA, 0x69, 0x11, 0x38, 0x35, 0x98, 0x70, 0xEE, 0x21, 0x29, 0xE1, 0x4E, 0x06,
    0x1D, 0xEE, 0xAB, 0xDF, 0x26, 0x8F, 0x37, 0x72, 0xA0, 0xEF, 0x79, 0x05, 0xBE, 0x1C, 0x2C, 0x89,
    0xEA, 0x30, 0xE4, 0xC2, 0xA0, 0xE3, 0x66, 0xD2, 0x77, 0x10, 0x93, 0xD6, 0x41, 0x9B, 0x85, 0xE5,
    0x8F, 0x9F, 0x5C, 0x5D, 0x79, 0x78, 0x67, 0x57, 0x9B, 0xA1, 0x07, 0xEB, 0xAD, 0x81, 0xCA, 0x10,
    0xBE, 0x42, 0x78, 0x0B, 0xE1, 0x3A, 0x04, 0xFD, 0xFC, 0xC3, 0x2F, 0x6C, 0x8D, 0xC4, 0x46,
};
const GFXglyph ReaderRoboto18Glyphs[] = {
    { 0, 0, 9, 0, 0, 8, 0 }, //
    { 6, 27, 10, 2, 27, 50, 8 }, // !
    { 9, 9, 12, 2, 29, 43, 58 }, // "
    { 21, 27, 23, 2, 27, 164, 101 }, // #
    { 18, 36, 21, 2, 32, 201, 265 }, // $
    { 26, 27, 28, 1, 27, 212, 466 }, // %
    { 23, 27, 24, 1, 27, 225, 678 }, // &
    { 4, 9, 7, 1, 29, 26, 903 }, // '
    { 11, 39, 13, 2, 30, 143, 929 }, // (
    { 11, 39, 13, 0, 30, 129, 1072 }, // )
    { 16, 16, 16, 0, 27, 104, 1201 }, // *
    { 19, 20, 22, 1, 22, 44, 1305 }, // +
    { 6, 10, 7, 0, 5, 33, 1349 }, // ,
    { 10, 3, 10, 0, 13, 22, 1382 }, // -
    { 5, 5, 10, 2, 5, 22, 1404 }, // .
    { 15, 29, 16, 0, 27, 128, 1426 }, // /
    { 18, 27, 21, 2, 27, 153, 1554 }, // 0
    { 11, 27, 21, 3, 27, 52, 1707 }, // 1
    { 19, 27, 21, 1, 27, 170, 1759 }, // 2
    { 18, 27, 21, 1, 27, 177, 1929 }, // 3
    { 21, 27, 21, 0, 27, 119, 2106 }, // 4
    { 18, 27, 21, 2, 27, 163, 2225 }, // 5
    { 18, 27, 21, 2, 27, 175, 2388 }, // 6
    { 19, 27, 21, 1, 27, 115, 2563 }, // 7
    { 18, 27, 21, 2, 27, 198, 2678 }, // 8
    { 18, 27, 21, 1, 27, 184, 2876 }, // 9
    { 5, 20, 9, 2, 20, 29, 3060 }, // :
    { 7, 25, 8, 0, 20, 57, 3089 }, // ;
    { 16, 17, 19, 1, 20, 90, 3146 }, // <
    { 17, 11, 21, 2, 18, 22, 3236 }, // =
    { 17, 17, 20, 2, 20, 94, 3258 }, // >
    { 16, 27, 18, 1, 27, 137, 3352 }, // ?
    { 32, 35, 34, 1, 27, 343, 3489 }, // @
    { 25, 27, 25, 0, 27, 187, 3832 }, // A
    { 19, 27, 24, 3, 27, 149, 4019 }, // B
    { 22, 27, 25, 2, 27, 176, 4168 }, // C
    { 20, 27, 25, 3, 27, 128, 4344 }, // D
    { 18, 27, 22, 3, 27, 44, 4472 }, // E
    { 17, 27, 21, 3, 27, 37, 4516 }, // F
    { 22, 27, 26, 2, 27, 183, 4553 }, // G
    { 21, 27, 27, 3, 27, 32, 4736 }, // H
    { 4, 27, 10, 3, 27, 13, 4768 }, // I
    { 19, 27, 21, 0, 27, 88, 4781 }, // J
    { 21, 27, 24, 3, 27, 151, 4869 }, // K
    { 17, 27, 20, 3, 27, 27, 5020 }, // L
    { 28, 27, 33, 3, 27, 185, 5047 }, // M
    { 21, 27, 27, 3, 27, 117, 5232 }, // N
    { 22, 27, 26, 2, 27, 168, 5349 }, // O
    { 20, 27, 24, 3, 27, 101, 5517 }, // P
    { 22, 32, 26, 2, 27, 195, 5618 }, // Q
    { 20, 27, 23, 3, 27, 143, 5813 }, // R
    { 21, 27, 23, 1, 27, 196, 5956 }, // S
    { 22, 27, 23, 0, 27, 27, 6152 }, // T
    { 21, 27, 25, 2, 27, 98, 6179 }, // U
    { 24, 27, 24, 0, 27, 191, 6277 }, // V
    { 32, 27, 34, 1, 27, 280, 6468 }, // W
    { 22, 27, 24, 1, 27, 191, 6748 }, // X
    { 23, 27, 23, 0, 27, 149, 6939 }, // Y
    { 21, 27, 23, 1, 27, 134, 7088 }, // Z
    { 8, 37, 10, 2, 31, 28, 7222 }, // [
    { 16, 29, 16, 0, 27, 126, 7250 }, // <backslash>
    { 8, 37, 10, 0, 31, 29, 7376 }, // ]
    { 14, 13, 16, 1, 27, 89, 7405 }, // ^
    { 18, 3, 17, 0, 0, 20, 7494 }, // _
    { 8, 5, 12, 1, 28, 29, 7514 }, // `
    { 17, 20, 21, 2, 20, 145, 7543 }, // a
    { 18, 29, 21, 2, 29, 119, 7688 }, // b
    { 18, 20, 20, 1, 20, 138, 7807 }, // c
    { 18, 29, 21, 1, 29, 114, 7945 }, // d
    { 18, 20, 20, 1, 20, 147, 8059 }, // e
    { 13, 29, 13, 1, 29, 70, 8206 }, // f
    { 18, 28, 21, 1, 20, 174, 8276 }, // g
    { 17, 29, 21, 2, 29, 69, 8450 }, // h
    { 5, 27, 9, 2, 27, 27, 8519 }, // i
    { 9, 35, 9, -2, 27, 60, 8546 }, // j
    { 18, 29, 19, 2, 29, 120, 8606 }, // k
    { 5, 29, 9, 2, 29, 14, 8726 }, // l
    { 29, 20, 33, 2, 20, 108, 8740 }, // m
    { 17, 20, 21, 2, 20, 72, 8848 }, // n
    { 19, 20, 22, 1, 20, 153, 8920 }, // o
    { 18, 28, 21, 2, 20, 131, 9073 }, // p
    { 18, 28, 22, 1, 20, 128, 9204 }, // q
    { 11, 20, 13, 2, 20, 44, 9332 }, // r
    { 17, 20, 20, 1, 20, 156, 9376 }, // s
    { 12, 25, 12, 0, 25, 56, 9532 }, // t
    { 17, 20, 21, 2, 20, 74, 9588 }, // u
    { 18, 20, 18, 0, 20, 135, 9662 }, // v
    { 28, 20, 29, 0, 20, 205, 9797 }, // w
    { 18, 20, 19, 0, 20, 129, 10002 }, // x
    { 18, 28, 18, 0, 20, 170, 10131 }, // y
    { 17, 20, 19, 1, 20, 104, 10301 }, // z
    { 12, 37, 13, 1, 30, 130, 10405 }, // {
    { 4, 32, 9, 3, 27, 13, 10535 }, // |
    { 12, 37, 13, 0, 30, 122, 10548 }, // }
    { 22, 8, 26, 2, 15, 78, 10670 }, // ~
    { 0, 0, 9, 0, 0, 8, 10748 }, //  
    { 5, 27, 9, 2, 20, 46, 10756 }, // ¡
    { 18, 30, 21, 1, 25, 153, 10802 }, // ¢
    { 20, 27, 22, 1, 27, 146, 10955 }, // £
    { 25, 25, 27, 1, 24, 189, 11101 }, // ¤
    { 20, 27, 20, 0, 27, 156, 11290 }, // ¥
    { 5, 32, 9, 2, 27, 20, 11446 }, // ¦
    { 21, 36, 23, 1, 27, 261, 11466 }, // §
    { 13, 4, 16, 1, 27, 35, 11727 }, // ¨
    { 28, 27, 30, 1, 27, 220, 11762 }, // ©
    { 13, 14, 17, 2, 27, 95, 11982 }, // ª
    { 16, 15, 18, 1, 18, 106, 12077 }, // «
    { 16, 8, 21, 2, 15, 21, 12183 }, // ¬
    { 10, 3, 10, 0, 13, 22, 12204 }, // ­
    { 27, 27, 30, 1, 27, 237, 12226 }, // ®
    { 14, 3, 17, 2, 27, 20, 12463 }, // ¯
    { 10, 10, 14, 2, 27, 59, 12483 }, // °
    { 18, 24, 20, 1, 24, 58, 12542 }, // ±
    { 12, 15, 14, 1, 27, 86, 12600 }, // ²
    { 12, 15, 14, 1, 27, 93, 12686 }, // ³
    { 9, 5, 12, 2, 28, 30, 12779 }, // ´
    { 17, 28, 22, 2, 20, 72, 12809 }, // µ
    { 15, 27, 19, 1, 27, 77, 12881 }, // ¶
    { 5, 5, 10, 2, 16, 24, 12958 }, // ·
    { 6, 8, 9, 2, 0, 33, 12982 }, // ¸
    { 8, 15, 14, 2, 27, 30, 13015 }, // ¹
    { 13, 14, 17, 2, 27, 86, 13045 }, // º
    { 16, 15, 18, 1, 18, 91, 13131 }, // »
    { 26, 27, 28, 1, 27, 183, 13222 }, // ¼
    { 27, 27, 29, 1, 27, 202, 13405 }, // ½
    { 27, 27, 30, 2, 27, 220, 13607 }, // ¾
    { 16, 27, 18, 1, 20, 126, 13827 }, // ¿
    { 18, 34, 22, 3, 34, 70, 13953 }, // Ѐ
    { 18, 33, 22, 3, 33, 66, 14023 }, // Ё
    { 28, 27, 28, 0, 27, 127, 14089 }, // Ђ
    { 17, 34, 21, 3, 34, 50, 14216 }, // Ѓ
    { 22, 27, 26, 2, 27, 180, 14266 }, // Є
    { 21, 27, 23, 1, 27, 196, 14446 }, // Ѕ
    { 4, 27, 10, 3, 27, 13, 14642 }, // І
    { 13, 33, 10, -1, 33, 35, 14655 }, // Ї
    { 19, 27, 21, 0, 27, 88, 14690 }, // Ј
    { 40, 27, 41, 0, 27, 185, 14778 }, // Љ
    { 37, 27, 41, 3, 27, 113, 14963 }, // Њ
    { 27, 27, 31, 1, 27, 88, 15076 }, // Ћ
    { 21, 34, 24, 3, 34, 176, 15164 }, // Ќ
    { 21, 34, 27, 3, 34, 148, 15340 }, // Ѝ
    { 22, 34, 24, 1, 34, 210, 15488 }, // Ў
    { 21, 34, 27, 3, 27, 39, 15698 }, // Џ
    { 25, 27, 25, 0, 27, 187, 15737 }, // А
    { 20, 27, 24, 3, 27, 95, 15924 }, // Б
    { 19, 27, 24, 3, 27, 149, 16019 }, // В
    { 17, 27, 21, 3, 27, 24, 16168 }, // Г
    { 28, 34, 29, 0, 27, 147, 16192 }, // Д
    { 18, 27, 22, 3, 27, 44, 16339 }, // Е
    { 35, 27, 35, 0, 27, 229, 16383 }, // Ж
    { 20, 27, 23, 1, 27, 184, 16612 }, // З
    { 21, 27, 27, 3, 27, 125, 16796 }, // И
    { 21, 34, 27, 3, 34, 159, 16921 }, // Й
    { 22, 27, 24, 3, 27, 145, 17080 }, // К
    { 24, 27, 27, 0, 27, 123, 17225 }, // Л
    { 28, 27, 33, 3, 27, 185, 17348 }, // М
    { 21, 27, 27, 3, 27, 32, 17533 }, // Н
    { 22, 27, 26, 2, 27, 168, 17565 }, // О
    { 21, 27, 27, 3, 27, 23, 17733 }, // П
    { 20, 27, 24, 3, 27, 101, 17756 }, // Р
    { 22, 27, 25, 2, 27, 176, 17857 }, // С
    { 22, 27, 23, 0, 27, 27, 18033 }, // Т
    { 22, 27, 24, 1, 27, 175, 18060 }, // У
    { 27, 29, 29, 1, 28, 168, 18235 }, // Ф
    { 22, 27, 24, 1, 27, 191, 18403 }, // Х
    { 24, 34, 28, 3, 27, 50, 18594 }, // Ц
    { 21, 27, 26, 2, 27, 78, 18644 }, // Ч
    { 30, 27, 36, 3, 27, 40, 18722 }, // Ш
    { 33, 34, 37, 3, 27, 61, 18762 }, // Щ
    { 28, 27, 29, 0, 27, 112, 18823 }, // Ъ
    { 27, 27, 33, 3, 27, 96, 18935 }, // Ы
    { 20, 27, 24, 3, 27, 90, 19031 }, // Ь
    { 22, 27, 26, 2, 27, 175, 19121 }, // Э
    { 30, 27, 34, 3, 27, 202, 19296 }, // Ю
    { 20, 27, 24, 1, 27, 146, 19498 }, // Я
    { 17, 20, 21, 2, 20, 145, 19644 }, // а
    { 19, 29, 21, 1, 29, 209, 19789 }, // б
    { 18, 20, 22, 2, 20, 111, 19998 }, // в
    { 14, 20, 16, 2, 20, 29, 20109 }, // г
    { 22, 26, 23, 0, 20, 113, 20138 }, // д
    { 18, 20, 20, 1, 20, 147, 20251 }, // е
    { 29, 20, 29, 0, 20, 151, 20398 }, // ж
    { 17, 20, 19, 1, 20, 139, 20549 }, // з
    { 18, 20, 22, 2, 20, 97, 20688 }, // и
    { 18, 28, 22, 2, 28, 137, 20785 }, // й
    { 19, 20, 21, 2, 20, 113, 20922 }, // к
    { 20, 20, 22, 0, 20, 106, 21035 }, // л
    { 24, 20, 28, 2, 20, 145, 21141 }, // м
    { 17, 20, 22, 2, 20, 34, 21286 }, // н
    { 19, 20, 22, 1, 20, 153, 21320 }, // о
    { 18, 20, 22, 2, 20, 30, 21473 }, // п
    { 18, 28, 21, 2, 20, 131, 21503 }, // р
    { 18, 20, 20, 1, 20, 138, 21634 }, // с
    { 18, 20, 18, 0, 20, 37, 21772 }, // т
    { 18, 28, 18, 0, 20, 170, 21809 }, // у
    { 25, 37, 28, 1, 29, 188, 21979 }, // ф
    { 18, 20, 19, 0, 20, 129, 22167 }, // х
    { 20, 26, 23, 2, 20, 50, 22296 }, // ц
    { 17, 20, 21, 1, 20, 69, 22346 }, // ч
    { 26, 20, 31, 2, 20, 41, 22415 }, // ш
    { 29, 26, 31, 2, 20, 64, 22456 }, // щ
    { 23, 20, 24, 0, 20, 86, 22520 }, // ъ
    { 25, 20, 30, 2, 20, 82, 22606 }, // ы
    { 17, 20, 21, 2, 20, 78, 22688 }, // ь
    { 18, 20, 20, 1, 20, 147, 22766 }, // э
    { 28, 20, 31, 2, 20, 175, 22913 }, // ю
    { 18, 20, 21, 0, 20, 115, 23088 }, // я
    { 18, 28, 20, 1, 28, 166, 23203 }, // ѐ
    { 18, 27, 20, 1, 27, 162, 23369 }, // ё
    { 20, 37, 21, -1, 29, 123, 23531 }, // ђ
    { 14, 28, 16, 2, 28, 49, 23654 }, // ѓ
    { 18, 20, 20, 1, 20, 137, 23703 }, // є
    { 17, 20, 20, 1, 20, 156, 23840 }, // ѕ
    { 5, 27, 9, 2, 27, 27, 23996 }, // і
    { 13, 27, 9, -2, 27, 41, 24023 }, // ї
    { 9, 35, 9, -2, 27, 60, 24064 }, // ј
    { 31, 20, 32, 0, 20, 154, 24124 }, // љ
    { 30, 20, 33, 2, 20, 89, 24278 }, // њ
    { 20, 29, 22, -1, 29, 88, 24367 }, // ћ
    { 19, 28, 21, 2, 28, 133, 24455 }, // ќ
    { 18, 28, 22, 2, 28, 122, 24588 }, // ѝ
    { 18, 36, 18, 0, 28, 199, 24710 }, // ў
    { 18, 27, 22, 2, 20, 41, 24909 }, // џ
    { 10, 3, 10, 0, 13, 22, 24950 }, // ‐
    { 10, 3, 10, 0, 13, 22, 24972 }, // ‑
    { 19, 3, 25, 3, 15, 19, 24994 }, // –
    { 26, 3, 30, 2, 15, 20, 25013 }, // —
    { 26, 3, 30, 2, 15, 20, 25033 }, // ―
    { 18, 8, 17, 0, 0, 27, 25053 }, // ‗
    { 6, 9, 8, 1, 29, 33, 25080 }, // ‘
    { 7, 9, 8, 0, 29, 40, 25113 }, // ’
    { 6, 9, 8, 0, 4, 33, 25153 }, // ‚
    { 6, 9, 8, 1, 29, 33, 25186 }, // ‛
    { 12, 9, 13, 1, 29, 58, 25219 }, // “
    { 11, 9, 14, 1, 29, 55, 25277 }, // ”
    { 12, 11, 13, 0, 5, 65, 25332 }, // „
    { 19, 27, 21, 1, 27, 41, 25397 }, // †
    { 19, 35, 22, 1, 27, 54, 25438 }, // ‡
    { 9, 9, 13, 2, 18, 50, 25492 }, // •
    { 14, 5, 18, 2, 5, 35, 25542 }, // ‥
    { 21, 5, 25, 2, 5, 48, 25577 }, // …
    { 5, 4, 7, 1, 13, 19, 25625 }, // ‧
    { 19, 27, 21, 1, 27, 154, 25644 }, // €
    { 34, 27, 39, 3, 27, 233, 25798 }, // №
};
const UnicodeInterval ReaderRoboto18Intervals[] = {
    { 0x20, 0x7E, 0x0 },
    { 0xA0, 0xBF, 0x5F },
    { 0x400, 0x45F, 0x7F },
    { 0x2010, 0x2011, 0xDF },
    { 0x2013, 0x2015, 0xE1 },
    { 0x2017, 0x201E, 0xE4 },
    { 0x2020, 0x2022, 0xEC },
    { 0x2025, 0x2027, 0xEF },
    { 0x20AC, 0x20AC, 0xF2 },
    { 0x2116, 0x2116, 0xF3 },
};
const GFXfont ReaderRoboto18 = {
    (uint8_t*)ReaderRoboto18Bitmaps,
    (GFXglyph*)ReaderRoboto18Glyphs,
    (UnicodeInterval*)ReaderRoboto18Intervals,
    10,
    1,
    44,
    35,
    -10,
};
