// Generated by tools/generate_reader_font.py from RobotoCondensed-Bold.ttf.
// Covers ASCII, core Cyrillic and punctuation used by Russian FB2.
#pragma once
#include "epd_driver.h"
const uint8_t UiCondensed13BoldBitmaps[17289] = {
    0x78, 0x9C, 0x03, 0x00, 0x00, 0x00, 0x00, 0x01, 0x78, 0x9C, 0xFB, 0xFD, 0xFF, 0x37, 0x4E, 0xC8,
    0x00, 0x04, 0x4F, 0xE3, 0xFE, 0xBD, 0xFF, 0xF7, 0xFE, 0x69, 0x1C, 0x00, 0xFA, 0xBE, 0x22, 0x0D,
    0x78, 0x9C, 0xFB, 0xCF, 0xFB, 0x97, 0xFF, 0x3F, 0x08, 0xF3, 0xFC, 0xE5, 0xFB, 0xCF, 0xF5, 0x97,
    0xF7, 0x3F, 0xC7, 0x5F, 0xEE, 0xFF, 0xEC, 0x7F, 0x39, 0xFF, 0xB3, 0xFE, 0xE5, 0x00, 0x00, 0xDA,
    0x03, 0x0E, 0x7E, 0x78, 0x9C, 0x63, 0x60, 0xF8, 0xCA, 0xFF, 0xC9, 0x9E, 0x81, 0x81, 0xE1, 0x3B,
    0xDF, 0x17, 0x79, 0x20, 0xF5, 0x8B, 0xFB, 0x3B, 0x1F, 0x90, 0xFA, 0xC3, 0xF9, 0x93, 0x07, 0x48,
    0xFD, 0x63, 0xFF, 0xCD, 0xC5, 0xC0, 0x20, 0xF0, 0x9F, 0xE5, 0x1F, 0x3B, 0xC3, 0x87, 0xFF, 0x20,
    0xC0, 0x0F, 0xA5, 0x02, 0xB6, 0xBE, 0x9F, 0xFA, 0x3F, 0x8C, 0x95, 0x61, 0xC1, 0xFE, 0x82, 0xF7,
    0x40, 0x85, 0x07, 0xE6, 0x4F, 0x38, 0x0F, 0xA4, 0x3E, 0xE4, 0x1F, 0x98, 0xCF, 0xC0, 0x00, 0x56,
    0xF1, 0x1F, 0x46, 0x29, 0x7D, 0xD7, 0xFF, 0xEA, 0xAF, 0xC4, 0xC0, 0xF0, 0x83, 0xF7, 0x2B, 0x3F,
    0x92, 0x05, 0x1C, 0x3F, 0xB9, 0x81, 0xD4, 0x7F, 0xB6, 0x3F, 0x9C, 0x30, 0x0B, 0x18, 0x00, 0x0E,
    0x86, 0x3D, 0x74, 0x78, 0x9C, 0x63, 0x60, 0x28, 0xE0, 0x60, 0x00, 0x82, 0x0F, 0xFC, 0x68, 0xE4,
    0xA4, 0x7F, 0xFB, 0x99, 0x19, 0x1C, 0xFE, 0xFF, 0xFF, 0x9F, 0xCF, 0xF0, 0x00, 0x48, 0xFE, 0x67,
    0xFA, 0xF6, 0x9F, 0xE3, 0xDB, 0x7F, 0xCE, 0x5F, 0xFF, 0x19, 0x1F, 0xFC, 0xE7, 0xFD, 0xFD, 0x9F,
    0x61, 0xC3, 0x7F, 0xFE, 0x9F, 0xFF, 0x99, 0x05, 0x94, 0x80, 0xE2, 0xBA, 0x40, 0xE5, 0x40, 0x35,
    0x12, 0x0C, 0x0C, 0x06, 0xFF, 0xFE, 0xBF, 0x67, 0x65, 0x60, 0x58, 0xF8, 0xFF, 0x7F, 0x3F, 0x50,
    0x6C, 0xF3, 0xFF, 0xFF, 0x2C, 0x40, 0xEA, 0xFB, 0x7F, 0xEE, 0xF2, 0x70, 0x86, 0x0B, 0xFF, 0xF9,
    0xFE, 0x9F, 0x07, 0xE9, 0xFA, 0xFB, 0x1F, 0xC4, 0xFE, 0xF1, 0x5F, 0x0B, 0x28, 0xFE, 0x11, 0x64,
    0x32, 0x0B, 0xC8, 0x96, 0x7E, 0xB0, 0x8D, 0x2C, 0x68, 0x2E, 0x69, 0x60, 0x67, 0x60, 0x00, 0x00,
    0x6F, 0x3A, 0x47, 0xFE, 0x78, 0x9C, 0x4B, 0xF8, 0x9B, 0xCB, 0x00, 0x02, 0x5F, 0xFF, 0xFF, 0x67,
    0x05, 0xD1, 0x7F, 0xAC, 0x7F, 0xF3, 0x30, 0x64, 0x33, 0x30, 0xFC, 0x67, 0xFE, 0xCC, 0x1F, 0xF0,
    0x1E, 0x48, 0x33, 0x7D, 0xE2, 0xBF, 0x50, 0x0F, 0xE1, 0x7F, 0xE3, 0x03, 0xC9, 0xFF, 0xE2, 0xF9,
    0xC7, 0x06, 0x56, 0x5F, 0x0A, 0x94, 0x66, 0x48, 0xF8, 0x9B, 0xFB, 0x31, 0x1F, 0x6C, 0x02, 0xC3,
    0x0F, 0x5E, 0x30, 0x25, 0xF0, 0x9F, 0x55, 0x01, 0x44, 0x2F, 0xB8, 0x3F, 0xE1, 0x7F, 0x3F, 0x90,
    0xFE, 0x14, 0xFF, 0xE3, 0xFF, 0x7F, 0xA0, 0x8E, 0xDF, 0x3C, 0xFF, 0xD9, 0x7F, 0xF2, 0x30, 0x18,
    0xFC, 0x57, 0xF9, 0xCF, 0xF0, 0x99, 0x9F, 0xE1, 0xC0, 0x79, 0x85, 0xFF, 0x0C, 0x9F, 0xF8, 0x19,
    0xBE, 0xD8, 0x0B, 0xFC, 0x67, 0x04, 0xF2, 0x9F, 0x72, 0x33, 0xFC, 0xD3, 0xFA, 0xC5, 0xC3, 0xC0,
    0xC0, 0xC8, 0xF0, 0xFD, 0xFF, 0x7F, 0x16, 0x90, 0x09, 0x05, 0xFF, 0x62, 0x19, 0x00, 0x82, 0x6D,
    0x3B, 0x2A, 0x78, 0x9C, 0x1D, 0x8B, 0xBB, 0x0D, 0xC2, 0x50, 0x10, 0x04, 0xD7, 0x12, 0x20, 0x32,
    0x17, 0x80, 0x64, 0x53, 0x02, 0x31, 0x11, 0x25, 0xD0, 0x81, 0x49, 0x88, 0xA1, 0x04, 0x77, 0xE0,
    0x12, 0x40, 0x22, 0xC7, 0x54, 0x80, 0x4B, 0xA0, 0x0A, 0xC7, 0x8F, 0x9F, 0xB0, 0x8C, 0xAC, 0x37,
    0xDC, 0xB1, 0xC9, 0xE8, 0x6E, 0x76, 0xB5, 0x1E, 0xCE, 0x89, 0x2C, 0x1D, 0x64, 0x86, 0x39, 0x70,
    0x30, 0xEE, 0xA9, 0xBA, 0x60, 0x3C, 0x92, 0xDF, 0x31, 0x5E, 0x48, 0x1F, 0x7E, 0x97, 0x14, 0xBD,
    0xFB, 0x85, 0xF5, 0x72, 0xDF, 0x0D, 0x30, 0x72, 0x7E, 0xD8, 0x39, 0x56, 0x10, 0x12, 0x1A, 0x3D,
    0xCD, 0xCF, 0xA8, 0xD5, 0xF3, 0xA6, 0xA1, 0x52, 0xBC, 0x95, 0xF6, 0x29, 0x64, 0xCA, 0x16, 0xA9,
    0x62, 0xF0, 0xCA, 0x54, 0x5F, 0x96, 0x2D, 0x8C, 0xF5, 0xC2, 0x93, 0x69, 0xF3, 0x67, 0x2D, 0x9D,
    0xE2, 0x75, 0x0B, 0x93, 0x1F, 0x07, 0xD2, 0x56, 0x48, 0x78, 0x9C, 0xFB, 0xCF, 0xFB, 0x9F, 0xF7,
    0x3F, 0xCF, 0x7F, 0xEE, 0xFF, 0x5C, 0xFF, 0x39, 0xFE, 0xB3, 0x03, 0x00, 0x3A, 0x18, 0x07, 0x44,
    0x78, 0x9C, 0x55, 0x8D, 0xFB, 0x09, 0x40, 0x70, 0x14, 0x85, 0xBF, 0x94, 0x67, 0x1E, 0x2B, 0xD9,
    0xC0, 0x0A, 0x36, 0x60, 0x04, 0xA3, 0x18, 0xC1, 0x06, 0x6C, 0x60, 0x04, 0x23, 0x08, 0x51, 0x4A,
    0x8E, 0xFB, 0xFB, 0xD3, 0xAD, 0x53, 0xE7, 0xF1, 0xD5, 0x85, 0x36, 0x84, 0x3B, 0xA5, 0x53, 0xC2,
    0xB1, 0xC2, 0xD3, 0x50, 0xAA, 0x60, 0xB0, 0xB8, 0x29, 0xE0, 0x94, 0xC7, 0x2D, 0xAB, 0x17, 0x78,
    0x67, 0xD0, 0xF8, 0x97, 0xEB, 0xDC, 0xE6, 0x98, 0xCB, 0xD8, 0x5D, 0x3E, 0x93, 0x62, 0x6A, 0xE5,
    0x36, 0x56, 0x70, 0x1A, 0xD0, 0xCB, 0x7E, 0x3C, 0x99, 0x99, 0x08, 0xBB, 0x0F, 0xB6, 0x5B, 0x2D,
    0x08, 0x78, 0x9C, 0x2D, 0x8C, 0xCD, 0x0D, 0x44, 0x60, 0x00, 0x05, 0x47, 0xFC, 0x5D, 0x08, 0x1D,
    0xD8, 0x12, 0x94, 0xA0, 0x03, 0x25, 0x50, 0x82, 0x0E, 0xBE, 0x12, 0xE8, 0x80, 0x0E, 0xE8, 0x80,
    0x12, 0x6C, 0x07, 0xDB, 0x82, 0x9F, 0x8B, 0x38, 0xBC, 0x45, 0xBC, 0x64, 0x2E, 0x6F, 0x92, 0xE9,
    0x1C, 0x58, 0x0A, 0xF8, 0xCA, 0x26, 0x55, 0x08, 0xA7, 0x81, 0x5D, 0xF0, 0x93, 0x47, 0xA7, 0x80,
    0x4A, 0x11, 0x99, 0x72, 0x3E, 0x32, 0xC4, 0x6A, 0x41, 0xFD, 0xC5, 0xF8, 0xD2, 0x3F, 0xDF, 0xED,
    0x32, 0x15, 0x94, 0x4A, 0x68, 0xAE, 0xC8, 0x2C, 0x9F, 0x4D, 0x16, 0xC7, 0xAD, 0x12, 0x06, 0xB9,
    0xAC, 0x35, 0x4C, 0x3E, 0xCF, 0xFE, 0x48, 0xF9, 0x2B, 0xD0, 0x78, 0x9C, 0x63, 0x60, 0xF8, 0xA0,
    0xCF, 0x00, 0x04, 0x08, 0xF2, 0x20, 0xEB, 0x07, 0x7D, 0x05, 0xCD, 0x6F, 0xEF, 0xBF, 0xD7, 0xFF,
    0xA9, 0xBF, 0xF6, 0x1F, 0x08, 0xE6, 0x33, 0x14, 0xFD, 0x7B, 0x1F, 0xC9, 0xC0, 0x60, 0xF0, 0xFF,
    0x3F, 0x13, 0x03, 0xC3, 0xC3, 0xF5, 0x7F, 0x78, 0x19, 0x18, 0x7E, 0xCB, 0x7F, 0x9E, 0x0F, 0x14,
    0x60, 0x9F, 0x00, 0x14, 0x5A, 0xC4, 0x20, 0xA0, 0xC3, 0x00, 0x01, 0x00, 0xC8, 0x4A, 0x1D, 0xA5,
    0x78, 0x9C, 0x63, 0x60, 0xF8, 0xBF, 0x9F, 0x01, 0x08, 0xB0, 0x93, 0x4A, 0x4A, 0xFF, 0xCF, 0x2B,
    0x09, 0xFD, 0x07, 0x81, 0x7E, 0x64, 0x12, 0x97, 0x7A, 0x18, 0xD9, 0x11, 0xC1, 0xC0, 0x00, 0x00,
    0xCC, 0x68, 0x25, 0x31, 0x78, 0x9C, 0x63, 0xF8, 0xBF, 0x9F, 0x01, 0x8A, 0xD6, 0x1B, 0xFC, 0xCF,
    0x6F, 0xF8, 0xCF, 0xF7, 0xF0, 0x3F, 0xDB, 0xA6, 0xF9, 0x0C, 0x0C, 0x4C, 0x0C, 0x00, 0xD1, 0x2F,
    0x0D, 0x4D, 0x78, 0x9C, 0x53, 0x52, 0x52, 0xFA, 0x0F, 0x03, 0x00, 0x31, 0x41, 0x09, 0x5E, 0x78,
    0x9C, 0xFB, 0xA6, 0xFB, 0x6F, 0xFD, 0xBF, 0xF5, 0xDF, 0x74, 0x01, 0x1A, 0x70, 0x05, 0xA1, 0x78,
    0x9C, 0x15, 0xCC, 0xC1, 0x0D, 0x43, 0x00, 0x1C, 0x46, 0xF1, 0x17, 0x44, 0x10, 0xB5, 0x82, 0x8E,
    0x60, 0x03, 0x36, 0xE1, 0xE8, 0x56, 0x1B, 0x74, 0x05, 0x1B, 0xD4, 0x08, 0x36, 0xA9, 0x0D, 0xAC,
    0x40, 0x44, 0x85, 0xB4, 0xFE, 0xFD, 0x5C, 0x7E, 0x87, 0x77, 0x78, 0xC0, 0xFA, 0x00, 0xF6, 0x54,
    0xFC, 0x6E, 0x70, 0xB7, 0x10, 0x2A, 0xF3, 0xA0, 0x33, 0xA5, 0xE9, 0x2D, 0x96, 0xA7, 0xD8, 0x72,
    0xF1, 0x4D, 0x84, 0x45, 0x50, 0x98, 0x0F, 0xAD, 0x39, 0x30, 0x8C, 0x4A, 0xF3, 0x4B, 0x7C, 0x4A,
    0x71, 0x5C, 0xA3, 0x33, 0x86, 0xCC, 0x02, 0x68, 0xCC, 0x85, 0xFE, 0x1A, 0x35, 0xB5, 0xF8, 0x03,
    0x4C, 0x19, 0x1C, 0xE8, 0x78, 0x9C, 0x63, 0x98, 0xF8, 0x6F, 0x1E, 0x23, 0x83, 0xC2, 0xBF, 0xFF,
    0xFF, 0xF5, 0x18, 0x0E, 0xFC, 0xFF, 0xFF, 0xFF, 0x3C, 0xC3, 0x97, 0xFF, 0x56, 0xBF, 0xFE, 0xB3,
    0xFC, 0xFC, 0xCF, 0xF8, 0xF1, 0x3F, 0xE7, 0x9F, 0xFB, 0x0C, 0x17, 0xFE, 0xF3, 0xFC, 0xDB, 0xCF,
    0xB0, 0xE1, 0x3F, 0xDF, 0x7F, 0x10, 0xC9, 0x8F, 0x9F, 0xFC, 0x77, 0x1E, 0xA4, 0x12, 0xA2, 0x0B,
    0x62, 0x02, 0xC4, 0x34, 0x88, 0xC9, 0x10, 0x5B, 0x18, 0xC0, 0x36, 0x02, 0x00, 0x0D, 0x4B, 0x47,
    0x99, 0x78, 0x9C, 0x63, 0x60, 0x30, 0x58, 0xC5, 0x10, 0xF0, 0x67, 0x7F, 0xE1, 0xBF, 0xFF, 0xFB,
    0x7F, 0xFC, 0x07, 0xE2, 0xF7, 0xFF, 0xF7, 0x9F, 0x60, 0xFD, 0xBF, 0x9F, 0x81, 0x81, 0x3C, 0x0C,
    0x00, 0xC8, 0x5C, 0x28, 0x5C, 0x78, 0x9C, 0x63, 0x98, 0xF8, 0xEF, 0x3C, 0x2B, 0x83, 0xC2, 0xBF,
    0xFF, 0xFF, 0xE7, 0x33, 0x5C, 0xF8, 0x0F, 0x04, 0xAC, 0xDF, 0xFE, 0x5B, 0xFD, 0xF8, 0xCF, 0xFD,
    0xE7, 0x3F, 0xE3, 0x83, 0xFF, 0x7C, 0xFF, 0xCE, 0x33, 0x6C, 0xF8, 0xCF, 0x5F, 0x1E, 0xCE, 0x70,
    0xE0, 0x3F, 0x1F, 0x03, 0x03, 0xC3, 0x87, 0xFF, 0xDC, 0x40, 0xF2, 0xFB, 0x7F, 0x36, 0x06, 0x06,
    0x81, 0x7F, 0xEF, 0x81, 0xCC, 0x0D, 0xFF, 0xF3, 0xC1, 0x02, 0x40, 0x61, 0x87, 0xFF, 0xEF, 0x19,
    0x19, 0x18, 0x1E, 0xFE, 0xB7, 0x07, 0x0A, 0xFC, 0xF9, 0xCF, 0xC1, 0xC0, 0x30, 0xE1, 0xFF, 0x7D,
    0x20, 0xF3, 0xDB, 0xFF, 0x7C, 0x25, 0x25, 0x26, 0x90, 0xC1, 0xFF, 0xF9, 0x91, 0x49, 0x00, 0x67,
    0xBA, 0x3D, 0xC9, 0x78, 0x9C, 0x63, 0xD8, 0xFC, 0x6F, 0x1F, 0x0B, 0x43, 0xC1, 0xFF, 0xFF, 0xFF,
    0xFB, 0x19, 0xBE, 0x00, 0xC9, 0xFF, 0x2C, 0xBF, 0xFF, 0x5B, 0xFC, 0xF8, 0xCF, 0xFD, 0xFF, 0x3E,
    0xC3, 0x85, 0xFF, 0x7C, 0xC6, 0xCA, 0x0C, 0x1B, 0xFE, 0xF3, 0x33, 0x30, 0x00, 0xD9, 0xBC, 0x40,
    0xF2, 0xDB, 0x7F, 0x76, 0x90, 0xD2, 0xF3, 0x0C, 0x0C, 0x0D, 0xFF, 0xFF, 0xCB, 0x32, 0x80, 0xD8,
    0xFB, 0x81, 0xC2, 0x8A, 0x3F, 0x81, 0xE2, 0x0C, 0x0C, 0x0F, 0xFE, 0xF3, 0x00, 0x49, 0xA0, 0xFA,
    0xDD, 0xDD, 0x20, 0xF2, 0xDF, 0x7B, 0xA0, 0x08, 0xDF, 0xAF, 0xFF, 0x96, 0x3F, 0xFF, 0x73, 0x7E,
    0x06, 0x99, 0xCC, 0x04, 0xB2, 0x25, 0x9E, 0x81, 0x61, 0xF3, 0xBF, 0x75, 0x4C, 0x0C, 0x00, 0xBA,
    0x21, 0x3E, 0x3C, 0x78, 0x9C, 0x63, 0x60, 0x60, 0xF8, 0xF2, 0x9F, 0x9B, 0x01, 0x08, 0xFE, 0x80,
    0x29, 0x83, 0xFF, 0x60, 0x6A, 0x03, 0x84, 0xFA, 0x0C, 0xA1, 0x7E, 0x81, 0x29, 0x85, 0xFF, 0xBF,
    0x41, 0xD4, 0x84, 0xFF, 0x60, 0x0D, 0x1F, 0xEF, 0x7F, 0x00, 0x51, 0x3F, 0xEB, 0x41, 0x94, 0xC0,
    0x7F, 0x79, 0x10, 0xD5, 0xF0, 0x9F, 0x13, 0x44, 0x7D, 0xFC, 0xAF, 0xFA, 0xE9, 0xBF, 0x0E, 0xE3,
    0xF7, 0xFF, 0x20, 0xC0, 0xF1, 0x03, 0x85, 0x02, 0x9A, 0xF6, 0x01, 0x62, 0x1F, 0x26, 0x05, 0x00,
    0x32, 0x82, 0x41, 0x98, 0x78, 0x9C, 0xDB, 0xF0, 0x1F, 0x08, 0xD8, 0x0E, 0x80, 0xC9, 0x07, 0x60,
    0xF2, 0xC3, 0x7F, 0x35, 0x25, 0x25, 0xC6, 0x8F, 0xFF, 0x99, 0x19, 0x18, 0x18, 0x3E, 0xFD, 0x67,
    0x02, 0x92, 0x5F, 0xFE, 0x0B, 0x02, 0xA9, 0xAF, 0xFF, 0x7F, 0xFF, 0xE7, 0x64, 0xF8, 0x0E, 0x54,
    0xB2, 0x9E, 0xE1, 0x07, 0x48, 0x25, 0xCB, 0xE4, 0xBD, 0x82, 0x3F, 0xFF, 0x73, 0x01, 0x15, 0x7C,
    0xF8, 0xCF, 0x0B, 0x24, 0x0F, 0xFC, 0xE7, 0x07, 0x92, 0x1B, 0xFE, 0xF3, 0xAF, 0xAA, 0x02, 0xB2,
    0xF9, 0xFE, 0xBD, 0x07, 0x8A, 0xF3, 0xFC, 0xFC, 0x6F, 0xF9, 0xEB, 0x3F, 0xFB, 0x27, 0xA0, 0xF2,
    0xF7, 0x8C, 0x0E, 0x40, 0xD2, 0x9F, 0x81, 0x61, 0xD1, 0xBF, 0x75, 0x4C, 0x0C, 0x00, 0x56, 0x7E,
    0x42, 0xDF, 0x78, 0x9C, 0x15, 0xCA, 0xB1, 0x09, 0xC2, 0x50, 0x00, 0x45, 0xD1, 0x4B, 0x44, 0x31,
    0x4D, 0x70, 0x03, 0xC5, 0x05, 0x5C, 0xC0, 0xC2, 0x11, 0xEC, 0x85, 0x24, 0x1B, 0xE8, 0x26, 0x3A,
    0x82, 0x1B, 0x38, 0xC2, 0x1F, 0xC1, 0x11, 0x52, 0x08, 0x36, 0x16, 0x42, 0x20, 0x28, 0xC4, 0xE4,
    0xFA, 0xFF, 0x2B, 0x0E, 0xAF, 0xB8, 0x70, 0x7A, 0x6D, 0x60, 0x37, 0x1A, 0xED, 0x8C, 0xAE, 0xF4,
    0x30, 0xE1, 0x6A, 0x05, 0xB4, 0xE6, 0xD1, 0x8F, 0xD9, 0x1A, 0xFA, 0xF7, 0xD3, 0x92, 0xC1, 0xB8,
    0x69, 0xC2, 0x42, 0xE7, 0x0F, 0x2B, 0x1B, 0xF6, 0x9E, 0x0D, 0x2C, 0xBC, 0x8D, 0x01, 0x0C, 0xBF,
    0x26, 0xFD, 0xAF, 0x59, 0xED, 0xB1, 0x75, 0xDB, 0xB9, 0xBC, 0xA4, 0x3E, 0xA7, 0x37, 0x66, 0xD4,
    0xC3, 0x7D, 0xC6, 0x1F, 0x98, 0x70, 0x42, 0xF4, 0x78, 0x9C, 0x5D, 0xC6, 0xD1, 0x09, 0x40, 0x60,
    0x18, 0x46, 0xE1, 0x2F, 0x91, 0x24, 0x19, 0x81, 0xFE, 0x05, 0xAC, 0x60, 0x06, 0x0B, 0xB0, 0x81,
    0x15, 0x6C, 0x60, 0x05, 0x1B, 0x58, 0xC1, 0x06, 0x56, 0xB0, 0x01, 0x49, 0x92, 0xE8, 0x78, 0xAF,
    0x9D, 0x8B, 0xA7, 0x03, 0xBF, 0x56, 0xE7, 0x5C, 0x45, 0x6F, 0x66, 0x1D, 0x85, 0x5C, 0x48, 0xE4,
    0x41, 0x28, 0x6F, 0x3C, 0xC9, 0x2C, 0x1A, 0x5A, 0x39, 0x91, 0xC9, 0x9D, 0x58, 0x5E, 0x04, 0xF2,
    0x45, 0x94, 0x8C, 0x72, 0xA0, 0x96, 0x1B, 0xA9, 0x3C, 0x89, 0xE4, 0x83, 0x6F, 0x96, 0xB3, 0x6A,
    0x3F, 0x69, 0x8C, 0x33, 0x17, 0x78, 0x9C, 0x15, 0xCA, 0xD1, 0x09, 0x82, 0x50, 0x18, 0x47, 0xF1,
    0x7F, 0x72, 0x11, 0xEA, 0x82, 0xAD, 0xE2, 0x6B, 0x3D, 0x44, 0x1B, 0xB8, 0x4A, 0x1B, 0x34, 0x42,
    0x3B, 0x44, 0xCF, 0xE1, 0x04, 0xD6, 0x06, 0xAE, 0x60, 0x13, 0x98, 0x16, 0x82, 0x5D, 0xF8, 0x4E,
    0x9F, 0x70, 0x38, 0x4F, 0x3F, 0x5D, 0xED, 0x9E, 0xE9, 0x08, 0x54, 0x7A, 0xF9, 0x7B, 0x4D, 0xEC,
    0x13, 0xF9, 0x4C, 0x36, 0xB2, 0x4E, 0xE8, 0x4D, 0xFC, 0xB1, 0x1A, 0xD8, 0x4C, 0xE4, 0x5E, 0x47,
    0xEB, 0xA6, 0x34, 0x38, 0xE8, 0xE4, 0xFE, 0xAC, 0x0F, 0x8D, 0x11, 0xD2, 0xE2, 0xA3, 0xB5, 0x7A,
    0x52, 0xF0, 0x50, 0xCD, 0xD6, 0x7A, 0x75, 0x14, 0x89, 0xDD, 0x4C, 0xFC, 0xBA, 0x24, 0x2C, 0xFE,
    0x22, 0xDD, 0xAC, 0x09, 0xFA, 0x03, 0x77, 0xF4, 0x4D, 0xC0, 0x78, 0x9C, 0x15, 0xCA, 0xB1, 0x09,
    0xC2, 0x40, 0x00, 0x46, 0xE1, 0x17, 0xD3, 0x1C, 0x28, 0x39, 0xB1, 0x17, 0x5C, 0xC1, 0xDA, 0x21,
    0xB2, 0x99, 0xE2, 0x00, 0x82, 0x23, 0xB8, 0x81, 0x96, 0x76, 0x71, 0x03, 0x4B, 0x5B, 0x91, 0x04,
    0x4E, 0x43, 0xF2, 0xBC, 0x34, 0xAF, 0xF8, 0xFE, 0x9F, 0xE3, 0xB8, 0x2F, 0xD8, 0x8C, 0xBA, 0xE6,
    0xA1, 0x5E, 0xE9, 0xDC, 0xF5, 0x96, 0xBD, 0xC5, 0xC7, 0x30, 0x36, 0x19, 0x17, 0x19, 0x2F, 0x56,
    0x36, 0xB9, 0x71, 0x90, 0x9B, 0xF1, 0x67, 0xE8, 0x8C, 0x6D, 0xFE, 0x1B, 0xCF, 0x53, 0x2B, 0xBE,
    0xDE, 0x9D, 0xC3, 0xEA, 0x6D, 0x00, 0x5A, 0x4B, 0x58, 0x0E, 0x4F, 0xD8, 0xBE, 0xAC, 0x21, 0x39,
    0x71, 0xF2, 0x90, 0xB7, 0x74, 0x9A, 0xC1, 0x1F, 0xD6, 0x2C, 0x41, 0x60, 0x78, 0x9C, 0xFB, 0xA6,
    0xFB, 0x6F, 0xFD, 0xBF, 0xF5, 0xDF, 0x74, 0x19, 0x50, 0xC0, 0x37, 0xA8, 0x28, 0x00, 0xB0, 0xAE,
    0x0B, 0x41, 0x78, 0x9C, 0x0B, 0x78, 0xC7, 0xFA, 0xE0, 0x3F, 0x1F, 0x10, 0x05, 0xBC, 0x63, 0x65,
    0xC0, 0x06, 0x02, 0x3A, 0x38, 0x36, 0xFC, 0xE7, 0x87, 0xA0, 0x03, 0xFF, 0x79, 0x3F, 0xFC, 0x67,
    0xFF, 0xFC, 0x9E, 0xF1, 0x47, 0x3C, 0x43, 0x03, 0x1B, 0x03, 0x00, 0x29, 0x0E, 0x13, 0xFD, 0x78,
    0x9C, 0x15, 0x8A, 0xB1, 0x15, 0x40, 0x40, 0x14, 0xC0, 0xC2, 0x19, 0xE0, 0x36, 0x55, 0x7A, 0x2A,
    0x1B, 0xB8, 0x11, 0x8C, 0x60, 0x04, 0x4B, 0xB0, 0x82, 0x2B, 0x95, 0xA8, 0xE2, 0xCB, 0x7B, 0x49,
    0x15, 0x80, 0x21, 0xAC, 0x05, 0x4E, 0x0B, 0x87, 0x4E, 0xBB, 0x6E, 0x9D, 0xAE, 0x09, 0xAF, 0x04,
    0x3A, 0x37, 0x54, 0x5D, 0x5A, 0x6E, 0xED, 0xC9, 0x4F, 0x7C, 0xE4, 0x37, 0x42, 0x1E, 0xF9, 0xF9,
    0x00, 0x70, 0xB6, 0x1E, 0x18, 0x78, 0x9C, 0xFB, 0xFF, 0x1F, 0x05, 0x28, 0x81, 0x00, 0x03, 0x08,
    0x80, 0x59, 0xA8, 0x92, 0xFF, 0x01, 0xCE, 0x25, 0x1F, 0x37, 0x78, 0x9C, 0xF3, 0x61, 0x00, 0x82,
    0xFF, 0x3E, 0x20, 0x02, 0x44, 0xFE, 0x07, 0x91, 0x05, 0x7F, 0x41, 0x64, 0xC0, 0x9F, 0xFF, 0xFF,
    0x19, 0x18, 0x02, 0x80, 0x84, 0xC1, 0xAF, 0xFF, 0xFF, 0x41, 0xBC, 0x3C, 0xA0, 0x78, 0x1E, 0x50,
    0x49, 0x2E, 0x50, 0x1D, 0x10, 0x33, 0x80, 0x30, 0x04, 0x00, 0x00, 0x99, 0x68, 0x1F, 0x07, 0x78,
    0x9C, 0x63, 0xD8, 0xFA, 0x6F, 0x1D, 0x33, 0xC3, 0x84, 0xFF, 0xFF, 0xFF, 0xE7, 0x33, 0x7C, 0x05,
    0x92, 0xFF, 0x19, 0x7F, 0xFF, 0xB7, 0xFC, 0xF5, 0x9F, 0xFD, 0xDF, 0x7D, 0x86, 0x8F, 0xFF, 0xB9,
    0xCA, 0xC3, 0x19, 0x3E, 0xFC, 0xE7, 0x66, 0x60, 0x60, 0xF8, 0xFC, 0x9F, 0x13, 0x48, 0xFE, 0xF9,
    0xCF, 0xCC, 0x00, 0x54, 0x3B, 0x1F, 0xC8, 0xFC, 0xFE, 0x9F, 0x87, 0x81, 0x41, 0xE0, 0xFF, 0x7D,
    0x46, 0x06, 0x86, 0x82, 0xFF, 0xF6, 0x40, 0x81, 0x05, 0xFF, 0x79, 0x41, 0xE4, 0x3B, 0x2E, 0x06,
    0x54, 0xA0, 0xF0, 0x97, 0x0D, 0x2C, 0xCB, 0x07, 0x27, 0xC1, 0x22, 0x00, 0xCE, 0x14, 0x2A, 0xCF,
    0x78, 0x9C, 0x2D, 0x8F, 0x3D, 0x6E, 0xC2, 0x50, 0x10, 0x84, 0xE7, 0x99, 0x7F, 0x62, 0xB0, 0xEB,
    0x34, 0x98, 0x92, 0x0A, 0x4E, 0x00, 0xE9, 0x91, 0x90, 0xE8, 0x51, 0xEC, 0x26, 0x35, 0xF4, 0x14,
    0xCE, 0x05, 0x22, 0x8E, 0x00, 0x37, 0x80, 0x23, 0x70, 0x83, 0x1C, 0x81, 0x94, 0xA0, 0x14, 0x01,
    0xD9, 0xC2, 0x36, 0xE0, 0x37, 0x59, 0x3F, 0x31, 0xC5, 0xEA, 0x5B, 0xCD, 0xEE, 0x48, 0x03, 0x00,
    0x5D, 0x05, 0x23, 0xEF, 0xC4, 0xBF, 0x9E, 0xA1, 0x2B, 0x45, 0x35, 0x81, 0x05, 0xC7, 0x6A, 0xFA,
    0x58, 0x09, 0xC5, 0xA1, 0x59, 0xCB, 0x80, 0xAE, 0x17, 0x27, 0x99, 0x8D, 0xC5, 0x41, 0x7E, 0x14,
    0x2E, 0x23, 0xFC, 0xF8, 0x08, 0xF4, 0xA1, 0xB2, 0x59, 0x21, 0x72, 0x90, 0x90, 0xA3, 0xE0, 0x1B,
    0x69, 0xD3, 0xE3, 0x6B, 0xD2, 0x1F, 0x10, 0xF7, 0xDA, 0x86, 0x48, 0x3A, 0x2E, 0x55, 0x5E, 0x3E,
    0x6F, 0x91, 0x39, 0xA0, 0xC5, 0x52, 0x14, 0xE2, 0xD6, 0x2E, 0xC8, 0xBA, 0xCE, 0x71, 0x6F, 0x81,
    0x8A, 0x56, 0xEA, 0x23, 0xB7, 0x3D, 0x82, 0x25, 0x21, 0xBE, 0x48, 0x4A, 0x5E, 0x49, 0xD6, 0x6F,
    0x6C, 0xEE, 0x43, 0x49, 0x89, 0x78, 0xE4, 0x24, 0xED, 0x48, 0xF2, 0x8E, 0xCC, 0xC8, 0x2A, 0x62,
    0xC7, 0xBD, 0xBD, 0x07, 0x7A, 0x06, 0x9C, 0xE7, 0x78, 0xEA, 0x93, 0xD6, 0x93, 0x5C, 0x3D, 0x94,
    0x69, 0xCA, 0xC5, 0x5C, 0x7E, 0x9C, 0x1A, 0x05, 0x0D, 0xB4, 0x54, 0xB3, 0x8D, 0x1F, 0xFC, 0xF2,
    0xAB, 0x70, 0xFF, 0x01, 0xCD, 0x96, 0x62, 0xA9, 0x78, 0x9C, 0x25, 0xCE, 0xC1, 0x0D, 0x82, 0x50,
    0x14, 0x44, 0xD1, 0x89, 0x21, 0x12, 0x34, 0xFE, 0x16, 0x70, 0xE1, 0xDE, 0x12, 0x20, 0x36, 0x22,
    0x9D, 0x68, 0x07, 0x50, 0x82, 0x1D, 0x68, 0x07, 0xB6, 0x60, 0x07, 0xFC, 0x16, 0x80, 0x18, 0x8C,
    0x68, 0xAE, 0x4E, 0x98, 0xCD, 0xD9, 0xBC, 0xE4, 0x3E, 0x49, 0x20, 0xAF, 0x84, 0xC4, 0x36, 0x90,
    0xD9, 0x08, 0xC1, 0x0E, 0x50, 0xD8, 0x17, 0xD4, 0xF6, 0x7B, 0x9F, 0xDA, 0x3F, 0x5B, 0x4E, 0x23,
    0x0B, 0xA9, 0x62, 0xDF, 0x93, 0x4A, 0x37, 0x42, 0x64, 0x2D, 0x75, 0xAC, 0x2E, 0xE4, 0xD2, 0x93,
    0x65, 0xC5, 0x51, 0x7A, 0xB3, 0x3B, 0x70, 0x75, 0xC5, 0x73, 0xC5, 0x4B, 0x9A, 0xD9, 0x2C, 0xFA,
    0xB6, 0x23, 0x0C, 0x6C, 0xA4, 0x07, 0xC5, 0xE8, 0xF8, 0x99, 0xFA, 0xE3, 0x67, 0x4A, 0xDA, 0x1F,
    0x70, 0x50, 0x4D, 0x4D, 0x78, 0x9C, 0xFB, 0xFF, 0xFF, 0xFF, 0x7B, 0x2B, 0x86, 0xFF, 0x20, 0xC0,
    0x01, 0x26, 0xE3, 0xFF, 0x9F, 0x57, 0x9A, 0xFC, 0x7F, 0xFF, 0xFF, 0xFD, 0x0C, 0x0C, 0x7F, 0xFF,
    0x83, 0xC8, 0xDF, 0x60, 0xF2, 0xEF, 0x7B, 0x20, 0x59, 0xF0, 0x7F, 0x3E, 0x58, 0x8D, 0x1C, 0x98,
    0x64, 0x05, 0x93, 0xFA, 0xFF, 0xCF, 0xBB, 0x4C, 0x06, 0x8A, 0x03, 0xD5, 0xFC, 0x7B, 0x8F, 0x50,
    0x0F, 0x21, 0xFF, 0xDD, 0x07, 0x9A, 0xB6, 0x18, 0xAA, 0x4B, 0x1F, 0x4C, 0xB2, 0xFD, 0x07, 0xDB,
    0x08, 0x00, 0x9A, 0xB7, 0x56, 0x6B, 0x78, 0x9C, 0x63, 0x70, 0x78, 0xFD, 0xBF, 0x86, 0x81, 0x81,
    0xE1, 0xE7, 0xFF, 0xFF, 0xFF, 0x65, 0x19, 0x0A, 0x80, 0xE4, 0xFF, 0xF3, 0x0C, 0x1F, 0xFF, 0xE7,
    0x39, 0xFF, 0xFE, 0xCF, 0xFA, 0xFD, 0x3F, 0x2B, 0x90, 0xC9, 0xF5, 0xFB, 0x3F, 0x03, 0xC3, 0x81,
    0xFF, 0x7C, 0xFF, 0xCE, 0x33, 0x30, 0x4C, 0xB8, 0xCB, 0xFB, 0x7F, 0x3F, 0x03, 0x08, 0x10, 0x41,
    0x81, 0x34, 0x34, 0xEC, 0xE6, 0xFE, 0xFD, 0x1E, 0xAC, 0xFD, 0xFB, 0x7F, 0x16, 0xA0, 0x61, 0xDC,
    0x1F, 0xFF, 0xC7, 0x39, 0xFD, 0xF9, 0xCF, 0xD6, 0x00, 0xB2, 0xE8, 0x3E, 0x03, 0xC3, 0x2F, 0x20,
    0xA5, 0xCB, 0xC0, 0x00, 0x71, 0x04, 0x00, 0x3E, 0x97, 0x41, 0x81, 0x78, 0x9C, 0xFB, 0xFF, 0xFF,
    0xFF, 0x3A, 0x16, 0x06, 0x86, 0xFF, 0x40, 0xB0, 0x9F, 0x11, 0x4C, 0xFD, 0xE7, 0x65, 0xF8, 0x7F,
    0x5E, 0x69, 0xCB, 0xFF, 0x7E, 0x86, 0xFF, 0xFB, 0x19, 0x18, 0x7E, 0xFF, 0x07, 0x53, 0x5F, 0xFE,
    0xB3, 0x82, 0xA8, 0x8F, 0xFF, 0x39, 0x40, 0xD4, 0x87, 0xFF, 0x5C, 0x10, 0x8A, 0x1B, 0x0F, 0xC5,
    0x85, 0xA4, 0xE1, 0x2B, 0x44, 0xFB, 0x1F, 0xA0, 0x61, 0xE7, 0x8D, 0xB6, 0x82, 0x8C, 0x86, 0x5A,
    0x04, 0xB7, 0x16, 0xE4, 0x08, 0x00, 0x39, 0xD2, 0x4F, 0xF4, 0x78, 0x9C, 0xFB, 0xFF, 0x1F, 0x08,
    0xF8, 0xFF, 0x23, 0x93, 0xE7, 0x95, 0x94, 0x94, 0x98, 0xFE, 0xEF, 0x67, 0x00, 0x02, 0x2C, 0x24,
    0x08, 0xA0, 0x92, 0x20, 0xF5, 0xD8, 0x54, 0x42, 0x48, 0x88, 0x69, 0x18, 0xB6, 0x00, 0x00, 0xE0,
    0x64, 0x41, 0xBE, 0x78, 0x9C, 0xFB, 0xFF, 0x1F, 0x08, 0x38, 0xFE, 0x23, 0x93, 0xE7, 0x95, 0x94,
    0x94, 0x18, 0xFF, 0xEF, 0x67, 0x00, 0x02, 0x2C, 0x24, 0x48, 0x96, 0x01, 0xAC, 0x12, 0x95, 0xC4,
    0xA5, 0x1E, 0x07, 0x09, 0x00, 0x40, 0xF6, 0x37, 0x4C, 0x78, 0x9C, 0x63, 0x70, 0x78, 0xFD, 0x7F,
    0x2E, 0x13, 0x03, 0xC3, 0xCF, 0xFF, 0xFF, 0xFF, 0xC7, 0x33, 0x34, 0xFC, 0x07, 0x01, 0xA6, 0x8F,
    0xFF, 0xF3, 0x9D, 0x7F, 0xFF, 0xE7, 0xFC, 0xFE, 0x9F, 0x8D, 0xE1, 0xC1, 0x7F, 0xDE, 0xDF, 0xFF,
    0x19, 0x18, 0x36, 0xFC, 0xE7, 0xFF, 0x77, 0x9F, 0x81, 0x41, 0x40, 0x89, 0xE9, 0xFF, 0x7E, 0x06,
    0x10, 0x40, 0x50, 0xDF, 0xFF, 0xFF, 0xE7, 0xC7, 0xA0, 0x14, 0x0F, 0x41, 0x34, 0x00, 0xF5, 0x41,
    0xB5, 0x7F, 0xFF, 0xCF, 0x0E, 0xA2, 0x3E, 0xFE, 0xEF, 0x37, 0xFE, 0xFE, 0x9F, 0xBF, 0x00, 0x6C,
    0x11, 0x1F, 0xC3, 0x0F, 0x20, 0x79, 0x9E, 0x89, 0xC1, 0xE0, 0xD5, 0xFF, 0x75, 0xAC, 0x0C, 0x00,
    0xEC, 0xB0, 0x4D, 0x33, 0x78, 0x9C, 0xFB, 0xBF, 0x9F, 0x81, 0x81, 0xE1, 0xFF, 0xFE, 0xFF, 0x24,
    0x53, 0x60, 0x80, 0x4E, 0x9D, 0x57, 0x52, 0x52, 0x22, 0xC7, 0x30, 0x08, 0x05, 0x00, 0x23, 0xFC,
    0x4F, 0xDE, 0x78, 0x9C, 0xFB, 0xBF, 0xFF, 0x3F, 0x51, 0x10, 0x00, 0xCD, 0x12, 0x22, 0xD9, 0x78,
    0x9C, 0x63, 0x60, 0x60, 0xD8, 0xF0, 0x9F, 0x9F, 0x81, 0xAA, 0xE4, 0xFF, 0xFD, 0x0C, 0x07, 0xFE,
    0xF3, 0xFF, 0x7B, 0xCF, 0xF0, 0xE0, 0x3F, 0xCF, 0xAF, 0xFF, 0x16, 0x3F, 0xFF, 0x73, 0x7C, 0xFE,
    0xFF, 0xFF, 0xFF, 0x7B, 0xC6, 0x02, 0x20, 0xE9, 0xCF, 0xC0, 0xB0, 0xF8, 0xDF, 0x3A, 0x26, 0x06,
    0x00, 0x1C, 0xC2, 0x2E, 0xE7, 0x78, 0x9C, 0x25, 0xCD, 0xC1, 0x09, 0x80, 0x40, 0x0C, 0x44, 0xD1,
    0x28, 0x88, 0xEC, 0xC5, 0x16, 0xB6, 0x04, 0x2F, 0xDE, 0xB5, 0x04, 0x4B, 0xB1, 0x23, 0x3B, 0x51,
    0x3B, 0xD0, 0x0E, 0x2C, 0x41, 0x04, 0x11, 0x44, 0x70, 0xFC, 0x61, 0x43, 0xC2, 0x3B, 0x0C, 0x4C,
    0x34, 0x9B, 0xBD, 0xAA, 0x34, 0x5B, 0x27, 0x15, 0xB0, 0x71, 0xEC, 0xAD, 0xE8, 0x7C, 0x2A, 0x61,
    0xD0, 0x6A, 0x70, 0xAA, 0x75, 0x1E, 0x05, 0xD8, 0x75, 0x18, 0x30, 0x59, 0x22, 0x24, 0xA2, 0x33,
    0x69, 0x74, 0x1A, 0x0F, 0x69, 0x79, 0x09, 0xE1, 0x4A, 0x9D, 0x0B, 0x21, 0xF4, 0x52, 0x0E, 0xBC,
    0x08, 0xCE, 0xAD, 0xFA, 0x07, 0x0C, 0x13, 0x4F, 0x25, 0x78, 0x9C, 0xFB, 0xBF, 0x9F, 0x01, 0x08,
    0xFE, 0xD3, 0x8E, 0x3C, 0xAF, 0xA4, 0xA4, 0xC4, 0xF8, 0x1F, 0x04, 0x38, 0x90, 0x49, 0x00, 0xE8,
    0xA4, 0x2D, 0x1F, 0x78, 0x9C, 0x25, 0xC6, 0xB1, 0x0D, 0x82, 0x50, 0x18, 0x85, 0xD1, 0x4B, 0xA2,
    0xC4, 0x68, 0xC4, 0x11, 0x58, 0x81, 0x0D, 0x74, 0x03, 0x47, 0x61, 0x04, 0x49, 0x1C, 0xC0, 0x51,
    0x60, 0x03, 0x5A, 0x3B, 0x19, 0x45, 0x0A, 0x5F, 0x01, 0xD1, 0xCF, 0x77, 0xF3, 0xE7, 0x34, 0x07,
    0x6A, 0x49, 0x89, 0x11, 0xDA, 0x9C, 0xD5, 0xE9, 0x73, 0x70, 0x90, 0x2E, 0x91, 0x8D, 0xBA, 0xC8,
    0x4E, 0x53, 0xE4, 0xA8, 0x39, 0x52, 0x2B, 0x8D, 0x58, 0xAB, 0xE5, 0xE6, 0xAC, 0xBD, 0x38, 0x3B,
    0x89, 0x86, 0xCA, 0x99, 0xB9, 0xB3, 0x77, 0x26, 0x9E, 0x6C, 0x9D, 0x8E, 0x2F, 0x85, 0xD3, 0xC0,
    0x4B, 0x8E, 0x7E, 0x3C, 0x22, 0x0B, 0xD7, 0xC8, 0x87, 0x53, 0xE4, 0xCD, 0x21, 0x32, 0x50, 0xE6,
    0xFC, 0x01, 0x14, 0xB7, 0x7A, 0x5A, 0x78, 0x9C, 0x25, 0xC9, 0xB1, 0x11, 0xC0, 0x30, 0x08, 0x04,
    0x30, 0x3A, 0x77, 0xCC, 0xE4, 0x11, 0xBC, 0x49, 0x46, 0xC8, 0x68, 0xB0, 0x11, 0x8D, 0xD3, 0x71,
    0xF7, 0x01, 0xBE, 0x52, 0x21, 0x84, 0x88, 0xC0, 0x80, 0x45, 0x94, 0xBC, 0x24, 0x48, 0xE5, 0xA0,
    0x4D, 0x54, 0x16, 0x96, 0x31, 0x5C, 0xAC, 0xC6, 0xA1, 0xCD, 0xC6, 0xD3, 0x48, 0xC6, 0x70, 0x31,
    0x38, 0xD9, 0x44, 0x92, 0x7C, 0xC4, 0xC9, 0x81, 0xFD, 0x71, 0x76, 0x5D, 0xE2, 0x78, 0x9C, 0x63,
    0x50, 0x78, 0xF9, 0xBF, 0x86, 0x91, 0x81, 0xE1, 0xFB, 0xFF, 0xFF, 0xFF, 0xED, 0x18, 0x12, 0xFE,
    0x83, 0x00, 0xD3, 0xC7, 0xFF, 0xFD, 0xCE, 0xBF, 0xFF, 0x73, 0x7D, 0xFB, 0xCF, 0xCE, 0x70, 0xE0,
    0xBF, 0xFC, 0xEF, 0xFF, 0x0C, 0x0C, 0x01, 0xFF, 0xF3, 0xFF, 0xDE, 0x67, 0x60, 0x50, 0xF8, 0x3F,
    0xFF, 0xFF, 0x7E, 0x06, 0x06, 0x86, 0xFF, 0xEB, 0x21, 0xD4, 0x7E, 0x3C, 0xD4, 0xFA, 0x7F, 0x40,
    0x0D, 0x02, 0xFF, 0xE7, 0x43, 0xB5, 0x7F, 0x07, 0x1A, 0xB6, 0xE1, 0xBF, 0x3E, 0xC8, 0xE8, 0x5F,
    0xFF, 0xB9, 0xA1, 0x16, 0x31, 0xFC, 0x00, 0x92, 0xFE, 0x0C, 0x0C, 0x06, 0xAF, 0xFE, 0xF7, 0x32,
    0x32, 0x00, 0x00, 0x3D, 0x5D, 0x4C, 0xFB, 0x78, 0x9C, 0xFB, 0xFF, 0xFF, 0xFF, 0x7B, 0x6F, 0x06,
    0x86, 0xFF, 0x20, 0xC0, 0x05, 0xA1, 0xFA, 0x19, 0xFE, 0x9F, 0x57, 0x4A, 0xFA, 0xFF, 0x9F, 0xF1,
    0xFF, 0x7E, 0x06, 0x86, 0xEF, 0xFF, 0xD9, 0x40, 0xD4, 0xC7, 0xFF, 0x9C, 0x20, 0xEA, 0xC3, 0x7F,
    0x6E, 0x08, 0x8F, 0x0B, 0x44, 0x7D, 0xFD, 0xCF, 0x0E, 0x54, 0x19, 0xF4, 0xEF, 0x3F, 0x13, 0x58,
    0xDF, 0x7A, 0x88, 0x76, 0x6E, 0x10, 0xF5, 0x3E, 0x1A, 0x68, 0x26, 0x50, 0x09, 0x03, 0x29, 0x14,
    0x00, 0x92, 0xDE, 0x45, 0x1C, 0x78, 0x9C, 0x63, 0x50, 0x78, 0xF9, 0xBF, 0x86, 0x91, 0x81, 0xE1,
    0xFB, 0xFF, 0xFF, 0xFF, 0xED, 0x18, 0x02, 0xFE, 0x83, 0x00, 0xD3, 0x83, 0xFF, 0xFD, 0xCE, 0xBF,
    0xFF, 0x73, 0x7F, 0xFB, 0xCF, 0xCE, 0x70, 0xE0, 0xBF, 0xFC, 0xAF, 0xFF, 0x8C, 0x40, 0x89, 0xFC,
    0xBF, 0xF7, 0x19, 0x18, 0x14, 0xFE, 0xCF, 0xFF, 0xBF, 0x9F, 0x81, 0x81, 0xE1, 0xFF, 0x7A, 0x08,
    0xB5, 0x1F, 0x0F, 0xB5, 0x1E, 0xAA, 0x01, 0xAA, 0x1D, 0x6A, 0x18, 0xD4, 0x68, 0xA8, 0x45, 0x60,
    0x6B, 0xF3, 0x81, 0xCA, 0x5E, 0x02, 0x69, 0x66, 0xA0, 0x2E, 0x86, 0x1F, 0xFF, 0xFD, 0x41, 0x54,
    0x01, 0x84, 0x62, 0xF8, 0xC6, 0x02, 0xA6, 0x04, 0x18, 0x00, 0x1C, 0x07, 0x53, 0x58, 0x78, 0x9C,
    0xFB, 0xFF, 0xFF, 0xFF, 0x7D, 0x4D, 0x06, 0x86, 0xFF, 0x20, 0xC0, 0x0A, 0xA1, 0xF4, 0x19, 0xFE,
    0x9F, 0x57, 0xDA, 0xFC, 0x7F, 0x3E, 0xC3, 0xFF, 0xFD, 0x0C, 0x02, 0xFF, 0xEF, 0x83, 0x28, 0x86,
    0x3F, 0xFF, 0xC1, 0xD4, 0x6F, 0x08, 0xF5, 0xE7, 0x3D, 0x44, 0x6E, 0x3F, 0x48, 0xE5, 0x91, 0xFF,
    0xF9, 0x10, 0x7D, 0x3C, 0x60, 0xEA, 0x3C, 0x23, 0x98, 0xEA, 0x07, 0x9A, 0xB9, 0x5F, 0xE1, 0xFF,
    0x7B, 0x10, 0x05, 0xD4, 0xC6, 0x0A, 0xA2, 0xBE, 0x80, 0x94, 0xEC, 0x67, 0xB8, 0x00, 0xB2, 0x61,
    0x3F, 0x43, 0x01, 0xCC, 0x06, 0x88, 0x99, 0x3F, 0xFF, 0xB3, 0x01, 0x00, 0x4E, 0xF1, 0x51, 0x99,
    0x78, 0x9C, 0x1D, 0x8D, 0xC1, 0x09, 0xC2, 0x50, 0x18, 0x83, 0xA3, 0x2D, 0x0F, 0x6D, 0x2F, 0x1D,
    0xA1, 0x13, 0x88, 0x13, 0x78, 0x11, 0x5C, 0xC0, 0xA3, 0x14, 0x7A, 0xEA, 0x14, 0x1D, 0xC2, 0x4D,
    0x3A, 0x82, 0x23, 0xD4, 0x0D, 0x1C, 0x40, 0xA1, 0x45, 0x2A, 0xFA, 0x68, 0xEB, 0xE7, 0xFF, 0xCC,
    0x21, 0xE1, 0x83, 0x84, 0xA8, 0x7C, 0x74, 0x27, 0x29, 0x9B, 0x81, 0x54, 0x57, 0x73, 0x1A, 0xBD,
    0x28, 0x8E, 0x5F, 0x22, 0x4F, 0xA4, 0x81, 0xD5, 0x88, 0xD4, 0x93, 0x78, 0x9C, 0x4C, 0x03, 0xCD,
    0xD2, 0xE2, 0x0C, 0x97, 0xD8, 0xF2, 0x03, 0xAD, 0xF1, 0x76, 0x84, 0x9D, 0x61, 0xEE, 0xE9, 0x42,
    0x2B, 0x9F, 0x71, 0xD5, 0x41, 0x7A, 0xB2, 0xA6, 0x0D, 0xF3, 0x74, 0x62, 0x61, 0x94, 0xBC, 0x29,
    0xF6, 0x13, 0xEE, 0x7F, 0x74, 0x0B, 0x35, 0xD8, 0x48, 0xE5, 0x9D, 0x5A, 0xFA, 0x01, 0x0B, 0x25,
    0x48, 0xB3, 0x78, 0x9C, 0xFB, 0xF1, 0x1F, 0x04, 0xFA, 0x7F, 0xA0, 0x50, 0x8A, 0x4A, 0x9F, 0xFE,
    0xEB, 0x28, 0x09, 0x31, 0x30, 0x7C, 0xF8, 0xCF, 0xCD, 0xC0, 0x40, 0x37, 0x0A, 0x00, 0x24, 0x7A,
    0x35, 0xBB, 0x78, 0x9C, 0xFB, 0xBF, 0x9F, 0x81, 0xE1, 0xC3, 0x7F, 0xEE, 0xFF, 0x34, 0xA4, 0xCE,
    0x83, 0x28, 0xAE, 0x3F, 0xFF, 0x19, 0x18, 0xBE, 0xFC, 0xE7, 0xF8, 0xF1, 0xDF, 0x3B, 0xF8, 0xDF,
    0x7F, 0xE6, 0x87, 0xFF, 0x81, 0x60, 0x3F, 0x83, 0xC3, 0x3F, 0x20, 0x25, 0xC3, 0xC0, 0xD0, 0xF8,
    0xE7, 0x7D, 0x36, 0x03, 0x03, 0x00, 0xE2, 0xE4, 0x4D, 0x2D, 0x78, 0x9C, 0x15, 0xCD, 0xDB, 0x11,
    0xC1, 0x00, 0x18, 0x05, 0xE1, 0xC5, 0x8C, 0xBB, 0x89, 0x0E, 0x28, 0x41, 0x07, 0xD1, 0x01, 0x1D,
    0xA4, 0x05, 0x1D, 0xD0, 0x01, 0x1D, 0xA4, 0x05, 0x1D, 0x50, 0x82, 0x0E, 0xE8, 0x20, 0x71, 0x8B,
    0xC1, 0xB0, 0xFC, 0xE7, 0xE5, 0x7B, 0xDA, 0x39, 0x4F, 0xDB, 0x70, 0x32, 0xBD, 0xD9, 0x87, 0x8B,
    0x49, 0x69, 0x02, 0x95, 0xDD, 0xAD, 0x29, 0x3C, 0x6D, 0x2E, 0x5C, 0xC2, 0xC7, 0xDA, 0xD8, 0x1D,
    0x43, 0x8F, 0xF0, 0x2D, 0x98, 0x9A, 0xC3, 0xCB, 0xFA, 0xCA, 0x19, 0xDC, 0x6D, 0xEE, 0xA3, 0x39,
    0xDB, 0x29, 0xED, 0xC1, 0xDE, 0xC1, 0xD5, 0x16, 0xAC, 0x1C, 0x3D, 0xAC, 0xC3, 0xC4, 0xEC, 0x5D,
    0xF0, 0x9F, 0xEB, 0x6F, 0x1E, 0xBE, 0x0B, 0xB3, 0xB0, 0xD2, 0x51, 0x78, 0x31, 0xAE, 0xE1, 0x60,
    0x64, 0xB0, 0xD1, 0x46, 0x38, 0x37, 0xB2, 0x1F, 0xD4, 0xC0, 0x46, 0x06, 0x78, 0x9C, 0x0D, 0x8E,
    0xEF, 0x15, 0x81, 0x00, 0x1C, 0x45, 0x9F, 0xC3, 0x41, 0x74, 0xCA, 0x06, 0x6C, 0xC0, 0x06, 0xDA,
    0x80, 0x0D, 0xD8, 0x40, 0x1B, 0xB0, 0x41, 0x6D, 0x60, 0x84, 0xDA, 0x20, 0x1B, 0x18, 0x21, 0x1B,
    0x48, 0xE4, 0x4F, 0xD4, 0xF5, 0xFB, 0xF8, 0xDE, 0x39, 0xEF, 0xDE, 0xF7, 0x60, 0xA0, 0x77, 0xAE,
    0x19, 0x49, 0xC9, 0x48, 0x5F, 0x14, 0xB0, 0x2F, 0x70, 0xD5, 0xD2, 0x0D, 0x59, 0x9D, 0xF0, 0x26,
    0xD0, 0x8F, 0x99, 0xC7, 0x4C, 0x03, 0x70, 0x52, 0xFC, 0x90, 0xE5, 0x16, 0xDC, 0x0B, 0x6E, 0xC0,
    0x2E, 0x06, 0xBF, 0xC0, 0x99, 0x10, 0x9D, 0x60, 0x5E, 0x1A, 0xAC, 0x4D, 0x0A, 0x9A, 0x4D, 0x45,
    0x4F, 0xBF, 0xBC, 0xBC, 0xBE, 0xA3, 0x17, 0x1D, 0x7D, 0xA8, 0xB2, 0x2A, 0xFB, 0x5C, 0xA5, 0x27,
    0x75, 0x54, 0xE6, 0xBF, 0xB3, 0x74, 0x87, 0x4D, 0x01, 0x47, 0xE9, 0x66, 0x4B, 0x5B, 0xEF, 0xA4,
    0x8B, 0xD1, 0x8C, 0xB8, 0x94, 0x52, 0x33, 0x98, 0x65, 0x2A, 0x1D, 0xCC, 0xBA, 0x00, 0x4F, 0x5A,
    0xDB, 0x13, 0xC1, 0x58, 0xB2, 0xDC, 0x55, 0xC3, 0x50, 0xB2, 0x2C, 0xD5, 0xD6, 0xFF, 0x01, 0xE2,
    0x70, 0x75, 0x1E, 0x78, 0x9C, 0x1D, 0xCD, 0xDD, 0x0D, 0x82, 0x60, 0x0C, 0x85, 0xE1, 0xA3, 0x31,
    0x28, 0x18, 0xD4, 0x0D, 0x18, 0x41, 0x36, 0x80, 0x11, 0x1C, 0xC1, 0x0D, 0x60, 0x13, 0x47, 0xD0,
    0x0D, 0x64, 0x03, 0x47, 0xD0, 0x0D, 0x70, 0x03, 0x82, 0x3F, 0x5F, 0xB8, 0x10, 0x5F, 0x5B, 0xAF,
    0x9E, 0x34, 0x3D, 0xED, 0x79, 0xB2, 0x95, 0x46, 0xA2, 0x86, 0xA3, 0x72, 0x3A, 0x95, 0xA0, 0x13,
    0x95, 0xF4, 0x21, 0xEA, 0x59, 0x49, 0x2F, 0xD2, 0xC0, 0x42, 0xBA, 0x51, 0x8C, 0x4C, 0xA4, 0x1D,
    0xAD, 0x45, 0xE5, 0x47, 0x64, 0x6E, 0x80, 0xC4, 0xBD, 0xC3, 0xD4, 0xED, 0x61, 0xE6, 0x0E, 0xB0,
    0x34, 0x36, 0x40, 0x61, 0xD6, 0x5C, 0x38, 0xFF, 0x63, 0xD9, 0xD7, 0x83, 0x81, 0x78, 0x20, 0x96,
    0x6C, 0x78, 0xD8, 0xA3, 0x3D, 0x57, 0x35, 0x1C, 0xAC, 0xA6, 0xB2, 0x0A, 0xF4, 0x66, 0xED, 0xBB,
    0xF9, 0x0F, 0xE8, 0xE0, 0x4B, 0xCC, 0x78, 0x9C, 0x9D, 0x8C, 0x4D, 0x09, 0x80, 0x40, 0x18, 0x44,
    0x07, 0x15, 0xC4, 0x9F, 0x83, 0x0D, 0xDC, 0x26, 0x56, 0xB1, 0x81, 0x11, 0xB4, 0x81, 0x46, 0xB1,
    0x81, 0x51, 0xDC, 0x0A, 0x1E, 0x16, 0x41, 0x85, 0xE7, 0x7E, 0xD8, 0xC0, 0x81, 0xE1, 0xCD, 0xE1,
    0x31, 0x9E, 0x4E, 0x3A, 0xA9, 0x16, 0x66, 0xE9, 0x21, 0x73, 0xEC, 0x6A, 0x62, 0xE3, 0x4E, 0x7A,
    0x46, 0x29, 0x90, 0xAF, 0xB4, 0x92, 0xA7, 0x3E, 0x28, 0xA5, 0x89, 0x36, 0x90, 0x4A, 0x8E, 0xE1,
    0x8A, 0x9A, 0x74, 0x6F, 0x0C, 0xC6, 0x80, 0x69, 0x26, 0x52, 0x18, 0x27, 0x4C, 0xD3, 0xF7, 0x66,
    0x61, 0xFB, 0xC1, 0x17, 0x16, 0x64, 0x38, 0x70, 0x78, 0x9C, 0xFB, 0xFF, 0x1F, 0x0D, 0xDC, 0x57,
    0x52, 0x52, 0x4A, 0xFA, 0x1F, 0xCF, 0xC0, 0xC0, 0x70, 0xE0, 0x3F, 0x0F, 0x90, 0xFC, 0xF2, 0x9F,
    0x05, 0x48, 0xFE, 0x3D, 0x0F, 0x24, 0x12, 0xFE, 0xDB, 0x03, 0xC9, 0x07, 0xFF, 0xB9, 0x81, 0xE4,
    0x8F, 0xFF, 0xCC, 0x0C, 0x0C, 0x02, 0xFF, 0xD7, 0x03, 0x99, 0x13, 0xFE, 0xEB, 0x03, 0xC9, 0x4F,
    0xFF, 0x39, 0x81, 0xE4, 0xEF, 0xFF, 0x8C, 0x0C, 0x0C, 0x0E, 0xFF, 0xE7, 0x83, 0xB5, 0xCB, 0x03,
    0xC9, 0xAF, 0xFF, 0xB5, 0x80, 0x06, 0xFE, 0x45, 0xB7, 0xE5, 0x3F, 0x00, 0xBA, 0x45, 0x3E, 0xA2,
    0x78, 0x9C, 0xFB, 0xFF, 0x9F, 0xFF, 0x3F, 0x04, 0x9D, 0x67, 0xFA, 0xBF, 0x9F, 0x81, 0x7C, 0x04,
    0xD4, 0x0E, 0x33, 0x0A, 0x00, 0x8A, 0x31, 0x32, 0xC7, 0x78, 0x9C, 0x2D, 0xCD, 0xD1, 0x0D, 0x43,
    0x50, 0x00, 0x85, 0xE1, 0x4B, 0x68, 0x23, 0x84, 0x6E, 0xA0, 0x23, 0x74, 0x83, 0xAE, 0x60, 0x83,
    0x8E, 0xC0, 0x0A, 0xDE, 0xBC, 0x31, 0x82, 0x0D, 0x8C, 0xD0, 0x6E, 0xC2, 0x08, 0x84, 0x88, 0x46,
    0xDA, 0xDF, 0xB9, 0x89, 0x97, 0xEF, 0xE5, 0x3F, 0xC9, 0xD9, 0x71, 0x8C, 0x31, 0x2B, 0x17, 0x39,
    0x11, 0xCA, 0x0F, 0x89, 0x2C, 0x78, 0xC9, 0x3B, 0x9D, 0x34, 0x3F, 0xAC, 0x1B, 0x9E, 0x9C, 0x09,
    0xE4, 0x40, 0x2C, 0x1B, 0x9E, 0xF2, 0x41, 0x6D, 0xF3, 0xBF, 0xB7, 0x7E, 0x71, 0xE5, 0xC2, 0x55,
    0x8E, 0x44, 0xB2, 0x25, 0x95, 0x19, 0xB9, 0xBC, 0xF1, 0xB6, 0xA3, 0xFD, 0x3C, 0xF5, 0x65, 0x59,
    0x79, 0x07, 0xF4, 0x42, 0x28, 0xDF, 0x78, 0x9C, 0xFB, 0xF1, 0x7F, 0xFF, 0x0F, 0x30, 0x52, 0xFC,
    0xBF, 0x9F, 0x81, 0x02, 0xA4, 0x08, 0x33, 0x07, 0x88, 0x00, 0x0D, 0x3A, 0x36, 0xDB, 0x78, 0x9C,
    0x01, 0x32, 0x00, 0xCD, 0xFF, 0x00, 0x20, 0xFF, 0x0D, 0x00, 0x00, 0x80, 0xFF, 0x2F, 0x00, 0x00,
    0xD0, 0xFF, 0x7F, 0x00, 0x00, 0xF2, 0xFF, 0xCF, 0x00, 0x00, 0xF8, 0x9F, 0xFF, 0x02, 0x00, 0xFD,
    0x2D, 0xFF, 0x07, 0x20, 0xFF, 0x08, 0xFE, 0x0C, 0x80, 0xFF, 0x04, 0xF9, 0x2F, 0xD0, 0xFF, 0x00,
    0xF5, 0x7F, 0xF2, 0xBF, 0x00, 0xF1, 0xCF, 0x1E, 0xE8, 0x18, 0x41, 0x78, 0x9C, 0x53, 0x52, 0x02,
    0x82, 0xFF, 0xA8, 0x00, 0x00, 0x83, 0x90, 0x0F, 0x9C, 0x78, 0x9C, 0x3B, 0xF0, 0xDF, 0x9E, 0x41,
    0xE0, 0xEF, 0x7D, 0x06, 0x86, 0x47, 0xFF, 0x39, 0x18, 0x14, 0xFE, 0xEB, 0x03, 0x00, 0x41, 0xA5,
    0x07, 0x22, 0x78, 0x9C, 0x1D, 0xC9, 0x31, 0x0E, 0x40, 0x40, 0x14, 0x00, 0xD1, 0x9F, 0x88, 0x10,
    0x3F, 0xC2, 0x15, 0x1C, 0x42, 0xE2, 0x38, 0x6E, 0xA6, 0x70, 0x09, 0x89, 0x62, 0x8F, 0x40, 0xA9,
    0x13, 0xAD, 0x86, 0xD0, 0x58, 0xC5, 0x8E, 0x5D, 0xCD, 0x14, 0xF3, 0xA4, 0x77, 0x26, 0x96, 0x16,
    0xE8, 0xE4, 0xF6, 0x25, 0xB2, 0x34, 0x96, 0x74, 0x18, 0xE5, 0x24, 0x13, 0xA9, 0x2E, 0x54, 0x16,
    0xFF, 0x75, 0x0E, 0xAA, 0x0F, 0xC9, 0x89, 0xBA, 0xD5, 0xAB, 0x62, 0x42, 0x1D, 0xB5, 0x45, 0xDF,
    0x5F, 0x37, 0x38, 0xC8, 0xCB, 0x7D, 0xEA, 0x29, 0x3E, 0x1E, 0xE5, 0x3A, 0xD5, 0x78, 0x9C, 0xFB,
    0xBF, 0x9F, 0x01, 0x08, 0xFE, 0x13, 0x20, 0xAF, 0xBE, 0xE7, 0x60, 0xF8, 0xFF, 0xFE, 0x3F, 0x90,
    0xFB, 0x1F, 0x04, 0x58, 0xFE, 0xFF, 0x37, 0xFB, 0xF9, 0x9F, 0x13, 0xC8, 0xFD, 0xF0, 0x9F, 0x17,
    0x48, 0x1E, 0xF8, 0xCF, 0x0F, 0x24, 0x37, 0x60, 0x90, 0x10, 0xF1, 0x07, 0x40, 0x35, 0xFF, 0xCD,
    0x7E, 0x00, 0xD5, 0x43, 0xF4, 0xDE, 0x07, 0x9B, 0x53, 0x0F, 0x32, 0x13, 0x00, 0x43, 0xEC, 0x45,
    0xE6, 0x78, 0x9C, 0x63, 0x58, 0xF4, 0xEF, 0x3C, 0x2B, 0x83, 0xC3, 0xFF, 0xFF, 0xFF, 0xE7, 0x33,
    0x3C, 0x04, 0x92, 0xFF, 0x59, 0xBE, 0xFF, 0xB7, 0xFC, 0xFE, 0x9F, 0xFB, 0xCF, 0x7B, 0x86, 0x0B,
    0xFF, 0xF9, 0xFE, 0x9D, 0x67, 0x28, 0xD8, 0xCD, 0xF5, 0x7F, 0x3F, 0x03, 0x10, 0x20, 0x93, 0x40,
    0x71, 0x83, 0x50, 0x16, 0xA0, 0x9A, 0x03, 0xFF, 0xF9, 0xBF, 0xFF, 0xB7, 0xF8, 0xF6, 0x9F, 0x1B,
    0xA2, 0x17, 0x64, 0x4E, 0x3F, 0x03, 0xC3, 0xA4, 0x7F, 0xFB, 0x59, 0x18, 0x00, 0xD7, 0x0B, 0x30,
    0xA3, 0x78, 0x9C, 0x63, 0x60, 0x60, 0xD8, 0xF0, 0x9F, 0x9F, 0x01, 0x3F, 0x79, 0xFD, 0xFE, 0xD6,
    0xFF, 0xFC, 0x0B, 0xFE, 0xFF, 0x7F, 0xFF, 0x9F, 0xFF, 0xF3, 0x7F, 0x20, 0xE0, 0xFF, 0xF9, 0xDF,
    0xEA, 0xDB, 0x7F, 0xFE, 0x3F, 0xFF, 0x41, 0xB2, 0xFF, 0xCE, 0x83, 0xC8, 0xFF, 0xFB, 0xD1, 0x49,
    0x88, 0x38, 0x44, 0xCD, 0xCF, 0xFF, 0x96, 0xDF, 0x60, 0x7A, 0x27, 0xFC, 0xFF, 0x7F, 0x1E, 0x6C,
    0x66, 0xEA, 0x7F, 0x7E, 0x00, 0x0C, 0xEF, 0x45, 0x80, 0x78, 0x9C, 0x63, 0x58, 0xF4, 0x6F, 0x3F,
    0x33, 0x83, 0xC3, 0xFF, 0xFF, 0xFF, 0xE3, 0x19, 0x1E, 0x00, 0xC9, 0xFF, 0x8C, 0xDF, 0xFE, 0x5B,
    0x7E, 0xFF, 0xCF, 0xFE, 0xFB, 0x3F, 0xC3, 0x85, 0xFF, 0x3C, 0xFF, 0xEE, 0x2B, 0x1D, 0xFA, 0xCF,
    0x07, 0x12, 0xFE, 0xCF, 0x8F, 0x4C, 0xFE, 0x3B, 0xCF, 0x00, 0x04, 0x7F, 0xFE, 0x33, 0x32, 0x08,
    0x30, 0x7C, 0xFF, 0xEF, 0x13, 0x7C, 0x07, 0xA2, 0x97, 0xC3, 0xE0, 0xDF, 0xFF, 0xFF, 0xEF, 0x99,
    0x19, 0x1A, 0xFF, 0xDE, 0x97, 0x60, 0x00, 0x00, 0x5F, 0x8A, 0x38, 0x89, 0x78, 0x9C, 0x63, 0x60,
    0xB8, 0xF1, 0x9F, 0x8D, 0xE1, 0xC0, 0xFF, 0xFF, 0x1C, 0x0C, 0xDF, 0x41, 0xC4, 0xDF, 0xFF, 0xE6,
    0x8C, 0x0C, 0xFF, 0xCF, 0x33, 0x30, 0x30, 0xFC, 0xDF, 0xCF, 0xC0, 0xF0, 0xE3, 0xFF, 0xFF, 0xFF,
    0x48, 0x84, 0xE2, 0xFF, 0xF3, 0x4A, 0x10, 0x09, 0xD2, 0x09, 0x00, 0x91, 0x0F, 0x2E, 0x7B, 0x78,
    0x9C, 0x63, 0xB8, 0xF6, 0x3E, 0xE3, 0x3F, 0x7F, 0xC3, 0xFF, 0xFF, 0xEF, 0xFF, 0xF3, 0x7F, 0xFA,
    0x0F, 0x04, 0xFC, 0x3F, 0xFE, 0x5B, 0x7F, 0xFD, 0xCF, 0xFF, 0xE7, 0x3F, 0xE3, 0x86, 0xFF, 0xFC,
    0xFF, 0xEE, 0x33, 0x00, 0xC9, 0xFF, 0xFB, 0xD1, 0xC9, 0x7F, 0xE7, 0x41, 0xE4, 0x9F, 0xFF, 0x20,
    0xF2, 0xC7, 0x7F, 0xAB, 0xAF, 0x30, 0xBD, 0x0D, 0x60, 0x92, 0xE1, 0xDA, 0xFB, 0x6D, 0x40, 0x92,
    0x01, 0x24, 0xCB, 0xC0, 0xC2, 0xF0, 0xE0, 0x3F, 0x9F, 0xC1, 0x7A, 0x93, 0x9F, 0xFF, 0xB9, 0x16,
    0x80, 0x64, 0x99, 0x41, 0x64, 0x3D, 0x03, 0xC3, 0xD6, 0x7F, 0xEB, 0x98, 0x19, 0x00, 0x0E, 0x81,
    0x4D, 0x1E, 0x78, 0x9C, 0xFB, 0xBF, 0x9F, 0x01, 0x08, 0xFE, 0x13, 0x20, 0x8F, 0xBC, 0xE7, 0x64,
    0xF8, 0xFF, 0xFE, 0x3F, 0x90, 0xFB, 0x1F, 0x04, 0x98, 0xFF, 0xFF, 0x37, 0xFB, 0xF5, 0x9F, 0x03,
    0xC8, 0xFD, 0xF8, 0x9F, 0x0B, 0x48, 0x7E, 0xF8, 0xCF, 0x4D, 0x1E, 0x09, 0x00, 0x45, 0x29, 0x44,
    0xB5, 0x78, 0x9C, 0xFB, 0xA6, 0xFB, 0x6F, 0xFD, 0xBF, 0xF5, 0xDF, 0x74, 0x19, 0x80, 0xE0, 0xFF,
    0x7E, 0x7C, 0x10, 0x00, 0x70, 0xDF, 0x1F, 0xC3, 0x78, 0x9C, 0x63, 0x78, 0x1A, 0xC7, 0xF0, 0xEF,
    0x3D, 0x08, 0x01, 0x19, 0x10, 0xF0, 0xFB, 0x3F, 0x69, 0xE8, 0xCF, 0xFF, 0xE0, 0xFF, 0xF7, 0xFF,
    0xFF, 0xEF, 0xFF, 0xFF, 0x5F, 0xEE, 0xDF, 0x3A, 0x46, 0x00, 0x07, 0x96, 0x30, 0x83, 0x78, 0x9C,
    0x85, 0xCC, 0xC1, 0x09, 0x80, 0x30, 0x14, 0x83, 0xE1, 0x07, 0xD5, 0x9B, 0x05, 0x47, 0x71, 0x13,
    0x47, 0x70, 0x24, 0x57, 0xE8, 0x26, 0x6F, 0x84, 0xBA, 0x4B, 0x91, 0x52, 0x28, 0xFC, 0xA6, 0x5D,
    0xC0, 0x1C, 0xBE, 0x43, 0x02, 0xC1, 0x4D, 0xE1, 0xCF, 0x4A, 0xC4, 0x77, 0x08, 0x78, 0xE2, 0x56,
    0x53, 0x88, 0xB2, 0x13, 0x0C, 0x54, 0x0C, 0xCF, 0x69, 0x9E, 0xB2, 0xC8, 0xC6, 0x66, 0xE4, 0xA4,
    0x01, 0x3F, 0x34, 0xE8, 0xA7, 0xB3, 0xCA, 0x77, 0xBC, 0xD9, 0xC3, 0xF5, 0x01, 0xB0, 0x4B, 0x42,
    0xF1, 0x78, 0x9C, 0xFB, 0xBF, 0xFF, 0x3F, 0x91, 0x10, 0x00, 0x15, 0x90, 0x24, 0x97, 0x78, 0x9C,
    0xFB, 0xDF, 0x7F, 0xF8, 0xBF, 0x74, 0xC1, 0x3F, 0x5F, 0x86, 0xFF, 0xF7, 0xFF, 0xFF, 0xBF, 0xFF,
    0xF3, 0xFF, 0x7F, 0xA6, 0xFF, 0x50, 0xC0, 0xF9, 0xFF, 0xBF, 0xD9, 0xAF, 0xFF, 0xF1, 0x5F, 0xFF,
    0xF3, 0xFE, 0x3F, 0xCF, 0xF0, 0xF1, 0x3F, 0xCF, 0x81, 0xFF, 0xFC, 0xFF, 0xF7, 0x33, 0x7C, 0xF8,
    0xCF, 0xBD, 0x81, 0x06, 0x0C, 0x00, 0x74, 0xFD, 0x57, 0x9D, 0x78, 0x9C, 0xFB, 0x5F, 0xBF, 0xF9,
    0xBF, 0x14, 0xC3, 0xFF, 0xF3, 0xFF, 0xFF, 0x9F, 0x67, 0xF8, 0x0F, 0x02, 0x2C, 0xFF, 0xFF, 0x33,
    0x7F, 0xFF, 0xCF, 0xF1, 0x7F, 0x3F, 0xC3, 0xC7, 0xFF, 0x5C, 0x40, 0xF2, 0xC3, 0x7F, 0x6E, 0xF2,
    0x48, 0x00, 0x9C, 0x1E, 0x39, 0xCC, 0x78, 0x9C, 0x63, 0x68, 0xFC, 0x7B, 0x9E, 0x8D, 0xC1, 0xE0,
    0xDF, 0xFF, 0xFF, 0xFB, 0x19, 0x2E, 0xFC, 0x07, 0x02, 0xCE, 0x6F, 0xFF, 0x6D, 0xBE, 0xFE, 0x97,
    0xFF, 0xFD, 0x9F, 0x29, 0xE1, 0x7F, 0xFE, 0xBF, 0xFB, 0x0C, 0x0A, 0xFF, 0xE7, 0x03, 0xA5, 0x18,
    0xFE, 0xEF, 0x47, 0x26, 0x81, 0xE2, 0x02, 0xFF, 0xE7, 0xFF, 0xFE, 0xCF, 0x08, 0x54, 0x03, 0x54,
    0xFF, 0xE4, 0xBF, 0x3C, 0x44, 0xAF, 0x02, 0xD0, 0x9C, 0xF3, 0x0C, 0x0C, 0x60, 0x33, 0x01, 0xFC,
    0xA4, 0x37, 0xCB, 0x78, 0x9C, 0xFB, 0x5F, 0x7F, 0xED, 0x3D, 0x07, 0xC3, 0xFF, 0xFB, 0xFF, 0xFF,
    0xEF, 0x67, 0xF8, 0x0F, 0x02, 0x2C, 0xFF, 0xFF, 0x9B, 0xFD, 0xFA, 0xCF, 0x09, 0xE4, 0x7E, 0xF8,
    0xCF, 0x0B, 0x24, 0x0F, 0xFC, 0xE7, 0x07, 0x92, 0x1B, 0x30, 0xC8, 0x03, 0xFF, 0xF9, 0xC0, 0x6A,
    0x78, 0xFE, 0xFF, 0x37, 0x05, 0xA9, 0x07, 0x01, 0xE6, 0xFF, 0xEF, 0xFF, 0xFF, 0x5F, 0xCF, 0xF0,
    0x7F, 0xFF, 0xD5, 0xF7, 0xEC, 0x40, 0x92, 0x01, 0x08, 0xF0, 0x93, 0x00, 0xDB, 0x3A, 0x45, 0xE5,
    0x78, 0x9C, 0x63, 0x78, 0x71, 0xDF, 0xED, 0x3F, 0xFF, 0x82, 0xFF, 0xFF, 0xCF, 0xFF, 0xE7, 0xFF,
    0xFC, 0x1F, 0x08, 0xF8, 0x7F, 0xFE, 0xB7, 0xFA, 0xF6, 0x9F, 0xFF, 0xCF, 0x7F, 0x86, 0x0D, 0xFF,
    0xF9, 0xFF, 0x9F, 0x07, 0x93, 0xFB, 0xD1, 0xC9, 0x7F, 0x60, 0x71, 0x88, 0x1A, 0xA0, 0xFA, 0xAF,
    0x30, 0xBD, 0x13, 0xC0, 0x24, 0xC3, 0xF5, 0xFB, 0xDB, 0x80, 0x24, 0x03, 0x48, 0x16, 0x3F, 0x09,
    0x00, 0x87, 0x6F, 0x45, 0x84, 0x78, 0x9C, 0xFB, 0xBF, 0xFF, 0x09, 0xFF, 0xFF, 0xFB, 0xFF, 0xF9,
    0xFF, 0xFF, 0x87, 0x61, 0x76, 0x86, 0xFF, 0xE7, 0x19, 0x20, 0x78, 0x3F, 0x7E, 0x0C, 0x00, 0x3E,
    0x73, 0x1F, 0x47, 0x78, 0x9C, 0x63, 0xD8, 0xFA, 0x7F, 0x1D, 0x33, 0xC3, 0x84, 0xFF, 0xFF, 0xFF,
    0xD7, 0x33, 0x7C, 0x01, 0x92, 0xFF, 0x99, 0x7F, 0xFD, 0xB7, 0xF8, 0xF5, 0x9F, 0xE3, 0xF7, 0x7F,
    0x86, 0x4D, 0xBB, 0x39, 0x7E, 0xFC, 0x97, 0x62, 0x60, 0x60, 0x78, 0xF8, 0xFF, 0xBF, 0x17, 0x03,
    0x83, 0xC0, 0xEF, 0xFF, 0xFF, 0x75, 0x18, 0x18, 0x0C, 0x7E, 0xFD, 0x7F, 0xCF, 0xC8, 0xC0, 0xA0,
    0xF0, 0xFB, 0x3F, 0xC7, 0xBB, 0x75, 0x0C, 0x1F, 0xFE, 0x73, 0xFD, 0xF9, 0x6F, 0xF6, 0xFD, 0x3F,
    0xD7, 0x57, 0x90, 0x5E, 0xD6, 0x06, 0x20, 0x31, 0x9F, 0x81, 0x61, 0xCB, 0xBF, 0x7D, 0xAC, 0x0C,
    0x00, 0x4E, 0xE1, 0x33, 0xFD, 0x78, 0x9C, 0x63, 0xE8, 0x88, 0x60, 0x60, 0xF8, 0xBF, 0x1F, 0x8E,
    0x7F, 0xFC, 0xFF, 0xDF, 0x0F, 0xC3, 0x8A, 0xFF, 0xCF, 0x0B, 0x21, 0xCB, 0x61, 0xE2, 0xF7, 0xC2,
    0x0C, 0x7F, 0xFE, 0xF7, 0x33, 0x7C, 0x03, 0xE2, 0x82, 0x7F, 0x71, 0x00, 0xFB, 0x40, 0x27, 0xB8,
    0x78, 0x9C, 0xFB, 0xBF, 0x9F, 0xE1, 0xC3, 0x7F, 0xEE, 0xFF, 0xE4, 0x91, 0xE7, 0x19, 0x3E, 0xFE,
    0xE7, 0xFE, 0xFB, 0xDF, 0xF4, 0xF7, 0x7F, 0xEE, 0x1F, 0xFF, 0x81, 0x80, 0xFB, 0xE1, 0xFF, 0xFF,
    0xFF, 0xFE, 0x73, 0x2B, 0xFC, 0x5E, 0x0F, 0x14, 0x07, 0x00, 0x2E, 0x12, 0x3A, 0xDB, 0x78, 0x9C,
    0x15, 0xCA, 0xD1, 0x09, 0x82, 0x50, 0x00, 0x40, 0xD1, 0x4B, 0x44, 0xA0, 0xA0, 0xB8, 0x81, 0x6D,
    0xD0, 0x0A, 0x6E, 0xE0, 0x08, 0x35, 0x42, 0x1B, 0xE8, 0x26, 0xB9, 0x81, 0x23, 0xB8, 0x82, 0x1B,
    0xD4, 0x06, 0x6A, 0x14, 0x58, 0x28, 0xD7, 0xE7, 0xD7, 0xF9, 0x39, 0x6F, 0x63, 0x56, 0x79, 0x99,
    0x64, 0x76, 0x34, 0xE6, 0x85, 0x15, 0x37, 0xCB, 0xBB, 0x17, 0xCE, 0x56, 0x8D, 0x29, 0xAC, 0x6D,
    0x1F, 0x16, 0xBF, 0xE7, 0xE8, 0x09, 0xBE, 0x7E, 0x3C, 0xC0, 0xE4, 0x7F, 0x00, 0x7A, 0x7D, 0x04,
    0x6A, 0xBD, 0x06, 0x0A, 0xCD, 0x03, 0x68, 0xB2, 0xB3, 0x18, 0xED, 0xCC, 0x1E, 0x61, 0x03, 0xF0,
    0xFD, 0x2F, 0x8A, 0x78, 0x9C, 0x0D, 0xC8, 0xBB, 0x0D, 0x82, 0x00, 0x00, 0x40, 0xC1, 0x97, 0xF8,
    0x8B, 0x44, 0xC0, 0x0D, 0x1C, 0x41, 0x37, 0x21, 0x71, 0x01, 0xDD, 0x40, 0x37, 0xD0, 0x11, 0xA8,
    0x6C, 0x65, 0x03, 0x56, 0xA1, 0xB5, 0x62, 0x04, 0x45, 0x44, 0x03, 0x11, 0x9F, 0x74, 0x97, 0xAB,
    0x9D, 0xA4, 0x4E, 0xCF, 0xC6, 0x0F, 0x67, 0x85, 0x41, 0x66, 0x58, 0x38, 0xAF, 0x8C, 0x06, 0xA7,
    0x2E, 0x1A, 0xD7, 0xC3, 0xEF, 0x8D, 0x5A, 0x77, 0x4F, 0x47, 0x1B, 0x57, 0x5F, 0xAF, 0x2F, 0xC1,
    0xC4, 0x5F, 0xF9, 0x29, 0xA1, 0xCF, 0xBD, 0xD9, 0xE5, 0xD0, 0xE9, 0x45, 0x4F, 0xF0, 0xD6, 0xAD,
    0x26, 0x50, 0x7B, 0x5F, 0x6A, 0x0C, 0x0F, 0x73, 0x7A, 0x43, 0x28, 0x3C, 0xD0, 0x1A, 0x40, 0xE6,
    0x9A, 0xC6, 0x19, 0x1C, 0x8D, 0xA8, 0x1C, 0xF3, 0x07, 0x30, 0x01, 0x4E, 0x75, 0x78, 0x9C, 0x0D,
    0xC8, 0x49, 0x0D, 0x80, 0x30, 0x00, 0x45, 0xC1, 0x0F, 0x5C, 0x48, 0xC3, 0x01, 0x07, 0x95, 0x50,
    0x1C, 0x80, 0x04, 0x24, 0x20, 0x01, 0x27, 0x95, 0xD2, 0x3A, 0x00, 0x09, 0x48, 0xC0, 0x01, 0x09,
    0xDB, 0x81, 0x25, 0x0F, 0xE6, 0x38, 0x1B, 0x45, 0x87, 0x8F, 0xD4, 0x23, 0xB6, 0x62, 0x58, 0xC9,
    0xF5, 0x70, 0x93, 0x68, 0x07, 0x2F, 0x4D, 0x60, 0xA5, 0x96, 0xBF, 0x55, 0x42, 0x26, 0xF5, 0x60,
    0xA4, 0x19, 0x9C, 0x74, 0x42, 0x90, 0xDE, 0xE5, 0x22, 0x6D, 0xF1, 0x1B, 0x66, 0xC2, 0x46, 0xDC,
    0x81, 0x69, 0x08, 0x1F, 0x1A, 0x4E, 0x33, 0x0C, 0x78, 0x9C, 0x2D, 0xCA, 0xD1, 0x09, 0x82, 0x60,
    0x18, 0x85, 0xE1, 0x53, 0x81, 0x08, 0x45, 0x8E, 0x60, 0x23, 0xB8, 0x41, 0xA3, 0xE8, 0x02, 0xA2,
    0x23, 0x74, 0xD1, 0xBD, 0x23, 0xD8, 0x08, 0x6D, 0x60, 0x1B, 0xB8, 0x42, 0x1B, 0x98, 0x8A, 0x45,
    0x14, 0xFF, 0xDB, 0xFF, 0x69, 0x37, 0xE7, 0x81, 0xC3, 0x3B, 0xB2, 0xD5, 0x97, 0xD5, 0x83, 0xBD,
    0x68, 0x75, 0x25, 0x4E, 0xA8, 0x94, 0x91, 0x96, 0x1C, 0x75, 0xA0, 0xBA, 0x10, 0x49, 0xAE, 0xB9,
    0xFB, 0x4A, 0xEF, 0x6E, 0x20, 0x90, 0x26, 0x5E, 0xAC, 0xA5, 0x1E, 0xD7, 0x49, 0xBA, 0x41, 0xED,
    0x39, 0x41, 0xEA, 0x49, 0x20, 0xF6, 0x08, 0x76, 0xC6, 0x87, 0xD0, 0x78, 0xB2, 0x31, 0x26, 0x34,
    0x9F, 0x8D, 0xED, 0x99, 0x62, 0x09, 0xFF, 0x7D, 0x60, 0xB8, 0xDC, 0xF6, 0x07, 0xF7, 0x93, 0x3B,
    0x1F, 0x78, 0x9C, 0xFB, 0xFF, 0x1F, 0x19, 0xDC, 0x57, 0x52, 0x6A, 0xFA, 0xEF, 0xCF, 0xC0, 0xF0,
    0xF0, 0x3F, 0x37, 0x03, 0xC3, 0xAF, 0xFF, 0x4C, 0x0C, 0x0E, 0xFF, 0xFB, 0x19, 0x18, 0x2E, 0xFC,
    0xE7, 0x63, 0x60, 0xF8, 0xFE, 0x9F, 0x95, 0x41, 0xE1, 0xFF, 0x79, 0x06, 0x86, 0x0D, 0xFF, 0xF5,
    0x19, 0x18, 0xBE, 0xFE, 0xD7, 0x56, 0x52, 0xFA, 0x87, 0xA2, 0xF7, 0x3F, 0x00, 0x0B, 0xBA, 0x2F,
    0x91, 0x78, 0x9C, 0x55, 0xCA, 0xCD, 0x0D, 0x40, 0x40, 0x00, 0x05, 0xE1, 0xC9, 0x26, 0x5C, 0x36,
    0x1B, 0x5B, 0x82, 0x0E, 0x94, 0x42, 0x09, 0x3A, 0xA2, 0x03, 0x3A, 0x50, 0x82, 0x12, 0xE8, 0x40,
    0x09, 0x2E, 0x22, 0xFE, 0xE2, 0xD9, 0x38, 0x71, 0x98, 0xCB, 0xE4, 0x03, 0x6F, 0x60, 0xB3, 0xB4,
    0x4A, 0x58, 0x14, 0x71, 0xCC, 0x70, 0x0F, 0xA0, 0xFE, 0x97, 0x57, 0x43, 0xA9, 0x9C, 0x5D, 0x16,
    0x75, 0x81, 0x04, 0x5A, 0x2B, 0x23, 0x55, 0xC5, 0x3B, 0xBE, 0xFE, 0x0E, 0x9D, 0x13, 0xAC, 0x32,
    0x8C, 0x72, 0xF8, 0xCB, 0x41, 0x11, 0x3F, 0x3E, 0x96, 0x2B, 0xA6, 0x78, 0x9C, 0xFB, 0xCF, 0xF4,
    0x9F, 0x04, 0x08, 0x00, 0x2A, 0x46, 0x17, 0x18, 0x78, 0x9C, 0x0B, 0x60, 0x64, 0x60, 0xF8, 0x98,
    0xCF, 0xC0, 0xF0, 0xE5, 0x3F, 0x1B, 0xC3, 0x84, 0xFF, 0xF2, 0x0C, 0x06, 0xFF, 0xF3, 0x19, 0x04,
    0xFE, 0xCF, 0x67, 0x60, 0xF8, 0xBF, 0x1F, 0x15, 0xFF, 0x3B, 0xCF, 0xC0, 0xF0, 0xEB, 0x3F, 0x03,
    0xC3, 0xA7, 0xFF, 0x3C, 0x40, 0x45, 0xFC, 0x0C, 0x07, 0x80, 0xF8, 0xFB, 0x7F, 0x66, 0x86, 0xBF,
    0xF7, 0x31, 0xD5, 0xFE, 0x5F, 0xCF, 0xA0, 0xF0, 0xBF, 0x9E, 0x21, 0xE1, 0xBF, 0x3D, 0xC3, 0xE3,
    0xFF, 0x5C, 0x0C, 0x9F, 0x81, 0x5A, 0x17, 0xB0, 0x31, 0x30, 0x00, 0x00, 0x65, 0xC3, 0x2C, 0x77,
    0x78, 0x9C, 0x63, 0x50, 0x60, 0x64, 0x00, 0x02, 0x83, 0xBF, 0xFB, 0x19, 0x19, 0x76, 0x73, 0x3E,
    0xFC, 0xFF, 0x5F, 0x56, 0xE1, 0x3F, 0xCF, 0xF7, 0xFF, 0xFF, 0xCF, 0x6F, 0xFE, 0xCF, 0xF1, 0x27,
    0xFF, 0xE0, 0xFF, 0xFF, 0xFF, 0x99, 0xFF, 0xF3, 0x0B, 0xFC, 0xFD, 0xBF, 0x9E, 0xA1, 0x9C, 0x8D,
    0x61, 0xE1, 0x7B, 0x0E, 0x06, 0x00, 0x17, 0xAE, 0x17, 0x82, 0x78, 0x9C, 0x03, 0x00, 0x00, 0x00,
    0x00, 0x01, 0x78, 0x9C, 0x7B, 0x1A, 0xF7, 0xEF, 0xFD, 0xBF, 0xF7, 0x4F, 0xE3, 0x18, 0x80, 0xE0,
    0xF7, 0x7F, 0xDC, 0x10, 0x00, 0x7A, 0xAE, 0x22, 0x0D, 0x78, 0x9C, 0x63, 0x60, 0xF8, 0xCB, 0xCF,
    0x00, 0x04, 0x48, 0x64, 0xE3, 0xFF, 0xFD, 0x2C, 0x0C, 0x0A, 0xFF, 0xFE, 0xFF, 0xEF, 0x67, 0x38,
    0xF0, 0x1F, 0x08, 0x98, 0xBF, 0xFC, 0x97, 0xFC, 0xFE, 0x9F, 0xEB, 0xD7, 0x7F, 0x86, 0x0B, 0xFF,
    0xF9, 0xFE, 0x9E, 0x67, 0x28, 0x58, 0xC5, 0xF5, 0x7F, 0x3F, 0x48, 0x35, 0x32, 0x09, 0x14, 0x37,
    0x70, 0x61, 0x81, 0xA8, 0xF9, 0xFA, 0x5F, 0xF3, 0xFB, 0x7F, 0x6E, 0x88, 0x5E, 0x90, 0x39, 0xF5,
    0x50, 0x33, 0x19, 0x30, 0xEC, 0x02, 0x00, 0x86, 0x8F, 0x35, 0xD7, 0x78, 0x9C, 0x63, 0x60, 0x38,
    0xFA, 0x3F, 0x87, 0x81, 0xA1, 0xE1, 0xFF, 0xFF, 0xFF, 0x5C, 0x0C, 0x9F, 0x81, 0x64, 0x3C, 0xC3,
    0xAF, 0xFF, 0x69, 0xFF, 0xF7, 0x33, 0xFC, 0xBB, 0xCF, 0xF0, 0xF7, 0x3D, 0x03, 0x90, 0x31, 0x6D,
    0x26, 0x88, 0x04, 0x02, 0x24, 0x12, 0xA8, 0xEE, 0x3F, 0x0F, 0x0A, 0xA9, 0xF4, 0xFF, 0xBC, 0x12,
    0x13, 0x5C, 0xCD, 0x7A, 0x20, 0x21, 0xF0, 0xBF, 0x1F, 0x48, 0x16, 0xFD, 0x8F, 0x57, 0x52, 0x52,
    0xFA, 0x8F, 0x01, 0x00, 0x86, 0x16, 0x41, 0x6E, 0x78, 0x9C, 0x63, 0x60, 0x62, 0x00, 0x01, 0x05,
    0x86, 0x06, 0x39, 0x85, 0x9B, 0xFF, 0xE7, 0x32, 0x3D, 0xE4, 0xFA, 0x7C, 0xFF, 0xC7, 0xFF, 0xFF,
    0xFF, 0xFB, 0xFF, 0xD4, 0x6F, 0x00, 0x52, 0x77, 0x81, 0x58, 0x96, 0xE1, 0xDF, 0x7B, 0x36, 0x86,
    0x84, 0x7F, 0xEF, 0x19, 0x05, 0xFE, 0xCB, 0x00, 0xD5, 0x1E, 0xFC, 0xCF, 0xD8, 0xF0, 0x9E, 0x11,
    0xC8, 0x10, 0xF8, 0xC7, 0x71, 0xA0, 0x1E, 0xAC, 0xFD, 0x3B, 0xCF, 0x07, 0x7B, 0x30, 0xE3, 0x33,
    0xFF, 0x07, 0x7D, 0x30, 0xE3, 0x13, 0xFF, 0x03, 0x7F, 0x30, 0xE3, 0x0B, 0xDF, 0x81, 0xF5, 0x60,
    0xC6, 0x2F, 0x9E, 0x82, 0xFF, 0xCC, 0x40, 0xDA, 0xE0, 0x3F, 0xBB, 0xC0, 0x7F, 0x3F, 0x90, 0xCC,
    0x7F, 0xC6, 0x84, 0xFF, 0xFF, 0xA3, 0x8D, 0xB7, 0xFE, 0xFF, 0xCF, 0xF1, 0xF9, 0x3F, 0x04, 0xF8,
    0x5F, 0x98, 0x0F, 0xB6, 0xFD, 0x0B, 0x8F, 0x01, 0x37, 0xD8, 0x3D, 0x01, 0x8C, 0x0C, 0x30, 0x00,
    0x00, 0xDF, 0x07, 0x46, 0x95, 0x78, 0x9C, 0xFB, 0xF3, 0x9F, 0xD1, 0xE0, 0xFF, 0x7F, 0xC6, 0x6F,
    0xFF, 0x59, 0x0B, 0xFE, 0xAF, 0x67, 0xF8, 0xF8, 0x9F, 0xEB, 0xC0, 0x7F, 0x7F, 0x86, 0x0D, 0xFF,
    0xF9, 0x3E, 0xFE, 0xE7, 0x63, 0x48, 0xF8, 0x6F, 0xFF, 0xED, 0x3F, 0x07, 0x83, 0xC0, 0xFF, 0xFE,
    0x5F, 0xFF, 0x99, 0x18, 0x18, 0x7E, 0xDF, 0xFF, 0x7F, 0x9E, 0x81, 0x81, 0xE1, 0xEB, 0xFF, 0xFF,
    0xF9, 0x40, 0xEA, 0xC3, 0xFF, 0xFF, 0xFC, 0x40, 0x6A, 0xC1, 0xFF, 0xFF, 0x9C, 0x60, 0x0E, 0x88,
    0x0B, 0xA5, 0x02, 0x42, 0xFF, 0xDF, 0x0F, 0x65, 0x05, 0x4A, 0xFE, 0xDF, 0xCF, 0x80, 0x2E, 0xA7,
    0xA0, 0xF4, 0xFF, 0xBC, 0x12, 0x13, 0x4C, 0x0E, 0x95, 0x02, 0x00, 0x8A, 0x23, 0x43, 0xDE, 0x78,
    0x9C, 0xFB, 0xBF, 0xFF, 0x3F, 0x06, 0x64, 0x00, 0x02, 0x4C, 0x51, 0x10, 0x04, 0x00, 0x5B, 0x44,
    0x24, 0x97, 0x78, 0x9C, 0x1D, 0xCC, 0x3F, 0x0E, 0x01, 0x41, 0x18, 0x86, 0xF1, 0x77, 0x1B, 0x21,
    0xA1, 0x55, 0xAB, 0x1D, 0x41, 0x43, 0xBD, 0x91, 0xB8, 0x02, 0x17, 0x40, 0xAD, 0x73, 0x82, 0x4D,
    0xB8, 0x80, 0xD0, 0x29, 0x50, 0x4A, 0x14, 0x7B, 0x84, 0x3D, 0xC2, 0x46, 0x23, 0x51, 0x4D, 0xB1,
    0x12, 0x7F, 0x66, 0x67, 0x1F, 0x33, 0xFB, 0x15, 0x4F, 0xF1, 0xE5, 0x97, 0x57, 0x6B, 0x67, 0x06,
    0x1A, 0xE1, 0xAF, 0x71, 0x0F, 0x1D, 0xBE, 0x19, 0x1F, 0x38, 0xFF, 0x88, 0x54, 0x19, 0x8B, 0x74,
    0xBD, 0x7D, 0x69, 0x4A, 0x7A, 0x91, 0x77, 0xA5, 0x9D, 0x27, 0x7D, 0x5D, 0x6A, 0xFF, 0xE1, 0x09,
    0x13, 0x97, 0xE9, 0x41, 0x4A, 0xAA, 0x9E, 0xFF, 0x99, 0x48, 0x16, 0xCB, 0x5C, 0x65, 0x5E, 0xC0,
    0x89, 0x64, 0x1A, 0x64, 0x5B, 0x7B, 0xDF, 0x8E, 0x34, 0x73, 0x24, 0x7E, 0x6A, 0x49, 0x7E, 0x5C,
    0x49, 0x25, 0x95, 0x09, 0xB5, 0xC4, 0x5B, 0xB2, 0x22, 0xC8, 0x45, 0xED, 0x5B, 0xDA, 0x38, 0x13,
    0xEB, 0x0F, 0x1F, 0x2A, 0x65, 0xA5, 0x78, 0x9C, 0x53, 0x60, 0x64, 0x10, 0x60, 0xFC, 0x19, 0xCF,
    0xF0, 0x75, 0xFE, 0xFF, 0xF5, 0x0C, 0xBF, 0xFE, 0x7F, 0xB7, 0x63, 0x78, 0x5C, 0x0F, 0x00, 0x4E,
    0xDE, 0x09, 0x5D, 0x78, 0x9C, 0x63, 0x60, 0x50, 0x38, 0xF1, 0xFF, 0x9C, 0x38, 0x03, 0x08, 0xFC,
    0xF8, 0x7F, 0xEF, 0xDF, 0x7F, 0x76, 0x20, 0xE3, 0xE0, 0x7B, 0x71, 0x06, 0x85, 0x1F, 0xEB, 0x81,
    0xAC, 0x3F, 0xD2, 0x40, 0x42, 0xE1, 0x2F, 0x17, 0x43, 0xC1, 0x79, 0x86, 0x86, 0x7F, 0xFB, 0x98,
    0x2F, 0xC6, 0x33, 0x7C, 0x94, 0x67, 0xF8, 0x73, 0xFF, 0xBF, 0xBD, 0xC1, 0x7D, 0x86, 0x6F, 0x1C,
    0x05, 0xF7, 0x19, 0x27, 0xEC, 0x67, 0xF8, 0xCD, 0xF2, 0x9B, 0xF9, 0x82, 0x3F, 0x83, 0xC2, 0x7F,
    0x86, 0xAF, 0x1C, 0xFF, 0x18, 0x3E, 0xF0, 0x33, 0x30, 0x18, 0x33, 0x7C, 0xE2, 0xBE, 0x0F, 0x66,
    0x31, 0x30, 0x7C, 0xE0, 0x45, 0xB0, 0x80, 0xB2, 0xF2, 0x0C, 0x0C, 0xA1, 0x40, 0xD9, 0xDF, 0xCC,
    0x07, 0xE2, 0x19, 0x14, 0xDE, 0x03, 0x75, 0x7C, 0xE3, 0x4C, 0x78, 0xCF, 0xB2, 0x71, 0x3D, 0xD0,
    0x94, 0x8F, 0xFA, 0x0C, 0xBF, 0xFE, 0xFF, 0xD7, 0x03, 0x9A, 0x0C, 0xB4, 0x2D, 0xE1, 0x76, 0x0F,
    0x23, 0xD0, 0x36, 0x86, 0x3F, 0x32, 0x50, 0x17, 0x20, 0xB9, 0x0A, 0xE1, 0x52, 0xB8, 0xEB, 0x01,
    0x2D, 0xC2, 0x4C, 0x47, 0x78, 0x9C, 0x4B, 0xF8, 0x5B, 0xC7, 0xF0, 0xF5, 0xFF, 0x7F, 0xB6, 0xBF,
    0xFD, 0xFF, 0x79, 0x4F, 0x73, 0xFD, 0xE6, 0x67, 0x60, 0xF8, 0xCD, 0x3F, 0xE1, 0xDF, 0x7F, 0xFE,
    0x5F, 0xEF, 0xFF, 0xF3, 0xFF, 0xE7, 0xFD, 0xCD, 0xFF, 0x9F, 0xE7, 0x37, 0xFF, 0x6F, 0x20, 0xFB,
    0xD0, 0xF9, 0x5F, 0xFA, 0x00, 0x39, 0x06, 0x19, 0xC6, 0x78, 0x9C, 0x63, 0x30, 0xF8, 0xCF, 0xF4,
    0x9B, 0x8B, 0xE1, 0xC2, 0xFA, 0x80, 0xFF, 0x4C, 0x0C, 0xDF, 0xEC, 0x1F, 0xAC, 0x67, 0x10, 0xF8,
    0xC7, 0xFD, 0xDD, 0x9E, 0x61, 0xC2, 0x7F, 0x91, 0xFF, 0x3C, 0x0C, 0x0F, 0xDE, 0x17, 0xFC, 0x67,
    0x63, 0x28, 0xF8, 0x2F, 0xF2, 0x8F, 0x87, 0x81, 0xE1, 0x1F, 0xF7, 0x37, 0x7B, 0x06, 0x86, 0xAF,
    0xF6, 0x17, 0xD6, 0x33, 0x30, 0x1C, 0x58, 0xEF, 0x00, 0x54, 0x0F, 0xD6, 0x0B, 0x00, 0xC6, 0x44,
    0x1C, 0x70, 0x78, 0x9C, 0x53, 0x52, 0x02, 0x82, 0xFF, 0x40, 0x70, 0x1F, 0x44, 0xFC, 0x67, 0x60,
    0x60, 0xF8, 0x70, 0x1F, 0x85, 0x68, 0xC8, 0x00, 0x00, 0x50, 0xC4, 0x10, 0xD6, 0x78, 0x9C, 0x53,
    0x52, 0x52, 0xFA, 0x0F, 0x03, 0x00, 0x31, 0x41, 0x09, 0x5E, 0x78, 0x9C, 0x63, 0x60, 0x50, 0x38,
    0xF1, 0xFF, 0x9C, 0x38, 0x03, 0x08, 0xFC, 0xF8, 0x7F, 0xEF, 0xDF, 0x7F, 0x76, 0x20, 0xE3, 0xE0,
    0x7B, 0x71, 0x06, 0x85, 0x1F, 0xEB, 0x81, 0xAC, 0x3F, 0xD2, 0x40, 0x42, 0xE1, 0x2F, 0x17, 0x43,
    0xC1, 0xF9, 0x0F, 0xFF, 0xFF, 0xAF, 0x63, 0x7E, 0x18, 0xCF, 0xF0, 0x51, 0xFE, 0xC3, 0xFD, 0xBB,
    0xFF, 0xFD, 0x0D, 0xEE, 0x33, 0x7C, 0xE3, 0xF8, 0xC0, 0xCF, 0x90, 0x70, 0x9E, 0xE1, 0x37, 0xCB,
    0x6F, 0x66, 0x20, 0x8B, 0xE1, 0x3F, 0xC3, 0x57, 0x8E, 0x7F, 0x0C, 0x40, 0x56, 0xC0, 0x7D, 0x86,
    0x4F, 0xDC, 0xF7, 0x19, 0x3E, 0xAC, 0xDF, 0xF5, 0xD7, 0x8E, 0xE1, 0x03, 0x2F, 0x90, 0xF5, 0xFF,
    0xFF, 0x7F, 0x4E, 0x20, 0x0B, 0x28, 0xAB, 0x6F, 0xB4, 0x65, 0x3E, 0x50, 0x16, 0xAC, 0x43, 0xE0,
    0x3D, 0x50, 0xC7, 0x37, 0x4E, 0x88, 0xDE, 0xDF, 0x2C, 0x1F, 0xF5, 0xC1, 0x2C, 0x87, 0xFB, 0x40,
    0xDB, 0x0A, 0x80, 0xEE, 0x28, 0x7F, 0x14, 0x0F, 0x74, 0x81, 0x0C, 0xD4, 0x05, 0x48, 0xAE, 0x42,
    0xB8, 0x14, 0xEE, 0x7A, 0x00, 0xA1, 0xA2, 0x52, 0xE9, 0x78, 0x9C, 0x53, 0x52, 0x52, 0x52, 0xFA,
    0x0F, 0x05, 0x00, 0x29, 0x7C, 0x08, 0x81, 0x78, 0x9C, 0x63, 0x60, 0x60, 0x60, 0x08, 0xF8, 0x1B,
    0xCB, 0xF0, 0xF5, 0xFF, 0x7F, 0xD6, 0xBF, 0x6C, 0xDF, 0x78, 0xFF, 0x33, 0x7C, 0xE0, 0x07, 0xD1,
    0x20, 0x7E, 0xC0, 0xDF, 0x5C, 0x06, 0x00, 0xE5, 0x5B, 0x0F, 0x5F, 0x78, 0x9C, 0x63, 0x08, 0xE8,
    0xE0, 0x60, 0x60, 0xD8, 0xF0, 0x9F, 0x1F, 0x9D, 0xF8, 0x8F, 0x0A, 0x94, 0x0E, 0xFD, 0xD7, 0x57,
    0xC2, 0xA6, 0x8E, 0xC1, 0x21, 0x8D, 0x8D, 0x41, 0x09, 0x04, 0xD0, 0x74, 0x00, 0x00, 0xB8, 0xB2,
    0x30, 0x3D, 0x78, 0x9C, 0x0B, 0xF8, 0xDB, 0xC7, 0xF0, 0xF5, 0xFF, 0x7F, 0x8E, 0x3F, 0xFD, 0xFF,
    0xF9, 0xEE, 0x72, 0xFD, 0xE6, 0x67, 0x10, 0xF8, 0xCF, 0xCB, 0xB0, 0xE1, 0x3F, 0x0B, 0xC3, 0xAF,
    0x7C, 0x86, 0x09, 0xFF, 0xD9, 0x18, 0x7E, 0xBE, 0x2F, 0x67, 0xFF, 0xFF, 0xFF, 0x3F, 0x3F, 0x08,
    0x03, 0x00, 0x09, 0x30, 0x17, 0xAB, 0x78, 0x9C, 0x53, 0xF8, 0x7D, 0x9E, 0xE5, 0xE1, 0xFF, 0xFF,
    0xFE, 0xDF, 0xD6, 0xFF, 0x9A, 0x6F, 0xC8, 0xFC, 0x61, 0x3D, 0x43, 0xC1, 0x2F, 0x7F, 0x86, 0x8F,
    0xFF, 0x39, 0x18, 0x12, 0x7E, 0xC6, 0x17, 0xB3, 0x7F, 0x58, 0x0F, 0x12, 0x07, 0xCA, 0xDB, 0x2B,
    0x00, 0xD5, 0x01, 0x00, 0x46, 0xDD, 0x19, 0xFA, 0x78, 0x9C, 0x63, 0xF8, 0xF6, 0x9F, 0x4B, 0xE0,
    0xDF, 0x7E, 0x86, 0x05, 0xFF, 0x79, 0x18, 0xBE, 0xDE, 0x67, 0x64, 0x00, 0x00, 0x42, 0xC2, 0x07,
    0x4D, 0x78, 0x9C, 0xFB, 0xBF, 0x9F, 0x61, 0xC3, 0x7F, 0xFE, 0xFF, 0xA4, 0x92, 0xE7, 0xC1, 0xE4,
    0x7D, 0x86, 0x03, 0x40, 0xF2, 0xBF, 0xF9, 0x77, 0x10, 0x09, 0x04, 0x30, 0xF2, 0xFD, 0xBF, 0xD5,
    0x60, 0x95, 0x40, 0x80, 0x9F, 0x04, 0x00, 0x96, 0xFC, 0x43, 0xFC, 0x78, 0x9C, 0x63, 0x48, 0xF8,
    0xF3, 0xFF, 0x3E, 0xC3, 0xEF, 0xFF, 0xFF, 0xEF, 0x17, 0xFC, 0x07, 0x12, 0x1F, 0x40, 0xC4, 0x17,
    0x10, 0xF1, 0x0D, 0x44, 0x7C, 0x87, 0x13, 0x5F, 0xE0, 0xB2, 0x60, 0x75, 0x60, 0x1D, 0x0C, 0x60,
    0xBD, 0x0C, 0x0C, 0x1F, 0x08, 0x10, 0x00, 0xC6, 0x3C, 0x45, 0x16, 0x78, 0x9C, 0xFB, 0xA6, 0xFB,
    0x6F, 0xFD, 0xBF, 0xF5, 0xDF, 0x74, 0x01, 0x1A, 0x70, 0x05, 0xA1, 0x78, 0x9C, 0x6B, 0xAC, 0x60,
    0xF8, 0xFA, 0x9E, 0xED, 0xCA, 0xFF, 0x7C, 0x86, 0xFF, 0xEB, 0x03, 0xFE, 0xCF, 0xFF, 0xF0, 0x5F,
    0xFF, 0xC3, 0x3A, 0x26, 0x00, 0x85, 0xF5, 0x0C, 0x80, 0x78, 0x9C, 0x63, 0x08, 0x60, 0x9B, 0xF2,
    0x8F, 0xFB, 0xFF, 0x7F, 0xEE, 0x75, 0xFF, 0xB9, 0x19, 0xB0, 0x21, 0x00, 0xE7, 0xEB, 0x0C, 0xFB,
    0x78, 0x9C, 0x13, 0xF8, 0xB5, 0x9F, 0xE9, 0xE1, 0xFF, 0xFF, 0x72, 0x3F, 0xD6, 0xFF, 0xEA, 0xFF,
    0xCB, 0xF7, 0xE0, 0xFE, 0x7F, 0xEE, 0x0D, 0xFF, 0x61, 0x18, 0xC4, 0x07, 0x89, 0x83, 0xE4, 0x05,
    0x80, 0xEA, 0x00, 0x9E, 0x5A, 0x1D, 0xB0, 0x78, 0x9C, 0xFB, 0xC5, 0xFD, 0xD1, 0x9F, 0x81, 0xE1,
    0x93, 0xFF, 0x84, 0xFB, 0x0C, 0x0C, 0x1B, 0xEE, 0x2B, 0xFC, 0x67, 0x63, 0x30, 0xF8, 0xCF, 0xF6,
    0x4B, 0x8E, 0x81, 0xE1, 0x0F, 0xDF, 0xA7, 0x7E, 0x06, 0x86, 0x6F, 0xF9, 0x17, 0xFE, 0x03, 0xD9,
    0xF2, 0x9F, 0xD6, 0x03, 0xC5, 0xD9, 0x7F, 0xC9, 0x83, 0xD5, 0xB0, 0x33, 0x7C, 0x8A, 0x07, 0xA9,
    0xFF, 0xC5, 0xFD, 0x31, 0x9E, 0x81, 0x01, 0x00, 0xCA, 0x91, 0x1C, 0x8B, 0x78, 0x9C, 0x63, 0x30,
    0x60, 0x64, 0x00, 0x81, 0xC2, 0xBF, 0x4C, 0x60, 0xFA, 0xFF, 0x7F, 0x20, 0xAD, 0xC5, 0xC0, 0xF0,
    0x1E, 0x48, 0x27, 0xDC, 0x67, 0x60, 0x60, 0x02, 0xD2, 0x0F, 0xE2, 0x41, 0x12, 0x4C, 0x0C, 0xDF,
    0x78, 0x21, 0xF4, 0x3F, 0x16, 0x30, 0x5D, 0x70, 0x1E, 0xAC, 0x81, 0xE9, 0x81, 0x3D, 0x84, 0xFE,
    0xCE, 0xDD, 0x98, 0x01, 0xA2, 0xFF, 0x31, 0xFF, 0x04, 0x6A, 0x64, 0x28, 0x58, 0x6F, 0xF0, 0x1F,
    0x44, 0x3F, 0xD4, 0x3F, 0x00, 0xA6, 0x7F, 0x70, 0x7E, 0xFB, 0x03, 0xA4, 0x05, 0xFE, 0x0B, 0xFE,
    0xFB, 0x02, 0xA4, 0x1B, 0xFA, 0x27, 0x9C, 0xFF, 0xF4, 0x9E, 0x91, 0xE1, 0xA3, 0xFC, 0x87, 0xFF,
    0xFF, 0xFF, 0x73, 0x33, 0x7C, 0x65, 0x7F, 0x00, 0xA6, 0x1D, 0x80, 0x4A, 0x3F, 0xDC, 0x07, 0xBB,
    0x05, 0x44, 0x03, 0x00, 0x53, 0xB6, 0x39, 0x22, 0x78, 0x9C, 0x63, 0x58, 0xC2, 0xC4, 0x00, 0x02,
    0xD7, 0xFF, 0x43, 0xE8, 0xFF, 0x40, 0xDA, 0x21, 0x8E, 0x81, 0xA1, 0x1A, 0x48, 0x1F, 0xA8, 0x07,
    0x09, 0x30, 0x31, 0x7C, 0xE5, 0x83, 0xD0, 0x7F, 0xD8, 0xC1, 0x74, 0xC0, 0x7B, 0xB0, 0x42, 0xA6,
    0x0B, 0xF9, 0x10, 0xFA, 0x2B, 0x2F, 0x84, 0xFE, 0xCB, 0xFA, 0xFC, 0x3E, 0x1B, 0xC3, 0xEE, 0xC0,
    0xFB, 0x0D, 0xFF, 0xFF, 0xC7, 0x33, 0x30, 0x5C, 0x88, 0xFF, 0x50, 0xFF, 0x75, 0x3F, 0x03, 0xC3,
    0x57, 0x9E, 0x8D, 0xDC, 0x1F, 0xEE, 0x33, 0x30, 0xFC, 0x65, 0x61, 0x60, 0xF8, 0xB6, 0x9F, 0x21,
    0xE0, 0x3C, 0x03, 0x83, 0xC0, 0x3F, 0x7B, 0x86, 0x0B, 0xF6, 0x0C, 0x0C, 0x07, 0xFE, 0xB3, 0x31,
    0x7C, 0xE3, 0x66, 0x60, 0xF8, 0x0D, 0x54, 0xFE, 0x83, 0x99, 0x61, 0xC2, 0x7F, 0x0D, 0x25, 0x06,
    0x03, 0x06, 0x86, 0x4F, 0xFF, 0xFF, 0xDF, 0x07, 0x19, 0x09, 0xA2, 0x01, 0x91, 0xB2, 0x37, 0xCB,
    0x78, 0x9C, 0x25, 0xCC, 0xC1, 0x0D, 0xC2, 0x30, 0x10, 0x44, 0xD1, 0x21, 0x20, 0x12, 0x21, 0x81,
    0xD2, 0x81, 0x45, 0x07, 0x50, 0x01, 0x94, 0xE0, 0x12, 0xE8, 0x20, 0xE9, 0xC0, 0x74, 0xC0, 0x1D,
    0x09, 0x41, 0x29, 0x74, 0xE0, 0x1C, 0xB9, 0x53, 0x80, 0x13, 0x90, 0x83, 0x02, 0x09, 0x83, 0xBD,
    0xEC, 0x65, 0xDF, 0xE1, 0x6B, 0x56, 0x1F, 0x3B, 0x45, 0xBC, 0x86, 0x2C, 0x04, 0xAF, 0xC2, 0x5B,
    0xE0, 0x14, 0x59, 0x5B, 0x68, 0x17, 0x7E, 0xF9, 0x2E, 0x50, 0x19, 0x89, 0x66, 0xF0, 0x8B, 0x80,
    0x5D, 0x67, 0x30, 0xA4, 0xC0, 0x7A, 0x5C, 0x5B, 0x49, 0xDA, 0xCD, 0xD3, 0x4A, 0xF2, 0x20, 0x8D,
    0x57, 0x97, 0x23, 0xB6, 0x83, 0x4B, 0xFB, 0xAC, 0x25, 0x90, 0x27, 0x9A, 0xA3, 0x2F, 0xE3, 0xE2,
    0xF5, 0xB0, 0xA7, 0xC0, 0xAB, 0xC6, 0x09, 0xFA, 0xAC, 0xBB, 0x45, 0x68, 0x2E, 0x79, 0x67, 0x12,
    0x92, 0x73, 0x49, 0x72, 0x1E, 0x96, 0x94, 0xFE, 0x23, 0x9F, 0x00, 0x95, 0xC4, 0x10, 0xFC, 0x00,
    0xD2, 0xAB, 0x47, 0xC2, 0x78, 0x9C, 0x63, 0x50, 0xF8, 0xCB, 0xC6, 0xC0, 0xC0, 0xB0, 0xE0, 0x3F,
    0x1F, 0x9C, 0x84, 0x88, 0x20, 0x03, 0x83, 0x33, 0x3C, 0x40, 0x32, 0xE1, 0x3F, 0x3F, 0x58, 0x0D,
    0x2F, 0x90, 0xFC, 0xFC, 0x9F, 0x93, 0x81, 0x41, 0xE0, 0xDF, 0x7F, 0x26, 0x06, 0x86, 0x0D, 0xFF,
    0xFB, 0x81, 0x02, 0x5F, 0xFF, 0x83, 0x94, 0xFC, 0x06, 0x09, 0x30, 0xFC, 0xBF, 0x0F, 0xD2, 0xF4,
    0x7F, 0x3F, 0xC3, 0x86, 0xDD, 0xEC, 0xFF, 0xEE, 0x83, 0xD4, 0xFE, 0xFE, 0x6F, 0xFE, 0xE7, 0x3F,
    0xDB, 0xD7, 0xFF, 0xFF, 0xFF, 0xBF, 0x67, 0x98, 0x00, 0x24, 0xFD, 0x19, 0x18, 0x8E, 0xFE, 0x9F,
    0xC7, 0xC4, 0x00, 0x00, 0x38, 0x37, 0x2C, 0x40, 0x78, 0x9C, 0xDB, 0xF0, 0xDF, 0x9F, 0x01, 0x08,
    0xFE, 0xBC, 0x67, 0x04, 0x92, 0x17, 0xFF, 0x73, 0x01, 0x49, 0x85, 0x7F, 0xF1, 0x0C, 0x50, 0xF0,
    0x1F, 0x04, 0xF8, 0x51, 0xC8, 0xF3, 0x4A, 0x4A, 0x4A, 0x4C, 0xFF, 0xF7, 0x83, 0x65, 0x31, 0x49,
    0x10, 0x40, 0x25, 0x41, 0xEA, 0xB1, 0xA9, 0x84, 0x90, 0x10, 0xD3, 0x30, 0x6C, 0x01, 0x00, 0xD9,
    0xAA, 0x48, 0xFF, 0x78, 0x9C, 0x63, 0x10, 0x62, 0x60, 0x10, 0x64, 0x98, 0xF0, 0x9F, 0x35, 0xE0,
    0x3F, 0xE7, 0x87, 0xFF, 0x5C, 0x0B, 0xFE, 0xF3, 0x17, 0xBC, 0x67, 0x36, 0xF8, 0xC7, 0xCE, 0x00,
    0x06, 0xFF, 0x41, 0x80, 0x1F, 0x85, 0x3C, 0xAF, 0xA4, 0xA4, 0xC4, 0xF4, 0x7F, 0x3F, 0x58, 0x16,
    0x93, 0x04, 0x82, 0xF7, 0xA8, 0x24, 0x48, 0x3D, 0x36, 0x95, 0x10, 0x12, 0x62, 0x1A, 0x86, 0x2D,
    0x00, 0xC8, 0xFF, 0x4A, 0xDB, 0x78, 0x9C, 0xFB, 0xFF, 0x1F, 0x04, 0x38, 0x19, 0xFE, 0xA3, 0xD1,
    0x4A, 0x4A, 0xFF, 0xCF, 0x2B, 0x29, 0x31, 0x32, 0x30, 0x30, 0xFC, 0xDF, 0xCF, 0x00, 0x06, 0x98,
    0xB4, 0x02, 0x13, 0x98, 0x06, 0x82, 0x18, 0x28, 0xFD, 0x9F, 0x03, 0x4A, 0xFB, 0x03, 0xE9, 0xF3,
    0x8C, 0x0B, 0xFF, 0xAF, 0x87, 0xA8, 0xFF, 0xF7, 0x1E, 0x42, 0xFF, 0xFE, 0x8F, 0x4A, 0xFF, 0xBB,
    0x0F, 0xA6, 0x17, 0xFF, 0xEF, 0x07, 0x9B, 0xF7, 0xFF, 0xBF, 0x3C, 0x94, 0x66, 0x01, 0xD3, 0xF7,
    0x25, 0x19, 0x00, 0x75, 0x5C, 0x4B, 0x94, 0x78, 0x9C, 0x63, 0x60, 0x10, 0xF8, 0xFF, 0x9F, 0x99,
    0x81, 0x61, 0xC3, 0x7F, 0x7F, 0x06, 0x06, 0x86, 0x6F, 0xFF, 0x59, 0x18, 0x18, 0x14, 0xC0, 0x4C,
    0x30, 0xF8, 0x0F, 0x02, 0xFC, 0x28, 0xE4, 0x79, 0x25, 0x25, 0x25, 0xA6, 0xFF, 0xFB, 0xC1, 0xB2,
    0x34, 0x23, 0x01, 0x0C, 0x5A, 0x34, 0xAB, 0x78, 0x9C, 0x63, 0x60, 0xB8, 0xF1, 0x7F, 0x2E, 0x13,
    0x03, 0xC3, 0xE3, 0xFF, 0xFF, 0xFF, 0xD7, 0x33, 0x08, 0xFC, 0x03, 0x52, 0xFF, 0x59, 0x37, 0xFC,
    0x9F, 0x6F, 0xFC, 0xFD, 0x3F, 0xDF, 0xA7, 0xFF, 0x5C, 0x0C, 0x09, 0xFF, 0xE3, 0xBF, 0xFF, 0x67,
    0x66, 0x10, 0xF8, 0x3F, 0xFF, 0xF7, 0x7B, 0x06, 0x06, 0x86, 0x99, 0x99, 0xFF, 0xCE, 0x33, 0x80,
    0x00, 0x48, 0x1D, 0x37, 0x06, 0x75, 0x5E, 0x49, 0x89, 0x91, 0x81, 0x01, 0xAA, 0x04, 0xAC, 0xE1,
    0xFF, 0xFA, 0x1F, 0xFF, 0x99, 0x18, 0x14, 0xFE, 0xCF, 0xFF, 0xFC, 0x9F, 0x93, 0xA1, 0xE1, 0x7F,
    0x3C, 0xC8, 0xE8, 0x1F, 0xFF, 0xF9, 0x14, 0xFE, 0x83, 0x2D, 0x02, 0x5B, 0x9B, 0xCF, 0xC0, 0x20,
    0x00, 0x76, 0x04, 0x00, 0x03, 0x43, 0x48, 0x1B, 0x78, 0x9C, 0x15, 0x8D, 0xC1, 0x09, 0xC2, 0x50,
    0x18, 0x83, 0xF3, 0x2C, 0x16, 0x6D, 0x2F, 0x9D, 0xC4, 0x11, 0x44, 0x10, 0x3C, 0x17, 0x3C, 0x96,
    0x82, 0x27, 0xD7, 0x70, 0x02, 0x5D, 0x45, 0x47, 0x70, 0x03, 0xDD, 0xC0, 0x7B, 0x11, 0x2A, 0x5A,
    0x0B, 0xA5, 0xCF, 0xF7, 0xF9, 0xBF, 0x1C, 0x12, 0x42, 0x12, 0xA2, 0xDD, 0xB3, 0xAD, 0xA4, 0xE2,
    0x07, 0xE4, 0xBA, 0x1B, 0x73, 0xD6, 0x97, 0x7A, 0x1B, 0x48, 0x06, 0x12, 0x75, 0xCC, 0x46, 0xA4,
    0x17, 0xD9, 0xC0, 0x54, 0x86, 0x8E, 0x43, 0x94, 0x0B, 0x9C, 0x26, 0xA6, 0xA3, 0xF5, 0x9D, 0x54,
    0x06, 0x58, 0x98, 0x2D, 0x3D, 0x8F, 0x18, 0xAF, 0x02, 0xE9, 0x7E, 0x23, 0x7D, 0x98, 0x73, 0x8B,
    0xF3, 0xDC, 0xE3, 0xF4, 0x26, 0xEB, 0xA9, 0xD7, 0x9E, 0xF4, 0x1A, 0x8F, 0x5A, 0x15, 0x36, 0x67,
    0x69, 0xF5, 0x86, 0xA3, 0xD3, 0x1F, 0xFE, 0xAC, 0x48, 0x95, 0x78, 0x9C, 0xFB, 0xBF, 0xFF, 0x3F,
    0x51, 0x10, 0x00, 0xCD, 0x12, 0x22, 0xD9, 0x78, 0x9C, 0x53, 0x60, 0x64, 0x10, 0x60, 0xFC, 0x19,
    0xCF, 0xF0, 0x75, 0xFE, 0xFF, 0xF5, 0x0C, 0xBF, 0xFE, 0x7F, 0xB7, 0x63, 0x78, 0x5C, 0xCF, 0x00,
    0x06, 0x1B, 0xFE, 0xF3, 0xD3, 0x9A, 0x00, 0x00, 0x12, 0xD8, 0x2C, 0x35, 0x78, 0x9C, 0x63, 0x60,
    0x60, 0xD8, 0xF0, 0x9F, 0x9F, 0x81, 0xAA, 0xE4, 0xFF, 0xFD, 0x0C, 0x07, 0xFE, 0xF3, 0xFF, 0x7B,
    0xCF, 0xF0, 0xE0, 0x3F, 0xCF, 0xAF, 0xFF, 0x16, 0x3F, 0xFF, 0x73, 0x7C, 0xFE, 0xFF, 0xFF, 0xFF,
    0x7B, 0xC6, 0x02, 0x20, 0xE9, 0xCF, 0xC0, 0xB0, 0xF8, 0xDF, 0x3A, 0x26, 0x06, 0x00, 0x1C, 0xC2,
    0x2E, 0xE7, 0x78, 0x9C, 0x63, 0xF8, 0xF0, 0x1F, 0x04, 0xB8, 0x19, 0x40, 0x00, 0x37, 0x5B, 0x47,
    0xE9, 0x13, 0x9C, 0xCD, 0x0D, 0xC6, 0x84, 0xD9, 0xFF, 0xFF, 0xD7, 0x22, 0xB1, 0xFF, 0xEB, 0x22,
    0xB1, 0xEF, 0xC3, 0xD8, 0x3A, 0x4E, 0x7F, 0xFF, 0xB3, 0x31, 0x7C, 0xFC, 0xCF, 0x05, 0xE6, 0x7F,
    0x02, 0x63, 0x4E, 0x30, 0xFB, 0xC0, 0x7F, 0x3E, 0x86, 0x2F, 0xFF, 0x39, 0xC0, 0xEC, 0x0D, 0xFF,
    0xF9, 0x19, 0x7E, 0xFC, 0x67, 0x05, 0xB3, 0x2F, 0x00, 0xC5, 0xFF, 0xFE, 0x67, 0x82, 0xA9, 0x5F,
    0x0C, 0x31, 0x0B, 0x6C, 0xCE, 0xFF, 0xFF, 0xF9, 0x0C, 0x30, 0xF3, 0xC1, 0x4E, 0x87, 0xDA, 0x0B,
    0x75, 0x07, 0xD8, 0x3D, 0x00, 0x2D, 0x01, 0x76, 0xD8, 0x78, 0x9C, 0xFB, 0xBF, 0x9F, 0x81, 0x81,
    0xE1, 0x3F, 0x88, 0x80, 0x90, 0x54, 0x60, 0xFE, 0xFF, 0x7F, 0x9F, 0x9D, 0xE1, 0xFF, 0x79, 0x25,
    0x25, 0xA5, 0xFF, 0x20, 0x36, 0xD3, 0x7F, 0x38, 0xE0, 0x85, 0x50, 0xE7, 0x95, 0xAE, 0xFC, 0xCF,
    0x87, 0x30, 0xF7, 0x33, 0x28, 0xFC, 0xDF, 0x0F, 0x37, 0xE1, 0xCF, 0x7B, 0x38, 0xF3, 0xF7, 0x7F,
    0x38, 0xF3, 0x2F, 0x5C, 0x14, 0xAE, 0x16, 0x62, 0x02, 0xD4, 0x36, 0x90, 0xB9, 0x30, 0x26, 0xD0,
    0x36, 0x84, 0x1B, 0x00, 0x6A, 0xEC, 0x6F, 0x6F, 0x78, 0x9C, 0xFB, 0xF1, 0x1F, 0x04, 0x38, 0x18,
    0x7E, 0xA0, 0xD1, 0x8A, 0x4A, 0xFF, 0xCF, 0x2B, 0x29, 0x31, 0x32, 0x30, 0x30, 0xFC, 0xDF, 0xCF,
    0x00, 0x06, 0x18, 0xF4, 0xFF, 0xFF, 0xE7, 0x25, 0x20, 0xF4, 0xFF, 0xF7, 0xCC, 0x10, 0xFA, 0xBF,
    0x1C, 0x90, 0xBE, 0x6F, 0xB2, 0xE5, 0x7F, 0x3D, 0x44, 0xDD, 0xFF, 0xF3, 0x10, 0xFA, 0xCF, 0x7B,
    0x08, 0xFD, 0xFB, 0x3F, 0xA9, 0x34, 0x00, 0xE8, 0x08, 0x4C, 0xEE, 0x78, 0x9C, 0x3D, 0xCD, 0xC1,
    0x09, 0xC2, 0x40, 0x10, 0x85, 0xE1, 0x51, 0x10, 0x59, 0x02, 0xE9, 0x40, 0x52, 0x82, 0x17, 0xEF,
    0xA6, 0x84, 0x94, 0x90, 0x12, 0xD2, 0x91, 0x9D, 0xA8, 0x1D, 0xC4, 0x0E, 0x52, 0x42, 0x08, 0x48,
    0x20, 0x09, 0xE4, 0xF7, 0x3D, 0x16, 0x7C, 0xEC, 0xEE, 0x77, 0x98, 0x9D, 0x99, 0x88, 0x96, 0x47,
    0x28, 0x13, 0x85, 0x59, 0x7B, 0xBF, 0x0D, 0x97, 0xF8, 0x87, 0x57, 0xC4, 0x46, 0x29, 0x6A, 0x38,
    0x89, 0x8F, 0xAE, 0xCE, 0x4C, 0x65, 0x76, 0xCE, 0xA2, 0xA3, 0xF7, 0xCF, 0x89, 0xBB, 0x59, 0x48,
    0x62, 0x60, 0x74, 0xBB, 0x72, 0xC8, 0xA4, 0x4C, 0x65, 0x9E, 0x5E, 0x0B, 0x37, 0x17, 0x35, 0x65,
    0x53, 0x51, 0x7C, 0xF3, 0xCC, 0xB7, 0x8A, 0xA2, 0x81, 0xA3, 0xB7, 0xEF, 0x24, 0x33, 0x73, 0xFD,
    0x01, 0x9D, 0xE3, 0x56, 0x53, 0x78, 0x9C, 0x35, 0xCE, 0xB1, 0x0D, 0x80, 0x30, 0x0C, 0x44, 0x51,
    0x57, 0x84, 0x2A, 0xAB, 0x90, 0x0D, 0x33, 0x02, 0xAB, 0x64, 0x83, 0xB0, 0x01, 0x62, 0x12, 0x17,
    0x2E, 0x8D, 0x74, 0xC4, 0x67, 0xF1, 0x9B, 0xD7, 0x9D, 0x4E, 0x1C, 0x9B, 0xAC, 0x2E, 0x1C, 0x81,
    0xBC, 0x37, 0x79, 0xB0, 0xCB, 0x1F, 0xA6, 0x48, 0xC3, 0x0C, 0x46, 0x62, 0x89, 0x93, 0x06, 0x32,
    0x12, 0x4B, 0x9C, 0x34, 0x9C, 0xC1, 0x40, 0x0D, 0x0C, 0x25, 0x70, 0x5D, 0x8B, 0x50, 0xF4, 0x00,
    0xA8, 0x49, 0x21, 0x2A, 0xA4, 0x27, 0x35, 0x29, 0x44, 0xF9, 0xE4, 0x03, 0x05, 0x8A, 0x65, 0x2C,
    0x78, 0x9C, 0x3D, 0xCD, 0xB1, 0x09, 0xC2, 0x40, 0x18, 0xC5, 0xF1, 0xA7, 0x44, 0x21, 0x20, 0xC1,
    0x09, 0x8C, 0x23, 0x64, 0x04, 0x6B, 0x1B, 0x9D, 0x20, 0x58, 0xDA, 0x69, 0x69, 0xA7, 0x23, 0x98,
    0x05, 0x92, 0x51, 0x5C, 0x21, 0x1B, 0x24, 0x85, 0xFD, 0x05, 0x0B, 0x03, 0x2A, 0x79, 0xF9, 0xDE,
    0x1D, 0x78, 0x70, 0xFC, 0x8B, 0xEF, 0x77, 0xDF, 0xE1, 0x7C, 0xC4, 0xE1, 0x02, 0xA0, 0x25, 0x3A,
    0x67, 0xBD, 0x73, 0xFB, 0xA9, 0xAC, 0xCB, 0x81, 0x5C, 0x59, 0x51, 0x0C, 0xE5, 0x04, 0xFF, 0xF3,
    0xE6, 0x02, 0x7B, 0x3A, 0x74, 0x4C, 0x8D, 0x56, 0x76, 0x4F, 0xF6, 0x74, 0x87, 0x8C, 0x0F, 0xBC,
    0x98, 0x00, 0x3F, 0xA2, 0x67, 0x2C, 0x38, 0xFB, 0x32, 0x82, 0xC1, 0x98, 0x61, 0x6F, 0x4E, 0xED,
    0xCD, 0xD8, 0x18, 0x87, 0xA0, 0xB8, 0xA0, 0xB8, 0xA0, 0xB8, 0xA0, 0xF3, 0x3F, 0x6D, 0x3C, 0x57,
    0x3D, 0xC7, 0x2D, 0xF0, 0xF5, 0x33, 0xF0, 0x96, 0x9C, 0xAA, 0x35, 0xAF, 0x7E, 0x5C, 0x37, 0x73,
    0x65, 0x04, 0xC3, 0x11, 0x4A, 0xE9, 0x78, 0x9C, 0xFB, 0xBF, 0x9F, 0x81, 0x81, 0xE1, 0xFF, 0xFE,
    0xFF, 0x74, 0xA3, 0xCE, 0x3B, 0xB9, 0x28, 0x03, 0x29, 0x30, 0x40, 0xA3, 0x18, 0x18, 0x3E, 0xFC,
    0xE7, 0x06, 0xAA, 0xC2, 0x43, 0x01, 0x00, 0x61, 0xE2, 0x5A, 0x03, 0x78, 0x9C, 0x25, 0xCE, 0xC1,
    0x0D, 0x82, 0x50, 0x14, 0x44, 0xD1, 0x89, 0x21, 0x12, 0x34, 0xFE, 0x16, 0x70, 0xE1, 0xDE, 0x12,
    0x20, 0x36, 0x22, 0x9D, 0x68, 0x07, 0x50, 0x82, 0x1D, 0x68, 0x07, 0xB6, 0x60, 0x07, 0xFC, 0x16,
    0x80, 0x18, 0x8C, 0x68, 0xAE, 0x4E, 0x98, 0xCD, 0xD9, 0xBC, 0xE4, 0x3E, 0x49, 0x20, 0xAF, 0x84,
    0xC4, 0x36, 0x90, 0xD9, 0x08, 0xC1, 0x0E, 0x50, 0xD8, 0x17, 0xD4, 0xF6, 0x7B, 0x9F, 0xDA, 0x3F,
    0x5B, 0x4E, 0x23, 0x0B, 0xA9, 0x62, 0xDF, 0x93, 0x4A, 0x37, 0x42, 0x64, 0x2D, 0x75, 0xAC, 0x2E,
    0xE4, 0xD2, 0x93, 0x65, 0xC5, 0x51, 0x7A, 0xB3, 0x3B, 0x70, 0x75, 0xC5, 0x73, 0xC5, 0x4B, 0x9A,
    0xD9, 0x2C, 0xFA, 0xB6, 0x23, 0x0C, 0x6C, 0xA4, 0x07, 0xC5, 0xE8, 0xF8, 0x99, 0xFA, 0xE3, 0x67,
    0x4A, 0xDA, 0x1F, 0x70, 0x50, 0x4D, 0x4D, 0x78, 0x9C, 0xFB, 0xFF, 0x1F, 0x08, 0xF8, 0x19, 0xFE,
    0xA3, 0x52, 0xE7, 0x95, 0x94, 0x94, 0x98, 0x80, 0x14, 0x03, 0x08, 0xA0, 0x51, 0xFF, 0xFF, 0xBF,
    0xF7, 0x62, 0x80, 0xA8, 0xE4, 0x84, 0x50, 0xFD, 0x20, 0x0D, 0xC5, 0xFF, 0xFF, 0x33, 0x81, 0x94,
    0x7C, 0xFF, 0xCF, 0x0E, 0xA2, 0x3E, 0xFE, 0xE7, 0x02, 0x51, 0x1F, 0xFE, 0x73, 0x83, 0xA8, 0x4F,
    0x10, 0xDE, 0x8F, 0xFF, 0x6C, 0x10, 0x95, 0x8C, 0x60, 0x7D, 0xF5, 0x48, 0xA6, 0x80, 0xCC, 0x04,
    0x00, 0x68, 0xBA, 0x4F, 0xEB, 0x78, 0x9C, 0xFB, 0xFF, 0xFF, 0xFF, 0x7B, 0x2B, 0x86, 0xFF, 0x20,
    0xC0, 0x01, 0x26, 0xE3, 0xFF, 0x9F, 0x57, 0x9A, 0xFC, 0x7F, 0xFF, 0xFF, 0xFD, 0x0C, 0x0C, 0x7F,
    0xFF, 0x83, 0xC8, 0xDF, 0x60, 0xF2, 0xEF, 0x7B, 0x20, 0x59, 0xF0, 0x7F, 0x3E, 0x58, 0x8D, 0x1C,
    0x98, 0x64, 0x05, 0x93, 0xFA, 0xFF, 0xCF, 0xBB, 0x4C, 0x06, 0x8A, 0x03, 0xD5, 0xFC, 0x7B, 0x8F,
    0x50, 0x0F, 0x21, 0xFF, 0xDD, 0x07, 0x9A, 0xB6, 0x18, 0xAA, 0x4B, 0x1F, 0x4C, 0xB2, 0xFD, 0x07,
    0xDB, 0x08, 0x00, 0x9A, 0xB7, 0x56, 0x6B, 0x78, 0x9C, 0xFB, 0xFF, 0x1F, 0x08, 0xF8, 0xFF, 0x23,
    0x93, 0xE7, 0x95, 0x94, 0x94, 0x98, 0xFE, 0xEF, 0x67, 0x00, 0x02, 0xDA, 0x91, 0x00, 0xFE, 0xEE,
    0x2D, 0x35, 0x78, 0x9C, 0x63, 0xD8, 0xF0, 0x1F, 0x04, 0xB8, 0x19, 0x18, 0xB0, 0x31, 0xF4, 0x95,
    0x3E, 0x41, 0x18, 0xFC, 0x0C, 0x1F, 0x48, 0x66, 0x1C, 0xF8, 0xCF, 0x07, 0x61, 0x3C, 0xF8, 0xCF,
    0x03, 0x61, 0x7C, 0xF8, 0xCF, 0x09, 0x61, 0x7C, 0xFE, 0xCF, 0x06, 0x61, 0x7C, 0xFF, 0xCF, 0x04,
    0x61, 0xFC, 0x3B, 0xCF, 0x00, 0x66, 0x4C, 0xFE, 0x5F, 0xAF, 0x04, 0xB4, 0x54, 0x87, 0xF1, 0x3F,
    0x14, 0x70, 0x63, 0x61, 0xEC, 0x67, 0x60, 0x00, 0xAB, 0x26, 0x86, 0x01, 0x00, 0xF8, 0x26, 0x71,
    0xCC, 0x78, 0x9C, 0xFB, 0xFF, 0x1F, 0x08, 0xF8, 0xFF, 0x23, 0x93, 0xE7, 0x95, 0x94, 0x94, 0x98,
    0xFE, 0xEF, 0x67, 0x00, 0x02, 0x2C, 0x24, 0x08, 0xA0, 0x92, 0x20, 0xF5, 0xD8, 0x54, 0x42, 0x48,
    0x88, 0x69, 0x18, 0xB6, 0x00, 0x00, 0xE0, 0x64, 0x41, 0xBE, 0x78, 0x9C, 0x35, 0x8F, 0xD1, 0x0D,
    0x01, 0x41, 0x18, 0x84, 0x87, 0xB8, 0x38, 0x89, 0x13, 0x1D, 0x78, 0xF3, 0xAC, 0x03, 0xD7, 0x01,
    0x1D, 0x28, 0x81, 0x0E, 0x5C, 0x27, 0x44, 0x03, 0x74, 0x70, 0x3A, 0x38, 0x1D, 0xD0, 0x81, 0x60,
    0x1F, 0xC8, 0x61, 0xCC, 0xEC, 0xC5, 0x3E, 0xEC, 0x7E, 0xFF, 0xEE, 0xCC, 0xFC, 0xFF, 0x06, 0xAE,
    0x01, 0x96, 0xC0, 0x87, 0xD9, 0x91, 0x55, 0xE4, 0x09, 0x99, 0xE4, 0x64, 0xDB, 0x5C, 0xF0, 0x0C,
    0xBC, 0x99, 0x9A, 0x2F, 0x5C, 0x00, 0x0F, 0x66, 0xE6, 0xA0, 0x03, 0x07, 0x4E, 0xCD, 0x2F, 0x26,
    0x90, 0x69, 0x63, 0xFE, 0x4A, 0x0E, 0xD4, 0x57, 0x71, 0x6E, 0xB9, 0x0D, 0x63, 0x56, 0x3B, 0xCB,
    0xA1, 0x84, 0xB8, 0x52, 0x73, 0x68, 0x78, 0x10, 0xF5, 0x0D, 0x2F, 0xE1, 0x1C, 0xB6, 0x58, 0xCE,
    0xDD, 0x16, 0x5B, 0xEE, 0x63, 0x26, 0x3B, 0xC0, 0xFD, 0xDF, 0xAB, 0x0F, 0x6D, 0x71, 0x06, 0x5F,
    0x0D, 0xC9, 0xAE, 0xF9, 0x24, 0x69, 0x21, 0xAB, 0x79, 0xA5, 0xD9, 0x6F, 0xAA, 0xCD, 0x7A, 0xEF,
    0x3D, 0x39, 0x6B, 0xFE, 0x58, 0x73, 0xF4, 0x03, 0xC1, 0xAF, 0x7B, 0x9B, 0x78, 0x9C, 0x63, 0x98,
    0xF4, 0xF7, 0xBE, 0x25, 0x43, 0xC0, 0x7F, 0x20, 0x60, 0xFF, 0x0C, 0x22, 0xFD, 0x7F, 0xFD, 0xB7,
    0xDA, 0xFC, 0x7F, 0xFF, 0xBF, 0xFB, 0x0C, 0x0C, 0xFF, 0xDE, 0xA7, 0xBA, 0x31, 0x30, 0xFC, 0xFE,
    0xCF, 0x00, 0x04, 0x7F, 0x81, 0x7C, 0x86, 0x82, 0xFF, 0xF5, 0x0C, 0x0C, 0x40, 0x35, 0xDC, 0x20,
    0xF2, 0x3C, 0x03, 0x98, 0xCD, 0xC5, 0xC0, 0x60, 0xB4, 0xE5, 0x7F, 0x3E, 0x48, 0x0D, 0x58, 0x88,
    0xE1, 0xCF, 0xFF, 0xDD, 0xDD, 0x20, 0x5D, 0xFF, 0xDE, 0x03, 0x45, 0xDE, 0xFF, 0xFA, 0x6F, 0x7D,
    0xE4, 0xFF, 0xFC, 0x4F, 0x20, 0x93, 0xF5, 0x1D, 0x40, 0x24, 0x0B, 0x43, 0xE3, 0xDF, 0xFB, 0x12,
    0x0C, 0x00, 0x77, 0x3A, 0x41, 0x92, 0x78, 0x9C, 0x25, 0xC9, 0x21, 0x01, 0x00, 0x41, 0x08, 0x04,
    0x40, 0x1C, 0x8E, 0x2C, 0x34, 0xBC, 0x08, 0x5F, 0xE5, 0x1A, 0x5C, 0x24, 0x04, 0x12, 0xB1, 0x0F,
    0xAC, 0x1A, 0x31, 0x78, 0x22, 0x8E, 0x87, 0xE6, 0x92, 0x24, 0xB5, 0x38, 0x96, 0x4B, 0x92, 0xD4,
    0xE2, 0xF8, 0x86, 0x0B, 0x1B, 0x12, 0x3A, 0x54, 0x48, 0x13, 0x38, 0x03, 0x60, 0x44, 0x97, 0x90,
    0xE5, 0x10, 0x23, 0xBA, 0x74, 0x35, 0x3F, 0x35, 0xCB, 0x5D, 0x9B, 0x78, 0x9C, 0x35, 0xCE, 0x21,
    0x0E, 0x80, 0x30, 0x10, 0x44, 0xD1, 0x09, 0xA6, 0x82, 0xA4, 0x70, 0x03, 0x3C, 0xAA, 0x37, 0xC4,
    0xE0, 0x39, 0x0A, 0xBD, 0x41, 0xCF, 0x82, 0x44, 0xAD, 0xA8, 0x22, 0x25, 0x0C, 0xEC, 0x6E, 0x18,
    0xF3, 0xDC, 0xE4, 0xE3, 0x9E, 0xF0, 0x0C, 0xC0, 0xB5, 0xAF, 0xEC, 0x81, 0x83, 0x64, 0x07, 0x8C,
    0xA7, 0xCC, 0xF8, 0xC7, 0x02, 0x24, 0x16, 0x25, 0x3B, 0xD5, 0x69, 0x46, 0xA2, 0x91, 0x9D, 0xEA,
    0x34, 0x23, 0x71, 0x53, 0x32, 0xA3, 0x52, 0x19, 0x94, 0x26, 0xDF, 0x23, 0x85, 0x8B, 0x42, 0x46,
    0x27, 0x18, 0x02, 0x63, 0x71, 0xA2, 0x13, 0x0C, 0xB1, 0x92, 0x17, 0x5D, 0x07, 0x68, 0xEB, 0x78,
    0x9C, 0x25, 0xCA, 0x61, 0x09, 0x83, 0x00, 0x14, 0xC4, 0xF1, 0xC7, 0x10, 0x37, 0x64, 0x0E, 0x1B,
    0x6C, 0x11, 0x6C, 0x60, 0x05, 0x1B, 0x2C, 0x82, 0x36, 0xB0, 0x83, 0x05, 0x66, 0x13, 0x6D, 0xA0,
    0x0D, 0x8C, 0x20, 0xCA, 0x60, 0xC8, 0xC4, 0xBF, 0xF7, 0xF0, 0x71, 0xC7, 0xEF, 0xC3, 0x3D, 0x5A,
    0xB3, 0x8D, 0x3B, 0xAD, 0xA5, 0x10, 0x88, 0x46, 0x55, 0x66, 0x32, 0xE7, 0x47, 0xE4, 0xEC, 0x5C,
    0x44, 0xCE, 0xC7, 0x44, 0xC7, 0x53, 0xE8, 0x6E, 0x27, 0xD7, 0x93, 0x87, 0xE8, 0x6B, 0x2A, 0x7F,
    0x79, 0x31, 0x39, 0xF6, 0x27, 0x74, 0xBE, 0x1A, 0xC5, 0x40, 0xE1, 0x94, 0x8C, 0x4E, 0x02, 0xA1,
    0xB0, 0x95, 0xD8, 0x59, 0x78, 0x1F, 0x86, 0x5F, 0x4D, 0x65, 0x78, 0x9C, 0x63, 0xF8, 0xF0, 0x1F,
    0x04, 0x18, 0xD0, 0x29, 0x1D, 0xA5, 0x3F, 0x20, 0x8A, 0x9B, 0xE1, 0x37, 0x29, 0xD4, 0xC7, 0xFF,
    0x5C, 0x20, 0xEA, 0xF3, 0x7F, 0x4E, 0x10, 0xF5, 0xF5, 0x3F, 0x3B, 0x88, 0xFA, 0xF1, 0x9F, 0x15,
    0x44, 0xFD, 0xFB, 0xCF, 0x08, 0xA4, 0xAE, 0xFF, 0x3F, 0xCF, 0x00, 0xA4, 0xFE, 0xFF, 0x8F, 0x87,
    0x50, 0x5C, 0x60, 0xAA, 0x96, 0x01, 0x44, 0x01, 0x00, 0xD8, 0x13, 0x55, 0xE0, 0x78, 0x9C, 0x25,
    0xC6, 0xB1, 0x0D, 0x82, 0x50, 0x18, 0x85, 0xD1, 0x4B, 0xA2, 0xC4, 0x68, 0xC4, 0x11, 0x58, 0x81,
    0x0D, 0x74, 0x03, 0x47, 0x61, 0x04, 0x49, 0x1C, 0xC0, 0x51, 0x60, 0x03, 0x5A, 0x3B, 0x19, 0x45,
    0x0A, 0x5F, 0x01, 0xD1, 0xCF, 0x77, 0xF3, 0xE7, 0x34, 0x07, 0x6A, 0x49, 0x89, 0x11, 0xDA, 0x9C,
    0xD5, 0xE9, 0x73, 0x70, 0x90, 0x2E, 0x91, 0x8D, 0xBA, 0xC8, 0x4E, 0x53, 0xE4, 0xA8, 0x39, 0x52,
    0x2B, 0x8D, 0x58, 0xAB, 0xE5, 0xE6, 0xAC, 0xBD, 0x38, 0x3B, 0x89, 0x86, 0xCA, 0x99, 0xB9, 0xB3,
    0x77, 0x26, 0x9E, 0x6C, 0x9D, 0x8E, 0x2F, 0x85, 0xD3, 0xC0, 0x4B, 0x8E, 0x7E, 0x3C, 0x22, 0x0B,
    0xD7, 0xC8, 0x87, 0x53, 0xE4, 0xCD, 0x21, 0x32, 0x50, 0xE6, 0xFC, 0x01, 0x14, 0xB7, 0x7A, 0x5A,
    0x78, 0x9C, 0xFB, 0xBF, 0x9F, 0x81, 0x81, 0xE1, 0xFF, 0xFE, 0xFF, 0x24, 0x53, 0x60, 0x80, 0x4E,
    0x9D, 0x57, 0x52, 0x52, 0x22, 0xC7, 0x30, 0x08, 0x05, 0x00, 0x23, 0xFC, 0x4F, 0xDE, 0x78, 0x9C,
    0x63, 0x50, 0x78, 0xF9, 0xBF, 0x86, 0x91, 0x81, 0xE1, 0xFB, 0xFF, 0xFF, 0xFF, 0xED, 0x18, 0x12,
    0xFE, 0x83, 0x00, 0xD3, 0xC7, 0xFF, 0xFD, 0xCE, 0xBF, 0xFF, 0x73, 0x7D, 0xFB, 0xCF, 0xCE, 0x70,
    0xE0, 0xBF, 0xFC, 0xEF, 0xFF, 0x0C, 0x0C, 0x01, 0xFF, 0xF3, 0xFF, 0xDE, 0x67, 0x60, 0x50, 0xF8,
    0x3F, 0xFF, 0xFF, 0x7E, 0x06, 0x06, 0x86, 0xFF, 0xEB, 0x21, 0xD4, 0x7E, 0x3C, 0xD4, 0xFA, 0x7F,
    0x40, 0x0D, 0x02, 0xFF, 0xE7, 0x43, 0xB5, 0x7F, 0x07, 0x1A, 0xB6, 0xE1, 0xBF, 0x3E, 0xC8, 0xE8,
    0x5F, 0xFF, 0xB9, 0xA1, 0x16, 0x31, 0xFC, 0x00, 0x92, 0xFE, 0x0C, 0x0C, 0x06, 0xAF, 0xFE, 0xF7,
    0x32, 0x32, 0x00, 0x00, 0x3D, 0x5D, 0x4C, 0xFB, 0x78, 0x9C, 0xFB, 0xFF, 0x1F, 0x04, 0xF6, 0xFF,
    0x47, 0xA5, 0xCE, 0x2B, 0x29, 0x29, 0x01, 0xA9, 0xFD, 0x0C, 0x0C, 0x0C, 0x74, 0xA4, 0x00, 0x5D,
    0xF2, 0x4F, 0xDE, 0x78, 0x9C, 0xFB, 0xFF, 0xFF, 0xFF, 0x7B, 0x6F, 0x06, 0x86, 0xFF, 0x20, 0xC0,
    0x05, 0xA1, 0xFA, 0x19, 0xFE, 0x9F, 0x57, 0x4A, 0xFA, 0xFF, 0x9F, 0xF1, 0xFF, 0x7E, 0x06, 0x86,
    0xEF, 0xFF, 0xD9, 0x40, 0xD4, 0xC7, 0xFF, 0x9C, 0x20, 0xEA, 0xC3, 0x7F, 0x6E, 0x08, 0x8F, 0x0B,
    0x44, 0x7D, 0xFD, 0xCF, 0x0E, 0x54, 0x19, 0xF4, 0xEF, 0x3F, 0x13, 0x58, 0xDF, 0x7A, 0x88, 0x76,
    0x6E, 0x10, 0xF5, 0x3E, 0x1A, 0x68, 0x26, 0x50, 0x09, 0x03, 0x29, 0x14, 0x00, 0x92, 0xDE, 0x45,
    0x1C, 0x78, 0x9C, 0x63, 0x70, 0x78, 0xFD, 0xBF, 0x86, 0x81, 0x81, 0xE1, 0xE7, 0xFF, 0xFF, 0xFF,
    0x65, 0x19, 0x0A, 0x80, 0xE4, 0xFF, 0xF3, 0x0C, 0x1F, 0xFF, 0xE7, 0x39, 0xFF, 0xFE, 0xCF, 0xFA,
    0xFD, 0x3F, 0x2B, 0x90, 0xC9, 0xF5, 0xFB, 0x3F, 0x03, 0xC3, 0x81, 0xFF, 0x7C, 0xFF, 0xCE, 0x33,
    0x30, 0x4C, 0xB8, 0xCB, 0xFB, 0x7F, 0x3F, 0x03, 0x08, 0x10, 0x41, 0x81, 0x34, 0x34, 0xEC, 0xE6,
    0xFE, 0xFD, 0x1E, 0xAC, 0xFD, 0xFB, 0x7F, 0x16, 0xA0, 0x61, 0xDC, 0x1F, 0xFF, 0xC7, 0x39, 0xFD,
    0xF9, 0xCF, 0xD6, 0x00, 0xB2, 0xE8, 0x3E, 0x03, 0xC3, 0x2F, 0x20, 0xA5, 0xCB, 0xC0, 0x00, 0x71,
    0x04, 0x00, 0x3E, 0x97, 0x41, 0x81, 0x78, 0x9C, 0xFB, 0xF1, 0x1F, 0x04, 0xFA, 0x7F, 0xA0, 0x50,
    0x8A, 0x4A, 0x9F, 0xFE, 0xEB, 0x28, 0x09, 0x31, 0x30, 0x7C, 0xF8, 0xCF, 0xCD, 0xC0, 0x40, 0x37,
    0x0A, 0x00, 0x24, 0x7A, 0x35, 0xBB, 0x78, 0x9C, 0x25, 0xCA, 0xE1, 0x09, 0x82, 0x00, 0x14, 0xC4,
    0xF1, 0x3F, 0x48, 0xA0, 0x1F, 0x8C, 0x46, 0x70, 0x84, 0x36, 0xB0, 0x51, 0x1A, 0xA1, 0x11, 0xDA,
    0x24, 0x47, 0x68, 0x83, 0x82, 0x06, 0xD0, 0x11, 0xDA, 0x40, 0xA2, 0xFC, 0x52, 0xE0, 0x75, 0xA7,
    0x0F, 0x1E, 0xF7, 0xB8, 0xF7, 0x7B, 0x6B, 0x0B, 0xB3, 0x8A, 0xBB, 0x5A, 0xF6, 0x1A, 0x39, 0xEA,
    0xC2, 0xC9, 0xBB, 0xF3, 0x9D, 0x8E, 0xAF, 0x8A, 0x57, 0xCC, 0x47, 0xE5, 0xA4, 0x0A, 0x06, 0xD5,
    0xAE, 0x30, 0x6A, 0x4D, 0x30, 0xEC, 0xCD, 0x3D, 0x3F, 0x85, 0xC3, 0xA4, 0x70, 0x78, 0x2A, 0x1C,
    0xCE, 0x0A, 0x87, 0x66, 0xE1, 0x9E, 0x95, 0x73, 0x58, 0x79, 0xF3, 0x50, 0x9D, 0xBC, 0x4A, 0x9B,
    0x64, 0xA7, 0xDB, 0xF2, 0xEE, 0xC6, 0x32, 0xF1, 0x07, 0x1A, 0x98, 0x3C, 0x69, 0x78, 0x9C, 0x63,
    0x60, 0x60, 0xF8, 0xF0, 0x9F, 0x9B, 0x01, 0x0C, 0xE0, 0x8C, 0x4F, 0xFF, 0x75, 0x40, 0x94, 0xC1,
    0xEF, 0xFF, 0xFF, 0xFF, 0xAF, 0x67, 0x62, 0x60, 0xF8, 0xFE, 0x1F, 0x04, 0xFC, 0x19, 0x02, 0xFE,
    0x43, 0x00, 0xD3, 0x83, 0xFF, 0xF9, 0x1F, 0xFE, 0x4B, 0xFF, 0xFC, 0xCF, 0xFD, 0xED, 0x3F, 0x3B,
    0x50, 0xD7, 0x86, 0xFF, 0xFA, 0xBF, 0xFF, 0x83, 0xB4, 0x07, 0xFC, 0xCF, 0xFF, 0x77, 0x1F, 0xC4,
    0x10, 0xF8, 0x3F, 0xFF, 0xFF, 0x7E, 0xB0, 0x81, 0xFF, 0xF7, 0xC3, 0x19, 0x70, 0xA9, 0xDF, 0xFF,
    0x19, 0x21, 0x8A, 0xBF, 0xFD, 0xE7, 0x00, 0x32, 0x0E, 0xFC, 0x97, 0x7F, 0xF0, 0xBF, 0xFF, 0xF3,
    0x7F, 0x9F, 0xDF, 0xFF, 0xB9, 0x1C, 0x20, 0x36, 0xBC, 0x67, 0x64, 0xF8, 0x0A, 0x66, 0xE8, 0x32,
    0x30, 0x28, 0xDC, 0x04, 0xD2, 0x35, 0xA8, 0x2E, 0x84, 0x33, 0x1A, 0x3A, 0x58, 0x81, 0x24, 0x00,
    0x8D, 0xB0, 0x69, 0x40, 0x78, 0x9C, 0x1D, 0xCD, 0xDD, 0x0D, 0x82, 0x60, 0x0C, 0x85, 0xE1, 0xA3,
    0x31, 0x28, 0x18, 0xD4, 0x0D, 0x18, 0x41, 0x36, 0x80, 0x11, 0x1C, 0xC1, 0x0D, 0x60, 0x13, 0x47,
    0xD0, 0x0D, 0x64, 0x03, 0x47, 0xD0, 0x0D, 0x70, 0x03, 0x82, 0x3F, 0x5F, 0xB8, 0x10, 0x5F, 0x5B,
    0xAF, 0x9E, 0x34, 0x3D, 0xED, 0x79, 0xB2, 0x95, 0x46, 0xA2, 0x86, 0xA3, 0x72, 0x3A, 0x95, 0xA0,
    0x13, 0x95, 0xF4, 0x21, 0xEA, 0x59, 0x49, 0x2F, 0xD2, 0xC0, 0x42, 0xBA, 0x51, 0x8C, 0x4C, 0xA4,
    0x1D, 0xAD, 0x45, 0xE5, 0x47, 0x64, 0x6E, 0x80, 0xC4, 0xBD, 0xC3, 0xD4, 0xED, 0x61, 0xE6, 0x0E,
    0xB0, 0x34, 0x36, 0x40, 0x61, 0xD6, 0x5C, 0x38, 0xFF, 0x63, 0xD9, 0xD7, 0x83, 0x81, 0x78, 0x20,
    0x96, 0x6C, 0x78, 0xD8, 0xA3, 0x3D, 0x57, 0x35, 0x1C, 0xAC, 0xA6, 0xB2, 0x0A, 0xF4, 0x66, 0xED,
    0xBB, 0xF9, 0x0F, 0xE8, 0xE0, 0x4B, 0xCC, 0x78, 0x9C, 0xFB, 0xBF, 0x9F, 0x81, 0x81, 0xE1, 0xFF,
    0x7E, 0x10, 0x1A, 0x18, 0xFA, 0xBC, 0x92, 0x92, 0xD2, 0xFF, 0xF3, 0x42, 0xFF, 0x21, 0x60, 0x3F,
    0x3A, 0xCD, 0x00, 0x06, 0x84, 0x69, 0x00, 0x51, 0x55, 0x5B, 0xB3, 0x78, 0x9C, 0xFB, 0xBF, 0x9F,
    0x81, 0x61, 0xC3, 0x7F, 0xFE, 0xFF, 0x44, 0x53, 0xFF, 0xCE, 0x83, 0xA9, 0x3F, 0xFF, 0xC1, 0xD4,
    0xF7, 0xFF, 0xDE, 0x4E, 0xCF, 0xFE, 0xF3, 0x3F, 0xFC, 0x0F, 0x02, 0xFC, 0x06, 0xFF, 0xC0, 0x14,
    0x43, 0xE1, 0x9F, 0xFF, 0x6F, 0x81, 0x14, 0x03, 0x58, 0x09, 0xF1, 0x14, 0x00, 0x9D, 0xB3, 0x3F,
    0xDD, 0x78, 0x9C, 0xFB, 0xBF, 0x9F, 0x81, 0xE1, 0x3F, 0x18, 0xFF, 0x1F, 0x9C, 0xAC, 0xF3, 0x4A,
    0x4A, 0x60, 0xBC, 0xFF, 0x3F, 0x0C, 0x60, 0x65, 0x01, 0x00, 0xFE, 0x55, 0x76, 0xA5, 0x78, 0x9C,
    0xFB, 0xBF, 0x9F, 0x81, 0xE1, 0xFF, 0x7E, 0x86, 0x0D, 0xFF, 0xF9, 0x41, 0xD4, 0x10, 0x60, 0x9E,
    0x57, 0x52, 0x02, 0xE2, 0x43, 0xFF, 0xF5, 0x85, 0xFE, 0xC3, 0xC1, 0x7E, 0xEC, 0x4C, 0x06, 0x18,
    0x20, 0x8D, 0x09, 0x00, 0x9E, 0x46, 0x82, 0x7A, 0x78, 0x9C, 0xFB, 0xFF, 0xFF, 0xFF, 0x7E, 0x06,
    0x10, 0xF8, 0x8F, 0xC1, 0x50, 0x52, 0x82, 0x32, 0x80, 0x62, 0x78, 0x18, 0xFF, 0xFF, 0xBF, 0xF7,
    0x82, 0x32, 0xFE, 0xFF, 0xE7, 0x84, 0x31, 0xFA, 0x41, 0x8C, 0xF3, 0x4A, 0xC5, 0xFF, 0xFF, 0x33,
    0x41, 0x14, 0x7F, 0xFF, 0xCF, 0x0E, 0x61, 0x7C, 0xFC, 0xCF, 0x05, 0x61, 0x7C, 0xF8, 0xCF, 0x0D,
    0x61, 0x7C, 0x82, 0x89, 0xFC, 0xF8, 0xCF, 0x06, 0xD3, 0xC5, 0x08, 0x35, 0xA7, 0x1E, 0xCD, 0x64,
    0x90, 0x5D, 0x00, 0x5D, 0xBC, 0x4B, 0x4D, 0x78, 0x9C, 0xFB, 0xBF, 0x9F, 0x01, 0x04, 0xFE, 0xEF,
    0xFF, 0x4F, 0x1E, 0xE3, 0xFF, 0xFF, 0xF7, 0x5E, 0x50, 0xC6, 0xFF, 0xFF, 0x5C, 0x30, 0x46, 0x3F,
    0x88, 0x71, 0x5E, 0x29, 0xF9, 0xFF, 0x7F, 0x26, 0x88, 0xE2, 0x6F, 0xFF, 0xD9, 0x21, 0x8C, 0x8F,
    0xFF, 0xB9, 0x20, 0x8C, 0x0F, 0xFF, 0xB9, 0x21, 0x8C, 0x4F, 0x30, 0x91, 0x1F, 0xFF, 0xD9, 0xC0,
    0xBA, 0x8A, 0xFF, 0xFF, 0x67, 0x44, 0x36, 0x07, 0x04, 0x38, 0x91, 0xED, 0x02, 0x00, 0x9A, 0xBF,
    0x67, 0xE7, 0x78, 0x9C, 0xFB, 0xBF, 0x9F, 0x01, 0x04, 0xFE, 0x13, 0x4F, 0xFD, 0xFF, 0xFF, 0xDE,
    0x0B, 0x4C, 0xFD, 0xFF, 0xCF, 0x09, 0xA1, 0xFA, 0x19, 0xFE, 0x9F, 0x57, 0x2A, 0xFE, 0xFF, 0x9F,
    0x09, 0xA4, 0xE4, 0xFB, 0x7F, 0x76, 0x10, 0xF5, 0xF1, 0x3F, 0x17, 0x88, 0xFA, 0xF0, 0x9F, 0x1B,
    0x44, 0x7D, 0x82, 0xF0, 0x7E, 0xFC, 0x67, 0x83, 0xA8, 0x64, 0x04, 0xEB, 0xAB, 0x47, 0x32, 0x05,
    0x64, 0x26, 0x00, 0x08, 0x85, 0x45, 0x0F, 0x78, 0x9C, 0x63, 0x60, 0x38, 0xF6, 0x7F, 0x1E, 0x13,
    0x03, 0xC3, 0xC1, 0xFF, 0xFF, 0xFF, 0xFB, 0x33, 0x30, 0xFC, 0x06, 0x52, 0xFF, 0x99, 0x1C, 0xFE,
    0xDF, 0x37, 0xF9, 0xF1, 0x9F, 0x67, 0xC1, 0x7F, 0x79, 0x86, 0x86, 0xFF, 0xF6, 0x0F, 0xFE, 0xF3,
    0x30, 0x08, 0xFC, 0xEF, 0x9F, 0x30, 0x93, 0x8D, 0x81, 0xE1, 0xDF, 0x79, 0x06, 0x10, 0xF8, 0xF3,
    0x9E, 0x81, 0xC1, 0x01, 0xA4, 0x14, 0x9D, 0x62, 0x50, 0x52, 0xFA, 0xF3, 0x1F, 0xAA, 0xE4, 0xC3,
    0x7F, 0x6E, 0x90, 0x86, 0x0B, 0xFF, 0x79, 0x41, 0xDA, 0x17, 0xFC, 0xD7, 0x67, 0x28, 0xF8, 0x6F,
    0x0F, 0x34, 0xDA, 0xF4, 0x3B, 0xD0, 0xC0, 0x5F, 0x20, 0xF5, 0xCC, 0x0C, 0x1B, 0x80, 0x64, 0x3C,
    0x50, 0x35, 0xD8, 0x11, 0x00, 0x79, 0x7E, 0x47, 0x07, 0x78, 0x9C, 0x7D, 0x8E, 0xC1, 0x0D, 0x01,
    0x01, 0x10, 0x45, 0xBF, 0x8B, 0x15, 0x62, 0xB7, 0x04, 0xAE, 0x4E, 0x9C, 0x9D, 0x9C, 0x6D, 0x11,
    0x74, 0xE0, 0xA0, 0x02, 0xD1, 0x80, 0x12, 0x94, 0xA0, 0x83, 0x49, 0x34, 0xB0, 0xDB, 0x81, 0x12,
    0x16, 0x97, 0x95, 0x88, 0x7D, 0x66, 0xC4, 0xC6, 0xCD, 0x9C, 0x5E, 0x32, 0x99, 0x37, 0x0F, 0x93,
    0x76, 0xAF, 0xCB, 0x44, 0xC2, 0x34, 0x6B, 0x80, 0x24, 0xE8, 0xEE, 0xC0, 0x2A, 0xE8, 0x49, 0xBE,
    0xA7, 0x72, 0x1A, 0x53, 0x48, 0x0F, 0xBA, 0xD8, 0xDA, 0x37, 0xBA, 0xD1, 0xC7, 0x0E, 0x4C, 0xA5,
    0x92, 0x21, 0x76, 0x24, 0x93, 0x4E, 0x64, 0x14, 0xE7, 0x96, 0x7C, 0xFE, 0xD0, 0xEF, 0xC2, 0x2D,
    0xA3, 0xB0, 0xA4, 0x5F, 0xF3, 0x95, 0x41, 0x7C, 0xF3, 0xB0, 0x9A, 0xE4, 0x53, 0xB0, 0xDC, 0x42,
    0xA7, 0xAD, 0xDA, 0x44, 0xD5, 0x22, 0x4A, 0x7B, 0x41, 0x5E, 0x5F, 0xCD, 0xA5, 0x37, 0xCF, 0xC6,
    0x71, 0x83, 0x78, 0x9C, 0x63, 0x60, 0x98, 0xF4, 0xF7, 0xFF, 0xFF, 0xFD, 0x0C, 0x0E, 0xFF, 0xFF,
    0x83, 0xA8, 0x8F, 0x10, 0xEA, 0xC7, 0x7F, 0x6B, 0x25, 0x20, 0xF5, 0xF7, 0x3F, 0x23, 0x03, 0x90,
    0xFA, 0x7F, 0x9E, 0x01, 0x4C, 0xED, 0x07, 0x53, 0xFF, 0x20, 0xBC, 0xDF, 0x10, 0xB9, 0xAF, 0xFF,
    0xBD, 0x41, 0x2A, 0x17, 0x40, 0xF4, 0x01, 0x75, 0x80, 0x28, 0x01, 0x08, 0xAF, 0xE0, 0xFF, 0x7A,
    0x90, 0x92, 0x07, 0xFF, 0xFD, 0x41, 0xD4, 0x97, 0xFF, 0xBC, 0x20, 0xEA, 0xD7, 0x7F, 0x36, 0x20,
    0x05, 0x54, 0x01, 0xD2, 0x5E, 0xF0, 0x7F, 0x3E, 0xC8, 0xB0, 0x0B, 0xFF, 0xED, 0x41, 0x14, 0x00,
    0x3F, 0x95, 0x52, 0xB3, 0x78, 0x9C, 0x1D, 0xC9, 0x31, 0x0E, 0x40, 0x40, 0x14, 0x00, 0xD1, 0x9F,
    0x88, 0x10, 0x3F, 0xC2, 0x15, 0x1C, 0x42, 0xE2, 0x38, 0x6E, 0xA6, 0x70, 0x09, 0x89, 0x62, 0x8F,
    0x40, 0xA9, 0x13, 0xAD, 0x86, 0xD0, 0x58, 0xC5, 0x8E, 0x5D, 0xCD, 0x14, 0xF3, 0xA4, 0x77, 0x26,
    0x96, 0x16, 0xE8, 0xE4, 0xF6, 0x25, 0xB2, 0x34, 0x96, 0x74, 0x18, 0xE5, 0x24, 0x13, 0xA9, 0x2E,
    0x54, 0x16, 0xFF, 0x75, 0x0E, 0xAA, 0x0F, 0xC9, 0x89, 0xBA, 0xD5, 0xAB, 0x62, 0x42, 0x1D, 0xB5,
    0x45, 0xDF, 0x5F, 0x37, 0x38, 0xC8, 0xCB, 0x7D, 0xEA, 0x29, 0x3E, 0x1E, 0xE5, 0x3A, 0xD5, 0x78,
    0x9C, 0x1D, 0x8B, 0x31, 0x0E, 0xC1, 0x50, 0x00, 0x40, 0x9F, 0x88, 0x46, 0x13, 0x43, 0x63, 0x33,
    0xE9, 0x3D, 0x48, 0x5C, 0xC1, 0x0D, 0xF4, 0x06, 0xDC, 0xC0, 0xEA, 0x16, 0x0C, 0xF6, 0xCF, 0x09,
    0x7A, 0x84, 0x8A, 0x0B, 0x74, 0xB1, 0x1B, 0x3A, 0x08, 0x4D, 0x3D, 0xBF, 0x96, 0xB7, 0xBC, 0xF7,
    0x80, 0xFC, 0x30, 0x02, 0xAE, 0xA6, 0x70, 0xD6, 0x84, 0x93, 0xD6, 0xD0, 0xEA, 0x8C, 0xC2, 0x10,
    0xDD, 0xCD, 0x3E, 0x68, 0x02, 0x53, 0x78, 0x6D, 0x3E, 0x2E, 0x69, 0x9F, 0xEA, 0xB0, 0x8B, 0x70,
    0xF2, 0x35, 0xBD, 0xBB, 0x52, 0xD6, 0xEE, 0xAD, 0xC8, 0x0C, 0x96, 0x60, 0xF9, 0x67, 0xE8, 0x6A,
    0x72, 0x8F, 0x6F, 0x07, 0x85, 0xDB, 0xC6, 0xC5, 0xC3, 0xF9, 0xA5, 0xBF, 0xC6, 0x59, 0x9C, 0x63,
    0xB0, 0xEB, 0xAA, 0x84, 0x1F, 0xAE, 0x89, 0x47, 0x59, 0x78, 0x9C, 0xFB, 0xFF, 0xFF, 0xFF, 0x3E,
    0x36, 0x86, 0xFF, 0x40, 0xB0, 0x1E, 0x4C, 0xFE, 0x67, 0xFD, 0x7F, 0xDE, 0xE8, 0xC7, 0x7F, 0xAE,
    0xFF, 0xFB, 0x19, 0x3E, 0x80, 0xC9, 0xAF, 0xFF, 0xD9, 0x41, 0xC2, 0xF7, 0x19, 0x41, 0x64, 0x3C,
    0x5C, 0x8D, 0xCB, 0x93, 0xFF, 0xBC, 0x40, 0xD9, 0x0D, 0xFF, 0xF9, 0xFF, 0x9F, 0x57, 0x7A, 0xF2,
    0x9F, 0x0F, 0x2C, 0xCE, 0x05, 0x22, 0xDE, 0x33, 0x81, 0x94, 0x6B, 0x32, 0x00, 0x00, 0x86, 0x67,
    0x40, 0x6B, 0x78, 0x9C, 0xFB, 0xFF, 0xFF, 0xFF, 0x7F, 0x8E, 0xFF, 0x08, 0xE2, 0xBC, 0x92, 0x12,
    0xE3, 0xFF, 0xFD, 0x0C, 0x0C, 0x0C, 0xA4, 0x13, 0x00, 0xEB, 0x3E, 0x21, 0x4A, 0x78, 0x9C, 0x63,
    0xF8, 0xF0, 0x1F, 0x08, 0x18, 0x18, 0xD0, 0x29, 0x9D, 0x3F, 0x60, 0x8A, 0xFB, 0x37, 0x32, 0xC5,
    0x05, 0xA1, 0x38, 0x41, 0xD4, 0xC7, 0xFF, 0x6C, 0x20, 0xEA, 0xDB, 0x7F, 0x26, 0x10, 0xF5, 0xF7,
    0x3E, 0x03, 0x90, 0x9A, 0xFC, 0x7F, 0xBE, 0xD2, 0x9F, 0xFF, 0x4A, 0xFF, 0xB1, 0x82, 0xFD, 0x0C,
    0x0C, 0x40, 0x35, 0x58, 0xA9, 0x8E, 0x08, 0x20, 0xD5, 0xDA, 0x01, 0x00, 0xE5, 0x20, 0x58, 0x87,
    0x78, 0x9C, 0x63, 0x58, 0xF4, 0x6F, 0x3F, 0x33, 0x83, 0xC3, 0xFF, 0xFF, 0xFF, 0xE3, 0x19, 0x1E,
    0x00, 0xC9, 0xFF, 0x8C, 0xDF, 0xFE, 0x5B, 0x7E, 0xFF, 0xCF, 0xFE, 0xFB, 0x3F, 0xC3, 0x85, 0xFF,
    0x3C, 0xFF, 0xEE, 0x2B, 0x1D, 0xFA, 0xCF, 0x07, 0x12, 0xFE, 0xCF, 0x8F, 0x4C, 0xFE, 0x3B, 0xCF,
    0x00, 0x04, 0x7F, 0xFE, 0x33, 0x32, 0x08, 0x30, 0x7C, 0xFF, 0xEF, 0x13, 0x7C, 0x07, 0xA2, 0x97,
    0xC3, 0xE0, 0xDF, 0xFF, 0xFF, 0xEF, 0x99, 0x19, 0x1A, 0xFF, 0xDE, 0x97, 0x60, 0x00, 0x00, 0x5F,
    0x8A, 0x38, 0x89, 0x78, 0x9C, 0x35, 0x8E, 0xFD, 0x09, 0x82, 0x70, 0x14, 0x45, 0xAF, 0x41, 0x1F,
    0x84, 0x50, 0x1B, 0xB8, 0x80, 0xE0, 0x08, 0x39, 0x82, 0x1B, 0xE4, 0x06, 0xAD, 0xD0, 0x26, 0x35,
    0x82, 0x1B, 0xFC, 0xDA, 0xA0, 0x11, 0x12, 0x1C, 0x20, 0x94, 0x3E, 0x48, 0xC8, 0xE3, 0x7B, 0x88,
    0x8F, 0x0B, 0xEF, 0xFC, 0xF3, 0xCE, 0x7D, 0x5F, 0x76, 0x22, 0xE8, 0x45, 0x56, 0x73, 0x72, 0xEA,
    0xD9, 0x96, 0xB6, 0x3C, 0x2C, 0xF4, 0x27, 0x22, 0x14, 0x5C, 0xA4, 0x37, 0x2B, 0x42, 0x45, 0x22,
    0xDD, 0x88, 0x09, 0x2D, 0x6B, 0x29, 0xC7, 0xE7, 0xA9, 0x99, 0x88, 0xA4, 0x6A, 0xA2, 0x8D, 0xD4,
    0x91, 0x72, 0x6F, 0xCC, 0x6F, 0x4E, 0xBB, 0xBD, 0x9A, 0x7F, 0x8F, 0xFB, 0x72, 0x1E, 0x3A, 0x4F,
    0x1D, 0x03, 0xCB, 0x9A, 0xA3, 0xD3, 0x8F, 0xF8, 0x33, 0xFF, 0x72, 0x18, 0x01, 0x39, 0x97, 0x59,
    0x1B, 0x78, 0x9C, 0x63, 0x58, 0xF4, 0xEF, 0x3C, 0x2B, 0x83, 0xC3, 0xFF, 0xFF, 0xFF, 0xD7, 0x33,
    0x7C, 0x04, 0x92, 0xFF, 0x59, 0xBF, 0xFD, 0xB7, 0xFE, 0xFE, 0x9F, 0x6B, 0xC9, 0x2A, 0xE6, 0x0F,
    0xFF, 0xB9, 0x18, 0x18, 0x18, 0x3E, 0xFD, 0x67, 0x67, 0x10, 0x38, 0xF3, 0xFF, 0x3E, 0x03, 0x83,
    0xC2, 0xFF, 0xFF, 0xF6, 0x40, 0x81, 0x55, 0xFF, 0xDE, 0x33, 0x82, 0xC5, 0x39, 0x96, 0xAE, 0x62,
    0xFC, 0xF0, 0x9F, 0xFB, 0xDB, 0x7F, 0xAB, 0x1F, 0xFF, 0xB9, 0x20, 0x7A, 0x03, 0x80, 0xC4, 0x7C,
    0x06, 0x86, 0xC5, 0xFF, 0xF6, 0xB1, 0x32, 0x00, 0x00, 0xC7, 0xB8, 0x31, 0x29, 0x78, 0x9C, 0xFB,
    0xBF, 0x9F, 0xE1, 0xD3, 0x7F, 0xEE, 0xFF, 0xFB, 0x19, 0x7E, 0x80, 0xC9, 0x7F, 0x20, 0x32, 0xE0,
    0x3F, 0x88, 0x3C, 0x00, 0x26, 0x3F, 0x81, 0xC9, 0x9F, 0x20, 0xF2, 0xFC, 0xFF, 0xDF, 0x40, 0xF2,
    0xFF, 0xFF, 0x2F, 0x20, 0xF2, 0xFD, 0x07, 0x10, 0x59, 0x0F, 0x26, 0xE5, 0xC1, 0x24, 0x17, 0x98,
    0x64, 0x06, 0x91, 0xF7, 0x19, 0x80, 0x24, 0x00, 0x7A, 0x98, 0x40, 0x6F, 0x78, 0x9C, 0x2D, 0xC4,
    0xB1, 0x0D, 0x80, 0x20, 0x14, 0x04, 0xD0, 0x8B, 0x51, 0x2B, 0x76, 0x31, 0x71, 0x02, 0x47, 0x71,
    0x03, 0x29, 0xDD, 0x46, 0x47, 0x72, 0x03, 0x3A, 0x5B, 0xA4, 0x50, 0x1A, 0xC9, 0xC9, 0xBF, 0xF8,
    0x8A, 0xE7, 0x57, 0xF8, 0x15, 0x07, 0xDB, 0x3B, 0x60, 0x26, 0xB9, 0x00, 0x27, 0x63, 0x0F, 0x60,
    0x6C, 0xF0, 0x63, 0x40, 0xA2, 0xAB, 0x67, 0x5D, 0xEC, 0x89, 0xF6, 0xAE, 0x93, 0xCE, 0xBA, 0xBC,
    0x75, 0xF2, 0xD1, 0x97, 0xBD, 0xE9, 0x41, 0x3B, 0xDD, 0xD9, 0x11, 0xF5, 0x0F, 0x33, 0x96, 0x4D,
    0xDE, 0x78, 0x9C, 0x1D, 0xCC, 0x3B, 0x11, 0x80, 0x30, 0x14, 0x44, 0xD1, 0xA5, 0x00, 0x86, 0x86,
    0xC1, 0x01, 0x52, 0xB0, 0x14, 0x07, 0x48, 0x40, 0xD2, 0x93, 0x90, 0x38, 0x40, 0x02, 0x05, 0x13,
    0x1A, 0x8A, 0x4B, 0xD8, 0xE6, 0x34, 0xFB, 0x21, 0xF4, 0xB0, 0x11, 0x7A, 0x99, 0x88, 0x05, 0x3A,
    0x22, 0xB1, 0x8B, 0x28, 0xCC, 0xCD, 0x9B, 0x5E, 0x40, 0xD6, 0xEF, 0x69, 0x19, 0x44, 0xAE, 0x4E,
    0x8B, 0x9B, 0x89, 0x4B, 0xDE, 0x8E, 0xFE, 0x59, 0x9B, 0x95, 0xE3, 0x03, 0x51, 0x19, 0x3A, 0x0A,
    0x78, 0x9C, 0x63, 0xF8, 0x0F, 0x04, 0xFB, 0x19, 0x50, 0xC8, 0xF3, 0x4A, 0x20, 0x12, 0x3B, 0x12,
    0xF8, 0xBF, 0x1E, 0x48, 0x1A, 0xFC, 0x9F, 0x0F, 0x24, 0x0B, 0xFE, 0xD7, 0x03, 0xC9, 0x67, 0xFF,
    0xED, 0x81, 0xE4, 0xFF, 0xFF, 0xBC, 0x60, 0x92, 0x05, 0x44, 0xFA, 0x30, 0x00, 0x49, 0x00, 0x8F,
    0xFE, 0x38, 0xF8, 0x78, 0x9C, 0x25, 0xC5, 0xB1, 0x0D, 0x80, 0x20, 0x10, 0x40, 0xD1, 0x4B, 0x2C,
    0x2C, 0xD4, 0x19, 0x70, 0x00, 0x0B, 0x37, 0x83, 0x0D, 0x1C, 0x89, 0x11, 0x64, 0x23, 0x30, 0xC1,
    0x44, 0x4D, 0xC8, 0x17, 0x8E, 0xD7, 0x3C, 0x58, 0x64, 0x87, 0x09, 0x8C, 0x38, 0xDD, 0x4A, 0xD0,
    0xBD, 0x24, 0x3D, 0x4A, 0xD6, 0x19, 0xDE, 0xFE, 0x58, 0xFA, 0x1B, 0xA5, 0x7E, 0x72, 0xF0, 0xB4,
    0x3F, 0xC8, 0xED, 0x1B, 0x52, 0xFB, 0xC2, 0xEB, 0x01, 0xAB, 0x3B, 0x8C, 0xBE, 0x32, 0xD7, 0x7F,
    0xDD, 0x96, 0x55, 0xDE, 0x78, 0x9C, 0xFB, 0xBF, 0x9F, 0xE1, 0xC3, 0x7F, 0xEE, 0xFF, 0xF8, 0x49,
    0x10, 0x40, 0x25, 0xCF, 0x2B, 0x7D, 0x22, 0xA4, 0x0B, 0x00, 0xBD, 0xA7, 0x3B, 0xE7, 0x78, 0x9C,
    0x63, 0x68, 0xFC, 0x7B, 0x9E, 0x8D, 0xC1, 0xE0, 0xDF, 0xFF, 0xFF, 0xFB, 0x19, 0x2E, 0xFC, 0x07,
    0x02, 0xCE, 0x6F, 0xFF, 0x6D, 0xBE, 0xFE, 0x97, 0xFF, 0xFD, 0x9F, 0x29, 0xE1, 0x7F, 0xFE, 0xBF,
    0xFB, 0x0C, 0x0A, 0xFF, 0xE7, 0x03, 0xA5, 0x18, 0xFE, 0xEF, 0x47, 0x26, 0x81, 0xE2, 0x02, 0xFF,
    0xE7, 0xFF, 0xFE, 0xCF, 0x08, 0x54, 0x03, 0x54, 0xFF, 0xE4, 0xBF, 0x3C, 0x44, 0xAF, 0x02, 0xD0,
    0x9C, 0xF3, 0x0C, 0x0C, 0x60, 0x33, 0x01, 0xFC, 0xA4, 0x37, 0xCB, 0x78, 0x9C, 0xFB, 0xFF, 0x1F,
    0x08, 0xB8, 0xFF, 0x23, 0x93, 0xE7, 0x95, 0x3E, 0x01, 0xC9, 0xFD, 0x0C, 0x1F, 0x28, 0x23, 0x01,
    0x51, 0xEE, 0x3B, 0xE7, 0x78, 0x9C, 0xFB, 0x5F, 0x7F, 0xED, 0x3D, 0x07, 0xC3, 0xFF, 0xFB, 0xFF,
    0xFF, 0xEF, 0x67, 0xF8, 0x0F, 0x02, 0x2C, 0xFF, 0xFF, 0x9B, 0xFD, 0xFA, 0xCF, 0x09, 0xE4, 0x7E,
    0xF8, 0xCF, 0x0B, 0x24, 0x0F, 0xFC, 0xE7, 0x07, 0x92, 0x1B, 0x30, 0xC8, 0x03, 0xFF, 0xF9, 0xC0,
    0x6A, 0x78, 0xFE, 0xFF, 0x37, 0x05, 0xA9, 0x07, 0x01, 0xE6, 0xFF, 0xEF, 0xFF, 0xFF, 0x5F, 0xCF,
    0xF0, 0x7F, 0xFF, 0xD5, 0xF7, 0xEC, 0x40, 0x92, 0x01, 0x08, 0xF0, 0x93, 0x00, 0xDB, 0x3A, 0x45,
    0xE5, 0x78, 0x9C, 0x63, 0x58, 0xF4, 0xEF, 0x3C, 0x2B, 0x83, 0xC3, 0xFF, 0xFF, 0xFF, 0xE7, 0x33,
    0x3C, 0x04, 0x92, 0xFF, 0x59, 0xBE, 0xFF, 0xB7, 0xFC, 0xFE, 0x9F, 0xFB, 0xCF, 0x7B, 0x86, 0x0B,
    0xFF, 0xF9, 0xFE, 0x9D, 0x67, 0x28, 0xD8, 0xCD, 0xF5, 0x7F, 0x3F, 0x03, 0x10, 0x20, 0x93, 0x40,
    0x71, 0x83, 0x50, 0x16, 0xA0, 0x9A, 0x03, 0xFF, 0xF9, 0xBF, 0xFF, 0xB7, 0xF8, 0xF6, 0x9F, 0x1B,
    0xA2, 0x17, 0x64, 0x4E, 0x3F, 0x03, 0xC3, 0xA4, 0x7F, 0xFB, 0x59, 0x18, 0x00, 0xD7, 0x0B, 0x30,
    0xA3, 0x78, 0x9C, 0xFB, 0xF1, 0x1F, 0x08, 0xFA, 0x7F, 0x20, 0x91, 0x8A, 0x4A, 0xFF, 0xCF, 0x2B,
    0x09, 0x31, 0x30, 0xFC, 0xDF, 0xCF, 0xC0, 0x40, 0x09, 0x09, 0x00, 0x68, 0xDB, 0x25, 0xF9, 0x78,
    0x9C, 0x2D, 0xCA, 0xD1, 0x09, 0x82, 0x60, 0x18, 0x85, 0xE1, 0x53, 0x81, 0x08, 0x45, 0x8E, 0x60,
    0x23, 0xB8, 0x41, 0xA3, 0xE8, 0x02, 0xA2, 0x23, 0x74, 0xD1, 0xBD, 0x23, 0xD8, 0x08, 0x6D, 0x60,
    0x1B, 0xB8, 0x42, 0x1B, 0x98, 0x8A, 0x45, 0x14, 0xFF, 0xDB, 0xFF, 0x69, 0x37, 0xE7, 0x81, 0xC3,
    0x3B, 0xB2, 0xD5, 0x97, 0xD5, 0x83, 0xBD, 0x68, 0x75, 0x25, 0x4E, 0xA8, 0x94, 0x91, 0x96, 0x1C,
    0x75, 0xA0, 0xBA, 0x10, 0x49, 0xAE, 0xB9, 0xFB, 0x4A, 0xEF, 0x6E, 0x20, 0x90, 0x26, 0x5E, 0xAC,
    0xA5, 0x1E, 0xD7, 0x49, 0xBA, 0x41, 0xED, 0x39, 0x41, 0xEA, 0x49, 0x20, 0xF6, 0x08, 0x76, 0xC6,
    0x87, 0xD0, 0x78, 0xB2, 0x31, 0x26, 0x34, 0x9F, 0x8D, 0xED, 0x99, 0x62, 0x09, 0xFF, 0x7D, 0x60,
    0xB8, 0xDC, 0xF6, 0x07, 0xF7, 0x93, 0x3B, 0x1F, 0x78, 0x9C, 0x63, 0x60, 0x60, 0xE8, 0x88, 0x60,
    0x00, 0x83, 0xFF, 0xFB, 0x89, 0xA1, 0xAF, 0xDE, 0xFF, 0xFF, 0xFE, 0x9F, 0x35, 0x43, 0xC2, 0x7F,
    0x30, 0x60, 0xFA, 0x08, 0xA1, 0xB9, 0xBF, 0xFD, 0xB7, 0xFE, 0x7F, 0xFE, 0xC9, 0x7F, 0xF9, 0x5F,
    0xFF, 0x99, 0xFE, 0xEF, 0x4F, 0xF8, 0x9F, 0xFF, 0xF7, 0x3E, 0x50, 0xBD, 0xC2, 0xFF, 0xF9, 0x40,
    0x4D, 0x20, 0xB4, 0x1E, 0x4A, 0xEF, 0x87, 0xD1, 0xFF, 0xCE, 0x03, 0x09, 0x81, 0xFF, 0xF3, 0xFF,
    0xFC, 0x07, 0xD2, 0x01, 0xFF, 0xEB, 0xBF, 0xFF, 0xB7, 0xFA, 0x7F, 0xFE, 0xF2, 0x7F, 0x7B, 0xA8,
    0x79, 0x3C, 0x05, 0x10, 0x9A, 0x99, 0xE1, 0xDA, 0xFB, 0xFF, 0xEF, 0xFF, 0xDB, 0x10, 0xEF, 0x3E,
    0x28, 0x0D, 0x00, 0x93, 0x19, 0x69, 0xD6, 0x78, 0x9C, 0x0D, 0xC8, 0x49, 0x0D, 0x80, 0x30, 0x00,
    0x45, 0xC1, 0x0F, 0x5C, 0x48, 0xC3, 0x01, 0x07, 0x95, 0x50, 0x1C, 0x80, 0x04, 0x24, 0x20, 0x01,
    0x27, 0x95, 0xD2, 0x3A, 0x00, 0x09, 0x48, 0xC0, 0x01, 0x09, 0xDB, 0x81, 0x25, 0x0F, 0xE6, 0x38,
    0x1B, 0x45, 0x87, 0x8F, 0xD4, 0x23, 0xB6, 0x62, 0x58, 0xC9, 0xF5, 0x70, 0x93, 0x68, 0x07, 0x2F,
    0x4D, 0x60, 0xA5, 0x96, 0xBF, 0x55, 0x42, 0x26, 0xF5, 0x60, 0xA4, 0x19, 0x9C, 0x74, 0x42, 0x90,
    0xDE, 0xE5, 0x22, 0x6D, 0xF1, 0x1B, 0x66, 0xC2, 0x46, 0xDC, 0x81, 0x69, 0x08, 0x1F, 0x1A, 0x4E,
    0x33, 0x0C, 0x78, 0x9C, 0xFB, 0xBF, 0x9F, 0xE1, 0xC3, 0x7F, 0x6E, 0x86, 0xFF, 0xD4, 0xA1, 0xCE,
    0x2B, 0x7D, 0xFA, 0xAF, 0xC3, 0xF8, 0x1F, 0x0C, 0xB8, 0x51, 0x29, 0x06, 0x20, 0xF8, 0x80, 0x87,
    0x6A, 0xE8, 0x60, 0x05, 0x00, 0x51, 0xDF, 0x47, 0xFB, 0x78, 0x9C, 0xFB, 0xBF, 0x9F, 0xE1, 0xC3,
    0x7F, 0xEE, 0xFF, 0xB8, 0xC8, 0xF3, 0x20, 0xF2, 0xCF, 0x7F, 0xD6, 0x8F, 0xFF, 0xB9, 0xBF, 0xFD,
    0x07, 0x02, 0xEE, 0x0D, 0x60, 0x92, 0xE1, 0x39, 0x98, 0x64, 0x50, 0xFC, 0x08, 0x22, 0x41, 0x6A,
    0x30, 0x49, 0x00, 0xE5, 0x87, 0x32, 0x03, 0x78, 0x9C, 0xFB, 0xBF, 0x9F, 0xE1, 0xF7, 0x7F, 0x86,
    0x6F, 0xFF, 0x59, 0xFE, 0xD3, 0x8E, 0x71, 0x5E, 0xE9, 0xCF, 0x7F, 0xA5, 0x1F, 0x40, 0x06, 0x14,
    0x60, 0x61, 0x00, 0x00, 0x41, 0x21, 0x5C, 0x98, 0x78, 0x9C, 0xFB, 0xBF, 0x9F, 0xE1, 0xF7, 0x7F,
    0x86, 0x0F, 0xFF, 0xB9, 0x19, 0xFE, 0xD3, 0x83, 0x75, 0x5E, 0xE9, 0xCF, 0x7F, 0xA5, 0x4F, 0xFF,
    0x75, 0x98, 0xFE, 0xC3, 0x00, 0x3F, 0x36, 0x16, 0x03, 0x04, 0x6C, 0x20, 0x92, 0x15, 0xD0, 0xC1,
    0x01, 0x00, 0xA5, 0x1B, 0x67, 0xBD, 0x78, 0x9C, 0xFB, 0xF1, 0xFF, 0xFF, 0x7E, 0x06, 0x20, 0xF8,
    0x81, 0x46, 0x2B, 0x2A, 0x41, 0x68, 0x06, 0x86, 0xFF, 0xE7, 0x95, 0x18, 0xC1, 0xF4, 0xFF, 0xFF,
    0xEF, 0x39, 0x20, 0xF4, 0xFF, 0xF3, 0x50, 0xFA, 0x3F, 0x3B, 0x90, 0xDE, 0xCF, 0xF0, 0xF9, 0x3F,
    0x2F, 0x98, 0x3E, 0xF0, 0x9F, 0x1F, 0x89, 0x3E, 0xAF, 0xF4, 0xED, 0x3F, 0x0F, 0x54, 0x1D, 0x2B,
    0x84, 0x9E, 0x0F, 0xD1, 0xB7, 0x9F, 0x95, 0x01, 0x00, 0xCA, 0xB9, 0x38, 0xF5, 0x78, 0x9C, 0xFB,
    0xBF, 0x9F, 0x01, 0x08, 0x3E, 0xFC, 0xE7, 0xFE, 0x8F, 0x87, 0x71, 0x5E, 0x89, 0x11, 0xC2, 0xF8,
    0xFF, 0xFF, 0x3D, 0x07, 0x94, 0xF1, 0xFF, 0x3C, 0x8C, 0xF1, 0x9F, 0x1D, 0xA2, 0xF8, 0xCB, 0x7F,
    0x5E, 0x08, 0xE3, 0xC0, 0x7F, 0x7E, 0x14, 0xC6, 0x79, 0xA5, 0xEF, 0xFF, 0x79, 0x60, 0x8A, 0x59,
    0xA1, 0x8C, 0xF5, 0x50, 0xED, 0xE7, 0x59, 0x41, 0x0C, 0x00, 0x77, 0xDA, 0x50, 0x95, 0x78, 0x9C,
    0xFB, 0xBF, 0x9F, 0x01, 0x08, 0xFE, 0x63, 0x92, 0xE7, 0x95, 0x18, 0x81, 0xE4, 0xFF, 0xFF, 0xEF,
    0x39, 0x40, 0xE4, 0xFF, 0xF3, 0x60, 0xF2, 0x3F, 0x3B, 0x50, 0xF6, 0xCB, 0x7F, 0x5E, 0x20, 0x79,
    0xE0, 0x3F, 0x3F, 0x94, 0x3C, 0xAF, 0xF4, 0xFD, 0x3F, 0x0F, 0x58, 0x96, 0x15, 0x44, 0xAC, 0x07,
    0xA9, 0x3C, 0xCF, 0xCA, 0x00, 0x00, 0xD0, 0x7B, 0x32, 0xEF, 0x78, 0x9C, 0x1D, 0x8C, 0xB1, 0x09,
    0x80, 0x30, 0x14, 0x05, 0xAF, 0x11, 0x24, 0xA9, 0x32, 0x82, 0x4B, 0xE8, 0x52, 0x0A, 0x6E, 0xE0,
    0x08, 0xBA, 0x91, 0x8D, 0xD6, 0x8E, 0x22, 0x46, 0x2C, 0x44, 0xC3, 0xF3, 0x9B, 0xE6, 0xE0, 0xC1,
    0xDD, 0x63, 0x55, 0x0B, 0x93, 0x24, 0xCF, 0x65, 0x1C, 0x79, 0x55, 0x27, 0xA1, 0xCD, 0x66, 0x11,
    0x02, 0x51, 0x25, 0x3C, 0x92, 0xCB, 0xF4, 0x50, 0x45, 0x39, 0xCD, 0x1C, 0x2A, 0xD3, 0xFE, 0x3B,
    0xB7, 0x1A, 0xF3, 0x4F, 0x6B, 0x07, 0xFA, 0xFC, 0xC3, 0xA2, 0x0E, 0x3E, 0xFA, 0xEE, 0x32, 0x59,
    0x78, 0x9C, 0xFB, 0xBF, 0x9F, 0x81, 0xE1, 0xC6, 0xFF, 0x18, 0x06, 0x86, 0xFF, 0xFB, 0x19, 0x2E,
    0xFE, 0xFF, 0xFF, 0x9F, 0x0B, 0xC4, 0xF8, 0x0D, 0x64, 0xE4, 0x03, 0x19, 0x0E, 0xFF, 0xDF, 0xBB,
    0xFC, 0x7B, 0x0F, 0x64, 0x4C, 0xF8, 0x5F, 0xCF, 0xF0, 0xED, 0x3F, 0xEB, 0xFF, 0xF3, 0x97, 0xFE,
    0xEB, 0x33, 0x7C, 0xFA, 0xCF, 0x01, 0x94, 0xFF, 0xCF, 0xCF, 0xF0, 0xE1, 0x3F, 0x17, 0x8C, 0xC1,
    0x8D, 0x10, 0xD9, 0x7F, 0x01, 0xAA, 0x06, 0xA8, 0x2B, 0x1F, 0xAC, 0x0B, 0x62, 0xCE, 0x7F, 0x90,
    0xC9, 0x7F, 0x80, 0xCA, 0xEA, 0x51, 0xEC, 0x82, 0xD8, 0x0E, 0x00, 0xB9, 0x7C, 0x54, 0xB9, 0x78,
    0x9C, 0x63, 0x70, 0xF8, 0xFD, 0xFF, 0xFF, 0x7E, 0x86, 0x9F, 0xFF, 0x81, 0x64, 0xC0, 0x7F, 0x10,
    0x79, 0xE0, 0x7F, 0xBD, 0xD2, 0xFF, 0xFD, 0x1F, 0xFE, 0xF3, 0x30, 0xC0, 0xC8, 0x0B, 0xFF, 0xFD,
    0x81, 0x64, 0x01, 0x58, 0x96, 0xE1, 0x0F, 0x98, 0xFC, 0x08, 0x26, 0xBF, 0xFD, 0x57, 0x03, 0x92,
    0x7F, 0xEF, 0x03, 0x65, 0x1D, 0xFE, 0xE7, 0x03, 0xC9, 0x0D, 0xFF, 0xF9, 0x81, 0xE4, 0xA7, 0xFF,
    0x1C, 0x40, 0x12, 0x00, 0x4F, 0xE8, 0x3D, 0xC7, 0x78, 0x9C, 0xFB, 0xFC, 0x9F, 0x87, 0x81, 0x81,
    0xC1, 0xE1, 0x7F, 0x3E, 0x90, 0x64, 0xF8, 0xF6, 0x9E, 0x11, 0x48, 0x16, 0xFC, 0xE7, 0x62, 0x40,
    0x05, 0x8B, 0xFE, 0xED, 0x67, 0x06, 0xAA, 0xF9, 0xFF, 0x3F, 0x9E, 0xE1, 0x01, 0x90, 0xFC, 0xCF,
    0xF8, 0xED, 0xBF, 0xE5, 0xF7, 0xFF, 0xEC, 0xBF, 0xFF, 0x33, 0x5C, 0xF8, 0xCF, 0xF3, 0xEF, 0xBE,
    0xD2, 0xA1, 0xFF, 0x7C, 0x20, 0xE1, 0xFF, 0xFC, 0xC8, 0xE4, 0xBF, 0xF3, 0x20, 0xAD, 0x7F, 0xFE,
    0x33, 0x32, 0x08, 0x30, 0x7C, 0xFF, 0xEF, 0x13, 0x7C, 0x07, 0xA2, 0x97, 0xC3, 0xE0, 0xDF, 0xFF,
    0xFF, 0xEF, 0x99, 0x19, 0x1A, 0xFF, 0xDE, 0x97, 0x60, 0x00, 0x00, 0x93, 0x90, 0x3F, 0x94, 0x78,
    0x9C, 0xFB, 0x6E, 0xC7, 0xF0, 0xB8, 0x9E, 0xE1, 0xFF, 0x7A, 0x86, 0x5F, 0xFF, 0x19, 0x7E, 0xC6,
    0x33, 0x7C, 0x5D, 0xCF, 0xA0, 0xC0, 0xC8, 0x20, 0xC0, 0xC4, 0x00, 0x05, 0x8B, 0xFE, 0xED, 0x67,
    0x66, 0x70, 0xF8, 0xFF, 0xFF, 0x7F, 0x3C, 0xC3, 0x03, 0x20, 0xF9, 0x9F, 0xF1, 0xDB, 0x7F, 0xCB,
    0xEF, 0xFF, 0xD9, 0x7F, 0xFF, 0x67, 0xB8, 0xF0, 0x9F, 0xE7, 0xDF, 0x7D, 0xA5, 0x43, 0xFF, 0xF9,
    0x40, 0xC2, 0xFF, 0xF9, 0x91, 0xC9, 0x7F, 0xE7, 0x41, 0x5A, 0xFF, 0xFC, 0x07, 0x1A, 0xC4, 0xF0,
    0xFD, 0xBF, 0x4F, 0xF0, 0x19, 0x88, 0x5E, 0x0E, 0x83, 0x7F, 0xFF, 0xFF, 0xBF, 0x67, 0x66, 0x68,
    0xFC, 0x7B, 0x5F, 0x82, 0x01, 0x00, 0x79, 0xBD, 0x41, 0xE6, 0x78, 0x9C, 0x63, 0xF8, 0xBF, 0x9F,
    0x01, 0x04, 0x20, 0x54, 0xCB, 0xFF, 0xFB, 0x1D, 0xCC, 0x0C, 0x0C, 0x3F, 0xFE, 0xFF, 0xFF, 0xCF,
    0x06, 0xA7, 0x18, 0xE0, 0x4A, 0x0E, 0xBF, 0xE7, 0x04, 0x52, 0xF7, 0xFF, 0x83, 0x04, 0xFE, 0x83,
    0x00, 0x33, 0x90, 0x32, 0xFB, 0xF5, 0x9F, 0x83, 0xE1, 0xFF, 0x79, 0x86, 0x8F, 0xFF, 0xB9, 0x40,
    0x2A, 0x3F, 0xFC, 0xE7, 0xC6, 0x43, 0xF1, 0x10, 0x43, 0x01, 0x01, 0x48, 0x03, 0x10, 0x80, 0xCC,
    0x64, 0x60, 0x30, 0xFC, 0x01, 0xB4, 0x81, 0x81, 0xE1, 0x0B, 0xC8, 0x3E, 0x10, 0xB5, 0x1E, 0x24,
    0xF5, 0xF8, 0x3E, 0x3B, 0x03, 0x00, 0x99, 0xE1, 0x57, 0xE7, 0x78, 0x9C, 0x63, 0x60, 0xF8, 0xFB,
    0x9F, 0x85, 0xA1, 0xE1, 0xBF, 0x3F, 0x03, 0xC3, 0xE7, 0xFF, 0xAC, 0x0C, 0x0C, 0x7F, 0xF3, 0x19,
    0x90, 0xC0, 0x7F, 0x20, 0xE0, 0x40, 0x22, 0xCE, 0x2B, 0x29, 0x31, 0xFE, 0xDF, 0x0F, 0x92, 0x20,
    0x99, 0x00, 0x00, 0x9F, 0x55, 0x28, 0x7B, 0x78, 0x9C, 0x63, 0x68, 0xFC, 0xBB, 0x9F, 0x85, 0x41,
    0xE1, 0xDF, 0xFF, 0xFF, 0xF5, 0x0C, 0x07, 0xFE, 0x03, 0x01, 0xF3, 0xD7, 0xFF, 0x56, 0x3F, 0xFF,
    0x73, 0xFE, 0xFA, 0xCF, 0xF0, 0xE0, 0x3F, 0xDF, 0xDF, 0xF3, 0x0C, 0x1B, 0xFE, 0xF3, 0xFD, 0x3F,
    0xAF, 0xC4, 0xC8, 0xC0, 0x00, 0x94, 0xE3, 0x80, 0x91, 0x7F, 0xF7, 0x33, 0x08, 0x28, 0x31, 0xFD,
    0x7A, 0xCF, 0x70, 0xE1, 0x3F, 0xFF, 0xD7, 0xFF, 0x96, 0xDF, 0xFF, 0x73, 0x83, 0xF5, 0xB2, 0x40,
    0xCC, 0x61, 0x00, 0x9B, 0x09, 0x00, 0x33, 0xAB, 0x32, 0xB6, 0x78, 0x9C, 0x63, 0xD8, 0xFA, 0x7F,
    0x1D, 0x33, 0xC3, 0x84, 0xFF, 0xFF, 0xFF, 0xD7, 0x33, 0x7C, 0x01, 0x92, 0xFF, 0x99, 0x7F, 0xFD,
    0xB7, 0xF8, 0xF5, 0x9F, 0xE3, 0xF7, 0x7F, 0x86, 0x4D, 0xBB, 0x39, 0x7E, 0xFC, 0x97, 0x62, 0x60,
    0x60, 0x78, 0xF8, 0xFF, 0xBF, 0x17, 0x03, 0x83, 0xC0, 0xEF, 0xFF, 0xFF, 0x75, 0x18, 0x18, 0x0C,
    0x7E, 0xFD, 0x7F, 0xCF, 0xC8, 0xC0, 0xA0, 0xF0, 0xFB, 0x3F, 0xC7, 0xBB, 0x75, 0x0C, 0x1F, 0xFE,
    0x73, 0xFD, 0xF9, 0x6F, 0xF6, 0xFD, 0x3F, 0xD7, 0x57, 0x90, 0x5E, 0xD6, 0x06, 0x20, 0x31, 0x9F,
    0x81, 0x61, 0xCB, 0xBF, 0x7D, 0xAC, 0x0C, 0x00, 0x4E, 0xE1, 0x33, 0xFD, 0x78, 0x9C, 0xFB, 0xA6,
    0xFB, 0x6F, 0xFD, 0xBF, 0xF5, 0xDF, 0x74, 0x19, 0x18, 0xFE, 0xEF, 0xC7, 0x07, 0x01, 0x65, 0x9D,
    0x1F, 0xC3, 0x78, 0x9C, 0xFB, 0x6E, 0xC7, 0xF0, 0xB8, 0xFE, 0xFF, 0x7A, 0x86, 0x5F, 0xFF, 0x7F,
    0xC6, 0x33, 0x7C, 0x9D, 0xAF, 0xC0, 0xC8, 0x20, 0xC0, 0xC8, 0x00, 0x06, 0x1B, 0xFE, 0xF3, 0x53,
    0x89, 0x00, 0x00, 0x4E, 0x64, 0x23, 0x7F, 0x78, 0x9C, 0x63, 0x78, 0x1A, 0xC7, 0xF0, 0xEF, 0x3D,
    0x08, 0x01, 0x19, 0x40, 0xF0, 0xFB, 0x3F, 0x69, 0xE8, 0xCF, 0xFF, 0xE0, 0xFF, 0xF7, 0xFF, 0xFF,
    0xEF, 0xFF, 0xFF, 0x5F, 0xEE, 0xDF, 0x3A, 0x46, 0x00, 0xF4, 0x64, 0x30, 0x83, 0x78, 0x9C, 0x63,
    0xF8, 0x0F, 0x04, 0xFB, 0x19, 0x40, 0x00, 0x2B, 0xEB, 0xBC, 0x12, 0x8C, 0xB5, 0x9F, 0x01, 0x89,
    0xF5, 0xFF, 0xFF, 0x3E, 0x16, 0x18, 0xEB, 0x7F, 0x3E, 0x9C, 0xF5, 0x9F, 0x49, 0xE0, 0xFF, 0x7A,
    0xA0, 0x26, 0xA3, 0x9F, 0xFF, 0x39, 0x0C, 0xFE, 0xCF, 0x07, 0x09, 0x7F, 0xF8, 0xCF, 0x55, 0xF0,
    0xBF, 0x1E, 0xC4, 0xFA, 0xF8, 0x9F, 0xEB, 0xE9, 0x7F, 0x7B, 0x90, 0x91, 0x3F, 0xFF, 0xB3, 0xFF,
    0xFF, 0xCF, 0x0B, 0xD5, 0xF1, 0xFF, 0x3F, 0x0B, 0xD4, 0x94, 0xFF, 0x3E, 0x60, 0xAB, 0xD7, 0x31,
    0x33, 0x00, 0x00, 0x92, 0xB6, 0x51, 0x26, 0x78, 0x9C, 0xFB, 0xBF, 0x9F, 0xE1, 0xC3, 0x7F, 0x6E,
    0x06, 0x06, 0x86, 0xFF, 0xC4, 0x32, 0xFE, 0xFF, 0xCF, 0x61, 0xF8, 0x0F, 0x05, 0x5C, 0x30, 0x46,
    0x3E, 0x98, 0xD4, 0x49, 0xFA, 0x7F, 0xFE, 0xFF, 0x79, 0xA5, 0x4F, 0x40, 0xC5, 0x7F, 0xFE, 0x43,
    0x75, 0x41, 0x19, 0x60, 0x29, 0x88, 0x76, 0xA0, 0x62, 0x28, 0x83, 0x0B, 0xCA, 0x88, 0x61, 0x00,
    0x00, 0xBC, 0x6E, 0x55, 0xE7, 0x78, 0x9C, 0x63, 0xF8, 0xBF, 0x9F, 0x01, 0x04, 0x20, 0xD4, 0x8F,
    0xFF, 0xFF, 0xFF, 0x73, 0xC2, 0xA9, 0xE2, 0xFF, 0xF7, 0xCB, 0x59, 0xE0, 0x72, 0x40, 0xEA, 0xF0,
    0x7B, 0xA0, 0xE8, 0xFF, 0xF7, 0xFF, 0x41, 0x02, 0xFF, 0x41, 0x80, 0x19, 0x48, 0x99, 0xFD, 0xFA,
    0xCF, 0x01, 0x52, 0xF2, 0xF1, 0x3F, 0x17, 0x88, 0xFA, 0xF0, 0x9F, 0x9B, 0x42, 0x0A, 0x00, 0x5B,
    0x6E, 0x4A, 0x42, 0x78, 0x9C, 0x55, 0xCC, 0xC1, 0x0D, 0x40, 0x50, 0x10, 0x84, 0xE1, 0x71, 0x40,
    0x44, 0x22, 0x1A, 0x10, 0xA5, 0x68, 0x41, 0x09, 0x4A, 0xD0, 0x81, 0x12, 0x94, 0xA0, 0x94, 0x57,
    0x02, 0x1D, 0x28, 0x41, 0x44, 0x9E, 0xCB, 0x3B, 0xFC, 0x36, 0x7B, 0xB3, 0x87, 0xEF, 0xB0, 0xB3,
    0xB3, 0xD2, 0xC4, 0x26, 0xE9, 0xA6, 0x36, 0xD3, 0x6E, 0x8C, 0x74, 0xFA, 0x0D, 0x41, 0x2F, 0x83,
    0x99, 0xA8, 0x08, 0x2D, 0x64, 0x84, 0x99, 0xC5, 0xF6, 0x07, 0x8D, 0xF9, 0x90, 0x0B, 0xB0, 0xAE,
    0x79, 0xBA, 0x14, 0x62, 0x8F, 0x9E, 0x1E, 0x7E, 0x39, 0x73, 0xC9, 0xBB, 0xA5, 0xFF, 0xE9, 0xCD,
    0xC8, 0xFA, 0x01, 0x8D, 0x4E, 0x41, 0x39, 0x78, 0x9C, 0x55, 0xC9, 0xC1, 0x0D, 0x40, 0x40, 0x18,
    0x44, 0xE1, 0x49, 0xC4, 0x85, 0x44, 0x0B, 0x94, 0xA0, 0x14, 0x1D, 0x29, 0x6D, 0x75, 0x20, 0x2A,
    0x50, 0x02, 0xD9, 0x38, 0x10, 0xC9, 0x8E, 0x99, 0xFF, 0xE6, 0x1D, 0xBE, 0xCB, 0xDB, 0xD8, 0x03,
    0x18, 0x4A, 0x92, 0xC8, 0xAC, 0xE5, 0xC8, 0x0E, 0xBF, 0x98, 0x74, 0x5A, 0x79, 0x87, 0xC5, 0x4E,
    0xB4, 0x4B, 0x98, 0xC3, 0xC7, 0xAE, 0x7C, 0x25, 0x79, 0xD9, 0xE3, 0xB4, 0x73, 0xD8, 0x87, 0x4D,
    0x58, 0xD9, 0x1D, 0xF2, 0x03, 0xAA, 0x5B, 0x47, 0x6E, 0x78, 0x9C, 0x3D, 0xCD, 0xCB, 0x09, 0xC2,
    0x00, 0x10, 0x84, 0xE1, 0x41, 0x21, 0x01, 0xF1, 0x91, 0x0E, 0x0C, 0x58, 0x80, 0x25, 0x68, 0x07,
    0x49, 0x07, 0xDA, 0x80, 0x5A, 0x82, 0x17, 0xC1, 0xA3, 0x76, 0x60, 0x3A, 0x48, 0x0B, 0x76, 0x60,
    0x09, 0xB1, 0x04, 0x21, 0x21, 0x0A, 0x89, 0xF9, 0xDD, 0x55, 0x70, 0x58, 0xF6, 0x3B, 0xCD, 0xAE,
    0x8E, 0xA1, 0x6C, 0xF4, 0x4E, 0x96, 0x8C, 0xA4, 0x1A, 0x08, 0xA4, 0x75, 0xC7, 0x56, 0x96, 0x78,
    0xA6, 0x7F, 0x4A, 0x26, 0xEA, 0xD0, 0x9D, 0x79, 0xCC, 0x4D, 0x19, 0xAB, 0x94, 0xBD, 0x52, 0x4E,
    0x67, 0x16, 0x8A, 0xC8, 0xAF, 0x8C, 0xA5, 0xB6, 0x78, 0x30, 0x90, 0x5E, 0x54, 0x7E, 0xA5, 0xA4,
    0xA1, 0x27, 0x6B, 0x50, 0x58, 0x3F, 0x83, 0x8B, 0x91, 0x42, 0x62, 0x44, 0xD8, 0x39, 0x4B, 0xCB,
    0xD0, 0x79, 0x12, 0x3A, 0x15, 0x7D, 0xA7, 0xE6, 0xFB, 0xB1, 0xC9, 0x7D, 0x1F, 0xD8, 0x39, 0x30,
    0xFD, 0x11, 0x38, 0xDD, 0xC6, 0xF7, 0x07, 0x90, 0xD9, 0x46, 0x36, 0x78, 0x9C, 0xFB, 0xBF, 0x9F,
    0xE1, 0xC3, 0x7F, 0xEE, 0xFF, 0x94, 0x90, 0xE7, 0x5D, 0xBE, 0x00, 0x49, 0x10, 0x40, 0x21, 0x19,
    0x36, 0xFC, 0xE7, 0x67, 0x60, 0xC0, 0x45, 0x02, 0x00, 0xC9, 0x9D, 0x44, 0xC1, 0x78, 0x9C, 0x53,
    0x52, 0x52, 0xFA, 0x0F, 0x03, 0x00, 0x31, 0x41, 0x09, 0x5E, 0x78, 0x9C, 0x53, 0x52, 0x52, 0xFA,
    0x0F, 0x03, 0x00, 0x31, 0x41, 0x09, 0x5E, 0x78, 0x9C, 0x53, 0x52, 0x02, 0x81, 0xFF, 0x18, 0x00,
    0x00, 0xBB, 0x8F, 0x12, 0xBB, 0x78, 0x9C, 0x53, 0x52, 0x02, 0x03, 0xA6, 0xFF, 0x10, 0xC0, 0x8F,
    0x4E, 0x03, 0x00, 0x2C, 0xDB, 0x16, 0x09, 0x78, 0x9C, 0x53, 0x52, 0x02, 0x03, 0xA6, 0xFF, 0x10,
    0xC0, 0x8F, 0x4E, 0x03, 0x00, 0x2C, 0xDB, 0x16, 0x09, 0x78, 0x9C, 0xFB, 0xFF, 0x1F, 0x06, 0x04,
    0xE1, 0x00, 0x2E, 0xF4, 0x1F, 0x00, 0x3F, 0x42, 0x14, 0x97, 0x78, 0x9C, 0x63, 0x60, 0x08, 0xF0,
    0x7D, 0xB0, 0xFE, 0xBB, 0xFF, 0x1F, 0xFE, 0xFF, 0xFC, 0xFF, 0xF9, 0xFE, 0xF3, 0x01, 0x00, 0x3B,
    0x8B, 0x07, 0xA6, 0x78, 0x9C, 0xFB, 0xF0, 0xFE, 0x03, 0x10, 0x7E, 0xDC, 0xFF, 0x35, 0xFF, 0x37,
    0xDF, 0x33, 0x16, 0x06, 0x06, 0x00, 0x70, 0x77, 0x0A, 0xA5, 0x78, 0x9C, 0xFB, 0xF0, 0xFF, 0x03,
    0x10, 0x7E, 0xBC, 0xFF, 0xA5, 0xFF, 0xA7, 0xFC, 0x37, 0x76, 0x01, 0x06, 0x00, 0x75, 0x91, 0x0B,
    0x46, 0x78, 0x9C, 0xFB, 0xCF, 0xF7, 0x1F, 0x08, 0xFF, 0xF2, 0x7F, 0xF7, 0xFF, 0xB8, 0x3E, 0x20,
    0x8E, 0x81, 0x01, 0x00, 0x4B, 0xBD, 0x07, 0xC8, 0x78, 0x9C, 0x63, 0x60, 0x60, 0x60, 0x08, 0xF0,
    0x75, 0x88, 0x7B, 0xB0, 0xFE, 0xC1, 0xFE, 0xEF, 0xFE, 0xDF, 0xF2, 0xFF, 0xF0, 0xFF, 0x96, 0xFF,
    0xCF, 0xFF, 0x8F, 0xFF, 0x3F, 0x14, 0x02, 0x00, 0xE5, 0xFB, 0x0F, 0x8D, 0x78, 0x9C, 0xFB, 0xF0,
    0xFE, 0xC1, 0xFF, 0x0F, 0x50, 0xFC, 0x71, 0xFF, 0x87, 0xF3, 0x5F, 0xF3, 0x3F, 0xD7, 0xFF, 0xE6,
    0xFB, 0x29, 0xFF, 0x8C, 0xE5, 0x09, 0x2B, 0x03, 0x10, 0x00, 0x00, 0xB6, 0x9D, 0x15, 0x74, 0x78,
    0x9C, 0xFB, 0xF0, 0xFF, 0x03, 0x0A, 0xFC, 0x74, 0xFE, 0xD3, 0xFE, 0x6F, 0xF5, 0x5F, 0xF3, 0x7F,
    0xF3, 0xFD, 0xE6, 0x3B, 0xCC, 0x7A, 0x98, 0x85, 0x01, 0x08, 0x00, 0x44, 0x3F, 0x19, 0x65, 0x78,
    0x9C, 0x63, 0x60, 0xF8, 0xBF, 0x9F, 0x01, 0x08, 0xB0, 0x93, 0x3F, 0xFE, 0x03, 0x41, 0x3F, 0x32,
    0xA9, 0xA8, 0xF4, 0xFF, 0xBC, 0x92, 0x10, 0x2E, 0xF5, 0xC4, 0x93, 0x00, 0x00, 0xD6, 0x2E, 0xAF,
    0x78, 0x9C, 0x63, 0x60, 0xF8, 0xBF, 0x9F, 0x01, 0x08, 0xB0, 0x93, 0x3F, 0xFE, 0x03, 0x41, 0x3F,
    0x32, 0xA9, 0xA8, 0xF4, 0xFF, 0xBC, 0x92, 0x10, 0x2E, 0xF5, 0x98, 0x24, 0x44, 0x3D, 0xA6, 0x39,
    0xC4, 0xE8, 0x05, 0x00, 0x77, 0xC9, 0x44, 0xF9, 0x78, 0x9C, 0x9B, 0xF0, 0x9F, 0xF3, 0xE7, 0xFF,
    0xF9, 0xFF, 0xFE, 0xBF, 0xFF, 0xFF, 0xFF, 0x3F, 0x90, 0x04, 0xB2, 0x27, 0xFC, 0xE7, 0x04, 0x00,
    0xBF, 0x26, 0x11, 0x34, 0x78, 0x9C, 0xFB, 0xA6, 0xCB, 0x70, 0x29, 0xFF, 0xDF, 0x7A, 0x86, 0x5F,
    0xEF, 0xC1, 0xC4, 0x37, 0x10, 0x17, 0x00, 0x7E, 0x0E, 0x0B, 0xF5, 0x78, 0x9C, 0xFB, 0xA6, 0xCB,
    0x70, 0x29, 0x9F, 0x61, 0xC3, 0x7A, 0x86, 0x7F, 0xEB, 0x19, 0x7E, 0xBD, 0x67, 0xF8, 0xFA, 0x9F,
    0x19, 0xCE, 0xF8, 0x06, 0x93, 0x02, 0x00, 0x60, 0x63, 0x12, 0xA1, 0x78, 0x9C, 0xFB, 0xA6, 0xFB,
    0x6F, 0xFD, 0xBF, 0xF5, 0xDF, 0x74, 0x01, 0x1A, 0x70, 0x05, 0xA1, 0x78, 0x9C, 0x65, 0x8D, 0xB1,
    0x0D, 0x40, 0x50, 0x14, 0x45, 0xAF, 0x82, 0x5E, 0x63, 0x0E, 0x89, 0x05, 0x6C, 0x60, 0x12, 0x61,
    0x03, 0x23, 0xB0, 0xD1, 0x1F, 0xE1, 0xEF, 0x41, 0x21, 0xA2, 0x41, 0x70, 0xBC, 0x2F, 0x3A, 0xCD,
    0x29, 0xCE, 0x4D, 0xCE, 0x95, 0xF2, 0x91, 0x5A, 0xDA, 0xA0, 0x51, 0x0B, 0x54, 0x5A, 0xE8, 0x8B,
    0xCC, 0x44, 0x22, 0xE9, 0xC4, 0x90, 0xDE, 0x3E, 0x8D, 0x64, 0x1B, 0xFD, 0x47, 0xE1, 0x82, 0xC7,
    0xFD, 0xBC, 0x37, 0xAF, 0x6B, 0x0E, 0xDC, 0x89, 0x8D, 0x2B, 0x9D, 0xD5, 0x86, 0xB7, 0xAC, 0x23,
    0xBC, 0xA8, 0x9C, 0xA8, 0x1F, 0xDC, 0xB4, 0x3A, 0x6E, 0x78, 0x9C, 0x45, 0xCD, 0xCD, 0x09, 0xC2,
    0x40, 0x10, 0x05, 0xE0, 0x97, 0x80, 0x48, 0xF0, 0x2F, 0x5E, 0xBD, 0x68, 0x07, 0xDA, 0x41, 0x42,
    0x48, 0x1F, 0x7A, 0xF2, 0xAA, 0xB7, 0x5C, 0xED, 0x20, 0x5E, 0x73, 0xB4, 0x03, 0x3B, 0xB0, 0x05,
    0x3B, 0x88, 0x15, 0xF8, 0x13, 0x09, 0x06, 0x67, 0xF1, 0x39, 0x2B, 0x86, 0x5D, 0x78, 0xEC, 0xC7,
    0xCC, 0x30, 0x93, 0xA4, 0x1E, 0x92, 0x14, 0xB3, 0xB5, 0x0F, 0x61, 0xA0, 0x41, 0xC3, 0x5C, 0xBF,
    0xA1, 0x26, 0x66, 0xC1, 0x8E, 0x30, 0x52, 0x1E, 0x73, 0x34, 0x3D, 0xF9, 0x75, 0xEE, 0x11, 0x9E,
    0x23, 0x61, 0x69, 0x39, 0x47, 0xA5, 0xA4, 0xEF, 0xD8, 0x15, 0x9E, 0x97, 0xA8, 0x07, 0xC2, 0x77,
    0x5F, 0xB8, 0x2B, 0xC7, 0x26, 0x10, 0xD6, 0x53, 0x61, 0xF8, 0xE1, 0xCD, 0x13, 0x3E, 0x36, 0x7A,
    0xE2, 0x70, 0x9D, 0xD8, 0x9D, 0x27, 0xA5, 0x7D, 0xC2, 0x15, 0x0D, 0x17, 0x59, 0x96, 0xE9, 0xA2,
    0x90, 0xE4, 0x56, 0xA3, 0x87, 0x61, 0xD8, 0x56, 0xF1, 0x62, 0x3B, 0x8B, 0xCA, 0xF1, 0xE2, 0xB8,
    0x77, 0x8C, 0xFF, 0xFC, 0x02, 0xAC, 0x6C, 0x7A, 0x87,
};
const GFXglyph UiCondensed13BoldGlyphs[] = {
    { 0, 0, 6, 0, 0, 8, 0 }, //
    { 4, 20, 7, 2, 20, 24, 8 }, // !
    { 7, 7, 9, 1, 21, 35, 32 }, // "
    { 13, 20, 15, 1, 20, 112, 67 }, // #
    { 11, 27, 13, 1, 24, 129, 179 }, // $
    { 15, 20, 17, 1, 20, 142, 308 }, // %
    { 15, 20, 16, 1, 20, 135, 450 }, // &
    { 3, 7, 5, 1, 21, 23, 585 }, // '
    { 7, 29, 10, 2, 22, 97, 608 }, // (
    { 8, 29, 9, 0, 22, 105, 705 }, // )
    { 12, 13, 12, 0, 20, 70, 810 }, // *
    { 12, 15, 13, 1, 17, 36, 880 }, // +
    { 6, 9, 7, 0, 3, 30, 916 }, // ,
    { 6, 4, 10, 2, 11, 13, 946 }, // -
    { 4, 4, 8, 2, 4, 16, 959 }, // .
    { 10, 22, 9, -1, 20, 101, 975 }, // /
    { 11, 20, 14, 1, 20, 77, 1076 }, // 0
    { 8, 20, 14, 2, 20, 36, 1153 }, // 1
    { 11, 20, 14, 1, 20, 110, 1189 }, // 2
    { 11, 20, 14, 1, 20, 112, 1299 }, // 3
    { 13, 20, 14, 0, 20, 81, 1411 }, // 4
    { 11, 20, 14, 1, 20, 110, 1492 }, // 5
    { 12, 20, 14, 1, 20, 118, 1602 }, // 6
    { 12, 20, 14, 1, 20, 93, 1720 }, // 7
    { 11, 20, 14, 1, 20, 117, 1813 }, // 8
    { 11, 20, 14, 1, 20, 114, 1930 }, // 9
    { 4, 15, 7, 2, 15, 22, 2044 }, // :
    { 5, 20, 6, 0, 15, 45, 2066 }, // ;
    { 10, 14, 12, 1, 15, 70, 2111 }, // <
    { 10, 9, 14, 2, 13, 21, 2181 }, // =
    { 10, 14, 13, 2, 15, 53, 2202 }, // >
    { 11, 20, 13, 1, 20, 97, 2255 }, // ?
    { 19, 26, 20, 1, 20, 216, 2352 }, // @
    { 16, 20, 16, 0, 20, 124, 2568 }, // A
    { 12, 20, 15, 2, 20, 82, 2692 }, // B
    { 14, 20, 15, 1, 20, 101, 2774 }, // C
    { 13, 20, 16, 2, 20, 79, 2875 }, // D
    { 11, 20, 14, 2, 20, 41, 2954 }, // E
    { 11, 20, 13, 2, 20, 38, 2995 }, // F
    { 13, 20, 15, 1, 20, 107, 3033 }, // G
    { 14, 20, 17, 2, 20, 30, 3140 }, // H
    { 4, 20, 7, 2, 20, 13, 3170 }, // I
    { 11, 20, 14, 1, 20, 54, 3183 }, // J
    { 14, 20, 15, 2, 20, 100, 3237 }, // K
    { 11, 20, 13, 2, 20, 26, 3337 }, // L
    { 18, 20, 21, 2, 20, 115, 3363 }, // M
    { 14, 20, 17, 2, 20, 71, 3478 }, // N
    { 14, 20, 16, 1, 20, 106, 3549 }, // O
    { 13, 20, 16, 2, 20, 78, 3655 }, // P
    { 14, 24, 16, 1, 20, 105, 3733 }, // Q
    { 13, 20, 15, 2, 20, 98, 3838 }, // R
    { 13, 20, 15, 1, 20, 130, 3936 }, // S
    { 14, 20, 14, 0, 20, 32, 4066 }, // T
    { 13, 20, 15, 1, 20, 56, 4098 }, // U
    { 16, 20, 16, 0, 20, 130, 4154 }, // V
    { 20, 20, 20, 0, 20, 167, 4284 }, // W
    { 15, 20, 15, 0, 20, 131, 4451 }, // X
    { 15, 20, 14, -1, 20, 98, 4582 }, // Y
    { 12, 20, 14, 1, 20, 88, 4680 }, // Z
    { 5, 28, 7, 1, 23, 25, 4768 }, // [
    { 11, 22, 10, 0, 20, 109, 4793 }, // <backslash>
    { 6, 28, 7, 0, 23, 24, 4902 }, // ]
    { 10, 10, 11, 0, 20, 61, 4926 }, // ^
    { 10, 4, 12, 1, 1, 14, 4987 }, // _
    { 8, 4, 9, 0, 21, 25, 5001 }, // `
    { 12, 15, 13, 1, 15, 91, 5026 }, // a
    { 11, 21, 13, 1, 21, 68, 5117 }, // b
    { 11, 15, 13, 1, 15, 80, 5185 }, // c
    { 11, 21, 13, 1, 21, 72, 5265 }, // d
    { 11, 15, 13, 1, 15, 83, 5337 }, // e
    { 9, 21, 9, 0, 21, 51, 5420 }, // f
    { 11, 21, 13, 1, 15, 99, 5471 }, // g
    { 11, 21, 13, 1, 21, 47, 5570 }, // h
    { 4, 21, 7, 2, 21, 23, 5617 }, // i
    { 6, 27, 6, -1, 21, 38, 5640 }, // j
    { 12, 21, 13, 1, 21, 83, 5678 }, // k
    { 4, 21, 7, 2, 21, 13, 5761 }, // l
    { 17, 15, 19, 1, 15, 60, 5774 }, // m
    { 11, 15, 13, 1, 15, 44, 5834 }, // n
    { 12, 15, 14, 1, 15, 77, 5878 }, // o
    { 11, 21, 13, 1, 15, 77, 5955 }, // p
    { 11, 21, 13, 1, 15, 69, 6032 }, // q
    { 7, 15, 9, 1, 15, 30, 6101 }, // r
    { 11, 15, 13, 1, 15, 98, 6131 }, // s
    { 8, 19, 8, 0, 19, 43, 6229 }, // t
    { 11, 15, 13, 1, 15, 46, 6272 }, // u
    { 13, 15, 13, 0, 15, 101, 6318 }, // v
    { 18, 15, 18, 0, 15, 122, 6419 }, // w
    { 12, 15, 12, 0, 15, 91, 6541 }, // x
    { 13, 21, 12, 0, 15, 121, 6632 }, // y
    { 10, 15, 12, 1, 15, 64, 6753 }, // z
    { 8, 27, 9, 1, 22, 90, 6817 }, // {
    { 3, 23, 6, 2, 20, 13, 6907 }, // |
    { 7, 27, 8, 0, 22, 88, 6920 }, // }
    { 13, 7, 15, 1, 12, 58, 7008 }, // ~
    { 0, 0, 6, 0, 0, 8, 7066 }, //  
    { 4, 20, 8, 2, 15, 23, 7074 }, // ¡
    { 11, 21, 14, 1, 18, 82, 7097 }, // ¢
    { 12, 20, 14, 1, 20, 77, 7179 }, // £
    { 18, 19, 19, 1, 18, 141, 7256 }, // ¤
    { 13, 20, 13, 0, 20, 106, 7397 }, // ¥
    { 4, 23, 7, 2, 20, 19, 7503 }, // ¦
    { 12, 26, 15, 1, 20, 148, 7522 }, // §
    { 10, 4, 12, 1, 21, 29, 7670 }, // ¨
    { 19, 20, 21, 1, 20, 161, 7699 }, // ©
    { 8, 11, 11, 2, 20, 53, 7860 }, // ª
    { 11, 11, 12, 0, 13, 73, 7913 }, // «
    { 10, 7, 14, 2, 12, 27, 7986 }, // ¬
    { 6, 4, 10, 2, 11, 13, 8013 }, // ­
    { 19, 20, 21, 1, 20, 159, 8026 }, // ®
    { 8, 3, 12, 2, 21, 14, 8185 }, // ¯
    { 7, 8, 11, 2, 21, 36, 8199 }, // °
    { 10, 18, 12, 1, 18, 39, 8235 }, // ±
    { 7, 11, 9, 1, 20, 52, 8274 }, // ²
    { 8, 11, 9, 0, 20, 50, 8326 }, // ³
    { 8, 4, 9, 1, 21, 25, 8376 }, // ´
    { 11, 21, 15, 2, 15, 42, 8401 }, // µ
    { 10, 20, 13, 1, 20, 48, 8443 }, // ¶
    { 4, 4, 8, 2, 11, 16, 8491 }, // ·
    { 6, 7, 8, 1, 1, 30, 8507 }, // ¸
    { 5, 11, 10, 2, 20, 23, 8537 }, // ¹
    { 8, 11, 12, 2, 20, 39, 8560 }, // º
    { 11, 11, 12, 1, 13, 69, 8599 }, // »
    { 15, 20, 17, 1, 20, 124, 8668 }, // ¼
    { 16, 20, 18, 1, 20, 136, 8792 }, // ½
    { 17, 20, 19, 1, 20, 148, 8928 }, // ¾
    { 11, 21, 12, 1, 15, 100, 9076 }, // ¿
    { 11, 25, 14, 2, 25, 59, 9176 }, // Ѐ
    { 11, 25, 14, 2, 25, 66, 9235 }, // Ё
    { 16, 20, 18, 1, 20, 82, 9301 }, // Ђ
    { 11, 25, 14, 2, 25, 48, 9383 }, // Ѓ
    { 14, 20, 16, 1, 20, 113, 9431 }, // Є
    { 13, 20, 15, 1, 20, 130, 9544 }, // Ѕ
    { 4, 20, 7, 2, 20, 13, 9674 }, // І
    { 10, 25, 8, -1, 25, 37, 9687 }, // Ї
    { 11, 20, 14, 1, 20, 54, 9724 }, // Ј
    { 23, 20, 25, 1, 20, 103, 9778 }, // Љ
    { 22, 20, 25, 2, 20, 79, 9881 }, // Њ
    { 16, 20, 17, 0, 20, 67, 9960 }, // Ћ
    { 14, 25, 15, 2, 25, 122, 10027 }, // Ќ
    { 14, 25, 16, 1, 25, 91, 10149 }, // Ѝ
    { 15, 26, 15, 0, 26, 150, 10240 }, // Ў
    { 14, 25, 16, 1, 20, 37, 10390 }, // Џ
    { 16, 20, 16, 0, 20, 124, 10427 }, // А
    { 13, 20, 15, 2, 20, 78, 10551 }, // Б
    { 12, 20, 15, 2, 20, 82, 10629 }, // В
    { 11, 20, 14, 2, 20, 27, 10711 }, // Г
    { 17, 25, 18, 1, 20, 79, 10738 }, // Д
    { 11, 20, 14, 2, 20, 41, 10817 }, // Е
    { 24, 20, 24, 0, 20, 162, 10858 }, // Ж
    { 12, 20, 14, 1, 20, 106, 11020 }, // З
    { 14, 20, 16, 1, 20, 69, 11126 }, // И
    { 14, 25, 16, 1, 25, 100, 11195 }, // Й
    { 14, 20, 16, 2, 20, 107, 11295 }, // К
    { 14, 20, 17, 1, 20, 67, 11402 }, // Л
    { 18, 20, 21, 2, 20, 115, 11469 }, // М
    { 14, 20, 17, 2, 20, 30, 11584 }, // Н
    { 14, 20, 16, 1, 20, 106, 11614 }, // О
    { 14, 20, 17, 2, 20, 27, 11720 }, // П
    { 13, 20, 16, 2, 20, 78, 11747 }, // Р
    { 14, 20, 15, 1, 20, 101, 11825 }, // С
    { 14, 20, 14, 0, 20, 32, 11926 }, // Т
    { 15, 20, 15, 0, 20, 119, 11958 }, // У
    { 18, 22, 20, 1, 21, 135, 12077 }, // Ф
    { 15, 20, 15, 0, 20, 131, 12212 }, // Х
    { 16, 25, 18, 1, 20, 36, 12343 }, // Ц
    { 13, 20, 17, 2, 20, 54, 12379 }, // Ч
    { 20, 20, 23, 2, 20, 29, 12433 }, // Ш
    { 22, 25, 25, 2, 20, 42, 12462 }, // Щ
    { 17, 20, 18, 1, 20, 79, 12504 }, // Ъ
    { 18, 20, 21, 2, 20, 75, 12583 }, // Ы
    { 13, 20, 15, 2, 20, 69, 12658 }, // Ь
    { 14, 20, 15, 0, 20, 114, 12727 }, // Э
    { 19, 20, 22, 2, 20, 137, 12841 }, // Ю
    { 14, 20, 14, -1, 20, 98, 12978 }, // Я
    { 12, 15, 13, 1, 15, 91, 13076 }, // а
    { 12, 22, 14, 1, 22, 122, 13167 }, // б
    { 11, 15, 14, 2, 15, 73, 13289 }, // в
    { 9, 15, 10, 1, 15, 27, 13362 }, // г
    { 14, 20, 16, 1, 15, 67, 13389 }, // д
    { 11, 15, 13, 1, 15, 83, 13456 }, // е
    { 20, 15, 20, 0, 15, 126, 13539 }, // ж
    { 11, 15, 13, 1, 15, 92, 13665 }, // з
    { 11, 15, 13, 1, 15, 63, 13757 }, // и
    { 11, 21, 13, 1, 21, 85, 13820 }, // й
    { 12, 15, 14, 2, 15, 79, 13905 }, // к
    { 12, 15, 14, 1, 15, 51, 13984 }, // л
    { 15, 15, 18, 2, 15, 81, 14035 }, // м
    { 11, 15, 13, 1, 15, 26, 14116 }, // н
    { 12, 15, 14, 1, 15, 77, 14142 }, // о
    { 11, 15, 13, 1, 15, 25, 14219 }, // п
    { 11, 21, 13, 1, 15, 77, 14244 }, // р
    { 11, 15, 13, 1, 15, 80, 14321 }, // с
    { 12, 15, 12, 0, 15, 30, 14401 }, // т
    { 13, 21, 12, 0, 15, 121, 14431 }, // у
    { 16, 27, 18, 1, 21, 111, 14552 }, // ф
    { 12, 15, 12, 0, 15, 91, 14663 }, // х
    { 13, 20, 14, 1, 15, 39, 14754 }, // ц
    { 11, 15, 13, 1, 15, 46, 14793 }, // ч
    { 17, 15, 19, 1, 15, 33, 14839 }, // ш
    { 19, 20, 21, 1, 15, 46, 14872 }, // щ
    { 15, 15, 16, 0, 15, 71, 14918 }, // ъ
    { 17, 15, 21, 2, 15, 65, 14989 }, // ы
    { 11, 15, 14, 2, 15, 60, 15054 }, // ь
    { 11, 15, 12, 1, 15, 86, 15114 }, // э
    { 17, 15, 20, 2, 15, 95, 15200 }, // ю
    { 12, 15, 13, 0, 15, 73, 15295 }, // я
    { 11, 21, 13, 1, 21, 103, 15368 }, // ѐ
    { 11, 20, 13, 1, 20, 107, 15471 }, // ё
    { 13, 27, 13, -1, 21, 96, 15578 }, // ђ
    { 9, 21, 10, 1, 21, 45, 15674 }, // ѓ
    { 11, 15, 13, 1, 15, 83, 15719 }, // є
    { 11, 15, 13, 1, 15, 98, 15802 }, // ѕ
    { 4, 20, 7, 2, 20, 22, 15900 }, // і
    { 10, 20, 8, -1, 20, 37, 15922 }, // ї
    { 6, 26, 6, -1, 20, 38, 15959 }, // ј
    { 19, 15, 20, 1, 15, 90, 15997 }, // љ
    { 18, 15, 20, 1, 15, 62, 16087 }, // њ
    { 13, 21, 13, -1, 21, 62, 16149 }, // ћ
    { 12, 21, 14, 2, 21, 100, 16211 }, // ќ
    { 11, 21, 13, 1, 21, 82, 16311 }, // ѝ
    { 13, 27, 12, 0, 21, 146, 16393 }, // ў
    { 11, 20, 13, 1, 15, 34, 16539 }, // џ
    { 6, 4, 10, 2, 11, 13, 16573 }, // ‐
    { 6, 4, 10, 2, 11, 13, 16586 }, // ‑
    { 12, 4, 15, 2, 12, 14, 16599 }, // –
    { 15, 4, 18, 2, 12, 18, 16613 }, // —
    { 15, 4, 18, 2, 12, 18, 16631 }, // ―
    { 10, 6, 12, 1, 0, 17, 16649 }, // ‗
    { 4, 8, 6, 1, 22, 25, 16666 }, // ‘
    { 4, 8, 6, 1, 21, 23, 16691 }, // ’
    { 4, 8, 7, 1, 3, 23, 16714 }, // ‚
    { 4, 8, 6, 1, 21, 23, 16737 }, // ‛
    { 8, 8, 11, 2, 22, 36, 16760 }, // “
    { 8, 8, 10, 1, 21, 35, 16796 }, // ”
    { 8, 9, 10, 1, 4, 32, 16831 }, // „
    { 12, 20, 12, 0, 20, 33, 16863 }, // †
    { 12, 26, 14, 1, 20, 40, 16896 }, // ‡
    { 6, 7, 10, 2, 14, 28, 16936 }, // •
    { 10, 4, 13, 2, 4, 23, 16964 }, // ‥
    { 17, 4, 19, 2, 4, 32, 16987 }, // …
    { 4, 4, 6, 1, 10, 16, 17019 }, // ‧
    { 12, 20, 14, 1, 20, 94, 17035 }, // €
    { 21, 20, 24, 1, 20, 160, 17129 }, // №
};
const UnicodeInterval UiCondensed13BoldIntervals[] = {
    { 0x20, 0x7E, 0x0 },
    { 0xA0, 0xBF, 0x5F },
    { 0x400, 0x45F, 0x7F },
    { 0x2010, 0x2011, 0xDF },
    { 0x2013, 0x2015, 0xE1 },
    { 0x2017, 0x201E, 0xE4 },
    { 0x2020, 0x2022, 0xEC },
    { 0x2025, 0x2027, 0xEF },
    { 0x20AC, 0x20AC, 0xF2 },
    { 0x2116, 0x2116, 0xF3 },
};
const GFXfont UiCondensed13Bold = {
    (uint8_t*)UiCondensed13BoldBitmaps,
    (GFXglyph*)UiCondensed13BoldGlyphs,
    (UnicodeInterval*)UiCondensed13BoldIntervals,
    10,
    1,
    32,
    26,
    -7,
};
