// Generated by tools/generate_reader_font.py from Roboto Regular.
// Covers ASCII, core Cyrillic and punctuation used by Russian FB2.
#pragma once
#include "epd_driver.h"
const uint8_t UiRoboto16Bitmaps[22960] = {
    0x78, 0x9C, 0x03, 0x00, 0x00, 0x00, 0x00, 0x01, 0x78, 0x9C, 0xFB, 0x72, 0x9E, 0xE1, 0x0B, 0x12,
    0xFA, 0xBC, 0x1F, 0x05, 0x7D, 0x5A, 0x8F, 0x82, 0x3E, 0xCE, 0x07, 0x21, 0x05, 0x21, 0x06, 0x08,
    0x50, 0x10, 0x65, 0xF8, 0x7C, 0x9F, 0xE1, 0xDB, 0x7F, 0x86, 0x83, 0xF3, 0x19, 0x00, 0x82, 0xE6,
    0x22, 0x1D, 0x78, 0x9C, 0xFB, 0xC3, 0xFE, 0x9D, 0xF7, 0x0F, 0x04, 0xF3, 0xFC, 0x61, 0xFD, 0xCE,
    0xFD, 0x87, 0xE5, 0x3B, 0xE7, 0x1F, 0xE6, 0xEF, 0x1C, 0x7F, 0x19, 0xBF, 0xB3, 0xFF, 0x65, 0xF8,
    0xCE, 0x0A, 0x00, 0x11, 0xCF, 0x10, 0x0B, 0x78, 0x9C, 0x63, 0x60, 0x60, 0x60, 0xF8, 0xCF, 0xCC,
    0xF0, 0x83, 0x17, 0x48, 0x33, 0x38, 0xFC, 0x67, 0x60, 0xF8, 0xCD, 0x09, 0x62, 0x15, 0x9C, 0x67,
    0x60, 0xF8, 0xC7, 0x06, 0x62, 0x6D, 0x98, 0xCF, 0xA0, 0xF0, 0x9F, 0x09, 0xC4, 0x7A, 0x10, 0xCF,
    0x90, 0xF0, 0x1E, 0xC4, 0x60, 0xF8, 0xA4, 0xCF, 0x30, 0x61, 0x3F, 0x90, 0xFE, 0xFB, 0x1F, 0x02,
    0xF8, 0x90, 0x58, 0xC6, 0xC6, 0x7F, 0xAD, 0x8C, 0xBF, 0xF9, 0x1B, 0x33, 0x83, 0x0C, 0x66, 0x65,
    0xF8, 0xC6, 0x07, 0xD2, 0x00, 0x32, 0xE1, 0x27, 0x37, 0x88, 0x15, 0x00, 0xB4, 0xE2, 0x0F, 0x07,
    0x88, 0xD5, 0x70, 0x1E, 0xAC, 0x00, 0xC9, 0x8A, 0x8F, 0x50, 0x43, 0xF6, 0x23, 0xB1, 0x0C, 0x8C,
    0xBF, 0xDB, 0x1B, 0x1F, 0x5E, 0x6F, 0xAC, 0x0C, 0x54, 0xF7, 0x9D, 0x97, 0xE1, 0x41, 0x3E, 0xD8,
    0x01, 0x40, 0xB3, 0x3E, 0xF8, 0x83, 0x59, 0x40, 0xB3, 0x3E, 0xCB, 0x83, 0x59, 0x70, 0xCB, 0x04,
    0x40, 0xFE, 0xE1, 0x41, 0xF5, 0x4F, 0xC2, 0x7D, 0xA0, 0x7F, 0xD8, 0x81, 0x0C, 0x00, 0xFE, 0x3D,
    0x50, 0xC9, 0x78, 0x9C, 0x6D, 0x8F, 0x3F, 0x0E, 0x01, 0x61, 0x10, 0xC5, 0x67, 0x11, 0x11, 0x7F,
    0x92, 0xEF, 0x04, 0x48, 0x1C, 0x60, 0xB7, 0x55, 0x48, 0xB6, 0xD4, 0xB9, 0x82, 0x0B, 0xC8, 0xB6,
    0x4A, 0xA2, 0x96, 0x6F, 0x0F, 0x40, 0xA7, 0xA0, 0x12, 0x27, 0x58, 0x4E, 0xB0, 0xDB, 0x29, 0x55,
    0x0E, 0xC0, 0x0A, 0x62, 0xF9, 0x9E, 0x99, 0x6F, 0x3B, 0x31, 0xCD, 0xEF, 0x25, 0xEF, 0x65, 0xE6,
    0x0D, 0x11, 0xF9, 0x63, 0xB2, 0x13, 0x9E, 0xFE, 0x72, 0xFA, 0xC1, 0xDC, 0xE1, 0x94, 0x01, 0x30,
    0x20, 0xBA, 0x22, 0xDA, 0x00, 0x45, 0xCA, 0x22, 0x87, 0x0E, 0xA8, 0x2B, 0xB4, 0x88, 0xDA, 0x70,
    0x7D, 0xD4, 0x38, 0x9B, 0x05, 0x3E, 0xAA, 0xCC, 0x87, 0xF6, 0xD0, 0x60, 0xCE, 0xFA, 0x84, 0x20,
    0xDF, 0xF6, 0x44, 0xC5, 0x72, 0x0F, 0x74, 0xAD, 0x78, 0x01, 0x23, 0xA1, 0x97, 0x01, 0x3D, 0x11,
    0xEA, 0x08, 0x94, 0xAC, 0x75, 0x46, 0xD3, 0x52, 0x99, 0xC0, 0xEB, 0x88, 0xB8, 0x6F, 0xD3, 0x58,
    0x98, 0xC6, 0x17, 0x08, 0x6F, 0x51, 0x82, 0xB2, 0xEC, 0xD0, 0x43, 0xE9, 0x34, 0x81, 0x4B, 0x6F,
    0x2C, 0xD6, 0x86, 0x6F, 0xEC, 0xB8, 0x26, 0x34, 0x7B, 0x2B, 0x83, 0x65, 0x41, 0xC2, 0x89, 0xCE,
    0x1B, 0xFC, 0x52, 0xF1, 0x57, 0xF4, 0x05, 0x3D, 0x5C, 0x54, 0xE0, 0x78, 0x9C, 0x35, 0x8E, 0xDB,
    0x11, 0xC1, 0x40, 0x18, 0x85, 0x4F, 0x6E, 0x18, 0xD7, 0x3C, 0x7B, 0x88, 0x54, 0x20, 0xE9, 0x80,
    0x02, 0x3C, 0xE8, 0x40, 0x09, 0x4A, 0x48, 0x3A, 0x10, 0x0D, 0xA0, 0x84, 0x74, 0x10, 0x4F, 0x5E,
    0x19, 0x0A, 0x30, 0x4A, 0x40, 0x76, 0x04, 0x63, 0x7F, 0xBB, 0x9B, 0xDD, 0xF3, 0xB2, 0xDF, 0xFC,
    0x73, 0xE6, 0x3B, 0x8B, 0x35, 0xDF, 0x58, 0x50, 0x09, 0x39, 0x51, 0x50, 0x63, 0x7E, 0x75, 0x2E,
    0x45, 0x8D, 0x8F, 0x09, 0x62, 0xB2, 0x30, 0x1F, 0x02, 0xE5, 0x00, 0x20, 0x17, 0xB7, 0x05, 0xC0,
    0xFA, 0x00, 0x77, 0xF1, 0xE9, 0x98, 0xEB, 0x94, 0x6C, 0xE0, 0xAE, 0xBA, 0xA7, 0x44, 0x19, 0xEC,
    0x73, 0x81, 0xAA, 0xAB, 0xBD, 0xE3, 0x98, 0x1C, 0x69, 0x93, 0x6B, 0xFB, 0x15, 0x4C, 0x5E, 0x3D,
    0x43, 0xA1, 0x10, 0xEB, 0xE4, 0x5B, 0x1C, 0x68, 0xA6, 0x90, 0x05, 0x19, 0x11, 0x35, 0x05, 0xF9,
    0xDC, 0x63, 0x89, 0xFF, 0x8E, 0x04, 0xEE, 0x0A, 0x7C, 0xDB, 0x50, 0x96, 0x72, 0x84, 0x5F, 0x03,
    0xA9, 0xFC, 0xAA, 0x78, 0xB9, 0xA7, 0x30, 0x3D, 0xC2, 0x5C, 0x9F, 0xA2, 0xAF, 0xBB, 0x59, 0x4B,
    0xE8, 0x96, 0xA8, 0xA2, 0x7A, 0xC4, 0x78, 0x65, 0xE4, 0xDA, 0x1F, 0x4F, 0x86, 0x4C, 0xC6, 0x78,
    0x9C, 0x35, 0x8F, 0x31, 0x0A, 0xC2, 0x50, 0x10, 0x44, 0xC7, 0x18, 0x30, 0x10, 0x85, 0x78, 0x01,
    0x6F, 0x20, 0x58, 0xDB, 0x78, 0x84, 0x5C, 0xC1, 0x5E, 0x50, 0x6B, 0x1B, 0x73, 0x04, 0x3B, 0xCB,
    0x58, 0x08, 0x96, 0x41, 0x3C, 0x40, 0xBC, 0x41, 0x3C, 0x83, 0x60, 0x65, 0xF1, 0xA3, 0x49, 0xB4,
    0x88, 0x3F, 0xE3, 0x5F, 0x3F, 0x6E, 0xB1, 0xBC, 0x5D, 0x66, 0x67, 0x58, 0x60, 0x7A, 0x57, 0x63,
    0xFC, 0xEA, 0x43, 0xB2, 0x23, 0xB0, 0x63, 0x72, 0x60, 0x28, 0xF4, 0xA0, 0x8B, 0x2A, 0x15, 0x92,
    0x7E, 0xA1, 0xD0, 0x2B, 0x36, 0xA4, 0xFE, 0xBB, 0x67, 0x6A, 0x75, 0x4E, 0xA0, 0x43, 0x7B, 0xEB,
    0xDF, 0xE8, 0x09, 0x05, 0x4D, 0xC6, 0xB5, 0x75, 0x2E, 0xA9, 0x5C, 0x4B, 0x6F, 0xEB, 0x2B, 0x3A,
    0xAA, 0x16, 0x82, 0x3E, 0x50, 0xAB, 0x13, 0x7B, 0x66, 0x46, 0xC4, 0x01, 0x74, 0x8A, 0x33, 0x91,
    0xB3, 0x8D, 0x2B, 0xBD, 0x3C, 0x43, 0x91, 0x01, 0x23, 0x2E, 0xCA, 0x18, 0x55, 0x22, 0x89, 0xD4,
    0x13, 0x94, 0x12, 0x19, 0x91, 0x5D, 0xA3, 0x73, 0x0C, 0xD6, 0x46, 0xBD, 0xE1, 0x10, 0x58, 0x92,
    0x3E, 0x02, 0xCD, 0xD5, 0xB6, 0xA1, 0x44, 0x1F, 0xCD, 0x43, 0x9C, 0x17, 0xE6, 0x07, 0xEC, 0xB5,
    0x9A, 0x49, 0xC0, 0x17, 0x90, 0xEF, 0x64, 0x17, 0x78, 0x9C, 0xFB, 0x2A, 0xFF, 0x55, 0xFE, 0x2B,
    0x3F, 0x10, 0xF2, 0x7D, 0xE5, 0x05, 0x42, 0x1E, 0x00, 0x4A, 0x5E, 0x08, 0x39, 0x78, 0x9C, 0x63,
    0x60, 0x60, 0x58, 0xC8, 0xC4, 0xC0, 0x20, 0xF0, 0x97, 0x83, 0x81, 0xE1, 0xE2, 0x7B, 0x20, 0xEB,
    0xB7, 0x3E, 0x03, 0x43, 0xC0, 0x7F, 0x56, 0x06, 0x86, 0x07, 0xFB, 0x19, 0x18, 0x18, 0x7E, 0xD8,
    0x03, 0x89, 0x7F, 0x3C, 0x20, 0x21, 0x36, 0x06, 0x86, 0x0D, 0xFF, 0x19, 0x19, 0x18, 0x3E, 0xDC,
    0x07, 0x0A, 0x7D, 0x9E, 0x0F, 0x24, 0xBE, 0xD5, 0x03, 0x89, 0x9F, 0xFE, 0x40, 0xE2, 0x37, 0x48,
    0xD9, 0x1F, 0xA0, 0x4E, 0x86, 0xBF, 0x70, 0xE2, 0x8F, 0x3D, 0x4C, 0xE2, 0x67, 0x3C, 0x4C, 0xF1,
    0xE7, 0xF5, 0x0C, 0x50, 0x03, 0xC0, 0x46, 0x81, 0x0D, 0x05, 0x1B, 0x0F, 0xB1, 0x08, 0x6C, 0x25,
    0xD8, 0x72, 0x86, 0x5F, 0x72, 0x40, 0xE2, 0xC2, 0x7D, 0x46, 0xA8, 0xD3, 0x18, 0x16, 0x32, 0x03,
    0x00, 0x45, 0x75, 0x2D, 0x26, 0x78, 0x9C, 0xDB, 0xC0, 0xC4, 0xC0, 0xC0, 0xF0, 0xC5, 0x1F, 0x48,
    0x6C, 0xF8, 0xCF, 0x0C, 0x24, 0xFF, 0xC8, 0x01, 0x89, 0x4F, 0xEB, 0x81, 0x44, 0x03, 0x88, 0x2F,
    0xF0, 0x9F, 0x07, 0xC8, 0xFC, 0x69, 0x0F, 0x24, 0x3E, 0xCF, 0x07, 0x12, 0x0F, 0xFE, 0x03, 0x89,
    0x09, 0xFF, 0x59, 0x18, 0x18, 0x12, 0xFE, 0xB3, 0x33, 0x30, 0x18, 0xFC, 0xE7, 0x06, 0xA9, 0xE1,
    0x03, 0x0A, 0xFE, 0xE7, 0x87, 0x11, 0xFF, 0xE4, 0x81, 0xC4, 0x5F, 0x10, 0xF1, 0x0F, 0x2E, 0x06,
    0x52, 0x02, 0x56, 0x1C, 0x00, 0xD2, 0x06, 0x36, 0xE0, 0x02, 0xC8, 0xA8, 0x4F, 0x20, 0x43, 0x7F,
    0x80, 0x8C, 0xFF, 0xC7, 0x03, 0x32, 0x13, 0x68, 0xE5, 0x43, 0x90, 0xE5, 0xBF, 0x81, 0xCE, 0x58,
    0x00, 0xE2, 0x41, 0x9C, 0x06, 0x72, 0x24, 0x00, 0xBD, 0x8B, 0x2B, 0xDC, 0x78, 0x9C, 0x63, 0x60,
    0x10, 0xF8, 0xCF, 0xCA, 0x00, 0x02, 0x30, 0x8A, 0x85, 0x81, 0x41, 0x01, 0x4C, 0x31, 0x7E, 0xAC,
    0x65, 0xFC, 0xCF, 0xBC, 0xCD, 0xFE, 0xEB, 0xFF, 0xF3, 0xFF, 0xFF, 0xFC, 0x9F, 0x9F, 0xF8, 0xEB,
    0xFF, 0xFF, 0xFF, 0xFB, 0xD5, 0x19, 0x18, 0x9E, 0xFC, 0x8F, 0x07, 0x29, 0xFC, 0xFE, 0xBF, 0x1F,
    0x48, 0x1A, 0xFC, 0xEF, 0x00, 0xE9, 0x78, 0x78, 0x9F, 0xE1, 0xAF, 0x1C, 0x03, 0xC3, 0x2F, 0x7B,
    0x86, 0xCF, 0xFB, 0x19, 0x18, 0x0E, 0x71, 0x32, 0x4C, 0xB0, 0x03, 0x9B, 0xC6, 0xC0, 0xC8, 0x00,
    0x00, 0x93, 0xBE, 0x22, 0x21, 0x78, 0x9C, 0x63, 0x60, 0x60, 0xB8, 0xB4, 0x96, 0x01, 0x02, 0x3E,
    0x9F, 0x27, 0x99, 0xF1, 0xE7, 0x3F, 0x04, 0xB0, 0xC2, 0x19, 0x37, 0xEF, 0xDE, 0xFD, 0xFB, 0xFF,
    0xEE, 0xDD, 0xBB, 0x2C, 0xE4, 0x19, 0x88, 0xCC, 0x30, 0x50, 0x06, 0x91, 0x00, 0x02, 0x28, 0x2F,
    0xCB, 0x78, 0x9C, 0x63, 0xE8, 0xE0, 0x60, 0xF8, 0xCF, 0x0F, 0x46, 0x7C, 0x02, 0xFF, 0x79, 0x12,
    0xFE, 0xB3, 0x1F, 0xF8, 0xCF, 0xF8, 0xB5, 0x9E, 0xA1, 0x81, 0x93, 0x01, 0x00, 0x85, 0x81, 0x09,
    0xF8, 0x78, 0x9C, 0xFB, 0xF6, 0xFF, 0xFF, 0x7F, 0xF6, 0x6F, 0x20, 0xA2, 0xA8, 0xBC, 0xBC, 0x9C,
    0x19, 0x00, 0x5D, 0xB9, 0x09, 0xCF, 0x78, 0x9C, 0x4B, 0x10, 0x67, 0xF8, 0x7E, 0x9F, 0xE1, 0xE7,
    0x7F, 0x86, 0xCB, 0xF5, 0x0C, 0x00, 0x23, 0x78, 0x05, 0x98, 0x78, 0x9C, 0x63, 0x60, 0x60, 0x60,
    0x10, 0xF8, 0xCF, 0x0E, 0x24, 0x19, 0x0A, 0xFE, 0x33, 0x82, 0xA8, 0x0B, 0xFB, 0x41, 0x24, 0xC3,
    0xE7, 0x78, 0x30, 0xF5, 0x93, 0x0F, 0x4C, 0xFD, 0xE7, 0x04, 0x91, 0x01, 0xFF, 0x99, 0x41, 0xD4,
    0x86, 0xFB, 0x60, 0xB1, 0x8F, 0xF5, 0x60, 0xEA, 0xBB, 0x3C, 0x98, 0xFA, 0xCB, 0x0D, 0x22, 0x0D,
    0xFE, 0xB3, 0x82, 0xA8, 0x09, 0xEF, 0xC1, 0x62, 0x1F, 0xFA, 0xC1, 0xD4, 0x57, 0x7D, 0x30, 0xF5,
    0x9B, 0x07, 0x44, 0x2A, 0xFC, 0x67, 0x03, 0x51, 0x0D, 0x50, 0xCB, 0xD6, 0x83, 0xA5, 0xBE, 0xF8,
    0x83, 0xA9, 0x5F, 0x50, 0xCB, 0x38, 0x40, 0x64, 0xC2, 0x7F, 0x26, 0x10, 0x75, 0xE0, 0x3C, 0x58,
    0xEC, 0x53, 0x3E, 0x98, 0xFA, 0x01, 0xB1, 0x0C, 0x00, 0xEB, 0x23, 0x21, 0x21, 0x78, 0x9C, 0x63,
    0x60, 0x68, 0x7A, 0xFB, 0x3E, 0x9A, 0x81, 0x81, 0x21, 0xE1, 0x3F, 0x10, 0xC8, 0x30, 0x30, 0x7C,
    0xFD, 0xDF, 0xBB, 0xFC, 0xFF, 0x79, 0x06, 0x86, 0x7F, 0xF5, 0x0C, 0x0C, 0x97, 0xFE, 0xB3, 0x05,
    0xFC, 0xE7, 0x61, 0x60, 0x30, 0xF8, 0xCF, 0xBB, 0xE0, 0x3F, 0x2B, 0x50, 0xD1, 0x5F, 0xFD, 0x0B,
    0xFF, 0x19, 0x81, 0xF4, 0xCF, 0xF8, 0x0F, 0xFF, 0x81, 0x14, 0xC3, 0xB7, 0xFE, 0x8F, 0xF7, 0x41,
    0xF4, 0xD7, 0xF9, 0x50, 0x7A, 0xFD, 0x27, 0x02, 0x34, 0x4C, 0xFD, 0x87, 0xF7, 0x50, 0x1A, 0x6C,
    0xCE, 0xF7, 0xFA, 0x0B, 0xFF, 0x99, 0xC0, 0xE6, 0x4E, 0xF8, 0xCF, 0x06, 0xB6, 0xC7, 0x01, 0x64,
    0xAF, 0xC3, 0x7F, 0x5E, 0x86, 0xBF, 0xF3, 0x19, 0x18, 0x1E, 0x01, 0x05, 0xBF, 0xFC, 0xEF, 0x9D,
    0x0E, 0x72, 0x57, 0x00, 0xD4, 0x9D, 0x0C, 0x8D, 0x60, 0x77, 0x03, 0x00, 0x2A, 0x11, 0x52, 0x70,
    0x78, 0x9C, 0x63, 0x60, 0x60, 0x08, 0xD8, 0xCD, 0xC0, 0xB0, 0xF4, 0xFF, 0x79, 0x87, 0x9F, 0xFF,
    0xFF, 0x9F, 0xFF, 0xF2, 0xFF, 0xFF, 0x9F, 0xF3, 0x5F, 0xF6, 0xB3, 0x7D, 0x39, 0x9F, 0xC4, 0xC8,
    0xF0, 0xE5, 0x3C, 0x03, 0x03, 0xAD, 0x08, 0x00, 0xB6, 0x7D, 0x31, 0x9A, 0x78, 0x9C, 0x63, 0x60,
    0x98, 0xF2, 0xF7, 0x7D, 0x36, 0x03, 0x10, 0x6C, 0xFC, 0x0F, 0x04, 0xBA, 0x40, 0xC6, 0x9F, 0xFF,
    0xDD, 0xCB, 0xFF, 0xBF, 0x67, 0x64, 0x68, 0x00, 0xF1, 0x1E, 0xFD, 0xE7, 0x64, 0xF8, 0xF0, 0x9F,
    0x89, 0x81, 0xC1, 0xE1, 0x3F, 0x3F, 0xC3, 0x97, 0xFD, 0x20, 0x85, 0xFF, 0xF4, 0x19, 0xBE, 0xF7,
    0x83, 0x18, 0x7F, 0xEC, 0x19, 0x0C, 0x85, 0x41, 0x8C, 0xBF, 0xF2, 0x0C, 0x60, 0x20, 0xF0, 0x9F,
    0x17, 0xC2, 0x68, 0xF8, 0xCF, 0x0E, 0x61, 0x7C, 0x7A, 0x0F, 0xA1, 0x19, 0xFE, 0xC6, 0x43, 0xE8,
    0x0D, 0xFF, 0xB9, 0x20, 0x8C, 0x9F, 0xE7, 0x21, 0x74, 0xC1, 0x7F, 0x39, 0x08, 0xE3, 0xDB, 0x7B,
    0x26, 0x30, 0xED, 0xF0, 0xDF, 0x1E, 0x22, 0xF0, 0xF9, 0x3F, 0x0B, 0x98, 0x56, 0xF8, 0x07, 0xD5,
    0x7B, 0xF1, 0x3F, 0x1B, 0x84, 0xF1, 0xA7, 0x1F, 0x66, 0x58, 0x5D, 0x39, 0x08, 0x30, 0x7D, 0xF8,
    0x0F, 0x01, 0xAC, 0x70, 0x06, 0x00, 0x71, 0xA3, 0x44, 0x3C, 0x78, 0x9C, 0x63, 0x60, 0x58, 0xF2,
    0xF7, 0xBE, 0x17, 0x03, 0x03, 0xC3, 0xC6, 0xFF, 0x40, 0xC0, 0xC5, 0xC0, 0xF0, 0xE7, 0x7F, 0xD5,
    0xF2, 0xFF, 0xFB, 0x19, 0x1A, 0xFE, 0xEB, 0x32, 0x30, 0x3C, 0xFA, 0xCF, 0xFA, 0xE0, 0x3F, 0x13,
    0x03, 0x43, 0xC2, 0x7F, 0xEE, 0xCF, 0xF7, 0x81, 0x6A, 0x04, 0xFE, 0xF3, 0x15, 0x85, 0x03, 0x69,
    0x86, 0xFF, 0xFC, 0x0C, 0x60, 0xF0, 0x9F, 0x0F, 0x4C, 0x39, 0xFC, 0xE7, 0x06, 0xD3, 0x17, 0xFE,
    0x33, 0x83, 0xA8, 0xC0, 0xBF, 0xFD, 0x40, 0x72, 0x03, 0xD0, 0x3C, 0x76, 0x08, 0x7D, 0x9F, 0x15,
    0x48, 0x07, 0x94, 0xEF, 0xF8, 0xBF, 0x1E, 0xA2, 0xED, 0xD0, 0x7F, 0x4E, 0x30, 0x2D, 0xF0, 0x5F,
    0x1E, 0x22, 0xF0, 0xDB, 0xBF, 0xD9, 0x03, 0x44, 0xFF, 0x8C, 0xFF, 0xB6, 0x1E, 0xC2, 0xFF, 0xF4,
    0x9E, 0x11, 0x2C, 0x7F, 0xE0, 0xBF, 0x0C, 0xC8, 0x6D, 0x5C, 0x0A, 0xFF, 0xFE, 0x57, 0x4D, 0xFF,
    0x07, 0x14, 0xBC, 0x04, 0x72, 0xA7, 0x0E, 0x50, 0xCD, 0xD2, 0x7F, 0xEF, 0xA3, 0x18, 0x18, 0x00,
    0xDA, 0x93, 0x45, 0x73, 0x78, 0x9C, 0x63, 0x60, 0x00, 0x82, 0x07, 0xFF, 0x39, 0x18, 0xC0, 0xE0,
    0x27, 0x94, 0x61, 0xF0, 0x1F, 0xCA, 0xB8, 0x00, 0x63, 0x7C, 0xBF, 0x0F, 0x61, 0x28, 0xFC, 0xAF,
    0x81, 0x30, 0x36, 0xFC, 0x2F, 0x82, 0x30, 0xBE, 0xF6, 0x17, 0x80, 0x19, 0x02, 0xFF, 0x78, 0x21,
    0x8C, 0x05, 0xFF, 0x59, 0x20, 0x8C, 0x2F, 0xEB, 0x19, 0x20, 0x8C, 0xBF, 0xF2, 0x10, 0x46, 0xC3,
    0x7F, 0x36, 0x08, 0xE3, 0xD3, 0x79, 0x06, 0x08, 0xE3, 0x8F, 0x3E, 0x84, 0x91, 0x00, 0xE2, 0x80,
    0x18, 0x0F, 0xFE, 0x43, 0xC0, 0xF9, 0x4F, 0x30, 0x46, 0x41, 0x39, 0x10, 0x6C, 0xFF, 0x5F, 0x1D,
    0x0E, 0x76, 0x47, 0x01, 0xCC, 0xA9, 0x04, 0x18, 0x00, 0xD1, 0xDF, 0x49, 0x2C, 0x78, 0x9C, 0x63,
    0xF8, 0xF1, 0x1F, 0x04, 0x38, 0x18, 0x7E, 0x41, 0xE9, 0xDF, 0xE7, 0xCF, 0x00, 0x01, 0x1B, 0xC3,
    0x5F, 0x7E, 0x06, 0x30, 0xF8, 0xCF, 0x0B, 0xA5, 0xB9, 0xC1, 0x94, 0xC2, 0x7F, 0x4E, 0x30, 0xED,
    0x00, 0x54, 0x0A, 0x02, 0x01, 0xFF, 0xDB, 0xFF, 0xBC, 0xB7, 0x62, 0x60, 0x28, 0x00, 0x6B, 0xE7,
    0x64, 0x98, 0xF0, 0xFF, 0xFF, 0x9E, 0x3F, 0xFF, 0xFB, 0x19, 0x12, 0xFE, 0x4A, 0x32, 0x08, 0xFC,
    0xFE, 0xCF, 0xCC, 0x20, 0x00, 0x54, 0x74, 0xE0, 0x3F, 0x17, 0x58, 0xB1, 0xC1, 0x7F, 0x3E, 0x88,
    0x61, 0xFF, 0xE4, 0x21, 0xF4, 0x1F, 0x7D, 0x18, 0xDD, 0xAC, 0x01, 0x11, 0xFF, 0x3A, 0x1F, 0x48,
    0x09, 0xFC, 0xE7, 0xFB, 0xF8, 0x9E, 0x91, 0x01, 0x68, 0x18, 0xD7, 0x02, 0x90, 0xBD, 0xDF, 0xFE,
    0x33, 0x0B, 0xFC, 0x7B, 0x5F, 0x79, 0x02, 0x68, 0x2E, 0xC3, 0x25, 0x88, 0x33, 0x19, 0x18, 0xB6,
    0xFE, 0xBB, 0xAF, 0xC9, 0xC0, 0x00, 0x00, 0xF2, 0xEB, 0x47, 0xCB, 0x78, 0x9C, 0x25, 0x8D, 0x4D,
    0x0E, 0x01, 0x41, 0x10, 0x85, 0x5F, 0xFC, 0x8C, 0x10, 0x9C, 0xC1, 0x56, 0x22, 0x71, 0x03, 0x5C,
    0x40, 0xD8, 0x5A, 0xE1, 0x06, 0x6E, 0xD0, 0x07, 0x98, 0x0D, 0x67, 0x98, 0x03, 0x70, 0x02, 0x6E,
    0x80, 0xAD, 0x58, 0x8C, 0xD8, 0x49, 0x24, 0x13, 0x09, 0xC9, 0x98, 0x36, 0xFD, 0x54, 0xD7, 0xD4,
    0xE6, 0x4B, 0x5E, 0x7D, 0x55, 0x0F, 0xC0, 0xF2, 0xBA, 0x85, 0xCC, 0x86, 0xF4, 0xEC, 0x38, 0xEE,
    0x67, 0xC2, 0x3B, 0xC7, 0x3E, 0x85, 0xD5, 0x25, 0x46, 0x6C, 0x2A, 0x77, 0x2C, 0x29, 0x5F, 0x07,
    0x05, 0x3E, 0x66, 0xF5, 0x8C, 0xBB, 0x40, 0x6A, 0x1C, 0xC9, 0x00, 0x96, 0x0C, 0x1F, 0x9C, 0xE3,
    0xC7, 0x1E, 0x90, 0x25, 0xC8, 0x63, 0x91, 0xCE, 0x0C, 0xF2, 0x89, 0x70, 0xC1, 0x46, 0xDE, 0xF7,
    0x1D, 0x6C, 0x29, 0xC1, 0xB6, 0x1D, 0x16, 0x4C, 0x4D, 0x91, 0xBF, 0x4F, 0xEA, 0xD5, 0x6F, 0xAC,
    0xF8, 0xBB, 0xEA, 0x94, 0x03, 0xE0, 0x2B, 0x4F, 0x32, 0x86, 0x17, 0x8A, 0xBC, 0x96, 0x9A, 0xA4,
    0x2C, 0x52, 0xE4, 0x8E, 0x35, 0xE0, 0x0F, 0x25, 0x97, 0x49, 0xC5, 0x78, 0x9C, 0xFB, 0xF3, 0x1F,
    0x02, 0x18, 0xFF, 0xC0, 0x18, 0xA5, 0xE5, 0x20, 0xF0, 0x63, 0x3F, 0x03, 0x04, 0xFC, 0xF0, 0x87,
    0x32, 0xFE, 0xF1, 0x42, 0xE8, 0x84, 0xFF, 0x6C, 0x10, 0xC6, 0x85, 0xFF, 0x50, 0x99, 0xAF, 0xFD,
    0x50, 0xC6, 0x1F, 0x7D, 0x08, 0x6D, 0xF0, 0x9F, 0x0B, 0xC2, 0x58, 0xF0, 0x9F, 0x05, 0xC2, 0xF8,
    0x74, 0x1F, 0xAA, 0xE4, 0x67, 0x3E, 0x84, 0x16, 0xF8, 0xCF, 0x07, 0x61, 0x14, 0xFC, 0xE7, 0x80,
    0x30, 0x1E, 0xFC, 0x67, 0x84, 0x30, 0xBE, 0xAD, 0x87, 0xAA, 0xFD, 0x6B, 0x0F, 0xA1, 0x1D, 0xFE,
    0xF3, 0x40, 0x18, 0x1B, 0xFE, 0xB3, 0x42, 0x8D, 0x7B, 0x0F, 0x55, 0xF2, 0xAB, 0x1E, 0x66, 0x9C,
    0x3C, 0x84, 0xD1, 0xF0, 0x9F, 0x13, 0x4C, 0x03, 0x00, 0x80, 0x08, 0x33, 0x1A, 0x78, 0x9C, 0x25,
    0x8E, 0x3D, 0x0E, 0x82, 0x40, 0x10, 0x85, 0x1F, 0x89, 0x3F, 0x10, 0x13, 0xDC, 0xC6, 0x56, 0x3C,
    0x80, 0x46, 0x4F, 0xE0, 0x11, 0xBC, 0x02, 0xF4, 0x36, 0xDC, 0x00, 0x7B, 0x2D, 0x88, 0x16, 0x96,
    0x6C, 0x67, 0x69, 0xBC, 0x81, 0x37, 0x30, 0xF1, 0x02, 0x1C, 0x01, 0x45, 0x23, 0x31, 0x04, 0x9E,
    0xB3, 0xEE, 0x34, 0x5F, 0xF2, 0x66, 0xF2, 0xBD, 0x01, 0xF6, 0x4D, 0xB1, 0x06, 0x10, 0x53, 0x66,
    0x06, 0x54, 0xDC, 0x9D, 0x58, 0x38, 0x8A, 0x09, 0x70, 0xA7, 0x17, 0x71, 0x00, 0x2C, 0xE8, 0xA7,
    0xEC, 0xC9, 0x51, 0x1B, 0xA4, 0xEC, 0x0A, 0x9B, 0x20, 0xA6, 0x2B, 0xE4, 0x50, 0x71, 0x0C, 0x6C,
    0xE8, 0xE1, 0x53, 0x8C, 0x26, 0xDF, 0xDC, 0x41, 0x64, 0x3C, 0x53, 0x40, 0xD5, 0xC2, 0x0E, 0xF0,
    0x32, 0xBE, 0x0C, 0xAA, 0x0D, 0x81, 0x0B, 0x5D, 0xCD, 0xBE, 0xF1, 0xCC, 0x1F, 0x14, 0xA0, 0x4A,
    0xCA, 0xDC, 0xF0, 0x7D, 0x2E, 0x6F, 0x96, 0x4F, 0x9B, 0x67, 0x57, 0xDB, 0x13, 0x46, 0x5C, 0x02,
    0x9A, 0x3E, 0x6A, 0x6E, 0x8F, 0xAD, 0x08, 0xB5, 0xF1, 0xAF, 0x64, 0x77, 0xF8, 0xFF, 0xFD, 0x03,
    0xCF, 0x10, 0x55, 0xA6, 0x78, 0x9C, 0x25, 0xCC, 0x3D, 0x0E, 0x41, 0x41, 0x14, 0x05, 0xE0, 0x43,
    0x78, 0x0A, 0x2F, 0x68, 0x24, 0x3A, 0x5B, 0xB0, 0x83, 0xB1, 0x83, 0x67, 0x07, 0x63, 0x09, 0x76,
    0x40, 0xAF, 0xD4, 0x68, 0xC4, 0x0A, 0x24, 0x1A, 0xB5, 0xB7, 0x02, 0x2A, 0x85, 0x4A, 0xAC, 0x60,
    0x88, 0x9F, 0xE4, 0xFD, 0xCD, 0x31, 0xF7, 0x6A, 0xEE, 0x97, 0xDC, 0x9C, 0x73, 0x80, 0x55, 0x75,
    0x1A, 0x00, 0x58, 0x90, 0x74, 0x0D, 0x20, 0xE3, 0xF2, 0x4A, 0x83, 0x11, 0x13, 0x20, 0xBF, 0x61,
    0xCF, 0x08, 0x48, 0x19, 0x3D, 0x5C, 0xC8, 0x8C, 0x19, 0xBF, 0x8E, 0x41, 0xF8, 0xEE, 0x67, 0x2B,
    0x16, 0xE6, 0x6F, 0x9E, 0xBC, 0xF5, 0x9F, 0xD9, 0xA7, 0xD3, 0xBF, 0x4D, 0xA5, 0x37, 0xA1, 0x9D,
    0xCA, 0xCE, 0x37, 0x9C, 0x52, 0x76, 0xBD, 0x09, 0x83, 0xA4, 0x2D, 0x86, 0xC0, 0xC1, 0x6F, 0xEA,
    0x55, 0x47, 0xD2, 0xE8, 0xB1, 0xAD, 0xCE, 0xD8, 0x54, 0xEF, 0x54, 0x50, 0xCE, 0x95, 0x0B, 0xE3,
    0x70, 0xD7, 0x05, 0xCF, 0x35, 0xC9, 0x92, 0x2D, 0xE9, 0xB8, 0x5D, 0x3F, 0xF0, 0x03, 0x18, 0x88,
    0x49, 0xAE, 0x78, 0x9C, 0x7B, 0x12, 0xF7, 0xE7, 0xFE, 0xAF, 0xFD, 0x05, 0xE2, 0x0C, 0x58, 0x40,
    0x81, 0xF8, 0xAF, 0xF5, 0x7F, 0xEE, 0x3F, 0x89, 0x03, 0x00, 0xC7, 0x7C, 0x0A, 0xAB, 0x78, 0x9C,
    0x63, 0xF8, 0x29, 0xA3, 0xF0, 0xBF, 0x5E, 0xE0, 0x7F, 0x3C, 0x43, 0x33, 0x2B, 0x03, 0x7E, 0xD0,
    0x26, 0xC1, 0xF0, 0x47, 0x1F, 0x8C, 0xE4, 0x19, 0xFE, 0xF1, 0x1B, 0xFC, 0xE7, 0x9A, 0xF0, 0x9F,
    0xF9, 0xD3, 0x7A, 0x86, 0x04, 0x6E, 0x06, 0x00, 0xB2, 0x58, 0x0E, 0x9D, 0x78, 0x9C, 0x63, 0x60,
    0x00, 0x02, 0x85, 0x48, 0x30, 0xF9, 0x2B, 0x1E, 0x48, 0x1A, 0xFC, 0xFE, 0x0F, 0xA4, 0x1C, 0x7E,
    0xFF, 0xFF, 0x2F, 0xC9, 0xE0, 0xF0, 0xE7, 0xFF, 0x7B, 0x71, 0x86, 0x80, 0xBF, 0xFF, 0xF7, 0xB3,
    0x32, 0x30, 0xFC, 0xF9, 0x3F, 0x9F, 0x09, 0x28, 0xFF, 0xF7, 0x3C, 0x23, 0x48, 0xF1, 0x9F, 0xFF,
    0x7D, 0x20, 0x1A, 0x28, 0xB7, 0x9E, 0x05, 0x48, 0x03, 0x55, 0xDE, 0x67, 0x63, 0x80, 0xE9, 0x83,
    0x99, 0x02, 0x33, 0x13, 0x64, 0x03, 0x00, 0x44, 0x80, 0x22, 0xFE, 0x78, 0x9C, 0xFB, 0xF1, 0x1F,
    0x04, 0xDE, 0xFF, 0x80, 0x50, 0x53, 0x67, 0x82, 0x40, 0x27, 0x03, 0x1E, 0xF0, 0x03, 0x9B, 0x06,
    0x00, 0x1D, 0x00, 0x23, 0xBF, 0x78, 0x9C, 0xCB, 0x62, 0x00, 0x83, 0xBF, 0x75, 0x8C, 0x60, 0xEA,
    0x7F, 0x3F, 0x88, 0xDE, 0xF2, 0xFF, 0xFF, 0x7A, 0x66, 0x20, 0xDD, 0xF8, 0xEF, 0xFF, 0x7E, 0x16,
    0x20, 0x1D, 0xF0, 0xFB, 0xFF, 0x7D, 0x56, 0x20, 0xAD, 0xF0, 0xE2, 0xFF, 0x7D, 0x90, 0x32, 0x81,
    0xDF, 0xEF, 0x81, 0xA4, 0xC1, 0x4F, 0x10, 0x2F, 0xE0, 0xCF, 0xFF, 0xF3, 0xAC, 0x0C, 0x4D, 0x60,
    0x95, 0x20, 0x7D, 0x4C, 0x70, 0x53, 0xA0, 0x66, 0x66, 0x41, 0x6C, 0x00, 0x00, 0x96, 0x59, 0x24,
    0x63, 0x78, 0x9C, 0x63, 0x70, 0x78, 0xF5, 0x7F, 0x2E, 0x13, 0x03, 0xC3, 0xEF, 0xFF, 0xFF, 0xFF,
    0xE7, 0x33, 0x6C, 0xF8, 0x7F, 0x7F, 0xD7, 0xBF, 0xFF, 0x2C, 0x5F, 0xFE, 0xB3, 0x32, 0x6C, 0xFC,
    0xCF, 0xF3, 0xAB, 0x9F, 0x81, 0x41, 0xE0, 0xBF, 0xFC, 0x4D, 0x5B, 0x06, 0x06, 0x86, 0xBF, 0xF6,
    0x0C, 0x20, 0xF0, 0x1B, 0x42, 0xFD, 0x93, 0x07, 0x91, 0x01, 0xFF, 0x79, 0x40, 0xD4, 0xA3, 0xFF,
    0x2C, 0x40, 0x52, 0xE1, 0xDF, 0x7A, 0x10, 0xE7, 0x22, 0x44, 0xEC, 0xCF, 0x79, 0x46, 0x20, 0x59,
    0xF0, 0x9F, 0x17, 0xC4, 0x79, 0x00, 0x56, 0xC0, 0xF0, 0xF1, 0x3D, 0x58, 0xEF, 0xE7, 0xF3, 0x60,
    0xCA, 0x40, 0x99, 0x01, 0x13, 0x28, 0x88, 0x82, 0xA9, 0x4F, 0x10, 0x95, 0x5F, 0xFF, 0x83, 0x0C,
    0x61, 0x38, 0x30, 0x1F, 0x48, 0x00, 0x00, 0xB0, 0x53, 0x2D, 0x00, 0x78, 0x9C, 0x4D, 0x50, 0x3B,
    0x4E, 0xC3, 0x40, 0x14, 0x1C, 0x23, 0x36, 0x10, 0xE1, 0x38, 0x16, 0x17, 0xB0, 0x2B, 0x90, 0x68,
    0x10, 0x48, 0x54, 0x14, 0xE6, 0x04, 0x90, 0x9A, 0x02, 0xDC, 0x50, 0x07, 0x21, 0x7A, 0x4E, 0x00,
    0xA1, 0xA1, 0x8E, 0x6F, 0x40, 0x81, 0x44, 0x89, 0xDD, 0x50, 0x07, 0xC4, 0x01, 0x4C, 0x0B, 0x11,
    0x22, 0x5F, 0x12, 0xC7, 0x38, 0x8F, 0x59, 0xC7, 0x11, 0x79, 0xD2, 0xEA, 0xED, 0x8C, 0xE7, 0xBD,
    0x19, 0x2F, 0xC0, 0xBA, 0xFB, 0x92, 0xA7, 0x4D, 0x14, 0x35, 0x12, 0x5D, 0xFB, 0x33, 0xF0, 0x26,
    0x37, 0x7B, 0xBB, 0x97, 0xA9, 0xAC, 0x68, 0x70, 0x20, 0x27, 0xBA, 0xD9, 0x49, 0x53, 0xB7, 0x41,
    0x68, 0xE4, 0x92, 0x9A, 0x94, 0xC8, 0x4D, 0xD7, 0x8A, 0xF1, 0xA1, 0x03, 0x04, 0xF1, 0x7C, 0x59,
    0x40, 0x69, 0xFF, 0x88, 0x97, 0x67, 0xB9, 0x36, 0xE0, 0x0A, 0x30, 0x31, 0xC9, 0xD2, 0xE0, 0x10,
    0xF8, 0x55, 0x10, 0x45, 0xA6, 0xB1, 0x3E, 0xBC, 0xA2, 0x6F, 0xB9, 0x26, 0x7A, 0x9B, 0x42, 0xE7,
    0x94, 0x6B, 0xCC, 0xDB, 0x10, 0x78, 0xE7, 0xE9, 0x72, 0xBC, 0x67, 0x45, 0x0D, 0x3A, 0xF2, 0xD6,
    0xDF, 0x26, 0x53, 0xED, 0xD4, 0x81, 0xC4, 0x22, 0xE3, 0xE4, 0x88, 0x7C, 0x46, 0xFF, 0x9F, 0xAA,
    0x46, 0x5D, 0x0F, 0x90, 0x55, 0xEE, 0xAB, 0xE8, 0x39, 0x22, 0x5B, 0xA7, 0x4F, 0x68, 0x3B, 0x30,
    0xB9, 0xCB, 0xD5, 0x71, 0x53, 0xAA, 0xC7, 0x65, 0xFA, 0xD8, 0x54, 0xBA, 0x42, 0x94, 0x2D, 0xBF,
    0xD0, 0x61, 0x6A, 0x21, 0x92, 0x0A, 0xFC, 0x18, 0x01, 0x9D, 0xC7, 0xAD, 0xB3, 0x2C, 0xAD, 0x63,
    0xE4, 0xC1, 0x67, 0xB2, 0x57, 0x91, 0x66, 0xC4, 0xE0, 0x8A, 0x43, 0x25, 0xD8, 0x9F, 0x2D, 0x65,
    0x7F, 0x7C, 0x6F, 0xF1, 0xD7, 0x26, 0x16, 0x16, 0xAA, 0x77, 0xBF, 0x88, 0x7C, 0x9D, 0xE4, 0xBF,
    0x92, 0x70, 0x49, 0xB7, 0xD9, 0xC3, 0xE1, 0x5C, 0xC2, 0x0D, 0x63, 0xE7, 0xD1, 0x29, 0x3E, 0x3E,
    0xE4, 0x0F, 0xEF, 0xCD, 0xB5, 0x17, 0x6D, 0x89, 0x8F, 0x73, 0xE5, 0x1F, 0xF9, 0x23, 0x7F, 0xA9,
    0x78, 0x9C, 0x35, 0x8F, 0xC1, 0x0D, 0x82, 0x40, 0x10, 0x45, 0xBF, 0xC6, 0x28, 0x31, 0x4A, 0x0B,
    0xD8, 0x81, 0x96, 0x40, 0x07, 0x96, 0xA0, 0x1D, 0x60, 0x07, 0x7A, 0xF4, 0x06, 0x25, 0x98, 0x78,
    0xF1, 0x46, 0x0B, 0x76, 0x80, 0x1D, 0x68, 0x07, 0x10, 0x44, 0x14, 0xA2, 0x7C, 0x67, 0x67, 0x97,
    0x77, 0x98, 0x7D, 0x9B, 0xCC, 0xCC, 0xFE, 0x05, 0x80, 0x2B, 0x47, 0x70, 0x94, 0x9C, 0xF6, 0xFA,
    0x61, 0xD0, 0x6B, 0xC7, 0xC8, 0x59, 0xC8, 0x26, 0x73, 0x7A, 0xE2, 0x99, 0x43, 0xAB, 0xC5, 0x3D,
    0xA4, 0x67, 0xB5, 0xDE, 0xA3, 0xF3, 0xAD, 0x7E, 0x03, 0x34, 0x6B, 0xB5, 0x05, 0x67, 0x78, 0xA6,
    0xAA, 0x07, 0x8E, 0x71, 0xE3, 0xC0, 0xE8, 0x43, 0x8E, 0x9D, 0x5C, 0x85, 0x2A, 0xB5, 0x4D, 0x42,
    0xBB, 0x31, 0xA3, 0x4B, 0xA3, 0x34, 0x8B, 0xEA, 0x58, 0xCA, 0x96, 0x4A, 0xAE, 0x61, 0x2D, 0x12,
    0xB9, 0xCC, 0x8F, 0xC2, 0xC5, 0x44, 0x7E, 0xC7, 0xBA, 0xDD, 0x44, 0xFE, 0xE9, 0x2C, 0xDA, 0x08,
    0x2B, 0xCE, 0x55, 0xAB, 0x0C, 0x09, 0x27, 0xB0, 0x6F, 0x0E, 0x0B, 0x97, 0x3A, 0xA1, 0xF7, 0xCA,
    0xFA, 0x5F, 0xF9, 0x7F, 0xDE, 0xBB, 0x4E, 0xE0, 0x78, 0x9C, 0xFB, 0xF2, 0xFF, 0xFF, 0xFF, 0xF7,
    0x6B, 0x59, 0x19, 0x18, 0xBE, 0xFC, 0x07, 0x81, 0xF3, 0x4C, 0x0C, 0x5F, 0xDE, 0x77, 0x74, 0xCC,
    0xF8, 0xFB, 0x5F, 0x8E, 0xE1, 0xCB, 0x7D, 0x06, 0x06, 0x06, 0x83, 0x7F, 0xFD, 0x10, 0x06, 0xC3,
    0xB7, 0xFB, 0x50, 0xC6, 0xC7, 0xFF, 0xE8, 0x8C, 0x2F, 0x30, 0xA9, 0x3F, 0xF5, 0x60, 0x86, 0xC0,
    0xD5, 0xFF, 0xDC, 0x50, 0x03, 0xE7, 0xC3, 0x4C, 0xAE, 0x03, 0x32, 0xDE, 0x97, 0x97, 0xB7, 0xFF,
    0xFA, 0xCF, 0x03, 0x51, 0x2C, 0xF0, 0x7B, 0x3F, 0x54, 0xD7, 0x83, 0xFF, 0xCC, 0x10, 0xC6, 0x84,
    0xFF, 0x1C, 0x10, 0x46, 0xC1, 0x7F, 0x2E, 0x34, 0xC6, 0x02, 0x98, 0xD4, 0xC7, 0xFF, 0x2C, 0x60,
    0x86, 0xC2, 0xDF, 0xFB, 0x10, 0xA7, 0xFE, 0xFE, 0x6F, 0x0F, 0xB5, 0xE2, 0x3D, 0x33, 0x84, 0xB1,
    0x8E, 0x8D, 0x81, 0x01, 0x00, 0x7E, 0x1E, 0x6C, 0x71, 0x78, 0x9C, 0x63, 0x60, 0x60, 0x98, 0xFC,
    0xF7, 0x7D, 0x0F, 0x13, 0x03, 0x10, 0x6C, 0xFC, 0x0F, 0x04, 0xFD, 0x40, 0x86, 0xC2, 0xBF, 0xFF,
    0x6B, 0x57, 0xFE, 0xFB, 0xCF, 0xCD, 0xC0, 0x70, 0xF1, 0xBF, 0x2D, 0x03, 0x43, 0x00, 0x48, 0xF0,
    0xE7, 0x7D, 0x46, 0xA0, 0xCC, 0xD7, 0xFF, 0x8C, 0x02, 0xFF, 0xED, 0x41, 0x8A, 0x0F, 0xFC, 0x67,
    0x2F, 0xF8, 0xCF, 0x03, 0x62, 0x25, 0xFC, 0xE7, 0xDE, 0xF0, 0x9F, 0x0D, 0xC4, 0x52, 0xB8, 0xCB,
    0xF3, 0xE0, 0x3F, 0x33, 0x03, 0x04, 0x7C, 0xF8, 0xCF, 0x08, 0x65, 0x7D, 0xFC, 0xCF, 0x80, 0x87,
    0xF5, 0x01, 0x89, 0x05, 0xD3, 0x81, 0x30, 0x05, 0x66, 0xF2, 0x19, 0xEE, 0x02, 0x90, 0x7B, 0xC0,
    0xB6, 0x41, 0x5D, 0xB0, 0xE1, 0x3F, 0x3B, 0xD0, 0x55, 0x20, 0xD6, 0x17, 0xA0, 0xC6, 0x07, 0xFF,
    0x75, 0x40, 0x2E, 0xAD, 0x07, 0xBB, 0x7E, 0xCE, 0x8A, 0x7F, 0xFF, 0xB9, 0x80, 0x12, 0x87, 0x60,
    0x3E, 0x62, 0x60, 0x58, 0xF2, 0xF7, 0x7D, 0x35, 0xD0, 0x78, 0x00, 0xE9, 0xD3, 0x4B, 0x92, 0x78,
    0x9C, 0xFB, 0xF2, 0xFF, 0xFF, 0xFF, 0x73, 0x16, 0x0C, 0x0C, 0x0C, 0x5F, 0xFE, 0x83, 0x80, 0x36,
    0x90, 0xF1, 0xBE, 0x63, 0xC6, 0xAD, 0xFF, 0xFF, 0x59, 0x18, 0xBE, 0xDC, 0x07, 0x0A, 0x6F, 0xFA,
    0x6F, 0x0F, 0x61, 0x30, 0xFC, 0xBC, 0x0F, 0x65, 0x5C, 0xF8, 0xCF, 0x0E, 0x61, 0x38, 0xFC, 0xE7,
    0x85, 0x30, 0x18, 0xFE, 0xD9, 0x43, 0x19, 0xBF, 0xF2, 0xA1, 0x8C, 0xEF, 0xF3, 0xA1, 0x8C, 0x6F,
    0xEB, 0x09, 0x33, 0x7E, 0xCC, 0x47, 0xD7, 0x0E, 0x33, 0x30, 0xE0, 0x3F, 0x1F, 0x9A, 0xA5, 0xBF,
    0xDE, 0x43, 0x9C, 0x71, 0x18, 0xE4, 0x30, 0xA0, 0x53, 0x5F, 0x81, 0x9D, 0x0A, 0x77, 0x3C, 0xCC,
    0x3B, 0x00, 0xDF, 0x4D, 0x5F, 0xDB, 0x78, 0x9C, 0xFB, 0xF2, 0x1F, 0x0C, 0xEA, 0xBF, 0xC0, 0xE8,
    0xF7, 0x1D, 0x20, 0xE0, 0xF1, 0xE5, 0x3E, 0x03, 0x18, 0x90, 0x4C, 0x43, 0xCC, 0x41, 0xD0, 0x10,
    0xF3, 0x48, 0x37, 0x07, 0x9D, 0x86, 0x98, 0x13, 0x01, 0x35, 0x77, 0x3D, 0x8C, 0x06, 0x00, 0xCD,
    0x04, 0x55, 0x8F, 0x78, 0x9C, 0xFB, 0xF2, 0x1F, 0x0C, 0xFC, 0xBF, 0xC0, 0xE8, 0xF7, 0x1D, 0x20,
    0xA0, 0xF1, 0xE5, 0x3E, 0x03, 0x18, 0x90, 0x4D, 0x83, 0x8D, 0x5B, 0x8F, 0xA0, 0xC1, 0xE6, 0x46,
    0x90, 0x6F, 0x1E, 0x0E, 0x1A, 0x00, 0x2C, 0xB7, 0x45, 0x9B, 0x78, 0x9C, 0x63, 0x60, 0x60, 0x98,
    0xF2, 0xF6, 0xFD, 0x1C, 0x66, 0x06, 0x20, 0x38, 0xF4, 0x1F, 0x08, 0xD6, 0x33, 0x32, 0x30, 0x18,
    0xFC, 0xFB, 0xBF, 0x76, 0xE5, 0xDF, 0xFF, 0xB2, 0x0C, 0x0C, 0x0F, 0xFF, 0xDB, 0x32, 0x30, 0x38,
    0xFC, 0xDB, 0xCF, 0xC0, 0xF0, 0xF3, 0x3E, 0x50, 0x82, 0xE1, 0xF3, 0x7F, 0x66, 0x81, 0xFF, 0xF6,
    0x20, 0xC5, 0x13, 0xFE, 0x73, 0x25, 0xFC, 0xE7, 0x01, 0xB1, 0x0C, 0xFE, 0xF3, 0x2D, 0xF8, 0xCF,
    0x0E, 0x62, 0x31, 0x18, 0x33, 0x5F, 0xF8, 0xCF, 0xC2, 0x00, 0x01, 0x1F, 0xFE, 0x33, 0xC1, 0x59,
    0x8C, 0xD8, 0x59, 0xDF, 0x81, 0xF6, 0xF1, 0x23, 0xB3, 0x80, 0x3A, 0x9A, 0x3B, 0x3A, 0xFE, 0xF3,
    0x5F, 0xF8, 0xCF, 0x0A, 0x56, 0xF5, 0x9F, 0x7F, 0xC2, 0x7F, 0x4E, 0x28, 0x2B, 0xE0, 0x3F, 0x1F,
    0x94, 0xC5, 0xF0, 0xAF, 0x1E, 0xC6, 0xFA, 0xF6, 0x9F, 0x19, 0xCA, 0xDA, 0xF0, 0x3F, 0x1F, 0xC8,
    0x38, 0x0C, 0x64, 0x09, 0xFC, 0xF9, 0xBF, 0x6E, 0xC6, 0xAD, 0xFF, 0x20, 0x99, 0x06, 0x90, 0x8F,
    0xFE, 0x6B, 0x83, 0x94, 0x14, 0xBE, 0xF9, 0xBF, 0xD7, 0x9C, 0x81, 0x01, 0x00, 0xDE, 0xA5, 0x56,
    0x1E, 0x78, 0x9C, 0xFB, 0x72, 0x9F, 0x01, 0x04, 0x02, 0xFE, 0xF3, 0x7C, 0xA1, 0x1D, 0xEB, 0x3F,
    0x14, 0x20, 0xB3, 0xDE, 0x77, 0x80, 0xC0, 0x0E, 0x9A, 0xDA, 0x8B, 0x85, 0x05, 0x00, 0x86, 0x97,
    0x5B, 0x05, 0x78, 0x9C, 0xFB, 0xF0, 0x9F, 0xE1, 0x03, 0x35, 0x10, 0x00, 0xB4, 0xF6, 0x2E, 0x69,
    0x78, 0x9C, 0x63, 0x60, 0x00, 0x81, 0xEF, 0xEB, 0x19, 0x06, 0x98, 0x3E, 0x78, 0x06, 0x44, 0xFF,
    0x98, 0xFF, 0xE1, 0x3F, 0x23, 0x90, 0xFE, 0x5D, 0x7F, 0xE1, 0x3F, 0x3B, 0x03, 0x83, 0xC2, 0x7F,
    0xFB, 0x84, 0xFF, 0xFE, 0x0C, 0x0C, 0x97, 0xFE, 0xF3, 0x30, 0xFC, 0xF9, 0x3F, 0x67, 0xC7, 0xFF,
    0xFF, 0x4C, 0x0C, 0x1B, 0xFF, 0x03, 0x81, 0x1D, 0x50, 0xCD, 0x92, 0xBF, 0xEF, 0xB3, 0x19, 0x18,
    0x00, 0x24, 0x8D, 0x36, 0x89, 0x78, 0x9C, 0x35, 0xCD, 0xE1, 0x09, 0x82, 0x60, 0x18, 0xC4, 0xF1,
    0x43, 0x51, 0x48, 0x28, 0x5A, 0x20, 0x78, 0x37, 0xA8, 0x09, 0x6C, 0x05, 0x37, 0x68, 0x84, 0x46,
    0x68, 0x84, 0xDA, 0xA0, 0x11, 0x1C, 0x41, 0x71, 0x81, 0xDA, 0x40, 0x72, 0x01, 0xA1, 0x8C, 0x88,
    0xB2, 0xF3, 0xCD, 0x7B, 0xBC, 0x4F, 0xBF, 0x4F, 0xF7, 0xEF, 0x6A, 0xF8, 0x6D, 0x78, 0x44, 0x37,
    0xAA, 0x61, 0x22, 0x2D, 0xFB, 0x0B, 0xA4, 0x92, 0x2B, 0xD3, 0xA7, 0x0D, 0xA4, 0x13, 0xB7, 0x90,
    0x5E, 0x8C, 0xA4, 0x8C, 0x07, 0x48, 0x0F, 0xCE, 0x24, 0xF7, 0x2B, 0x20, 0xDD, 0xB8, 0x30, 0x7D,
    0xB9, 0x97, 0xE8, 0x17, 0x4A, 0x6D, 0xC5, 0xB9, 0x94, 0x3A, 0xE6, 0x52, 0x88, 0x27, 0x63, 0x4C,
    0xB5, 0xB5, 0x09, 0x7D, 0x3D, 0xE9, 0xFE, 0xAF, 0x8C, 0xCA, 0xB8, 0x33, 0xE1, 0xCD, 0xC0, 0x74,
    0xF5, 0x97, 0x92, 0xE3, 0xD9, 0xE4, 0x2F, 0xA3, 0x01, 0xC8, 0x4F, 0x5B, 0xF2, 0x78, 0x9C, 0xFB,
    0x72, 0x9F, 0x01, 0x0C, 0xBE, 0x0C, 0x76, 0xFA, 0x7D, 0x07, 0x08, 0x70, 0x7C, 0xF9, 0x0F, 0x06,
    0xFC, 0x30, 0x1A, 0x00, 0x91, 0x15, 0x38, 0xDD, 0x78, 0x9C, 0x3D, 0xCF, 0xC1, 0x0D, 0x82, 0x40,
    0x10, 0x05, 0xD0, 0x81, 0x83, 0x72, 0x50, 0x42, 0x09, 0x74, 0x60, 0x09, 0x96, 0x40, 0x09, 0x58,
    0x82, 0x25, 0x50, 0x02, 0x1D, 0x50, 0x02, 0x25, 0xAC, 0x37, 0x6F, 0x82, 0x15, 0x48, 0x07, 0x92,
    0xB0, 0x90, 0x28, 0x98, 0xEF, 0xCC, 0x6C, 0x76, 0xF7, 0xB4, 0x2F, 0x99, 0xFF, 0x33, 0x63, 0x91,
    0x92, 0xBE, 0x1C, 0x88, 0x2C, 0x0A, 0x87, 0x4A, 0x61, 0x1C, 0x06, 0x05, 0x22, 0x85, 0x75, 0xD8,
    0x2B, 0x56, 0x41, 0x8B, 0xA3, 0xFC, 0x33, 0x3C, 0x18, 0xCD, 0xAA, 0x0D, 0x57, 0xDC, 0x05, 0x73,
    0x2B, 0xE8, 0xF1, 0x94, 0xB1, 0x41, 0x1B, 0xAC, 0xE9, 0x05, 0x95, 0x36, 0x7C, 0x0B, 0x81, 0xC9,
    0xA5, 0x21, 0x43, 0x3A, 0x08, 0x68, 0x3B, 0x4B, 0x3E, 0x71, 0x98, 0x1B, 0xC9, 0xC7, 0x23, 0xA3,
    0xE3, 0x45, 0x88, 0x26, 0x43, 0x0E, 0x35, 0x76, 0xF4, 0x29, 0x15, 0x2F, 0x5E, 0xFE, 0x40, 0x7C,
    0x88, 0x03, 0x6D, 0xA7, 0x0B, 0x12, 0x8F, 0xA5, 0xB9, 0x21, 0xF6, 0x18, 0xDF, 0x9C, 0xF7, 0xA8,
    0xF1, 0x2B, 0x03, 0xF8, 0xFC, 0x34, 0x80, 0x36, 0xCE, 0x07, 0x2C, 0x9C, 0x0F, 0x18, 0x3B, 0x52,
    0xFC, 0x01, 0xEC, 0xFF, 0x93, 0x73, 0x78, 0x9C, 0x3D, 0xC6, 0xC1, 0x0D, 0x82, 0x40, 0x10, 0x05,
    0xD0, 0x59, 0x0E, 0x44, 0xC3, 0xF6, 0x40, 0x09, 0x94, 0x00, 0x25, 0x70, 0xE1, 0x0C, 0x15, 0x60,
    0x0B, 0x96, 0x60, 0x09, 0x74, 0x42, 0x09, 0xD8, 0x01, 0xA1, 0x82, 0x8D, 0x80, 0x09, 0x04, 0xF4,
    0xEB, 0xE1, 0xCF, 0xBC, 0xD3, 0x5B, 0x11, 0xC9, 0x5F, 0x09, 0xBF, 0xC2, 0xDB, 0x6E, 0x36, 0x38,
    0x5B, 0xC2, 0x05, 0xD4, 0xDC, 0xB8, 0x05, 0xC7, 0x3D, 0x71, 0xE5, 0x0A, 0xE4, 0x9C, 0xEC, 0xA3,
    0x6E, 0xC2, 0x85, 0x2B, 0x91, 0x71, 0x72, 0x0C, 0xBA, 0x17, 0x62, 0xAE, 0x41, 0xCA, 0xC9, 0xD9,
    0xEB, 0x66, 0x54, 0xDC, 0x1D, 0x2D, 0x27, 0x9F, 0xA0, 0x5B, 0xA0, 0x7B, 0xD8, 0xE4, 0x6B, 0x7B,
    0xDB, 0x3A, 0xF8, 0x1F, 0xA9, 0xA1, 0x6C, 0x0E, 0x78, 0x9C, 0x63, 0x60, 0x60, 0x98, 0xFC, 0xF7,
    0x7D, 0x0D, 0x23, 0x03, 0x10, 0x2C, 0xFC, 0x0F, 0x04, 0xF5, 0x40, 0x86, 0xC0, 0xDF, 0xFF, 0xFB,
    0x4E, 0xFD, 0xFF, 0xCF, 0xC5, 0xC0, 0x70, 0xE0, 0x7F, 0x1C, 0x03, 0x43, 0xE3, 0xFF, 0x7E, 0x06,
    0x86, 0xEF, 0xEF, 0x99, 0x80, 0x32, 0x5F, 0xFF, 0x33, 0x33, 0xFC, 0x8F, 0x07, 0x29, 0x9E, 0xF0,
    0x9F, 0x2B, 0xE0, 0x3F, 0x2F, 0x88, 0x25, 0xF0, 0x5F, 0x7E, 0xC1, 0x7F, 0x76, 0x10, 0x8B, 0xE1,
    0x4F, 0xFC, 0x05, 0xA0, 0x02, 0x10, 0xF8, 0xD9, 0xFF, 0xE1, 0x3F, 0xD8, 0x50, 0x86, 0x6F, 0xEB,
    0x3F, 0xFC, 0x07, 0x33, 0x18, 0xBE, 0xEE, 0xFF, 0x08, 0x63, 0x9D, 0xC7, 0xC2, 0xDA, 0x8F, 0xD0,
    0x01, 0x33, 0xE5, 0x47, 0x3F, 0xC2, 0xE4, 0x04, 0xB8, 0x6D, 0x70, 0x17, 0x70, 0x43, 0x5D, 0xF5,
    0x05, 0xA8, 0x1C, 0xEC, 0xD2, 0x82, 0xFF, 0xF3, 0x21, 0xAE, 0xDF, 0xF5, 0x1F, 0x28, 0x09, 0xF5,
    0x51, 0x3F, 0xD8, 0x00, 0xA8, 0x2F, 0x01, 0xFE, 0xF7, 0x59, 0x1F, 0x78, 0x9C, 0xFB, 0xF2, 0x1F,
    0x08, 0xCE, 0x59, 0x32, 0x30, 0x7C, 0xF9, 0x0F, 0x06, 0x5C, 0x0C, 0x5F, 0xDE, 0x77, 0x74, 0x74,
    0xBC, 0xFA, 0x7F, 0x9E, 0xE1, 0xCB, 0x7D, 0x06, 0x20, 0xF8, 0xF6, 0x9F, 0x13, 0xC2, 0x08, 0xF8,
    0x2F, 0x0F, 0x61, 0x30, 0xFC, 0xCD, 0x87, 0x32, 0x7E, 0xF6, 0x43, 0x19, 0x3F, 0xE6, 0x43, 0x19,
    0xBF, 0xEA, 0xA1, 0x8C, 0x7F, 0xFE, 0x10, 0xC6, 0x84, 0xFF, 0x7C, 0x60, 0x86, 0xE3, 0xEF, 0xFF,
    0x6C, 0x50, 0x2B, 0xFA, 0xA1, 0x76, 0x9D, 0x67, 0x81, 0xD8, 0x15, 0xCE, 0xC4, 0x00, 0xB5, 0x8B,
    0x81, 0x7A, 0x0C, 0x00, 0x15, 0xE3, 0x54, 0xA7, 0x78, 0x9C, 0x45, 0x8F, 0xCD, 0x09, 0xC2, 0x50,
    0x10, 0x84, 0x27, 0xA0, 0x10, 0x15, 0x82, 0x05, 0x78, 0x48, 0x09, 0x76, 0x10, 0x1B, 0x10, 0xEC,
    0x40, 0xEF, 0x82, 0x29, 0xC1, 0x58, 0x81, 0x08, 0xDE, 0x2D, 0x41, 0x2D, 0x40, 0x09, 0x1E, 0xF5,
    0x62, 0x07, 0x41, 0x2C, 0xE0, 0x89, 0x11, 0x23, 0x46, 0x33, 0xBE, 0x3F, 0x93, 0x3D, 0x7D, 0x30,
    0xB3, 0xB3, 0xB3, 0x00, 0x96, 0x5F, 0x31, 0x76, 0x20, 0xE7, 0x40, 0x39, 0x13, 0x09, 0x7E, 0xC1,
    0xFD, 0x89, 0x74, 0x81, 0x0B, 0xFB, 0xC0, 0x82, 0x21, 0xF0, 0x4E, 0x94, 0x27, 0xA3, 0xE3, 0x33,
    0x50, 0xE6, 0x98, 0x6E, 0xC4, 0x96, 0xA2, 0x1E, 0xBD, 0x98, 0x75, 0x45, 0x28, 0x82, 0x1B, 0x75,
    0x14, 0xF2, 0xF0, 0x4E, 0x0D, 0x78, 0xCD, 0x53, 0x61, 0x28, 0x5B, 0xA5, 0x89, 0xA5, 0xF5, 0xA3,
    0xA4, 0x4A, 0xAD, 0x36, 0xAA, 0x94, 0x73, 0x99, 0x1C, 0xB1, 0xA9, 0xA0, 0x4B, 0xCF, 0x36, 0xD8,
    0xB0, 0x61, 0x5B, 0x3D, 0xA5, 0x5D, 0x37, 0x9D, 0x71, 0xAA, 0xDB, 0xEF, 0x8E, 0x94, 0x22, 0xB0,
    0x55, 0x1F, 0x99, 0x4B, 0xF2, 0xCB, 0x0F, 0x3B, 0xE6, 0x00, 0x06, 0x14, 0x35, 0x8B, 0x57, 0x0E,
    0x2D, 0xB5, 0xF3, 0xBF, 0x8C, 0x11, 0x7E, 0xC9, 0x5F, 0x61, 0x05, 0x78, 0x9C, 0xFB, 0xF2, 0xFF,
    0xFF, 0xFF, 0xF7, 0x6B, 0x59, 0x18, 0x18, 0xBE, 0xFC, 0x07, 0x81, 0xFB, 0x4C, 0x0C, 0x5F, 0xDE,
    0x77, 0x74, 0xAC, 0xF8, 0xFB, 0x5F, 0x9F, 0xE1, 0xCB, 0x7D, 0x06, 0x06, 0x06, 0x87, 0x7F, 0xE7,
    0x21, 0x0C, 0x86, 0x4F, 0xFF, 0x99, 0x21, 0x8C, 0x0D, 0xFF, 0x39, 0x20, 0x8C, 0x82, 0xFF, 0x5C,
    0x10, 0x46, 0x02, 0x8C, 0xD1, 0xF0, 0x9F, 0x13, 0xC2, 0xB8, 0xF0, 0x9F, 0x0D, 0xC2, 0xF8, 0xF9,
    0x1E, 0xAC, 0x5D, 0x60, 0xCB, 0xFF, 0x78, 0xA8, 0x15, 0xFF, 0xD9, 0xA0, 0x0C, 0x6D, 0x06, 0xB0,
    0x5D, 0x27, 0xFE, 0x73, 0x32, 0x80, 0xD5, 0x28, 0x00, 0xED, 0x84, 0xD8, 0xF5, 0x73, 0x3F, 0x94,
    0xF1, 0xF1, 0x3F, 0x0B, 0x84, 0xD1, 0xF0, 0x9F, 0x07, 0xC2, 0x10, 0xF8, 0x17, 0x0F, 0x75, 0xCF,
    0xF7, 0xF7, 0x50, 0xC6, 0x83, 0xFF, 0xEC, 0x30, 0x67, 0xC8, 0x41, 0x18, 0x0C, 0x7F, 0xFB, 0x01,
    0x43, 0x78, 0x63, 0x97, 0x78, 0x9C, 0x25, 0x8F, 0xBF, 0x0E, 0xC1, 0x60, 0x14, 0xC5, 0x4F, 0x51,
    0x12, 0x12, 0xA9, 0xD5, 0x52, 0x46, 0x5B, 0x47, 0x5B, 0xBD, 0x41, 0xBD, 0x81, 0xBE, 0x81, 0x17,
    0x90, 0x68, 0x62, 0x32, 0xB1, 0x9A, 0x78, 0x01, 0xAF, 0xA0, 0x6F, 0x20, 0xE6, 0x2E, 0x95, 0x30,
    0x48, 0x0C, 0xC4, 0xE0, 0x4F, 0xD5, 0x77, 0x7C, 0xDF, 0xED, 0x9D, 0x7E, 0xC9, 0x39, 0xF7, 0x9E,
    0x73, 0x81, 0xF0, 0xCA, 0xAD, 0x0D, 0x60, 0xA8, 0x48, 0xDE, 0x2A, 0xC0, 0x93, 0xF1, 0xEA, 0xCB,
    0x11, 0x3C, 0xAE, 0x2D, 0xE0, 0xCD, 0xF2, 0x86, 0x75, 0xAD, 0x2F, 0xD9, 0x38, 0x52, 0xCB, 0x70,
    0xE8, 0xDE, 0x59, 0xD2, 0x00, 0xE5, 0x1F, 0x58, 0x35, 0xD0, 0xB2, 0x22, 0xFA, 0x90, 0x71, 0x14,
    0x7B, 0x05, 0x9D, 0xC8, 0x89, 0xD8, 0x9C, 0x0F, 0x99, 0xD6, 0x0C, 0x75, 0x2E, 0x3A, 0xC2, 0x16,
    0x75, 0xA6, 0xB8, 0x28, 0x7C, 0x83, 0xBC, 0x38, 0x62, 0x22, 0x9A, 0x5D, 0xD9, 0x00, 0xFD, 0x6C,
    0x2A, 0x90, 0x07, 0xAF, 0x58, 0xE0, 0x17, 0x3C, 0x24, 0xDD, 0xA3, 0x1B, 0x71, 0xAC, 0xE1, 0xAC,
    0x5B, 0x65, 0xDC, 0xCD, 0x13, 0xA6, 0x16, 0x42, 0x53, 0x9E, 0x6D, 0xF3, 0x46, 0xA2, 0xF6, 0x7D,
    0xE0, 0x0F, 0xF8, 0x58, 0x50, 0x1A, 0x78, 0x9C, 0xFB, 0xFC, 0x1F, 0x0A, 0xF8, 0x3F, 0xC3, 0x59,
    0x8D, 0x1D, 0x1D, 0x1D, 0x7F, 0xF7, 0x03, 0x09, 0x0E, 0x06, 0x20, 0xF8, 0x9D, 0xCF, 0x00, 0x05,
    0xC3, 0x81, 0x05, 0x00, 0x11, 0xEB, 0x35, 0x1C, 0x78, 0x9C, 0xFB, 0x13, 0xCF, 0x00, 0x02, 0xFF,
    0xEC, 0xFF, 0x0C, 0x0E, 0xC6, 0x6F, 0x18, 0xE3, 0x57, 0x3D, 0x98, 0xF1, 0x5F, 0xFE, 0xDB, 0x79,
    0x10, 0xED, 0xF0, 0x9F, 0xEF, 0xE3, 0x7F, 0x16, 0x20, 0xE3, 0xC0, 0x7F, 0x8E, 0x09, 0xFF, 0x81,
    0x8A, 0x04, 0x7E, 0xBF, 0x67, 0x64, 0xF8, 0xF3, 0x7F, 0xDD, 0x8C, 0xDF, 0xFF, 0xED, 0x19, 0x18,
    0x26, 0xFC, 0x07, 0x82, 0xF3, 0x4C, 0x40, 0xF9, 0xA6, 0x37, 0xFF, 0xD7, 0x02, 0xD5, 0x01, 0x00,
    0x5F, 0xCD, 0x47, 0x5A, 0x78, 0x9C, 0x2D, 0x8D, 0xDB, 0x0D, 0x82, 0x50, 0x10, 0x44, 0x87, 0x18,
    0x48, 0x7C, 0x44, 0x28, 0xC1, 0x0E, 0x6C, 0xC1, 0x0E, 0xB4, 0x03, 0x2C, 0xC1, 0x0E, 0x2C, 0xC1,
    0x16, 0xE8, 0x00, 0x3A, 0xA0, 0x05, 0x3A, 0xA0, 0x05, 0x94, 0x40, 0x54, 0x08, 0xE3, 0x9D, 0x5D,
    0xCF, 0xC7, 0xCD, 0xF9, 0xD8, 0x3B, 0x67, 0x20, 0x8C, 0x8E, 0x49, 0xC7, 0xD8, 0x74, 0x60, 0x54,
    0x70, 0x63, 0xFA, 0x2D, 0x71, 0x62, 0x6A, 0xCA, 0x33, 0xB0, 0xE4, 0xB2, 0x0B, 0xF7, 0xC0, 0xBB,
    0x94, 0x16, 0x5C, 0x03, 0x3D, 0x7D, 0x60, 0x05, 0x34, 0x36, 0x31, 0xB4, 0xE1, 0xB9, 0xD9, 0xC4,
    0x74, 0x0F, 0x4F, 0x66, 0x13, 0x3C, 0xEA, 0x6C, 0xCA, 0x35, 0xB0, 0x93, 0x8E, 0x35, 0x50, 0x31,
    0xF1, 0xCF, 0xC0, 0x93, 0x91, 0x4F, 0xC6, 0x18, 0x6D, 0x3C, 0xA4, 0xB7, 0x76, 0x2F, 0x96, 0x34,
    0x53, 0x56, 0x7C, 0xF2, 0xAB, 0xB2, 0xA2, 0xAF, 0x2B, 0x65, 0x45, 0xC3, 0x57, 0xEB, 0x16, 0xD2,
    0xF3, 0xE3, 0xAF, 0x07, 0x7A, 0x56, 0xCC, 0x9E, 0xB5, 0xB4, 0x67, 0xC5, 0x3F, 0xFB, 0x03, 0xDF,
    0x62, 0x47, 0xA9, 0x78, 0x9C, 0x25, 0x50, 0xCD, 0x51, 0xC2, 0x60, 0x14, 0x5C, 0x04, 0x8D, 0x83,
    0x68, 0xE8, 0x20, 0x94, 0xC0, 0x95, 0x93, 0x76, 0x80, 0x0D, 0x38, 0x49, 0x09, 0xCE, 0x58, 0x00,
    0x76, 0x00, 0x1D, 0x90, 0x0E, 0x28, 0x01, 0x6E, 0x1E, 0x43, 0x07, 0xA4, 0x83, 0x8F, 0xA8, 0xFC,
    0x06, 0xB3, 0xEE, 0x7B, 0xE4, 0xB0, 0xB3, 0x2F, 0xB3, 0x6F, 0xDF, 0xEE, 0x57, 0xB2, 0x0D, 0x60,
    0xC6, 0x8E, 0x30, 0x67, 0x94, 0xF3, 0x4E, 0xA4, 0xE4, 0xBD, 0x63, 0x3B, 0x63, 0x57, 0xE4, 0x9B,
    0x8F, 0xC2, 0x8A, 0x18, 0x3A, 0x39, 0x30, 0x11, 0xEE, 0x96, 0x80, 0x93, 0x9A, 0xA9, 0xF0, 0x38,
    0x11, 0x33, 0xC2, 0x7A, 0x21, 0xBC, 0x8C, 0xA5, 0x9B, 0x02, 0x2F, 0xFC, 0x0A, 0xF6, 0x33, 0x06,
    0x7E, 0x0A, 0xE0, 0x93, 0x1F, 0xBC, 0x91, 0x4D, 0x0F, 0xD8, 0x12, 0x58, 0x87, 0x21, 0x23, 0x64,
    0x76, 0x6D, 0xA5, 0x1C, 0xD5, 0x02, 0xCD, 0x83, 0x52, 0x74, 0x4C, 0x18, 0x61, 0x9F, 0xE2, 0x1C,
    0x2B, 0x45, 0xCB, 0x6C, 0xBA, 0x38, 0x27, 0xD8, 0x8F, 0x51, 0x6D, 0x64, 0xD7, 0xE7, 0x13, 0x9A,
    0x1E, 0xAA, 0x29, 0x76, 0x73, 0x8D, 0xF8, 0x4B, 0xCC, 0x67, 0x5D, 0xE0, 0x68, 0x09, 0x70, 0x4A,
    0xDF, 0xE5, 0x36, 0x63, 0xEB, 0x62, 0xF9, 0xA4, 0x59, 0x05, 0xB3, 0xB8, 0xD5, 0x96, 0xF5, 0x28,
    0xB6, 0xB6, 0xC4, 0x91, 0x77, 0x43, 0x19, 0x7E, 0x6D, 0xA9, 0x7E, 0xF3, 0xE6, 0xBA, 0x7E, 0x8A,
    0xAD, 0xE3, 0x5C, 0x39, 0xF5, 0x65, 0xD4, 0x1D, 0xBD, 0x40, 0xB0, 0x16, 0xC0, 0x80, 0xBA, 0x63,
    0x2F, 0xB3, 0xF4, 0x11, 0x8D, 0xAB, 0x72, 0x4E, 0xAE, 0x63, 0xED, 0xAA, 0x57, 0x3E, 0x5F, 0xC7,
    0x83, 0x87, 0xEB, 0x5B, 0x79, 0xFC, 0x03, 0xC3, 0x5A, 0x7C, 0x4D, 0x78, 0x9C, 0x2D, 0x8F, 0xED,
    0x0D, 0x82, 0x30, 0x14, 0x45, 0xAF, 0xA2, 0x31, 0x86, 0x90, 0x30, 0x81, 0x61, 0x03, 0xDD, 0x00,
    0x47, 0x60, 0x03, 0x56, 0x60, 0x03, 0x47, 0x90, 0x0D, 0x74, 0x03, 0xDD, 0x00, 0x46, 0x70, 0x03,
    0x64, 0x02, 0x13, 0x22, 0x7E, 0xC4, 0xD0, 0xEB, 0x7B, 0x7D, 0xED, 0x8F, 0xE6, 0x34, 0xBD, 0xAF,
    0xF7, 0xB4, 0xE6, 0x06, 0xB2, 0xF6, 0x2C, 0x53, 0x77, 0x51, 0xBA, 0x33, 0xC6, 0xC8, 0x85, 0xD0,
    0x87, 0x73, 0x5C, 0x99, 0x00, 0x19, 0x0F, 0x61, 0xF3, 0x47, 0xBC, 0xE5, 0x62, 0x64, 0x24, 0x74,
    0x63, 0x9C, 0xBA, 0x93, 0x8E, 0xED, 0x58, 0xD6, 0xF6, 0x14, 0xBE, 0x8F, 0x27, 0x97, 0x9E, 0x7A,
    0xB2, 0xF1, 0x80, 0x82, 0xDC, 0x1A, 0xE1, 0xC7, 0x55, 0xA0, 0x89, 0x6B, 0x83, 0x8A, 0xCC, 0x8D,
    0x06, 0xBA, 0x2E, 0xC4, 0xBA, 0xC1, 0x82, 0x05, 0xF3, 0xCA, 0x86, 0x7B, 0xC9, 0x4F, 0x8D, 0x55,
    0xCC, 0xE0, 0x4B, 0xC4, 0x1B, 0x38, 0x6B, 0xB1, 0xA8, 0x00, 0x5E, 0x46, 0xBD, 0x81, 0x17, 0xA3,
    0x8C, 0x47, 0x0D, 0xB7, 0x4C, 0x5A, 0xEF, 0xAD, 0x7F, 0xF8, 0x03, 0x16, 0x0B, 0x51, 0x00, 0x78,
    0x9C, 0xFB, 0xF1, 0x9F, 0x91, 0x01, 0x08, 0x1C, 0xFE, 0xDB, 0x3F, 0xF8, 0xCF, 0x01, 0x62, 0x1D,
    0xF8, 0xCF, 0x9D, 0xF0, 0x5F, 0x1E, 0xC4, 0xFA, 0xF2, 0x9F, 0x89, 0xE1, 0x6F, 0x3F, 0x88, 0xF5,
    0x67, 0x3D, 0x03, 0xC3, 0x57, 0x90, 0x42, 0x07, 0x90, 0xCC, 0x01, 0x90, 0x42, 0x30, 0x01, 0xE6,
    0x7E, 0x01, 0x9B, 0xF0, 0x7B, 0x3E, 0x50, 0x59, 0x3D, 0x48, 0xF1, 0xE7, 0xFF, 0x8C, 0x01, 0xFF,
    0xF9, 0x40, 0xAC, 0x05, 0xFF, 0x39, 0x2F, 0xFC, 0x67, 0x03, 0xB1, 0x14, 0xFE, 0xCB, 0x7F, 0xBD,
    0xCF, 0x00, 0x06, 0x3F, 0xE7, 0xFF, 0x8D, 0x87, 0xB0, 0x3E, 0xFE, 0xFF, 0xCF, 0x03, 0x61, 0x35,
    0xFC, 0xFF, 0xCF, 0x02, 0x61, 0x31, 0xFC, 0xDB, 0x0F, 0x65, 0x30, 0xFC, 0xCA, 0xA7, 0x05, 0x0B,
    0x00, 0xBA, 0xFE, 0x3B, 0xD8, 0x78, 0x9C, 0xFB, 0xF6, 0x1F, 0x02, 0xF8, 0xBF, 0xC1, 0x18, 0xCD,
    0x1D, 0x20, 0xF0, 0xE3, 0x3F, 0x0F, 0x03, 0x18, 0x7C, 0xFB, 0xCF, 0x04, 0xA6, 0x05, 0xFE, 0xD7,
    0x43, 0x04, 0x36, 0xA0, 0xCB, 0x28, 0xFC, 0xCF, 0x27, 0x24, 0x73, 0xE0, 0x3F, 0x37, 0x84, 0xF1,
    0x1D, 0x8F, 0x0C, 0x23, 0x2E, 0x99, 0xF7, 0x30, 0x99, 0x78, 0x0C, 0x3D, 0x5D, 0x60, 0xC7, 0x5A,
    0xFC, 0x84, 0x3A, 0xBE, 0x1E, 0xCE, 0x00, 0x00, 0x8D, 0x5B, 0x4B, 0x0A, 0x78, 0x9C, 0xFB, 0xF5,
    0xFF, 0x3F, 0xDB, 0x2F, 0x10, 0x5E, 0x5F, 0xCE, 0xFC, 0x2B, 0x9E, 0x81, 0x81, 0x2E, 0x18, 0x64,
    0x17, 0xD4, 0x5E, 0x00, 0x20, 0xA5, 0x33, 0x49, 0x78, 0x9C, 0xFB, 0xB4, 0x9E, 0x01, 0x04, 0x0E,
    0xFC, 0x67, 0x04, 0x51, 0x09, 0xFF, 0xD9, 0x40, 0x94, 0xC0, 0x7F, 0x1E, 0xB0, 0xE8, 0x2F, 0x7D,
    0x30, 0xF5, 0xA5, 0x1F, 0x4C, 0x3D, 0x78, 0x0F, 0xA6, 0x1A, 0xFE, 0xB3, 0x80, 0x28, 0x85, 0xFF,
    0x5C, 0x60, 0xEE, 0x1F, 0x79, 0x30, 0xF5, 0xAD, 0x1E, 0x4C, 0x7D, 0xB8, 0x0F, 0xA6, 0x16, 0xFC,
    0x67, 0x06, 0x51, 0x0E, 0xFF, 0x39, 0xC1, 0xDC, 0x7F, 0x7C, 0x60, 0xEA, 0x47, 0x3C, 0x98, 0xFA,
    0xB4, 0x1F, 0xD5, 0x4A, 0x76, 0x30, 0xF7, 0x3F, 0x2F, 0xC4, 0x4A, 0x7B, 0x88, 0x95, 0xF3, 0x51,
    0xAD, 0x64, 0x85, 0x58, 0xC9, 0x0D, 0xB5, 0x12, 0x00, 0x70, 0x98, 0x24, 0xFC, 0x78, 0x9C, 0xFB,
    0xFB, 0xFF, 0x3F, 0xF3, 0x5F, 0x20, 0x2E, 0xBB, 0xFE, 0x9F, 0x99, 0xE1, 0x00, 0x7D, 0x30, 0xC8,
    0xAE, 0xBF, 0x50, 0x7B, 0x01, 0xB6, 0x6B, 0x3E, 0x4B, 0x78, 0x9C, 0x63, 0x60, 0xF8, 0x2A, 0xCF,
    0x00, 0x04, 0x7F, 0xEA, 0x81, 0x84, 0xC2, 0xFF, 0xF7, 0x40, 0x72, 0xC2, 0xFF, 0xFF, 0x2C, 0x0C,
    0x0C, 0x0F, 0xD6, 0xFF, 0xE3, 0x66, 0x60, 0xF8, 0xEA, 0xFF, 0x03, 0x28, 0xFD, 0x87, 0xEF, 0x53,
    0x3D, 0x50, 0x92, 0xE3, 0xC0, 0x7B, 0xA0, 0x24, 0x53, 0xC2, 0x7F, 0x96, 0x07, 0xFB, 0x19, 0x18,
    0xFE, 0x73, 0x7F, 0x8D, 0x67, 0x60, 0xF8, 0x25, 0xFF, 0x87, 0x9F, 0x81, 0xE1, 0x4B, 0x3F, 0x00,
    0xA8, 0x9C, 0x1C, 0x0C, 0x78, 0x9C, 0xFB, 0xFF, 0x1F, 0x0C, 0x78, 0xFF, 0x43, 0xE9, 0xB2, 0x72,
    0x30, 0x60, 0x05, 0x00, 0xFE, 0xBE, 0x11, 0x52, 0x78, 0x9C, 0x5B, 0xF0, 0x9F, 0x97, 0x81, 0xE1,
    0x4F, 0x3F, 0x03, 0xC3, 0xC3, 0xFF, 0x2C, 0x0C, 0x06, 0xFF, 0xF9, 0x18, 0x18, 0x9E, 0x7A, 0x03,
    0x00, 0x54, 0x6B, 0x07, 0x89, 0x78, 0x9C, 0x63, 0x60, 0x98, 0xF2, 0xF7, 0xBD, 0x17, 0x03, 0x03,
    0xC3, 0xC6, 0xFF, 0x40, 0xC0, 0xC5, 0xC0, 0xF0, 0xF7, 0x7F, 0xE5, 0xF6, 0xFF, 0xFD, 0x0C, 0x05,
    0xFF, 0x65, 0x18, 0x18, 0xBE, 0xFC, 0x67, 0x3C, 0xF0, 0x9F, 0x99, 0x81, 0x61, 0xC3, 0x7F, 0x36,
    0x06, 0x10, 0x28, 0xF8, 0xCF, 0x81, 0xA0, 0x97, 0xBE, 0x05, 0x6A, 0xE0, 0x60, 0xB8, 0x0C, 0xD2,
    0xF7, 0x9F, 0xC3, 0xE0, 0xFF, 0x7E, 0x33, 0xA1, 0xC6, 0xFF, 0x1C, 0x07, 0xFE, 0xB3, 0x83, 0xE5,
    0x3F, 0xBE, 0x87, 0xA8, 0xFB, 0x7C, 0x1E, 0x42, 0x7F, 0xFA, 0x0F, 0xA4, 0x1F, 0xFE, 0xE7, 0x78,
    0x00, 0xB4, 0xC3, 0xE0, 0xEF, 0x7F, 0xCE, 0x82, 0xFF, 0xEF, 0x57, 0xFD, 0x05, 0x59, 0xF8, 0x13,
    0xA8, 0x3B, 0xFB, 0x3F, 0x0F, 0x83, 0xC3, 0xAB, 0xF7, 0xD1, 0x02, 0xFF, 0xE5, 0x01, 0x8E, 0x28,
    0x45, 0x2A, 0x78, 0x9C, 0xFB, 0x63, 0xCF, 0x00, 0x06, 0x7F, 0x48, 0xA6, 0x0B, 0xDE, 0xDC, 0xD7,
    0x04, 0xD2, 0xF1, 0x7F, 0xFF, 0xFF, 0xFF, 0xCF, 0xCA, 0xF0, 0xE7, 0xFF, 0xFB, 0xAE, 0x5F, 0xFF,
    0xFD, 0x81, 0x34, 0x27, 0x83, 0xC0, 0xEF, 0xFB, 0x0C, 0x7F, 0xF6, 0x03, 0x15, 0x3D, 0xF8, 0xCF,
    0xF2, 0xC7, 0x1F, 0x48, 0x17, 0xFC, 0xE7, 0x04, 0xEB, 0x33, 0xF8, 0xCF, 0x03, 0xD1, 0xFF, 0x9F,
    0x0F, 0x4A, 0xF3, 0xA3, 0xD0, 0x02, 0x50, 0x71, 0x83, 0xFF, 0xBC, 0x60, 0x7D, 0x0D, 0x40, 0x7D,
    0x30, 0x73, 0xFE, 0x73, 0x31, 0x08, 0xFC, 0xB9, 0x0F, 0xB5, 0xC7, 0x1E, 0x68, 0x3F, 0xD4, 0x5E,
    0x7E, 0x88, 0x3B, 0x00, 0x41, 0x99, 0x48, 0x77, 0x78, 0x9C, 0x63, 0x60, 0x68, 0xFA, 0xFB, 0xDE,
    0x8B, 0x81, 0x81, 0x21, 0xE1, 0x3F, 0x10, 0x70, 0x31, 0x30, 0x7C, 0xFF, 0xDF, 0xB3, 0xFC, 0xFF,
    0x7E, 0x06, 0x85, 0xFF, 0xF1, 0x0C, 0x0C, 0x97, 0xFE, 0xB3, 0x6D, 0xF8, 0xCF, 0xCE, 0xC0, 0x60,
    0xF0, 0x9F, 0xF7, 0xC3, 0x7F, 0xA0, 0x1A, 0x86, 0x3F, 0xF2, 0x5F, 0xF6, 0x83, 0xE8, 0x60, 0xD6,
    0x6F, 0xFD, 0x0C, 0x60, 0xF0, 0xBD, 0x1E, 0x95, 0x86, 0x89, 0x7F, 0x59, 0x0F, 0xA1, 0x3F, 0xBE,
    0x07, 0x91, 0x37, 0x65, 0x37, 0xFC, 0x67, 0x63, 0x60, 0x10, 0xF8, 0xCF, 0x67, 0xF0, 0xDF, 0x9F,
    0x81, 0xE1, 0x10, 0x90, 0x03, 0xB5, 0x87, 0xA1, 0x00, 0x64, 0x2F, 0x27, 0x50, 0x4D, 0xD3, 0xDF,
    0xFB, 0x96, 0x0C, 0x0C, 0x00, 0xF4, 0x75, 0x33, 0xDB, 0x78, 0x9C, 0x63, 0x60, 0x00, 0x81, 0xDF,
    0xFE, 0x0C, 0x24, 0xD3, 0x5B, 0xFE, 0xAD, 0x63, 0x01, 0xD2, 0x13, 0xFE, 0xFF, 0xFF, 0x3F, 0x1F,
    0x48, 0xFF, 0xFC, 0x3F, 0x77, 0xE7, 0xFF, 0xFF, 0xFE, 0x06, 0xFF, 0xEB, 0x19, 0x18, 0x2E, 0xFD,
    0xF7, 0xDF, 0xF0, 0x9F, 0x93, 0x81, 0x41, 0xE1, 0xBF, 0xFF, 0x87, 0xFF, 0x8C, 0x60, 0xF5, 0x5F,
    0xCE, 0x43, 0xF4, 0x7D, 0x9B, 0x0F, 0xA1, 0xBF, 0xF7, 0xA3, 0xD2, 0x30, 0xF1, 0xCF, 0x50, 0x75,
    0x30, 0x7D, 0x0B, 0xFE, 0x73, 0x80, 0xCD, 0x31, 0xF8, 0x9F, 0x0F, 0x36, 0x97, 0xE1, 0x07, 0xC4,
    0x1E, 0x88, 0xBD, 0x3F, 0xA1, 0xEE, 0xF8, 0xE1, 0x0F, 0x00, 0x0D, 0x9F, 0x4C, 0x31, 0x78, 0x9C,
    0x63, 0x60, 0x28, 0xF8, 0x73, 0xDF, 0x8B, 0x81, 0x81, 0xC1, 0xE0, 0xDF, 0xFF, 0xFF, 0xFF, 0xB9,
    0x18, 0x18, 0xBE, 0xFC, 0xEF, 0x59, 0xFE, 0x7F, 0x3D, 0x83, 0xC0, 0xBF, 0x78, 0x06, 0x86, 0x47,
    0xFF, 0x59, 0x1A, 0xFE, 0xB3, 0x33, 0x30, 0x04, 0xFC, 0xE7, 0x7E, 0xF0, 0x1F, 0xA8, 0x86, 0xE1,
    0x3F, 0xFF, 0xE7, 0xFD, 0x20, 0xFA, 0x8F, 0xFE, 0xD7, 0xFF, 0x60, 0x60, 0xFF, 0x1D, 0x42, 0xFB,
    0x7F, 0xDF, 0x5F, 0x0E, 0x02, 0xEA, 0xDF, 0xE6, 0x33, 0x80, 0xC1, 0x97, 0xF3, 0x10, 0xFA, 0xE3,
    0x7F, 0x26, 0x30, 0xBD, 0xE1, 0x3F, 0x37, 0x90, 0x6C, 0x64, 0x30, 0x00, 0x9A, 0x0D, 0xB4, 0x8B,
    0x9B, 0xE1, 0xDB, 0xFF, 0x79, 0xED, 0x7F, 0xFE, 0xB3, 0x02, 0xCD, 0x06, 0x82, 0x38, 0xA0, 0x5C,
    0xE1, 0x9B, 0xF7, 0x35, 0x8C, 0x0C, 0x00, 0x14, 0x43, 0x41, 0x62, 0x78, 0x9C, 0x63, 0x60, 0x60,
    0x38, 0xF6, 0x2F, 0x8E, 0x81, 0xE1, 0xC0, 0xFF, 0xFF, 0xF9, 0x0C, 0x0C, 0x3F, 0xFF, 0xCF, 0xF1,
    0x64, 0x60, 0x00, 0xB1, 0x18, 0x0C, 0xFE, 0xF3, 0x02, 0x49, 0x87, 0xFF, 0xDC, 0x30, 0xF2, 0xC3,
    0x7F, 0x20, 0x60, 0x83, 0x90, 0x0E, 0x25, 0xFF, 0x7D, 0x5C, 0x98, 0x90, 0x65, 0xA9, 0x4B, 0x02,
    0x00, 0x42, 0x26, 0x2C, 0xEA, 0x78, 0x9C, 0x63, 0x60, 0xD8, 0xF2, 0x6F, 0x1D, 0xCB, 0x77, 0x7F,
    0x86, 0x05, 0xFF, 0xFF, 0xFF, 0x9F, 0xFF, 0xD3, 0x9F, 0xE1, 0xE7, 0xFF, 0xB9, 0x3B, 0xFF, 0xFF,
    0xF7, 0x77, 0xF8, 0x5F, 0xCF, 0xC0, 0x70, 0xE9, 0xBF, 0xFF, 0x86, 0xFF, 0x9C, 0x0C, 0x0C, 0x0A,
    0xFF, 0xFD, 0x3F, 0xFC, 0x67, 0x64, 0x60, 0x60, 0xF8, 0xED, 0xFF, 0xF9, 0x3E, 0x03, 0x98, 0xFE,
    0xBA, 0x1E, 0x42, 0x7F, 0x9B, 0x8F, 0x4A, 0xC3, 0xC4, 0x3F, 0x9F, 0x87, 0xD0, 0x30, 0x7D, 0x0B,
    0xA0, 0xE6, 0x18, 0x40, 0xCD, 0x65, 0xF8, 0x01, 0xB1, 0x87, 0x61, 0x02, 0xD0, 0xDE, 0xF5, 0xBF,
    0xFD, 0x19, 0x80, 0xEE, 0xD8, 0xC7, 0x02, 0xA2, 0x41, 0xE0, 0x8F, 0x3D, 0x84, 0xFE, 0x2F, 0xCF,
    0xD0, 0x01, 0xA4, 0x12, 0xFE, 0xF3, 0x38, 0x80, 0xF4, 0x7F, 0xF9, 0xCF, 0x2A, 0xF0, 0xF7, 0x7D,
    0xE5, 0x89, 0xFF, 0x40, 0x4B, 0x36, 0x02, 0xF5, 0x81, 0xC4, 0x18, 0x26, 0xFF, 0xBD, 0x6F, 0xC9,
    0xC0, 0x00, 0x00, 0xC8, 0x70, 0x57, 0x9B, 0x78, 0x9C, 0xFB, 0x63, 0xCF, 0x00, 0x02, 0x7F, 0x48,
    0xA0, 0x02, 0x5E, 0xBF, 0xB7, 0x62, 0xF8, 0xE3, 0xFF, 0xFB, 0xFF, 0xFF, 0xFF, 0x6C, 0x7F, 0xDE,
    0xFF, 0x9F, 0xF5, 0xEB, 0xBF, 0xFE, 0x9F, 0xFF, 0xD2, 0x0C, 0x02, 0x7F, 0xFB, 0xFF, 0x9C, 0x07,
    0x2A, 0xF8, 0x72, 0xFE, 0x8F, 0x3F, 0x90, 0xFA, 0xF8, 0x1E, 0xAC, 0xE1, 0xC3, 0x7F, 0xAA, 0x52,
    0x00, 0xE0, 0x05, 0x47, 0x95, 0x78, 0x9C, 0x0B, 0x60, 0xFD, 0x31, 0xFF, 0xF7, 0xFE, 0x27, 0x7E,
    0x0C, 0x60, 0xF0, 0xBD, 0x9F, 0x30, 0x04, 0x00, 0xDE, 0x83, 0x20, 0x45, 0x78, 0x9C, 0x63, 0x60,
    0x08, 0x60, 0x61, 0x60, 0xF8, 0x1D, 0xCF, 0xC0, 0xF0, 0xAF, 0x9F, 0x81, 0xE1, 0x9B, 0x2E, 0x03,
    0x0A, 0xF8, 0x15, 0x4F, 0x5D, 0xFC, 0xDB, 0x1F, 0x68, 0x8F, 0xFE, 0x84, 0x9B, 0xFF, 0xF9, 0x3E,
    0xFC, 0xFF, 0xCF, 0x7A, 0xE1, 0xBF, 0x37, 0x03, 0x00, 0xAD, 0x7F, 0x29, 0x4D, 0x78, 0x9C, 0xFB,
    0xED, 0xCF, 0x00, 0x06, 0xBF, 0xC9, 0xA0, 0x0D, 0xFE, 0xD7, 0x83, 0xE9, 0x47, 0xFF, 0x39, 0x40,
    0xB4, 0xC0, 0xBF, 0xF5, 0x60, 0xF1, 0x8B, 0xFF, 0xB9, 0xC1, 0xF4, 0x9F, 0xF3, 0x60, 0x75, 0x1B,
    0xFE, 0xCB, 0x82, 0xE9, 0x9F, 0xEF, 0x99, 0x40, 0xF4, 0xFA, 0xFF, 0xF1, 0x60, 0xFD, 0xFF, 0xFF,
    0x9F, 0x87, 0xD0, 0xEF, 0x81, 0xBA, 0x41, 0xB4, 0xEB, 0x7F, 0x90, 0xD1, 0xBF, 0xEB, 0x19, 0x7E,
    0xBC, 0x67, 0x04, 0xEB, 0x3F, 0x00, 0x35, 0x47, 0x01, 0x68, 0x0D, 0xD8, 0x9E, 0xAF, 0xFF, 0x99,
    0xC1, 0xF4, 0x84, 0xFF, 0xBC, 0x10, 0x77, 0xFC, 0x9D, 0x0F, 0xA1, 0x3F, 0xFF, 0x67, 0x05, 0x00,
    0xCF, 0xE2, 0x42, 0xB6, 0x78, 0x9C, 0xFB, 0xDE, 0xFF, 0x9D, 0x44, 0x08, 0x00, 0xD0, 0xA4, 0x26,
    0x17, 0x78, 0x9C, 0xFB, 0x23, 0x5F, 0xF0, 0xE6, 0xBE, 0x15, 0x83, 0xC2, 0xCD, 0xFF, 0xBD, 0x8C,
    0x0C, 0x7F, 0xFC, 0xFF, 0xFE, 0xFF, 0xFF, 0x9F, 0xF5, 0x3B, 0x90, 0xD0, 0x63, 0xF8, 0xF3, 0xFF,
    0xFE, 0xCC, 0xDF, 0xFF, 0xFB, 0xFF, 0xCF, 0xD9, 0xF9, 0xFF, 0x3E, 0x90, 0xC3, 0xC6, 0x60, 0xF0,
    0xEF, 0x7F, 0x3C, 0x03, 0xC3, 0xE7, 0xFF, 0x2C, 0x7F, 0xFA, 0x19, 0x18, 0x18, 0xBE, 0xFD, 0xE7,
    0x60, 0x60, 0x98, 0xF0, 0x9F, 0xE3, 0x8F, 0x3D, 0x90, 0xF3, 0xE9, 0x3F, 0x13, 0x03, 0x43, 0xC2,
    0x7F, 0x2E, 0x30, 0xE7, 0xC3, 0x7F, 0x20, 0xE1, 0x80, 0xCA, 0xE1, 0x1E, 0x78, 0x0E, 0x00, 0x33,
    0x74, 0x5F, 0x59, 0x78, 0x9C, 0xFB, 0x23, 0x1F, 0xF0, 0xFA, 0xBD, 0x15, 0xC3, 0x1F, 0xFD, 0xDF,
    0xFF, 0xFF, 0xFF, 0x67, 0xFB, 0x73, 0xFF, 0xFF, 0xAC, 0x5F, 0xFF, 0xF5, 0xFF, 0xFC, 0x97, 0x66,
    0x10, 0xF8, 0xDB, 0xFF, 0xE7, 0x3C, 0x03, 0x03, 0xC3, 0x97, 0xF3, 0x7F, 0xFC, 0x81, 0xD4, 0xC7,
    0xF7, 0x7F, 0xEC, 0x81, 0xD4, 0x87, 0xFF, 0x54, 0xA5, 0x00, 0x8D, 0x80, 0x3E, 0xA8, 0x78, 0x9C,
    0x63, 0x60, 0x28, 0xFC, 0xF3, 0x3E, 0x9B, 0x01, 0x08, 0x1C, 0xFE, 0xFD, 0xFF, 0xFF, 0x5F, 0x17,
    0xC8, 0xF8, 0xFA, 0xBF, 0x77, 0xFA, 0xBF, 0xFF, 0xCC, 0x0C, 0x02, 0xFF, 0xFA, 0x19, 0x18, 0x36,
    0xFC, 0xE7, 0x65, 0x98, 0xF0, 0x9F, 0x0B, 0x28, 0xFC, 0x27, 0x9F, 0xE1, 0xC1, 0x7F, 0x46, 0x20,
    0xE3, 0xCB, 0x7D, 0x86, 0x2F, 0xE7, 0x41, 0x3A, 0x80, 0xDC, 0x6F, 0xF3, 0x41, 0x8C, 0x0D, 0xFF,
    0x99, 0xBF, 0xF7, 0x83, 0x18, 0x0B, 0xFE, 0xB3, 0x7C, 0xAF, 0x87, 0x32, 0xBE, 0x81, 0x45, 0x0E,
    0xFC, 0x67, 0xFE, 0xB2, 0x1F, 0xC4, 0xF8, 0xF0, 0x9F, 0xF1, 0x03, 0x44, 0xFB, 0x79, 0xA0, 0x2C,
    0x27, 0xC4, 0x40, 0x85, 0xFF, 0xF5, 0x20, 0xB5, 0xBC, 0x08, 0x4B, 0x19, 0x02, 0x60, 0xCE, 0x60,
    0x28, 0x7C, 0x03, 0x76, 0x18, 0x00, 0xC1, 0x52, 0x40, 0xC5, 0x78, 0x9C, 0xFB, 0xC3, 0x5F, 0xF0,
    0xE6, 0xBE, 0x26, 0x03, 0xC3, 0x1F, 0xFF, 0x7F, 0xFF, 0xFF, 0xFF, 0x67, 0x65, 0xF8, 0xF3, 0xFF,
    0xFD, 0xAC, 0xDF, 0xFF, 0xED, 0x81, 0x34, 0x3B, 0x83, 0xC2, 0xDF, 0xFB, 0x0C, 0x7F, 0xFA, 0x19,
    0x18, 0x18, 0x3E, 0xFD, 0x67, 0xF9, 0x63, 0x0F, 0xA4, 0x27, 0xFC, 0xE7, 0x04, 0xD3, 0x0E, 0xFF,
    0x79, 0xC0, 0xB4, 0xC0, 0x7F, 0x3E, 0x30, 0xCD, 0xF0, 0x9F, 0x1F, 0x85, 0x86, 0x89, 0xC3, 0xD4,
    0x81, 0xF4, 0xD5, 0x03, 0xE9, 0x8F, 0xFF, 0x99, 0xFF, 0x00, 0xED, 0x10, 0xF8, 0x73, 0x1E, 0x68,
    0xFE, 0xF9, 0x8A, 0x9F, 0x20, 0x7B, 0xEA, 0x41, 0xF6, 0xB2, 0x30, 0xFC, 0xB1, 0x6F, 0xFC, 0x03,
    0x76, 0x07, 0xD8, 0x1C, 0xD2, 0x69, 0x00, 0x47, 0x11, 0x48, 0x83, 0x78, 0x9C, 0x63, 0x60, 0xD8,
    0xF2, 0x6F, 0x1F, 0xEB, 0x0F, 0x7B, 0x86, 0x05, 0xFF, 0xFF, 0xFF, 0xDF, 0xFF, 0xCB, 0x9E, 0xE1,
    0xD7, 0xFF, 0xDE, 0xE5, 0xFF, 0xFF, 0xDB, 0x3B, 0xFC, 0xAF, 0x67, 0x60, 0x38, 0xF8, 0xDF, 0x7E,
    0xC3, 0x7F, 0x4E, 0x06, 0x06, 0x81, 0x7F, 0xF6, 0x1F, 0xFF, 0x33, 0x32, 0x30, 0x30, 0xFC, 0xB1,
    0xFF, 0x72, 0x9E, 0x01, 0x4C, 0x7F, 0x9B, 0x0F, 0xA1, 0xBF, 0xF7, 0xA3, 0xD2, 0x30, 0x71, 0x98,
    0xBA, 0x0F, 0x50, 0x7D, 0x1B, 0xFE, 0x73, 0x80, 0xCD, 0x31, 0xF8, 0x9F, 0x0F, 0x36, 0x97, 0xE1,
    0xE7, 0xFF, 0x1E, 0x90, 0x3D, 0x10, 0x7B, 0xFF, 0xD8, 0x33, 0x80, 0xDD, 0x01, 0xA2, 0x21, 0xFA,
    0x48, 0xA5, 0x01, 0x27, 0xC7, 0x4A, 0xD0, 0x78, 0x9C, 0xFB, 0xA3, 0x3F, 0xF1, 0x1F, 0xE7, 0x9F,
    0xF8, 0x7F, 0xFF, 0xB9, 0xFF, 0xFC, 0xFF, 0xFF, 0x9E, 0xEB, 0xCF, 0x7F, 0x6B, 0x06, 0x86, 0x3F,
    0xE7, 0x19, 0x80, 0x84, 0x3F, 0x88, 0xB0, 0x27, 0x9F, 0x00, 0x00, 0x96, 0xE6, 0x1E, 0x2A, 0x78,
    0x9C, 0x63, 0x60, 0xD8, 0xF6, 0xEF, 0x9C, 0x04, 0x03, 0x03, 0xC3, 0xA5, 0xFF, 0x40, 0xC0, 0xCA,
    0x20, 0xF0, 0xEF, 0x7D, 0xE5, 0xCB, 0xFF, 0xFE, 0x0C, 0x0D, 0xFF, 0xB9, 0x19, 0x18, 0x7E, 0xDD,
    0x67, 0x38, 0xF0, 0x9F, 0x99, 0x81, 0xE1, 0xC1, 0x7F, 0xC6, 0x0B, 0x20, 0x3A, 0xA0, 0x9C, 0x71,
    0xC2, 0x7F, 0x1D, 0x06, 0x10, 0x50, 0xF8, 0xF7, 0xBF, 0x86, 0x19, 0xC4, 0xD8, 0x04, 0xD4, 0x66,
    0x05, 0x62, 0x4C, 0xFE, 0xFB, 0xFF, 0x3F, 0x17, 0x88, 0x21, 0xB0, 0xF5, 0xFF, 0x7A, 0xB0, 0x1A,
    0x86, 0x2F, 0xFF, 0x99, 0xB6, 0x64, 0x03, 0xE9, 0x0D, 0xFF, 0x59, 0xBF, 0x9C, 0x07, 0xD2, 0x0B,
    0xFE, 0xB3, 0x3E, 0xF8, 0xCF, 0x01, 0x12, 0x67, 0x74, 0xF8, 0xFF, 0xBE, 0x72, 0xC7, 0xFF, 0x7E,
    0x06, 0x86, 0x27, 0x20, 0x7B, 0x39, 0x81, 0xBA, 0xB6, 0xFF, 0xBB, 0x6F, 0xC9, 0xC0, 0x00, 0x00,
    0x15, 0x05, 0x3C, 0xC2, 0x78, 0x9C, 0x63, 0xD8, 0xF0, 0x9F, 0x85, 0x81, 0x01, 0x95, 0xF8, 0xFB,
    0xFF, 0xFF, 0xFF, 0xF9, 0x60, 0xC2, 0xE5, 0xC8, 0x7F, 0x0F, 0x15, 0x06, 0x2C, 0x4A, 0x08, 0x10,
    0x0B, 0xFE, 0xB3, 0x32, 0x30, 0x4C, 0xF8, 0xCF, 0xC1, 0xC0, 0x10, 0xF0, 0x7F, 0x7D, 0x25, 0x03,
    0xD0, 0xC4, 0xF5, 0x0C, 0x0C, 0x13, 0xFF, 0xD5, 0x01, 0x00, 0x5C, 0x6D, 0x2D, 0xDA, 0x78, 0x9C,
    0xFB, 0xAB, 0xCF, 0xC0, 0xC0, 0xF0, 0xF1, 0xFD, 0x5F, 0xAA, 0x50, 0x7F, 0xEC, 0x21, 0x94, 0x3F,
    0x98, 0xFA, 0xD9, 0x0F, 0xA4, 0xBE, 0xBF, 0xFF, 0xFA, 0x9F, 0x89, 0x21, 0xE1, 0xFF, 0xFB, 0x07,
    0xFF, 0xF7, 0xAF, 0xF8, 0xF7, 0xFF, 0xBD, 0xC1, 0xBF, 0xFF, 0xFF, 0xFF, 0x7F, 0x7B, 0xCF, 0x30,
    0xF1, 0xEF, 0x7D, 0xCD, 0x0F, 0xEF, 0x01, 0x15, 0xFD, 0x40, 0x34, 0x78, 0x9C, 0x25, 0xCC, 0x5B,
    0x11, 0x82, 0x00, 0x14, 0x84, 0xE1, 0x5F, 0x46, 0x19, 0x06, 0x2F, 0xD8, 0x40, 0x22, 0xD0, 0xC0,
    0x08, 0xD8, 0x40, 0x1A, 0x68, 0x03, 0x2B, 0xD8, 0x40, 0x1A, 0x60, 0x03, 0x69, 0xA0, 0x11, 0x68,
    0xC0, 0x30, 0xE2, 0x0D, 0x95, 0x95, 0x83, 0xFB, 0x70, 0xBE, 0x97, 0x3D, 0x5B, 0x9F, 0xE8, 0xF2,
    0x5D, 0x16, 0x1A, 0x40, 0xA8, 0xE9, 0x5E, 0x2E, 0x6C, 0xE5, 0x45, 0x1A, 0x43, 0x2E, 0x87, 0x36,
    0x80, 0xEA, 0x0C, 0xCF, 0x35, 0xDC, 0x77, 0x70, 0xCD, 0xE0, 0xBD, 0x80, 0x8B, 0x40, 0x13, 0xEB,
    0x0E, 0x57, 0xF6, 0x13, 0xCA, 0x4F, 0x6D, 0x83, 0xCF, 0xAC, 0xE8, 0x37, 0x1F, 0x71, 0xBD, 0x31,
    0xAB, 0xC3, 0x2B, 0x30, 0x8F, 0x65, 0xEB, 0x9B, 0x89, 0x34, 0x32, 0xE7, 0x12, 0x7D, 0x9A, 0xEC,
    0xEF, 0x2D, 0xEE, 0xCE, 0x0F, 0x68, 0x82, 0x2E, 0xB2, 0x78, 0x9C, 0x1D, 0x8E, 0xDB, 0x15, 0xC1,
    0x50, 0x10, 0x45, 0xB7, 0x37, 0x8B, 0x45, 0x3A, 0x48, 0x0B, 0x3A, 0xA0, 0x84, 0xFC, 0xFA, 0xBA,
    0x3A, 0xD0, 0x82, 0x0E, 0x68, 0xC0, 0xA2, 0x83, 0xE8, 0x80, 0x0E, 0xE8, 0x20, 0x3A, 0x48, 0xC4,
    0x9B, 0x70, 0xCC, 0xCD, 0xCF, 0x99, 0xD9, 0x1F, 0xB3, 0xE7, 0xE4, 0x07, 0x20, 0xDB, 0x59, 0x9C,
    0x53, 0x4E, 0xB2, 0x79, 0xF5, 0x71, 0x5B, 0xB3, 0x54, 0x1D, 0x5E, 0x65, 0x38, 0x22, 0xB5, 0xE1,
    0xA7, 0x0E, 0x14, 0x03, 0x02, 0xF5, 0x18, 0xEA, 0xDB, 0x07, 0x5B, 0x28, 0x42, 0xE6, 0xE9, 0x6D,
    0xC4, 0x58, 0x2D, 0x78, 0x38, 0xF6, 0x71, 0xB6, 0x60, 0xAE, 0x1A, 0x5C, 0xD6, 0x9C, 0xDD, 0xF6,
    0xC0, 0x3E, 0x35, 0xE3, 0x29, 0xE1, 0x1E, 0x4E, 0x55, 0xC9, 0x62, 0x83, 0x8D, 0x2A, 0x9F, 0x6E,
    0xA0, 0xE6, 0xD5, 0x19, 0x44, 0x6A, 0xD8, 0x69, 0xD1, 0x7D, 0x86, 0x06, 0x81, 0x26, 0xAA, 0xF2,
    0x18, 0x14, 0x66, 0x36, 0xF7, 0x2A, 0x81, 0xDC, 0xF9, 0xE7, 0xF0, 0xD4, 0x02, 0x8E, 0x89, 0x37,
    0x9B, 0x5B, 0x23, 0xEC, 0x8B, 0x37, 0x5B, 0x7F, 0x59, 0x97, 0xA1, 0xE2, 0x12, 0x36, 0xBE, 0x25,
    0xBF, 0x59, 0x09, 0x53, 0x35, 0x2C, 0xDF, 0xDE, 0xFC, 0x07, 0xD3, 0x7C, 0x55, 0x23, 0x78, 0x9C,
    0x1D, 0xCB, 0x51, 0x0D, 0x82, 0x50, 0x1C, 0x46, 0xF1, 0x03, 0x4E, 0x99, 0x88, 0x9B, 0x09, 0x9C,
    0x0D, 0xB0, 0x81, 0x36, 0x80, 0x06, 0xD2, 0x00, 0x1B, 0x68, 0x13, 0x8D, 0x60, 0x03, 0x2B, 0xD0,
    0x00, 0x49, 0x70, 0x27, 0xE3, 0x81, 0x89, 0x77, 0x9F, 0xF7, 0xEF, 0xD3, 0xEF, 0xE5, 0x9C, 0x46,
    0x4B, 0x28, 0x95, 0xEF, 0x95, 0xC3, 0x4B, 0x09, 0xE3, 0x13, 0xC6, 0x16, 0x1A, 0xCD, 0x37, 0x3A,
    0xC0, 0x51, 0xEB, 0xBB, 0x35, 0x7C, 0x2E, 0x83, 0x0B, 0xD0, 0xC9, 0x17, 0x66, 0x29, 0xA5, 0x26,
    0x93, 0x8B, 0xFE, 0x7A, 0xC5, 0xC6, 0x59, 0xCA, 0xCC, 0xDE, 0x4D, 0xB5, 0xF9, 0xAD, 0x7B, 0x85,
    0xA0, 0x52, 0x76, 0xD5, 0x0A, 0xDE, 0x9A, 0xE1, 0x4F, 0xE1, 0xBA, 0xC1, 0xE0, 0xA2, 0x4A, 0x5B,
    0x78, 0x28, 0xED, 0xB4, 0x80, 0x9D, 0x8A, 0x1F, 0x71, 0x2D, 0x36, 0x76, 0x78, 0x9C, 0x2D, 0x8E,
    0xCD, 0x0D, 0x82, 0x60, 0x10, 0x44, 0x1F, 0x51, 0x34, 0x4A, 0x22, 0x76, 0x80, 0x9D, 0x48, 0x01,
    0x26, 0x96, 0x00, 0x1D, 0x48, 0x09, 0x96, 0x40, 0x07, 0xDA, 0x01, 0x76, 0xA0, 0x67, 0x2F, 0x5A,
    0x82, 0x1D, 0x28, 0xFE, 0x04, 0xA2, 0xC4, 0x91, 0x6F, 0x71, 0x2F, 0x6F, 0x37, 0x33, 0x99, 0xD9,
    0xEA, 0x04, 0xCC, 0x14, 0x95, 0xF2, 0x20, 0x53, 0x70, 0xD0, 0x00, 0x76, 0xF2, 0x53, 0x05, 0x50,
    0x8A, 0xA9, 0x22, 0x78, 0x15, 0xF0, 0x59, 0xC1, 0x3B, 0x69, 0xF7, 0x3D, 0x28, 0x84, 0x9B, 0xBC,
    0x58, 0x63, 0xC8, 0x35, 0xC8, 0xE5, 0x43, 0xAC, 0xE0, 0xA2, 0x36, 0x8B, 0x6F, 0x78, 0x2F, 0x1C,
    0xEB, 0xA4, 0x5A, 0x3A, 0x3E, 0x8A, 0x66, 0xE2, 0x78, 0x96, 0x46, 0x8E, 0x99, 0xD4, 0xC7, 0x4A,
    0xAF, 0xD8, 0x34, 0x9B, 0x8E, 0xF5, 0xFC, 0x7F, 0x9B, 0xBD, 0xD5, 0xCD, 0xCE, 0x5A, 0x3D, 0xE3,
    0xD3, 0x7D, 0x4A, 0x7A, 0x94, 0xA5, 0x6E, 0xA5, 0x61, 0xA7, 0x2E, 0x4C, 0xFD, 0x01, 0x74, 0x8D,
    0x3D, 0xA4, 0x78, 0x9C, 0xFB, 0xFE, 0x1F, 0x04, 0xCE, 0x33, 0x7C, 0x87, 0xD2, 0xC5, 0xE5, 0xE5,
    0xE5, 0xED, 0xFF, 0xEB, 0x19, 0x40, 0x60, 0xC3, 0x7F, 0x1E, 0x30, 0xFD, 0xED, 0x3D, 0x23, 0x88,
    0x52, 0xF8, 0x1F, 0x0F, 0xE6, 0x5E, 0xF8, 0xCF, 0x09, 0xA6, 0x7F, 0xDE, 0x07, 0x53, 0x01, 0xFF,
    0xED, 0xC1, 0xF4, 0xC3, 0xFF, 0xEC, 0x60, 0xFA, 0xCF, 0x7E, 0x30, 0x55, 0xF0, 0x5F, 0x0E, 0x4C,
    0x7F, 0xFE, 0xCF, 0x02, 0xA6, 0xFF, 0xF6, 0x83, 0xA9, 0x05, 0x50, 0x33, 0xBF, 0xFE, 0xAF, 0x04,
    0xDA, 0x54, 0xCE, 0xF8, 0x13, 0x6C, 0xEF, 0x7F, 0x16, 0x18, 0x0D, 0x00, 0xEC, 0xF1, 0x38, 0x51,
    0x78, 0x9C, 0x63, 0x60, 0x60, 0x08, 0x88, 0x61, 0x60, 0x10, 0xF8, 0xB3, 0x9E, 0x81, 0xE1, 0xE2,
    0x7F, 0x49, 0x06, 0x86, 0x9F, 0xF3, 0x81, 0xBC, 0xFF, 0xF2, 0x40, 0xE1, 0xFF, 0x5C, 0x0C, 0x0C,
    0x05, 0xFF, 0x39, 0x18, 0x18, 0x1A, 0xFE, 0xB3, 0x83, 0x08, 0x36, 0x64, 0x62, 0xC2, 0x7F, 0x56,
    0x06, 0x86, 0x0D, 0xFF, 0x59, 0x18, 0x18, 0x3E, 0xFD, 0x67, 0x60, 0x70, 0xFC, 0x5B, 0xCF, 0xC0,
    0xF0, 0xFF, 0x3F, 0x27, 0x88, 0x00, 0x0A, 0x2D, 0xFB, 0x6F, 0xCF, 0xC0, 0xC0, 0xF0, 0xF5, 0x3E,
    0x90, 0xB8, 0xF0, 0x9F, 0x99, 0x81, 0x61, 0x01, 0x48, 0x31, 0x9A, 0x01, 0x60, 0x02, 0x6C, 0x3C,
    0xD8, 0x22, 0x81, 0xFF, 0xFC, 0x40, 0xD5, 0xBF, 0xFA, 0x19, 0x40, 0xCE, 0x90, 0x80, 0x3A, 0x08,
    0xE8, 0x34, 0x00, 0xC8, 0x62, 0x32, 0x02, 0x78, 0x9C, 0xFB, 0x6C, 0xFF, 0x99, 0x2C, 0x08, 0x00,
    0xC4, 0x19, 0x21, 0x79, 0x78, 0x9C, 0x3B, 0xCC, 0xC6, 0x00, 0x04, 0x3F, 0xEE, 0x33, 0x01, 0xC9,
    0x86, 0xFF, 0x72, 0x20, 0xCE, 0xF7, 0xFD, 0x20, 0xF2, 0xC1, 0x7F, 0x90, 0xD0, 0x84, 0xFF, 0xEC,
    0x40, 0x32, 0xE1, 0x3F, 0x27, 0x90, 0x0C, 0xF8, 0xCF, 0x85, 0x95, 0x74, 0xF8, 0xCF, 0x0D, 0x24,
    0x15, 0xFE, 0xF3, 0x82, 0xB4, 0xFD, 0xF5, 0x07, 0x91, 0x5F, 0xDF, 0x8B, 0x82, 0xB5, 0xFD, 0x67,
    0x04, 0x4A, 0xFC, 0x01, 0x91, 0x8F, 0xFE, 0x57, 0x03, 0x45, 0x7E, 0xD7, 0x03, 0x09, 0x81, 0xFF,
    0x7C, 0x40, 0xD2, 0xE0, 0x3F, 0x0F, 0x58, 0x2F, 0x76, 0x33, 0x21, 0x36, 0x36, 0x80, 0x6D, 0xBF,
    0xF0, 0x9F, 0x19, 0x48, 0x7E, 0x3B, 0x0F, 0x24, 0x0A, 0xFE, 0xEB, 0xC1, 0x5D, 0x7B, 0x18, 0xEC,
    0x72, 0x00, 0x83, 0xA5, 0x30, 0xB5, 0x78, 0x9C, 0x63, 0x58, 0xF4, 0xAF, 0x96, 0x81, 0x81, 0x41,
    0x60, 0x26, 0xB3, 0xC1, 0xFF, 0xFF, 0xFF, 0xED, 0x18, 0x18, 0x1C, 0xFE, 0xB3, 0x3C, 0xF8, 0xBF,
    0xE6, 0xDF, 0x7F, 0x16, 0x86, 0x09, 0xFF, 0x19, 0xBE, 0xF5, 0x03, 0xC9, 0x7E, 0xC1, 0xEF, 0xEB,
    0x19, 0x7E, 0xF3, 0x31, 0x30, 0x7C, 0x07, 0xAA, 0xD0, 0x67, 0xF8, 0xCB, 0x03, 0x54, 0xF4, 0xEF,
    0xFF, 0x7B, 0x66, 0x06, 0x41, 0xA0, 0x46, 0x86, 0x80, 0x99, 0x6C, 0x0C, 0x0C, 0x00, 0x68, 0xBD,
    0x1D, 0x51, 0x78, 0x9C, 0x03, 0x00, 0x00, 0x00, 0x00, 0x01, 0x78, 0x9C, 0x7B, 0xE2, 0xF7, 0x7B,
    0xFF, 0x8F, 0xFE, 0x00, 0x56, 0x06, 0x20, 0x30, 0x10, 0xFE, 0x52, 0x0F, 0x81, 0x5F, 0xFB, 0x61,
    0xF0, 0xDB, 0x7C, 0x18, 0xFC, 0x3E, 0xFF, 0xFB, 0xFA, 0xEF, 0xEB, 0x01, 0xA4, 0xD9, 0x1F, 0x37,
    0x78, 0x9C, 0x63, 0x60, 0x60, 0x98, 0x58, 0xC9, 0x00, 0x06, 0x9F, 0xCF, 0x63, 0xA5, 0x27, 0xFE,
    0xFD, 0x5F, 0x0B, 0xA4, 0x02, 0xFE, 0x03, 0x81, 0x1D, 0x03, 0xC3, 0xD7, 0xFF, 0x35, 0xA5, 0x7F,
    0xDF, 0x33, 0x09, 0xFC, 0xCF, 0x67, 0x60, 0x58, 0xF0, 0x9F, 0xBB, 0xE1, 0x3F, 0x27, 0x50, 0xF2,
    0x9F, 0xFC, 0x83, 0xFF, 0x4C, 0x40, 0xFA, 0xA7, 0xFF, 0xC7, 0xF7, 0x20, 0x3D, 0x86, 0xC2, 0x9F,
    0xF7, 0x43, 0x0C, 0xF9, 0xB2, 0x1E, 0x95, 0x86, 0x89, 0x43, 0xD4, 0x31, 0x30, 0x40, 0xF4, 0x2D,
    0xB5, 0x82, 0x98, 0xF3, 0x47, 0x5F, 0xE0, 0x7F, 0x3C, 0x03, 0x43, 0xC3, 0x7F, 0x1E, 0x86, 0x6F,
    0xFF, 0xB3, 0x4B, 0xFF, 0x02, 0x25, 0x13, 0xA0, 0xF6, 0x32, 0x4C, 0xFA, 0x07, 0x76, 0x07, 0x4E,
    0x77, 0x32, 0x1C, 0x9A, 0x03, 0x24, 0x00, 0x01, 0x6A, 0x41, 0xE5, 0x78, 0x9C, 0x63, 0x60, 0x60,
    0x58, 0xF2, 0xF7, 0xBE, 0x15, 0x03, 0x10, 0x6C, 0xFC, 0x0F, 0x04, 0x9C, 0x40, 0xC6, 0x9F, 0xFF,
    0x73, 0x5E, 0xFD, 0xEF, 0x67, 0x60, 0x28, 0xF8, 0xEF, 0xCF, 0xC0, 0xF0, 0xE3, 0x3F, 0x13, 0xC3,
    0x85, 0xFF, 0xEC, 0x0C, 0x0C, 0x07, 0x80, 0xC4, 0x87, 0xFF, 0x8C, 0x20, 0x61, 0x2E, 0x86, 0x8F,
    0xFF, 0x81, 0xEA, 0x04, 0x5C, 0x98, 0x80, 0x22, 0x0C, 0x10, 0x00, 0x96, 0x82, 0x30, 0x98, 0xC0,
    0xF4, 0x0F, 0x90, 0x71, 0xFE, 0xC8, 0x8C, 0x96, 0x1F, 0xFF, 0xBB, 0x3A, 0x34, 0x40, 0x72, 0x17,
    0xFE, 0xB3, 0x40, 0x14, 0xC3, 0x19, 0x07, 0xFE, 0xB3, 0xE2, 0x62, 0x3C, 0xF8, 0xCF, 0x0C, 0x61,
    0x7C, 0x84, 0x59, 0xF1, 0xED, 0x3C, 0x84, 0x6E, 0xFE, 0x77, 0xBE, 0x03, 0x04, 0x24, 0xBE, 0xFF,
    0x87, 0x00, 0x7D, 0x38, 0x03, 0x00, 0x23, 0x5F, 0x51, 0x65, 0x78, 0x9C, 0x63, 0x60, 0x66, 0x80,
    0x00, 0x21, 0x06, 0x83, 0xFD, 0x0C, 0x01, 0xAF, 0xFE, 0xCF, 0x65, 0x56, 0xB8, 0xC7, 0xF8, 0xF0,
    0x7F, 0xF4, 0xBF, 0xFF, 0xFF, 0xFF, 0xEF, 0x7F, 0xF2, 0x9F, 0xA7, 0x01, 0x48, 0xFF, 0xBF, 0x0B,
    0x22, 0x58, 0x18, 0x7E, 0xFC, 0xDF, 0xCF, 0xC2, 0x90, 0xF0, 0xEF, 0x7F, 0x3C, 0x03, 0xC3, 0xE7,
    0xFF, 0xEC, 0x40, 0x4D, 0x1B, 0xFF, 0xF3, 0x32, 0x30, 0xFC, 0xEE, 0x07, 0x1B, 0xF0, 0x37, 0x9F,
    0x41, 0xE1, 0x3F, 0x1F, 0x98, 0xF9, 0xF9, 0x3E, 0x43, 0x01, 0x58, 0x9E, 0x81, 0xE1, 0xC2, 0x7F,
    0xC6, 0x05, 0xFF, 0x21, 0x76, 0x34, 0xFC, 0x67, 0xDD, 0xF0, 0x9F, 0x11, 0xCC, 0x4C, 0xF8, 0xCF,
    0x86, 0xC4, 0x44, 0x52, 0x80, 0xA4, 0x0D, 0xC9, 0x30, 0x86, 0xDF, 0xF3, 0x61, 0x56, 0xC0, 0x2D,
    0xE6, 0x63, 0x10, 0xF8, 0xF3, 0x7F, 0x3F, 0x33, 0x43, 0xC2, 0xDF, 0xFF, 0xEB, 0x19, 0x0E, 0x02,
    0x9D, 0xF7, 0xFE, 0x0E, 0xC8, 0x91, 0x5C, 0x1B, 0xFE, 0xBB, 0x81, 0x9D, 0x3E, 0xE9, 0x3F, 0x07,
    0x43, 0x36, 0x43, 0xC2, 0x6B, 0xA0, 0x87, 0x18, 0x66, 0x31, 0x20, 0x01, 0x00, 0x6B, 0xEF, 0x5E,
    0x97, 0x78, 0x9C, 0xFB, 0xF1, 0x9E, 0x01, 0x08, 0x26, 0xFC, 0xE7, 0xFD, 0xF8, 0x9F, 0x0D, 0xC8,
    0xF8, 0xF8, 0x9F, 0xB5, 0xE1, 0x3F, 0x2F, 0x90, 0xF1, 0xFD, 0x3E, 0x83, 0xC0, 0x7F, 0x7F, 0x20,
    0xE3, 0x5F, 0x3C, 0x03, 0xC3, 0x8F, 0xF3, 0x0C, 0x0C, 0x09, 0x20, 0xE1, 0x8F, 0xFF, 0x99, 0x19,
    0x2E, 0xFC, 0x67, 0x65, 0x60, 0x68, 0xF8, 0xCF, 0xC5, 0xF0, 0xE5, 0x3E, 0x50, 0x5A, 0xE0, 0xBF,
    0x3E, 0xC3, 0x9F, 0x7C, 0x90, 0x19, 0x3F, 0xE7, 0x1B, 0x80, 0x75, 0x02, 0x15, 0x2D, 0x04, 0x9B,
    0x05, 0x34, 0xF5, 0x27, 0xD8, 0x74, 0xA0, 0xA2, 0xFF, 0xF9, 0x10, 0x0A, 0x04, 0xF2, 0x11, 0x0C,
    0x20, 0xF8, 0xF0, 0x9F, 0x09, 0xAC, 0x06, 0x9D, 0x41, 0x92, 0x62, 0x4C, 0x06, 0x00, 0x83, 0x3D,
    0x50, 0x55, 0x78, 0x9C, 0xFB, 0x15, 0xFF, 0x0B, 0x07, 0x64, 0x00, 0x03, 0x5C, 0xB2, 0x00, 0xCC,
    0x36, 0x21, 0xB2, 0x78, 0x9C, 0x2D, 0x90, 0xBD, 0x4E, 0x02, 0x41, 0x14, 0x85, 0x8F, 0xB8, 0x1B,
    0x57, 0x30, 0xB8, 0x9D, 0x26, 0x36, 0xDB, 0xDB, 0xD8, 0x52, 0xF9, 0x06, 0x8A, 0x6F, 0x20, 0xB5,
    0x05, 0x2D, 0x9D, 0x24, 0x16, 0x94, 0xF8, 0x02, 0xBA, 0x3C, 0x81, 0xAE, 0x85, 0xAD, 0x26, 0x36,
    0x76, 0x6A, 0xE2, 0x03, 0x68, 0x6B, 0x34, 0x31, 0x01, 0xB2, 0xC8, 0x8F, 0x7C, 0xDE, 0x99, 0xF1,
    0x56, 0x5F, 0xCE, 0x99, 0x39, 0x77, 0xCE, 0x48, 0xAD, 0x4F, 0x9E, 0xB6, 0x25, 0x1D, 0xE3, 0x26,
    0x91, 0x26, 0x5C, 0x75, 0x3E, 0xC8, 0x95, 0x71, 0x6A, 0xF2, 0x0F, 0x51, 0x97, 0x75, 0x83, 0x73,
    0x6A, 0x05, 0x91, 0x41, 0xC6, 0xE6, 0x80, 0xD8, 0x40, 0xCB, 0x7A, 0x97, 0xAA, 0xFC, 0xEC, 0x91,
    0xAF, 0x04, 0x9A, 0x72, 0x1D, 0x79, 0x78, 0xB1, 0xB8, 0x13, 0x13, 0xD3, 0x85, 0x0B, 0xCE, 0x2B,
    0x2A, 0xD8, 0x3D, 0x9A, 0x41, 0x5B, 0xA3, 0x6F, 0xB3, 0x6F, 0x21, 0x2E, 0x73, 0x77, 0xF0, 0x95,
    0x7A, 0x80, 0x74, 0x79, 0x38, 0x7E, 0x0B, 0x21, 0xED, 0x77, 0x76, 0x02, 0x34, 0xA1, 0xE1, 0x76,
    0xED, 0xAB, 0x84, 0xCB, 0xF8, 0x81, 0x9A, 0xB2, 0xB9, 0x4B, 0x7C, 0x76, 0xD9, 0x8F, 0x06, 0x1B,
    0xFE, 0x4A, 0x6B, 0x4E, 0x3F, 0xBC, 0xC0, 0xEC, 0xD5, 0x40, 0x05, 0xC9, 0xC4, 0x95, 0x50, 0x93,
    0x6A, 0x79, 0xFF, 0x0F, 0x43, 0xEF, 0x0E, 0x48, 0x0A, 0x0E, 0x7C, 0xC1, 0x4A, 0xFA, 0xCB, 0x45,
    0x6F, 0xE6, 0xEA, 0xDE, 0xF8, 0x4F, 0x58, 0x33, 0xF9, 0xEC, 0x8B, 0xBB, 0x2D, 0xE9, 0x0F, 0xC9,
    0x12, 0x77, 0x51, 0x78, 0x9C, 0x53, 0x10, 0x65, 0x60, 0x08, 0x66, 0xFC, 0xF4, 0x9E, 0xC1, 0xE0,
    0x3F, 0xEF, 0xD7, 0xFF, 0x8C, 0x09, 0xFF, 0xF9, 0x0F, 0xCC, 0x67, 0x10, 0xF8, 0xC3, 0x01, 0x00,
    0x69, 0xDF, 0x09, 0x7D, 0x78, 0x9C, 0x63, 0x60, 0x60, 0x10, 0xD8, 0xFE, 0xEF, 0x7E, 0x16, 0x03,
    0x18, 0x08, 0xFC, 0xFC, 0x0F, 0x04, 0x75, 0x60, 0xF6, 0xE3, 0xFF, 0x9E, 0x0C, 0x02, 0x4B, 0xFF,
    0xCB, 0x00, 0x99, 0x0E, 0xFF, 0xA5, 0x40, 0x22, 0x97, 0xDF, 0x33, 0x32, 0x30, 0x3C, 0xAA, 0x87,
    0x28, 0xFD, 0xCD, 0x0B, 0xC4, 0x1C, 0x0C, 0x13, 0xFF, 0x9E, 0x67, 0x67, 0x38, 0xD0, 0xCF, 0xE0,
    0x70, 0x9F, 0xC1, 0xE0, 0xDF, 0xFF, 0xFF, 0xE7, 0x19, 0x14, 0xFE, 0x33, 0x6E, 0x88, 0x67, 0x78,
    0x70, 0x5F, 0xB4, 0xE9, 0x3F, 0x07, 0xC3, 0x0F, 0xF6, 0x8F, 0x7C, 0x0C, 0xDF, 0xF4, 0x19, 0x18,
    0x7E, 0xF2, 0x32, 0x7C, 0xE4, 0xFD, 0xC2, 0xC9, 0xF0, 0x9B, 0x8B, 0x81, 0xE1, 0x29, 0x1F, 0xC3,
    0x05, 0xF9, 0x6F, 0x6C, 0x0C, 0x7F, 0x39, 0xC0, 0x06, 0x2D, 0xB0, 0xFF, 0xC1, 0xCA, 0xF0, 0x97,
    0x1D, 0xCC, 0x6E, 0xF0, 0x47, 0x66, 0x23, 0xAB, 0x81, 0xEA, 0xFD, 0x0A, 0xD2, 0xFB, 0x01, 0x6E,
    0xE6, 0x27, 0x5E, 0x64, 0xBB, 0xE0, 0x6E, 0x10, 0xF8, 0xCF, 0x88, 0xEC, 0x36, 0x86, 0x87, 0x50,
    0x37, 0xFF, 0xE2, 0x61, 0x60, 0x30, 0x80, 0xF8, 0xE5, 0xD0, 0x7D, 0x46, 0xB0, 0x1F, 0x2D, 0x19,
    0x04, 0x96, 0x80, 0xFD, 0x88, 0xE2, 0x77, 0x50, 0x98, 0xBC, 0x07, 0x87, 0x09, 0x00, 0x84, 0xB9,
    0x60, 0x1C, 0x78, 0x9C, 0x63, 0x58, 0xFC, 0x77, 0x1D, 0x13, 0x43, 0xC3, 0xFF, 0xFF, 0xFF, 0xED,
    0x19, 0x3E, 0xDF, 0x77, 0xFB, 0x7E, 0x9E, 0x61, 0xB1, 0x35, 0x90, 0xCB, 0xC8, 0xC0, 0xC0, 0x90,
    0xF0, 0x9F, 0x99, 0x61, 0xDB, 0xBF, 0xFF, 0xFF, 0x99, 0x37, 0xFC, 0xBF, 0xFF, 0xF6, 0x3F, 0xF3,
    0xD7, 0xFD, 0x8C, 0x40, 0x91, 0x9F, 0xF2, 0x0C, 0x10, 0xB2, 0xE1, 0x3F, 0xF3, 0xB7, 0xFD, 0x2E,
    0xBF, 0xFE, 0x33, 0x5F, 0xF8, 0xFF, 0xFF, 0xFD, 0x7F, 0x56, 0x81, 0x57, 0xF7, 0xD5, 0xCF, 0xB0,
    0x01, 0x00, 0x36, 0xA9, 0x29, 0x90, 0x78, 0x9C, 0x63, 0x60, 0x78, 0x18, 0xCF, 0xF0, 0x8B, 0x8B,
    0x81, 0xE1, 0x37, 0x77, 0xC2, 0x7B, 0x46, 0x86, 0x82, 0xFF, 0x8C, 0x9F, 0xF2, 0x19, 0x18, 0x3E,
    0xD7, 0x33, 0xFC, 0xE5, 0x66, 0x10, 0xF8, 0xC7, 0xB3, 0xE0, 0x3F, 0x13, 0xC3, 0x86, 0xFF, 0x4C,
    0xDF, 0xEA, 0x19, 0x18, 0xBE, 0xAC, 0x67, 0xF8, 0xCF, 0xCF, 0x00, 0xE3, 0x41, 0xE5, 0x18, 0x3E,
    0xE7, 0x83, 0x54, 0x82, 0xF4, 0x01, 0x59, 0x30, 0x53, 0x20, 0x66, 0x02, 0x00, 0x31, 0xA7, 0x22,
    0x2F, 0x78, 0x9C, 0xFB, 0xFF, 0x1F, 0x04, 0xEA, 0xFF, 0x43, 0xA8, 0x99, 0x20, 0xF0, 0xB7, 0x9E,
    0x01, 0x04, 0x7E, 0x62, 0xA7, 0x00, 0xFF, 0x96, 0x17, 0x4C, 0x78, 0x9C, 0xFB, 0xF6, 0xFF, 0xFF,
    0x7F, 0xF6, 0x6F, 0x20, 0xA2, 0xA8, 0xBC, 0xBC, 0x9C, 0x19, 0x00, 0x5D, 0xB9, 0x09, 0xCF, 0x78,
    0x9C, 0x63, 0x60, 0x60, 0x10, 0xD8, 0xFE, 0xEF, 0x7E, 0x16, 0x03, 0x18, 0x08, 0xFC, 0xFC, 0x0F,
    0x04, 0x75, 0x60, 0xF6, 0xE3, 0xFF, 0x9E, 0x0C, 0x02, 0x4B, 0xFF, 0xCB, 0x00, 0x99, 0x0E, 0xFF,
    0xA5, 0x40, 0x22, 0x97, 0xEF, 0x33, 0x32, 0x30, 0x3C, 0xAA, 0x87, 0x28, 0xFD, 0xCD, 0x03, 0xC4,
    0x1C, 0x07, 0xFE, 0xFF, 0x3F, 0x2F, 0xC1, 0x70, 0xA0, 0x9F, 0xC1, 0xE1, 0x3E, 0x03, 0x90, 0xFD,
    0xFF, 0x3E, 0xA3, 0xC2, 0x7F, 0xC6, 0x0D, 0xFE, 0x20, 0x91, 0xC0, 0x7F, 0x9C, 0x0C, 0x3F, 0xD8,
    0x3F, 0xF2, 0x81, 0xD8, 0x0C, 0xDF, 0x79, 0x19, 0x3E, 0xF2, 0x7E, 0xE1, 0x84, 0xB1, 0x2F, 0xF0,
    0x7F, 0x67, 0x03, 0xAB, 0xF9, 0xCF, 0xCE, 0xB0, 0xC0, 0xFE, 0x07, 0x2B, 0x58, 0x2F, 0x50, 0xAA,
    0xC1, 0x1F, 0xC1, 0x9E, 0xE0, 0x0F, 0x56, 0x23, 0x98, 0xF8, 0x9F, 0x15, 0xA8, 0x06, 0xAA, 0xF7,
    0x17, 0x37, 0x50, 0x2F, 0xCC, 0x4C, 0x1E, 0x86, 0x4F, 0x3C, 0x10, 0xBB, 0x40, 0x66, 0xFE, 0x60,
    0x07, 0xB9, 0x01, 0xCC, 0x06, 0xBA, 0x01, 0xE4, 0x36, 0x20, 0xFB, 0x2B, 0xFF, 0x85, 0x7A, 0x54,
    0x37, 0x1B, 0x40, 0xFC, 0x72, 0x09, 0xE4, 0x17, 0xA0, 0x1F, 0x2D, 0x19, 0x04, 0x96, 0x80, 0xFD,
    0x88, 0xE2, 0x77, 0x44, 0x98, 0x00, 0x00, 0xB4, 0x1C, 0x69, 0x40, 0x78, 0x9C, 0xFB, 0xFD, 0x1F,
    0x08, 0xE4, 0x7F, 0x83, 0x49, 0x67, 0x17, 0x20, 0x60, 0x01, 0x00, 0x88, 0xD2, 0x0B, 0x84, 0x78,
    0x9C, 0x13, 0x78, 0x79, 0x9E, 0x99, 0xE1, 0xE2, 0xFF, 0xFF, 0xFE, 0x0C, 0x3F, 0x6C, 0x1B, 0xDF,
    0x33, 0xFC, 0x65, 0x06, 0x22, 0x30, 0xF1, 0x53, 0xA7, 0xE0, 0x3D, 0xC3, 0xC3, 0xFF, 0xFF, 0xF3,
    0x19, 0x14, 0x7E, 0xDD, 0x67, 0x65, 0x00, 0x03, 0x00, 0xF4, 0x7C, 0x13, 0x5F, 0x78, 0x9C, 0x63,
    0x60, 0x60, 0x58, 0xE4, 0xC5, 0x00, 0x06, 0x9F, 0xEB, 0x49, 0xA0, 0xBF, 0xFF, 0x07, 0x83, 0x78,
    0x18, 0x5D, 0x5C, 0x5E, 0xFE, 0x73, 0x7F, 0x79, 0xB9, 0x3A, 0xA9, 0xE6, 0x00, 0x81, 0xA3, 0x0A,
    0x03, 0x02, 0x24, 0x94, 0x83, 0x01, 0xCB, 0x05, 0x88, 0xB9, 0x5C, 0x30, 0x1A, 0x00, 0xB5, 0xC1,
    0x36, 0x4E, 0x78, 0x9C, 0x63, 0xB8, 0xFE, 0x3F, 0x87, 0xE1, 0xC0, 0xFF, 0xFF, 0xFF, 0xB9, 0x7E,
    0xD4, 0x2B, 0xFD, 0xB6, 0xFF, 0xCB, 0xCD, 0xF0, 0xA9, 0xDE, 0x98, 0x89, 0xE1, 0x73, 0x3E, 0x03,
    0x03, 0xC3, 0x1F, 0x79, 0x06, 0x86, 0x05, 0xFF, 0xD9, 0x18, 0x18, 0x7E, 0xF5, 0x33, 0x30, 0x6C,
    0xF8, 0xCF, 0xCE, 0xC0, 0xF0, 0x3B, 0x9E, 0x81, 0xE1, 0xC0, 0x7B, 0x11, 0x41, 0xC1, 0x9F, 0x40,
    0x1D, 0xFF, 0x7F, 0x81, 0x08, 0x00, 0xD7, 0x09, 0x20, 0x16, 0x78, 0x9C, 0x13, 0xB8, 0xF1, 0xBE,
    0x86, 0xE1, 0xD1, 0xFF, 0xFF, 0xFF, 0x79, 0x7F, 0xE5, 0x2B, 0xFE, 0xCC, 0x6F, 0x63, 0x63, 0xF8,
    0x58, 0xCF, 0xC0, 0x20, 0xF0, 0x53, 0x9F, 0x61, 0xC3, 0xFF, 0xFB, 0xCC, 0x0C, 0x0B, 0xFE, 0xFD,
    0xE7, 0x60, 0x60, 0x60, 0xF8, 0x1E, 0x0F, 0x24, 0x1E, 0xAC, 0xDF, 0xCD, 0xCE, 0xF0, 0x60, 0xFF,
    0x1F, 0x90, 0xBA, 0xCF, 0x40, 0x1D, 0x3C, 0x02, 0x37, 0xFF, 0xE7, 0x30, 0x00, 0x00, 0x1E, 0x33,
    0x20, 0x26, 0x78, 0x9C, 0x63, 0x70, 0xF8, 0xEF, 0xCF, 0xF0, 0xE0, 0x3F, 0x1B, 0xC3, 0xAF, 0x7E,
    0x86, 0x80, 0xFF, 0x5C, 0x0C, 0x0D, 0x67, 0x19, 0x18, 0x00, 0x55, 0xD1, 0x07, 0xA3, 0x78, 0x9C,
    0xFB, 0x51, 0xCF, 0xC0, 0xC0, 0x70, 0xE0, 0x3F, 0xF3, 0x0F, 0x6A, 0xD3, 0xFD, 0x50, 0x7A, 0x3D,
    0x94, 0x7E, 0x0F, 0xA4, 0x3F, 0x02, 0xE9, 0xFF, 0xEC, 0x0C, 0x02, 0xBF, 0x41, 0xF4, 0xFE, 0xF2,
    0x9F, 0xFF, 0x41, 0x34, 0x10, 0xCC, 0x06, 0xE9, 0x3B, 0xFE, 0xBF, 0x36, 0x60, 0x15, 0x13, 0x58,
    0x3F, 0x10, 0x90, 0x4A, 0x03, 0x00, 0x39, 0x36, 0x4D, 0xBA, 0x78, 0x9C, 0x63, 0x60, 0x58, 0xFA,
    0xF7, 0xFF, 0x7F, 0x36, 0x86, 0x4B, 0xFF, 0x81, 0x80, 0x4D, 0xE1, 0x3F, 0x98, 0xBA, 0x00, 0xA1,
    0xBE, 0x42, 0xA8, 0x5F, 0x10, 0xEA, 0x2F, 0x84, 0xFA, 0x87, 0xC2, 0xFB, 0x0D, 0xA1, 0xBE, 0x43,
    0xA8, 0x8F, 0x10, 0xAA, 0x00, 0x42, 0x31, 0xFC, 0x80, 0x50, 0x0E, 0x7F, 0xC0, 0x14, 0x83, 0x40,
    0xCA, 0x31, 0x10, 0xC5, 0xC0, 0x30, 0x81, 0x0C, 0x0A, 0x00, 0xDB, 0x9A, 0x60, 0xD0, 0x78, 0x9C,
    0xBB, 0x54, 0xCF, 0xF0, 0xF3, 0x3F, 0xC3, 0xF7, 0xF7, 0x0C, 0x09, 0x1A, 0x0C, 0x00, 0x2B, 0xF7,
    0x05, 0xB8, 0x78, 0x9C, 0x5B, 0xD0, 0xCF, 0xF0, 0xE0, 0xBF, 0xB4, 0xC1, 0xF3, 0xF9, 0x0C, 0x0D,
    0xF7, 0x19, 0x0E, 0xEC, 0x3F, 0xF8, 0xDF, 0xFE, 0xC3, 0x5C, 0x26, 0x00, 0x7A, 0x3D, 0x0B, 0x4C,
    0x78, 0x9C, 0x63, 0x60, 0x98, 0xCC, 0xA7, 0xF0, 0xE2, 0x3F, 0xFF, 0x87, 0xFF, 0xFF, 0xF9, 0x1F,
    0x64, 0xFD, 0xE2, 0x67, 0x60, 0xF8, 0x41, 0x10, 0x03, 0x00, 0x01, 0x69, 0x11, 0x47, 0x78, 0x9C,
    0x63, 0x30, 0x78, 0xF5, 0xDE, 0x8A, 0x81, 0xE1, 0xEB, 0xFF, 0xFF, 0xFF, 0x59, 0x15, 0xFE, 0xD7,
    0x97, 0xFC, 0xD7, 0x5F, 0xF0, 0x9F, 0x99, 0xE1, 0xCB, 0xFC, 0x07, 0xE7, 0x19, 0x18, 0x2E, 0xDC,
    0xFF, 0xB0, 0x9E, 0x81, 0x61, 0xC1, 0xFF, 0x0F, 0xF3, 0xC1, 0x24, 0x98, 0x0D, 0x11, 0x87, 0xA8,
    0x81, 0xA8, 0x87, 0xE8, 0x65, 0x00, 0x9B, 0x03, 0x00, 0x71, 0xB2, 0x29, 0xC5, 0x78, 0x9C, 0xFB,
    0xE8, 0xCF, 0xF0, 0x8D, 0x97, 0x81, 0x21, 0xE1, 0x3D, 0xE3, 0x81, 0xF5, 0x0C, 0x0C, 0x0C, 0x7F,
    0x78, 0x14, 0xFE, 0xB3, 0x31, 0x30, 0x7C, 0xEA, 0x67, 0xF8, 0x61, 0xCF, 0xC0, 0x50, 0xF0, 0x9F,
    0xE5, 0xC2, 0x7D, 0xA0, 0xE8, 0x5F, 0x39, 0x83, 0xFF, 0x5C, 0x0C, 0x0C, 0x5F, 0xE7, 0x33, 0xFC,
    0xB6, 0x87, 0xF1, 0xA0, 0x72, 0x40, 0x95, 0xDF, 0xED, 0x61, 0xFA, 0xA0, 0xA6, 0x7C, 0x84, 0x98,
    0x09, 0x00, 0x10, 0xA7, 0x21, 0x88, 0x78, 0x9C, 0x63, 0x10, 0x38, 0xCE, 0xCA, 0x00, 0x01, 0x89,
    0xBF, 0xFF, 0xB3, 0x41, 0x99, 0xBF, 0xFE, 0xC3, 0x99, 0x27, 0x23, 0xC0, 0xCC, 0x04, 0x29, 0x20,
    0xA1, 0x00, 0x66, 0x3E, 0xF4, 0x87, 0x33, 0x7F, 0x71, 0xC1, 0x98, 0x0E, 0xEF, 0x19, 0x61, 0xCC,
    0x07, 0xF9, 0x0C, 0x30, 0xE6, 0x4F, 0x6E, 0x18, 0xD3, 0xE0, 0x3F, 0x13, 0x8C, 0x79, 0xA1, 0x9E,
    0x01, 0xC6, 0xFC, 0xC1, 0xCB, 0xB0, 0xE1, 0x3F, 0x0B, 0x88, 0xA9, 0xF0, 0x9F, 0x99, 0xE1, 0x3B,
    0x90, 0x09, 0x04, 0x07, 0xFA, 0x81, 0x02, 0x10, 0xE6, 0x37, 0x3E, 0x86, 0x0B, 0xF7, 0xC1, 0x4C,
    0x01, 0x20, 0xF9, 0x33, 0x16, 0xCC, 0xDC, 0xB0, 0x9E, 0xC1, 0xE1, 0xBF, 0x13, 0x98, 0xF9, 0x55,
    0x0E, 0xE8, 0x1A, 0x07, 0x10, 0x53, 0xE0, 0x1F, 0x2B, 0xC3, 0x6F, 0x0E, 0x30, 0x73, 0xC2, 0x7E,
    0x86, 0x80, 0xFF, 0x20, 0xC0, 0xC0, 0xF0, 0x59, 0x1F, 0xCE, 0x9C, 0xC8, 0xCE, 0xC0, 0x20, 0x28,
    0x18, 0xF8, 0x5F, 0x14, 0xEA, 0x2F, 0x06, 0x07, 0x88, 0x15, 0x50, 0x26, 0x00, 0xDB, 0x2D, 0x48,
    0x35, 0x78, 0x9C, 0x63, 0x10, 0xB8, 0xCE, 0xC2, 0x00, 0x05, 0x89, 0x7F, 0xFE, 0xC3, 0xD9, 0xBF,
    0xFF, 0x23, 0xD8, 0xBB, 0xD2, 0xC1, 0xEC, 0x43, 0xCC, 0x20, 0x8E, 0x01, 0x98, 0xFD, 0x87, 0x13,
    0xCE, 0x4E, 0x78, 0xCF, 0x00, 0x67, 0x3F, 0xF4, 0x47, 0xB0, 0x7F, 0x71, 0xC1, 0xD9, 0x0E, 0xEF,
    0x19, 0xE1, 0xEC, 0x07, 0xF9, 0x0C, 0x70, 0xF6, 0x4F, 0x1E, 0x38, 0xDB, 0xE0, 0x3F, 0x53, 0xE3,
    0xDF, 0xF3, 0xAC, 0x60, 0xF6, 0x85, 0x7A, 0x81, 0x7F, 0xFF, 0xFF, 0xF7, 0x83, 0xA5, 0xBE, 0xF3,
    0x2E, 0xF8, 0xAF, 0x76, 0xF8, 0x3F, 0x48, 0xBF, 0xC2, 0x7F, 0xE6, 0x0F, 0xF3, 0x19, 0x1C, 0xC0,
    0xF6, 0x1F, 0x98, 0xCF, 0x60, 0x20, 0xCC, 0x10, 0xF0, 0x1F, 0xE4, 0xA4, 0x6F, 0x7C, 0x20, 0x85,
    0x17, 0x40, 0xCE, 0x10, 0x80, 0x38, 0xFA, 0x0F, 0xC8, 0x19, 0x0B, 0xD6, 0x83, 0x98, 0x07, 0xFE,
    0xB3, 0x01, 0xC9, 0xAF, 0x72, 0x20, 0xC9, 0x3F, 0xF1, 0x20, 0x91, 0x7F, 0x20, 0x81, 0x8B, 0xEF,
    0xC1, 0x9E, 0x59, 0x06, 0x12, 0xFE, 0x6B, 0x2B, 0x28, 0x08, 0xF5, 0xE9, 0x86, 0xFF, 0x40, 0xC0,
    0x0B, 0x61, 0x1F, 0x00, 0xB3, 0x01, 0x9A, 0xA0, 0x48, 0xF8, 0x78, 0x9C, 0x35, 0xCD, 0x3D, 0x0E,
    0x82, 0x40, 0x10, 0x05, 0xE0, 0x87, 0x82, 0x14, 0x6A, 0x02, 0x89, 0x36, 0x16, 0x6A, 0x6F, 0xA1,
    0x8D, 0x3D, 0x47, 0xF0, 0x04, 0x7A, 0x04, 0x8E, 0xA0, 0x37, 0xD0, 0x1B, 0x60, 0xF4, 0x00, 0x1A,
    0xE9, 0x81, 0xC6, 0x1A, 0xBC, 0x01, 0x1E, 0xC0, 0x6C, 0x22, 0xFE, 0xC5, 0x44, 0xC6, 0x81, 0x5D,
    0xA6, 0x98, 0xFD, 0x76, 0x33, 0x6F, 0x07, 0xBB, 0x5F, 0x60, 0x40, 0xD6, 0x8C, 0x88, 0x0E, 0xCA,
    0xA9, 0xE8, 0xF8, 0x54, 0x53, 0xEF, 0x53, 0x38, 0xA4, 0xF3, 0xD9, 0x2B, 0xAF, 0x27, 0xC1, 0xED,
    0xBA, 0x28, 0x48, 0x34, 0xE2, 0xFE, 0x6D, 0x16, 0xBE, 0xD1, 0x1C, 0x3C, 0xA7, 0x95, 0x33, 0x1B,
    0xCE, 0x26, 0xAE, 0x8C, 0x5B, 0x64, 0xE2, 0xD3, 0x62, 0xDC, 0xDD, 0xC2, 0x93, 0xF2, 0xDB, 0x54,
    0x74, 0x7D, 0xAA, 0x47, 0xEB, 0x62, 0xC0, 0xE1, 0xBD, 0x1E, 0xDE, 0x6D, 0x64, 0x21, 0xB0, 0xCF,
    0x03, 0x63, 0x48, 0xBA, 0x95, 0x87, 0x32, 0x7D, 0xF4, 0xB0, 0x25, 0xE5, 0x67, 0x1F, 0x2F, 0x21,
    0x6D, 0xE5, 0x3C, 0x75, 0x96, 0xDE, 0x86, 0x88, 0xBC, 0x48, 0xFA, 0x31, 0xE0, 0x5D, 0xCA, 0xBF,
    0x86, 0x23, 0x34, 0xE9, 0x55, 0x8C, 0x84, 0xB7, 0xD0, 0x92, 0x9D, 0x8D, 0x91, 0x56, 0xDE, 0x98,
    0xB0, 0x6C, 0xFB, 0x12, 0x6B, 0xA8, 0x4A, 0x65, 0x2B, 0xFF, 0x01, 0x56, 0xB0, 0x58, 0x3F, 0x78,
    0x9C, 0x63, 0x60, 0x48, 0xB8, 0xCF, 0xC4, 0x00, 0x04, 0x17, 0xFE, 0x73, 0x80, 0xA8, 0x05, 0xFF,
    0x59, 0x41, 0x14, 0x83, 0x2B, 0x03, 0x26, 0x10, 0x30, 0x66, 0x04, 0x51, 0x0D, 0xFF, 0xD9, 0x40,
    0xD4, 0x06, 0x88, 0xCA, 0x8F, 0xFF, 0xC1, 0x82, 0xBF, 0xD6, 0x83, 0xC8, 0x09, 0xFF, 0xE5, 0x40,
    0xD4, 0x8F, 0xFF, 0xCC, 0x40, 0x32, 0xE0, 0xBF, 0x3F, 0x88, 0xF3, 0x00, 0xA2, 0xFC, 0xDB, 0x7E,
    0xB0, 0x19, 0xBF, 0xC1, 0x62, 0x0C, 0x7F, 0xE5, 0x21, 0x94, 0x3E, 0x90, 0x78, 0x65, 0xF7, 0x3B,
    0x1F, 0x48, 0xFD, 0xD3, 0xFF, 0xF6, 0x9E, 0x99, 0x61, 0xE3, 0x7F, 0x9E, 0x0B, 0xFF, 0xCF, 0xEF,
    0xFA, 0xFF, 0x9F, 0x59, 0xE1, 0xEF, 0xFF, 0xFF, 0x20, 0x13, 0x12, 0x5E, 0xFF, 0xEF, 0x61, 0x64,
    0x00, 0x00, 0xD2, 0x75, 0x2C, 0x86, 0x78, 0x9C, 0x63, 0x98, 0xF0, 0x9F, 0x97, 0x01, 0x0C, 0xFE,
    0xCC, 0x87, 0xD0, 0x17, 0xFF, 0xB3, 0x80, 0x69, 0x85, 0xFF, 0x72, 0x10, 0x81, 0x27, 0xDE, 0x0C,
    0x98, 0xE0, 0xCB, 0x7F, 0x30, 0xA8, 0x87, 0xD3, 0xEF, 0x3B, 0x40, 0xC0, 0xE3, 0xCB, 0x7D, 0xA8,
    0x3C, 0xA9, 0x34, 0xC4, 0x1C, 0x04, 0x0D, 0x31, 0x8F, 0x74, 0x73, 0xD0, 0x69, 0x88, 0x39, 0x11,
    0x50, 0x73, 0xD7, 0xC3, 0x68, 0x00, 0x88, 0x77, 0x5D, 0x06, 0x78, 0x9C, 0x63, 0x50, 0x50, 0x65,
    0x60, 0x08, 0x62, 0x64, 0x60, 0x78, 0xF0, 0x9F, 0x51, 0xE0, 0xBF, 0x1C, 0x03, 0xC3, 0xA7, 0xFF,
    0x2C, 0x06, 0xFF, 0xF5, 0x19, 0x18, 0x16, 0xEC, 0x67, 0x60, 0xF8, 0xCD, 0xC5, 0x80, 0x0E, 0xBE,
    0xFC, 0x07, 0x83, 0x7A, 0x38, 0xFD, 0xBE, 0x03, 0x04, 0x3C, 0xBE, 0xDC, 0x87, 0xCA, 0x93, 0x4A,
    0x43, 0xCC, 0x41, 0xD0, 0x10, 0xF3, 0x48, 0x37, 0x07, 0x9D, 0x86, 0x98, 0x13, 0x01, 0x35, 0x77,
    0x3D, 0x8C, 0x06, 0x00, 0xF1, 0x08, 0x5E, 0xEB, 0x78, 0x9C, 0xFB, 0xFA, 0x1F, 0x0A, 0xF8, 0x18,
    0x18, 0xBE, 0x22, 0xB1, 0x9B, 0x3A, 0x3A, 0x6E, 0xFC, 0xEF, 0xE9, 0xE8, 0xE8, 0x60, 0x67, 0x00,
    0x81, 0x05, 0xFF, 0x21, 0x34, 0xE5, 0xEC, 0xCA, 0xDB, 0xFF, 0xCF, 0x69, 0x40, 0xD9, 0x60, 0xC0,
    0x01, 0x65, 0xDF, 0xDB, 0xFD, 0xF7, 0xFF, 0x7E, 0x08, 0x5B, 0x8B, 0x81, 0x41, 0xE0, 0x27, 0x58,
    0x17, 0x44, 0x6F, 0x03, 0xC8, 0x45, 0x30, 0x73, 0xFE, 0xDB, 0x23, 0xD8, 0xBF, 0xF3, 0x11, 0xEC,
    0x5F, 0xF5, 0x48, 0x6C, 0x24, 0xF1, 0xBF, 0xFE, 0x70, 0xB6, 0xC3, 0x7F, 0x7E, 0x38, 0xFB, 0xD1,
    0x7F, 0x4E, 0x28, 0xDB, 0x60, 0xC7, 0xFF, 0xFB, 0x8C, 0x50, 0x76, 0xC3, 0xFF, 0xFF, 0xD2, 0x20,
    0x4D, 0x06, 0xA1, 0x4C, 0x0C, 0x0D, 0xF7, 0x3C, 0x19, 0x18, 0x00, 0x1E, 0xC8, 0x5B, 0x68, 0x78,
    0x9C, 0x63, 0x60, 0x60, 0x60, 0x38, 0xF0, 0x9F, 0x9B, 0x01, 0x04, 0xBE, 0xDF, 0x07, 0x53, 0x06,
    0xFF, 0xE5, 0xC0, 0xF4, 0x85, 0xFF, 0x4C, 0x60, 0x7A, 0xB3, 0x1F, 0x03, 0x26, 0xF8, 0xF4, 0x1F,
    0x0C, 0xFC, 0x11, 0x74, 0x07, 0x08, 0x68, 0x7C, 0xFA, 0x0F, 0x93, 0x1F, 0xDC, 0x34, 0x00, 0x8C,
    0xAF, 0x43, 0xBC, 0x78, 0x9C, 0x63, 0x60, 0x60, 0x98, 0xFC, 0xE7, 0x7D, 0x0F, 0x13, 0x03, 0x10,
    0x2C, 0xFC, 0x0F, 0x04, 0xF3, 0x81, 0x0C, 0x85, 0xBF, 0xFF, 0xD7, 0xAE, 0xFC, 0xFB, 0x9F, 0x9B,
    0x81, 0xE1, 0xC2, 0x7F, 0x3F, 0x06, 0x86, 0x80, 0x7F, 0x40, 0xC1, 0x1F, 0xEF, 0x41, 0x6A, 0xBE,
    0xFC, 0x67, 0x62, 0xF8, 0x9F, 0x0F, 0x52, 0xBC, 0xE1, 0x3F, 0x47, 0xC2, 0x7F, 0x3E, 0x10, 0x2B,
    0xE0, 0x3F, 0xCF, 0x82, 0xFF, 0x1C, 0x20, 0x96, 0xC0, 0x5D, 0xDE, 0x0B, 0xFF, 0x59, 0x19, 0x20,
    0xE0, 0xC3, 0x7F, 0x66, 0x38, 0x8B, 0x09, 0xCE, 0x02, 0x01, 0x7F, 0x34, 0x56, 0x67, 0x47, 0x47,
    0x87, 0x06, 0x90, 0xF5, 0x00, 0xAE, 0xEE, 0x02, 0x5C, 0xEF, 0x82, 0xFF, 0x6C, 0x60, 0x93, 0xCF,
    0x70, 0x27, 0x80, 0xDC, 0x03, 0xB6, 0x8D, 0xE1, 0xBF, 0x3D, 0x44, 0x8A, 0x83, 0xE1, 0xC7, 0x79,
    0x10, 0xEB, 0x33, 0x50, 0xE3, 0x85, 0xFF, 0x3A, 0x0C, 0x0C, 0x0E, 0xFF, 0xFA, 0x81, 0xAE, 0xFF,
    0xF7, 0x7F, 0xCE, 0x0A, 0xB0, 0xEB, 0x19, 0x36, 0x82, 0x2C, 0xE9, 0x07, 0x1B, 0x34, 0xE5, 0xEF,
    0xFB, 0x1E, 0x46, 0x06, 0x06, 0x00, 0xC3, 0x68, 0x55, 0xB8, 0x78, 0x9C, 0x25, 0x8F, 0xBF, 0x0E,
    0xC1, 0x60, 0x14, 0xC5, 0x4F, 0x51, 0x12, 0x12, 0xA9, 0xD5, 0x52, 0x46, 0x5B, 0x47, 0x5B, 0xBD,
    0x41, 0xBD, 0x81, 0xBE, 0x81, 0x17, 0x90, 0x68, 0x62, 0x32, 0xB1, 0x9A, 0x78, 0x01, 0xAF, 0xA0,
    0x6F, 0x20, 0xE6, 0x2E, 0x95, 0x30, 0x48, 0x0C, 0xC4, 0xE0, 0x4F, 0xD5, 0x77, 0x7C, 0xDF, 0xED,
    0x9D, 0x7E, 0xC9, 0x39, 0xF7, 0x9E, 0x73, 0x81, 0xF0, 0xCA, 0xAD, 0x0D, 0x60, 0xA8, 0x48, 0xDE,
    0x2A, 0xC0, 0x93, 0xF1, 0xEA, 0xCB, 0x11, 0x3C, 0xAE, 0x2D, 0xE0, 0xCD, 0xF2, 0x86, 0x75, 0xAD,
    0x2F, 0xD9, 0x38, 0x52, 0xCB, 0x70, 0xE8, 0xDE, 0x59, 0xD2, 0x00, 0xE5, 0x1F, 0x58, 0x35, 0xD0,
    0xB2, 0x22, 0xFA, 0x90, 0x71, 0x14, 0x7B, 0x05, 0x9D, 0xC8, 0x89, 0xD8, 0x9C, 0x0F, 0x99, 0xD6,
    0x0C, 0x75, 0x2E, 0x3A, 0xC2, 0x16, 0x75, 0xA6, 0xB8, 0x28, 0x7C, 0x83, 0xBC, 0x38, 0x62, 0x22,
    0x9A, 0x5D, 0xD9, 0x00, 0xFD, 0x6C, 0x2A, 0x90, 0x07, 0xAF, 0x58, 0xE0, 0x17, 0x3C, 0x24, 0xDD,
    0xA3, 0x1B, 0x71, 0xAC, 0xE1, 0xAC, 0x5B, 0x65, 0xDC, 0xCD, 0x13, 0xA6, 0x16, 0x42, 0x53, 0x9E,
    0x6D, 0xF3, 0x46, 0xA2, 0xF6, 0x7D, 0xE0, 0x0F, 0xF8, 0x58, 0x50, 0x1A, 0x78, 0x9C, 0xFB, 0xF0,
    0x9F, 0xE1, 0x03, 0x35, 0x10, 0x00, 0xB4, 0xF6, 0x2E, 0x69, 0x78, 0x9C, 0x73, 0x60, 0x65, 0x60,
    0x70, 0x61, 0xF8, 0x3E, 0x9F, 0xA1, 0xE1, 0x3F, 0xC7, 0xAF, 0xF3, 0x0C, 0x1B, 0xFE, 0x73, 0x3F,
    0x8E, 0x63, 0x70, 0x78, 0xC7, 0xC2, 0x80, 0x02, 0xFE, 0xF3, 0x0F, 0x26, 0x12, 0x00, 0x7D, 0x53,
    0x22, 0xED, 0x78, 0x9C, 0x63, 0x60, 0x00, 0x81, 0xEF, 0xEB, 0x19, 0x06, 0x98, 0x3E, 0x78, 0x06,
    0x44, 0xFF, 0x98, 0xFF, 0xE1, 0x3F, 0x23, 0x90, 0xFE, 0x5D, 0x7F, 0xE1, 0x3F, 0x3B, 0x03, 0x83,
    0xC2, 0x7F, 0xFB, 0x84, 0xFF, 0xFE, 0x0C, 0x0C, 0x97, 0xFE, 0xF3, 0x30, 0xFC, 0xF9, 0x3F, 0x67,
    0xC7, 0xFF, 0xFF, 0x4C, 0x0C, 0x1B, 0xFF, 0x03, 0x81, 0x1D, 0x50, 0xCD, 0x92, 0xBF, 0xEF, 0xB3,
    0x19, 0x18, 0x00, 0x24, 0x8D, 0x36, 0x89, 0x78, 0x9C, 0x65, 0xCF, 0xBB, 0x0D, 0xC2, 0x40, 0x10,
    0x04, 0xD0, 0x11, 0x3F, 0xF3, 0xC7, 0x25, 0xD0, 0x01, 0x34, 0x00, 0xA2, 0x04, 0x4A, 0x70, 0x0C,
    0x01, 0x94, 0x40, 0x78, 0xC2, 0x81, 0x45, 0x07, 0x94, 0x40, 0x4A, 0x04, 0xA2, 0x01, 0xD3, 0x01,
    0x29, 0x99, 0x11, 0x46, 0x42, 0x42, 0x82, 0xC1, 0x3E, 0xCB, 0x5E, 0xEE, 0x98, 0xE0, 0x82, 0xA7,
    0xD3, 0xEE, 0x2C, 0x00, 0x66, 0xA9, 0x22, 0xCF, 0x3F, 0x04, 0x4A, 0xA9, 0xAB, 0x80, 0xCB, 0x5E,
    0xF2, 0x1E, 0x05, 0xFA, 0xEC, 0xDA, 0xD0, 0x31, 0x61, 0x68, 0xC3, 0x84, 0x6D, 0x1B, 0x5A, 0x26,
    0x4C, 0xD9, 0xD4, 0x90, 0x24, 0x9A, 0xA5, 0xE0, 0x09, 0x90, 0x23, 0x0D, 0x0D, 0x0D, 0xBE, 0x52,
    0x7B, 0xB2, 0x0C, 0x2C, 0x59, 0x2F, 0x66, 0x9C, 0xD2, 0x4E, 0x2B, 0x3A, 0x05, 0xB8, 0x9F, 0x05,
    0xB0, 0x65, 0x4D, 0xB6, 0x3C, 0x0F, 0xC0, 0x8E, 0x15, 0x81, 0xF8, 0x02, 0x9C, 0x59, 0x12, 0xB8,
    0x47, 0xC0, 0x8D, 0x30, 0x7F, 0x3C, 0x42, 0x98, 0x33, 0x5E, 0x01, 0x8C, 0x2D, 0x1E, 0x07, 0xF8,
    0xED, 0xB1, 0x79, 0xEB, 0xE6, 0x09, 0xAC, 0xB3, 0xA6, 0x31, 0xF5, 0x88, 0xFC, 0x96, 0x31, 0xE2,
    0xD0, 0x11, 0x88, 0xE6, 0xC0, 0x17, 0xB1, 0x60, 0x84, 0xD7, 0x78, 0x9C, 0xFB, 0xF4, 0x9F, 0x01,
    0x04, 0x0A, 0xFE, 0x73, 0x31, 0x40, 0xC0, 0xA7, 0xC1, 0x2B, 0x80, 0x00, 0xEF, 0x7B, 0x98, 0x50,
    0x05, 0xFE, 0xFF, 0xEF, 0x07, 0x09, 0x74, 0x80, 0xC0, 0x89, 0xFF, 0xBD, 0x1D, 0x1D, 0x2B, 0xFE,
    0x01, 0x35, 0xA2, 0x98, 0x51, 0xF0, 0x3F, 0x1E, 0xCD, 0xD0, 0x1F, 0xF7, 0xD1, 0x04, 0x3E, 0xFE,
    0x67, 0x44, 0x15, 0x78, 0xF0, 0x9F, 0x19, 0x5D, 0x80, 0x09, 0x55, 0xE0, 0x13, 0xBA, 0x96, 0x5F,
    0xE7, 0x51, 0x0D, 0x9D, 0x88, 0x6C, 0xED, 0xBA, 0x55, 0xAB, 0x4E, 0xFF, 0xFF, 0xCF, 0x89, 0x10,
    0x40, 0x38, 0x1D, 0x21, 0xF0, 0xBE, 0x87, 0x91, 0x81, 0x01, 0x00, 0x8B, 0x6A, 0x8B, 0xF3, 0x78,
    0x9C, 0xFB, 0xFF, 0x1F, 0x0A, 0x98, 0x18, 0x18, 0xFE, 0x23, 0xB1, 0x3B, 0x3A, 0x3A, 0x7E, 0xDF,
    0x07, 0x12, 0x1D, 0x8C, 0x0C, 0x20, 0xF0, 0x6D, 0x3D, 0x03, 0x1C, 0x50, 0xC4, 0x3E, 0xBF, 0xE3,
    0xED, 0xFF, 0x73, 0x1A, 0x10, 0x36, 0xC4, 0x32, 0x4E, 0x08, 0xFB, 0xFD, 0xEA, 0x99, 0xAF, 0xFE,
    0xCF, 0x07, 0xB3, 0xF7, 0x83, 0xEC, 0xFC, 0xFE, 0x9F, 0x19, 0xAE, 0x77, 0xC1, 0x7F, 0x2E, 0x38,
    0xDB, 0xE1, 0x3F, 0x2F, 0x9C, 0x2D, 0xF0, 0x9F, 0x9F, 0xD6, 0x6C, 0x00, 0xB5, 0xE3, 0x57, 0x35,
    0x78, 0x9C, 0x63, 0x60, 0x60, 0x60, 0xF8, 0xF4, 0x9F, 0x8D, 0x01, 0x02, 0xFE, 0xF4, 0x43, 0x19,
    0x0D, 0xFF, 0xB9, 0xA0, 0xAC, 0xCF, 0xE7, 0xA1, 0x0C, 0x86, 0xE3, 0xB2, 0x0C, 0xB8, 0xC0, 0x97,
    0xFB, 0x20, 0xD2, 0xE0, 0x7F, 0x3F, 0x94, 0xF5, 0x08, 0xA8, 0x1D, 0xCC, 0x12, 0xF8, 0x7B, 0x1E,
    0x2A, 0x7B, 0xE0, 0xBF, 0x2C, 0x94, 0xF5, 0xFB, 0x3D, 0x13, 0x84, 0x35, 0xE1, 0xBF, 0x3D, 0x54,
    0xEF, 0xF7, 0xFF, 0xAC, 0x10, 0x56, 0xC0, 0xFF, 0x7A, 0xA8, 0x79, 0x9F, 0xFF, 0x73, 0x42, 0x58,
    0x0A, 0xFF, 0xF6, 0x43, 0xED, 0x78, 0xF8, 0x9F, 0x0F, 0xCA, 0xFA, 0xF3, 0x3F, 0x1F, 0xC2, 0xFA,
    0x0F, 0x04, 0xCC, 0x10, 0xD6, 0xFB, 0x43, 0xFF, 0x79, 0x21, 0x2C, 0x3B, 0x85, 0xFF, 0xEB, 0x21,
    0x2C, 0x66, 0x86, 0xAF, 0x60, 0xBF, 0x41, 0x6C, 0xD3, 0x87, 0xB9, 0xF4, 0xEF, 0x7D, 0x18, 0xEB,
    0x13, 0xC8, 0x16, 0x30, 0x2B, 0xE0, 0x7F, 0x3C, 0xCC, 0x1F, 0x3F, 0xFF, 0x33, 0x41, 0x59, 0x17,
    0x80, 0x46, 0x42, 0x58, 0x0A, 0xFF, 0xE7, 0x43, 0x59, 0x40, 0x23, 0x59, 0x01, 0x74, 0xC6, 0x63,
    0xA3, 0x78, 0x9C, 0x63, 0x60, 0x38, 0xF0, 0x9F, 0x9B, 0x01, 0x02, 0x04, 0xFE, 0xE6, 0x43, 0x59,
    0x0C, 0x9F, 0xFE, 0x33, 0x41, 0x59, 0x0E, 0xFF, 0x79, 0x60, 0x82, 0xCF, 0xAD, 0x19, 0x70, 0x80,
    0x4F, 0xFF, 0xC1, 0xD4, 0x81, 0xFF, 0x9C, 0x50, 0xD6, 0x37, 0x18, 0x4B, 0xE0, 0x3F, 0x8C, 0xB5,
    0x00, 0xCE, 0xFA, 0x02, 0x67, 0xFD, 0x7B, 0x0F, 0x65, 0x35, 0xFC, 0xEF, 0x85, 0xB2, 0x3E, 0xFD,
    0x2F, 0x81, 0xB2, 0xFE, 0xAC, 0x2F, 0x80, 0xB0, 0x12, 0xFE, 0xCB, 0x41, 0x59, 0x1F, 0xFF, 0xB3,
    0x41, 0x59, 0xBF, 0xCE, 0x33, 0x40, 0x58, 0x0E, 0xFF, 0xF5, 0xA1, 0xAC, 0x0B, 0xFF, 0x39, 0xA0,
    0xAC, 0x1F, 0xF7, 0x19, 0x20, 0x2C, 0x85, 0xFF, 0xFE, 0x50, 0xD6, 0x81, 0xFF, 0x5C, 0x50, 0xD6,
    0xB7, 0xF7, 0x8C, 0x50, 0xD6, 0x3F, 0x90, 0x77, 0xC1, 0x2C, 0xB0, 0x1F, 0x21, 0x2C, 0x26, 0x18,
    0xAB, 0x9F, 0x01, 0xC6, 0xE2, 0x85, 0xB3, 0x58, 0xA0, 0x2C, 0x00, 0x55, 0xD4, 0x77, 0xED, 0x78,
    0x9C, 0x4D, 0x8F, 0xCD, 0x0D, 0x82, 0x40, 0x14, 0x84, 0x07, 0x09, 0x11, 0x7F, 0x63, 0x07, 0xD0,
    0x81, 0x74, 0xA0, 0x1D, 0x68, 0x07, 0x36, 0x60, 0xA2, 0x1D, 0x68, 0x07, 0xDA, 0x81, 0x1C, 0x3D,
    0xA9, 0x07, 0xEF, 0x10, 0x1B, 0xB0, 0x04, 0xED, 0x40, 0x31, 0x60, 0x34, 0x28, 0xE3, 0x3E, 0x76,
    0x49, 0x7C, 0x87, 0xCD, 0x97, 0xCD, 0x7E, 0xF3, 0x66, 0x81, 0xCC, 0xC3, 0x90, 0x36, 0xD4, 0x24,
    0x7B, 0xEB, 0x74, 0x13, 0xC0, 0x9C, 0xE4, 0xA4, 0x24, 0x1C, 0x8B, 0x9D, 0x8D, 0xFF, 0x79, 0xE9,
    0x27, 0x77, 0xBA, 0x09, 0x1D, 0xA1, 0x27, 0x6B, 0x21, 0xDB, 0x42, 0x9F, 0x08, 0x3E, 0x47, 0x0A,
    0x02, 0x39, 0xF3, 0x48, 0xD1, 0x9A, 0x1D, 0x20, 0x65, 0x4D, 0x84, 0x3A, 0x10, 0xB3, 0x21, 0x82,
    0x05, 0x8C, 0xE9, 0x29, 0x61, 0x23, 0xDA, 0x77, 0xA1, 0xB4, 0x7E, 0x19, 0x75, 0xC3, 0x52, 0x47,
    0x5D, 0xE9, 0x5C, 0x75, 0xBC, 0xBA, 0xC8, 0xF4, 0xCA, 0x1E, 0x07, 0xF9, 0x4A, 0x97, 0x78, 0x9F,
    0x45, 0x97, 0x79, 0x90, 0x4D, 0x4D, 0x07, 0xD2, 0x34, 0x0D, 0x78, 0xA9, 0xDA, 0x16, 0x33, 0x03,
    0x3E, 0xBB, 0x86, 0x42, 0xBA, 0x86, 0x52, 0x29, 0x22, 0xDF, 0xDD, 0xD2, 0xE4, 0xC6, 0x64, 0xAB,
    0xA2, 0xA9, 0x86, 0x1F, 0xEC, 0xF1, 0x50, 0xB3, 0x78, 0x9C, 0xFB, 0xF4, 0x9F, 0x01, 0x04, 0x0A,
    0xFE, 0x73, 0x7E, 0x1A, 0x36, 0xAC, 0x0E, 0x10, 0x38, 0x01, 0x62, 0x41, 0x01, 0x12, 0x0B, 0xA4,
    0xE8, 0x77, 0x3E, 0x03, 0x14, 0x90, 0xC6, 0x02, 0x00, 0x16, 0x49, 0x68, 0x69, 0x78, 0x9C, 0x35,
    0x8F, 0xC1, 0x0D, 0x82, 0x40, 0x10, 0x45, 0xBF, 0xC6, 0x28, 0x31, 0x4A, 0x0B, 0xD8, 0x81, 0x96,
    0x40, 0x07, 0x96, 0xA0, 0x1D, 0x60, 0x07, 0x7A, 0xF4, 0x06, 0x25, 0x98, 0x78, 0xF1, 0x46, 0x0B,
    0x76, 0x80, 0x1D, 0x68, 0x07, 0x10, 0x44, 0x14, 0xA2, 0x7C, 0x67, 0x67, 0x97, 0x77, 0x98, 0x7D,
    0x9B, 0xCC, 0xCC, 0xFE, 0x05, 0x80, 0x2B, 0x47, 0x70, 0x94, 0x9C, 0xF6, 0xFA, 0x61, 0xD0, 0x6B,
    0xC7, 0xC8, 0x59, 0xC8, 0x26, 0x73, 0x7A, 0xE2, 0x99, 0x43, 0xAB, 0xC5, 0x3D, 0xA4, 0x67, 0xB5,
    0xDE, 0xA3, 0xF3, 0xAD, 0x7E, 0x03, 0x34, 0x6B, 0xB5, 0x05, 0x67, 0x78, 0xA6, 0xAA, 0x07, 0x8E,
    0x71, 0xE3, 0xC0, 0xE8, 0x43, 0x8E, 0x9D, 0x5C, 0x85, 0x2A, 0xB5, 0x4D, 0x42, 0xBB, 0x31, 0xA3,
    0x4B, 0xA3, 0x34, 0x8B, 0xEA, 0x58, 0xCA, 0x96, 0x4A, 0xAE, 0x61, 0x2D, 0x12, 0xB9, 0xCC, 0x8F,
    0xC2, 0xC5, 0x44, 0x7E, 0xC7, 0xBA, 0xDD, 0x44, 0xFE, 0xE9, 0x2C, 0xDA, 0x08, 0x2B, 0xCE, 0x55,
    0xAB, 0x0C, 0x09, 0x27, 0xB0, 0x6F, 0x0E, 0x0B, 0x97, 0x3A, 0xA1, 0xF7, 0xCA, 0xFA, 0x5F, 0xF9,
    0x7F, 0xDE, 0xBB, 0x4E, 0xE0, 0x78, 0x9C, 0xFB, 0xF6, 0x1F, 0x0C, 0xF8, 0x19, 0xBE, 0xC1, 0x19,
    0xF7, 0x3B, 0x40, 0x80, 0x83, 0xE1, 0xDB, 0x7E, 0x06, 0x08, 0x20, 0x93, 0x01, 0x32, 0xEE, 0x9C,
    0x25, 0x03, 0xCC, 0x64, 0x29, 0x88, 0xC9, 0xB7, 0xFE, 0x9F, 0x87, 0xAA, 0xF9, 0xFA, 0x9F, 0x03,
    0xC2, 0x48, 0xF8, 0xCF, 0x0F, 0xD5, 0xF5, 0xDF, 0x1E, 0xCA, 0xF8, 0x13, 0x0F, 0x63, 0xF8, 0xA3,
    0x49, 0x15, 0xFC, 0xE7, 0x83, 0x30, 0xBE, 0xFD, 0x67, 0x07, 0x1B, 0xF8, 0xEA, 0xFF, 0x7E, 0x98,
    0x15, 0x9C, 0x50, 0x4B, 0x35, 0x18, 0x18, 0x00, 0x6C, 0xAF, 0x5E, 0x32, 0x78, 0x9C, 0xFB, 0xF2,
    0xFF, 0xFF, 0xFF, 0xF7, 0x6B, 0x59, 0x19, 0x18, 0xBE, 0xFC, 0x07, 0x81, 0xF3, 0x4C, 0x0C, 0x5F,
    0xDE, 0x77, 0x74, 0xCC, 0xF8, 0xFB, 0x5F, 0x8E, 0xE1, 0xCB, 0x7D, 0x06, 0x06, 0x06, 0x83, 0x7F,
    0xFD, 0x10, 0x06, 0xC3, 0xB7, 0xFB, 0x50, 0xC6, 0xC7, 0xFF, 0xE8, 0x8C, 0x2F, 0x30, 0xA9, 0x3F,
    0xF5, 0x60, 0x86, 0xC0, 0xD5, 0xFF, 0xDC, 0x50, 0x03, 0xE7, 0xC3, 0x4C, 0xAE, 0x03, 0x32, 0xDE,
    0x97, 0x97, 0xB7, 0xFF, 0xFA, 0xCF, 0x03, 0x51, 0x2C, 0xF0, 0x7B, 0x3F, 0x54, 0xD7, 0x83, 0xFF,
    0xCC, 0x10, 0xC6, 0x84, 0xFF, 0x1C, 0x10, 0x46, 0xC1, 0x7F, 0x2E, 0x34, 0xC6, 0x02, 0x98, 0xD4,
    0xC7, 0xFF, 0x2C, 0x60, 0x86, 0xC2, 0xDF, 0xFB, 0x10, 0xA7, 0xFE, 0xFE, 0x6F, 0x0F, 0xB5, 0xE2,
    0x3D, 0x33, 0x84, 0xB1, 0x8E, 0x8D, 0x81, 0x01, 0x00, 0x7E, 0x1E, 0x6C, 0x71, 0x78, 0x9C, 0xFB,
    0xF4, 0x1F, 0x0C, 0xFC, 0x3F, 0xC1, 0xE9, 0x0E, 0x10, 0xD0, 0xF8, 0xF4, 0x9F, 0x01, 0x0C, 0x06,
    0x3B, 0x0D, 0x00, 0x99, 0x9B, 0x3B, 0xFD, 0x78, 0x9C, 0x63, 0x60, 0x60, 0xF8, 0xF2, 0x1F, 0x0C,
    0x78, 0x18, 0x18, 0x50, 0xD9, 0x5F, 0xDF, 0x77, 0x74, 0x74, 0xEC, 0x80, 0xB0, 0xBF, 0xED, 0x07,
    0x12, 0x01, 0x10, 0xF6, 0xF7, 0xF5, 0x08, 0xF6, 0x8F, 0xF9, 0x48, 0xEC, 0x7E, 0x04, 0xFB, 0x27,
    0x12, 0xFB, 0x57, 0x3D, 0x82, 0xFD, 0x3B, 0x1F, 0xC1, 0xFE, 0x13, 0x8F, 0x60, 0xFF, 0xF3, 0x47,
    0xB0, 0xFF, 0xEB, 0xC3, 0xD9, 0x0A, 0xFF, 0xF9, 0xE1, 0xEC, 0x80, 0xFF, 0xBC, 0x70, 0xF6, 0x84,
    0xFF, 0x5C, 0x70, 0xF6, 0x85, 0xFF, 0x6C, 0x70, 0xF6, 0xA7, 0xFF, 0x8C, 0x70, 0xF6, 0x0F, 0x90,
    0x93, 0xA1, 0xEC, 0x7F, 0xF1, 0x70, 0xF6, 0x04, 0xB0, 0x31, 0x60, 0x76, 0xE3, 0xCF, 0xFF, 0xDD,
    0x40, 0x2F, 0x76, 0xAC, 0xF8, 0xDF, 0x57, 0xF1, 0xF9, 0x3F, 0x1C, 0xDC, 0xFF, 0x84, 0xCC, 0x7E,
    0xCF, 0x00, 0x05, 0x5F, 0x28, 0x60, 0x7F, 0xBE, 0x0F, 0x00, 0x7A, 0xA2, 0x7C, 0x85, 0x78, 0x9C,
    0xFB, 0xF2, 0x1F, 0x0C, 0xEA, 0xBF, 0xC0, 0xE8, 0xF7, 0x1D, 0x20, 0xE0, 0xF1, 0xE5, 0x3E, 0x03,
    0x18, 0x90, 0x4C, 0x43, 0xCC, 0x41, 0xD0, 0x10, 0xF3, 0x48, 0x37, 0x07, 0x9D, 0x86, 0x98, 0x13,
    0x01, 0x35, 0x77, 0x3D, 0x8C, 0x06, 0x00, 0xCD, 0x04, 0x55, 0x8F, 0x78, 0x9C, 0x3D, 0xD0, 0xD1,
    0x0D, 0x01, 0x41, 0x10, 0x06, 0xE0, 0x41, 0x4E, 0x70, 0x88, 0x0A, 0x28, 0xC1, 0x95, 0xA0, 0x83,
    0x53, 0x82, 0x0E, 0x5C, 0x07, 0xAE, 0x03, 0x1A, 0xC0, 0x95, 0xE0, 0xD5, 0xD3, 0xE9, 0xC0, 0xB3,
    0xA7, 0xA3, 0x04, 0xC7, 0x49, 0x0E, 0xD9, 0xDF, 0xCC, 0xEC, 0xDA, 0x49, 0x76, 0x93, 0x2F, 0xF9,
    0x37, 0x3B, 0x33, 0x19, 0xC6, 0x44, 0xB4, 0x40, 0xC8, 0xF7, 0x09, 0xFD, 0x11, 0xD6, 0x9E, 0x2F,
    0xB4, 0xF8, 0x34, 0xFF, 0x34, 0x7B, 0x49, 0xF4, 0x1C, 0x53, 0x0C, 0x89, 0x22, 0xC4, 0x8E, 0x77,
    0x04, 0x1C, 0xA9, 0xCF, 0x8E, 0xEF, 0x9C, 0x45, 0x37, 0xB4, 0x95, 0x11, 0xA6, 0xC2, 0x39, 0x3F,
    0x11, 0x9E, 0xD0, 0x11, 0xD2, 0x77, 0xAD, 0xAC, 0x0A, 0x15, 0x95, 0x68, 0x08, 0x4D, 0x6C, 0x99,
    0xA2, 0xC7, 0x4C, 0xE4, 0x43, 0x2D, 0x03, 0xAD, 0x86, 0xD5, 0xC8, 0x8A, 0x3B, 0xD4, 0x3A, 0x60,
    0x77, 0xC4, 0xF6, 0x82, 0x81, 0x65, 0x85, 0x80, 0xDF, 0x46, 0x3A, 0x0B, 0x67, 0x4D, 0xAE, 0x1F,
    0xD5, 0x36, 0x9D, 0x61, 0xA2, 0xBC, 0xDA, 0x74, 0xE5, 0x9A, 0x9C, 0x61, 0xA5, 0x59, 0x3F, 0x82,
    0x4C, 0x9E, 0x49, 0xE7, 0xCA, 0x1B, 0xFA, 0x44, 0x4F, 0xE9, 0x5C, 0x39, 0x97, 0xB4, 0x29, 0xFC,
    0xAE, 0x3E, 0x68, 0x6E, 0x64, 0x19, 0x8E, 0x25, 0xC2, 0x07, 0xBA, 0x9E, 0x09, 0x96, 0x3F, 0xA7,
    0x53, 0x7D, 0x0B, 0x78, 0x9C, 0x63, 0x60, 0x28, 0x7A, 0xF3, 0x7F, 0x2D, 0x2B, 0x03, 0x03, 0xC3,
    0x84, 0xFF, 0x40, 0xF0, 0x9E, 0x85, 0x81, 0xE1, 0xF7, 0xFF, 0x75, 0x33, 0xFF, 0xFC, 0x8F, 0x07,
    0x0A, 0xE4, 0x33, 0x30, 0x28, 0xFC, 0x79, 0xCF, 0xF8, 0xE1, 0x3F, 0x1B, 0x50, 0xFE, 0xC1, 0x7F,
    0xF6, 0x2F, 0xEF, 0x81, 0x34, 0x43, 0xC1, 0x7F, 0xEE, 0xA6, 0x08, 0x10, 0xC3, 0xE1, 0x3F, 0x2F,
    0x03, 0x03, 0x84, 0xC1, 0x03, 0x61, 0x34, 0xFC, 0xE7, 0x84, 0x30, 0x3E, 0xFD, 0x67, 0x02, 0xD3,
    0x45, 0x20, 0x33, 0x18, 0x18, 0xFE, 0x01, 0x4D, 0x66, 0x85, 0x32, 0xD6, 0x33, 0x83, 0x18, 0xED,
    0x33, 0x5E, 0xFF, 0xAF, 0x87, 0xA8, 0x65, 0xF8, 0x06, 0x36, 0x1F, 0x08, 0x12, 0x60, 0x06, 0x32,
    0xFC, 0x97, 0xBF, 0x11, 0x0B, 0x66, 0xFC, 0xD3, 0xFF, 0xB9, 0x1E, 0x44, 0x0B, 0xFC, 0x97, 0xFF,
    0xF2, 0x9F, 0x19, 0x6C, 0x05, 0xEF, 0x81, 0xFF, 0x7E, 0x40, 0x81, 0x9F, 0xFF, 0xD9, 0x04, 0xFE,
    0xFD, 0x9F, 0x3B, 0xE3, 0xF7, 0xFF, 0xF9, 0x0C, 0x0C, 0x0B, 0x41, 0x8E, 0xFF, 0xCF, 0x0E, 0x94,
    0x6F, 0x06, 0x7A, 0x47, 0x8C, 0x81, 0x01, 0x00, 0xAA, 0xDD, 0x4D, 0x67, 0x78, 0x9C, 0xFB, 0xF4,
    0x9F, 0x01, 0x04, 0x0E, 0xFC, 0xE7, 0xFC, 0x04, 0x61, 0x7D, 0x83, 0xB1, 0x04, 0xFE, 0xC3, 0x58,
    0x0B, 0xE0, 0xAC, 0x2F, 0x70, 0xD6, 0xBF, 0xF7, 0x50, 0x56, 0xC3, 0xFF, 0x5E, 0x28, 0xEB, 0xD3,
    0xFF, 0x12, 0x28, 0xEB, 0xCF, 0xFA, 0x02, 0x08, 0x2B, 0xE1, 0xBF, 0x1C, 0x94, 0xF5, 0xF1, 0x3F,
    0x1B, 0x94, 0xF5, 0xEB, 0x3C, 0x03, 0x84, 0xE5, 0xF0, 0x5F, 0x1F, 0xCA, 0xBA, 0xF0, 0x9F, 0x03,
    0xCA, 0xFA, 0x71, 0x9F, 0x01, 0xC2, 0x52, 0xF8, 0xEF, 0x0F, 0x65, 0x1D, 0xF8, 0xCF, 0x05, 0x65,
    0x7D, 0x7B, 0xCF, 0x08, 0x65, 0xFD, 0xCB, 0x67, 0x80, 0xB2, 0xFE, 0xF3, 0xC0, 0x59, 0x4C, 0x30,
    0x56, 0x3F, 0x03, 0x8C, 0xC5, 0x0B, 0x67, 0xB1, 0x40, 0x59, 0x00, 0xB6, 0x04, 0x70, 0x47, 0x78,
    0x9C, 0x4D, 0xC6, 0xED, 0x0D, 0xC1, 0x50, 0x00, 0x85, 0xE1, 0xE3, 0xAB, 0x51, 0x21, 0x31, 0x81,
    0x74, 0x03, 0x2B, 0xD8, 0xC0, 0x0A, 0x36, 0x68, 0x7F, 0x18, 0xC0, 0x02, 0xD2, 0xD8, 0xC0, 0x06,
    0x6C, 0xA0, 0x1B, 0xD4, 0x06, 0x46, 0xB8, 0x34, 0xD2, 0x48, 0xA3, 0xF7, 0xA0, 0xF7, 0xDC, 0x1B,
    0xEF, 0x9F, 0xF7, 0x01, 0xEE, 0x39, 0xD0, 0xC6, 0xF8, 0x76, 0x36, 0x83, 0x8C, 0xA3, 0x9F, 0x12,
    0x4B, 0x5E, 0xD0, 0x75, 0x68, 0xCB, 0x08, 0xFF, 0x55, 0xEC, 0x56, 0x30, 0x96, 0x6A, 0xAF, 0x39,
    0xBD, 0x8E, 0x41, 0xCF, 0x20, 0x6B, 0xA4, 0x1D, 0xF7, 0x52, 0xC5, 0xAD, 0xF4, 0x3E, 0x65, 0x4E,
    0x1B, 0x2E, 0xA4, 0x07, 0x23, 0xA9, 0x29, 0xE1, 0xB4, 0xE2, 0x52, 0xBA, 0x72, 0x2C, 0xBD, 0x6E,
    0x70, 0x4A, 0xB8, 0x96, 0x0A, 0x4E, 0xA4, 0xDA, 0xF4, 0x24, 0x9B, 0x42, 0xE2, 0x34, 0xA8, 0xEF,
    0x95, 0xC3, 0x6B, 0x16, 0x34, 0x94, 0x3E, 0x3E, 0x78, 0x7C, 0x20, 0x78, 0x9C, 0x45, 0xCF, 0xC1,
    0x0D, 0x82, 0x50, 0x10, 0x04, 0xD0, 0x25, 0x41, 0x25, 0xC1, 0x03, 0x15, 0xD8, 0x0A, 0x74, 0x60,
    0x0B, 0x94, 0xF2, 0x3B, 0xF0, 0xEC, 0x49, 0x4B, 0xB0, 0x03, 0xE8, 0xC0, 0x12, 0x0C, 0x36, 0x40,
    0xF2, 0x25, 0x01, 0xA2, 0x32, 0xFA, 0x77, 0x16, 0xD8, 0xD3, 0x3B, 0x6C, 0x66, 0x77, 0x3C, 0x24,
    0xCC, 0xA7, 0x8D, 0xBC, 0xEA, 0x8A, 0x5C, 0xA8, 0x1E, 0x5B, 0xAA, 0xC0, 0x45, 0x28, 0x8F, 0x3D,
    0x95, 0x7D, 0xDB, 0x88, 0xBA, 0xFD, 0xF7, 0xA9, 0x11, 0x1B, 0xAA, 0xC4, 0x49, 0xA8, 0x17, 0x52,
    0x0A, 0x78, 0xC8, 0xAC, 0xBB, 0xE9, 0x3C, 0x22, 0xB1, 0x3D, 0x87, 0xA3, 0x49, 0xDE, 0x21, 0x58,
    0xD5, 0x84, 0x63, 0xAA, 0x42, 0x03, 0xF5, 0x83, 0x01, 0xB1, 0xA9, 0xC6, 0xC1, 0x94, 0x4D, 0x95,
    0x49, 0x3A, 0xEC, 0x4C, 0x6E, 0xE9, 0xB1, 0x76, 0x93, 0x27, 0xD2, 0x1F, 0x84, 0xCA, 0x5E, 0xF8,
    0x78, 0x9C, 0x63, 0x60, 0x60, 0xF8, 0x0F, 0x01, 0xEC, 0x0C, 0xC8, 0x4C, 0x81, 0xFF, 0xFD, 0x1D,
    0x1D, 0x1D, 0x37, 0x40, 0x4C, 0x85, 0xFF, 0x7C, 0x40, 0xA9, 0x05, 0x10, 0x26, 0x2F, 0x8C, 0x69,
    0x80, 0x60, 0x3A, 0xFC, 0xE7, 0x41, 0x30, 0xB9, 0x61, 0xCC, 0x00, 0x04, 0x33, 0xE1, 0x3F, 0x17,
    0x82, 0xC9, 0x09, 0x63, 0x16, 0x20, 0x98, 0x0D, 0xFF, 0x39, 0x60, 0xCC, 0x09, 0x60, 0x87, 0x80,
    0x99, 0x0B, 0xFE, 0xB3, 0xC2, 0x98, 0x07, 0xFE, 0xB3, 0xC0, 0x98, 0x0F, 0xFE, 0x33, 0xC1, 0x98,
    0x1F, 0xFF, 0x33, 0xC0, 0x98, 0x5F, 0xCF, 0xC3, 0x99, 0xBF, 0xEB, 0x61, 0xCC, 0x82, 0xFF, 0xFA,
    0x50, 0xE6, 0xA4, 0xBF, 0x60, 0xCB, 0x40, 0xCC, 0x2F, 0xFF, 0xC1, 0x4A, 0xC1, 0xCC, 0xF3, 0x6C,
    0x30, 0x26, 0x00, 0xC3, 0xEB, 0x57, 0xD3, 0x78, 0x9C, 0x3D, 0xCF, 0xC1, 0x0D, 0x82, 0x40, 0x10,
    0x05, 0xD0, 0x81, 0x83, 0x72, 0x50, 0x42, 0x09, 0x74, 0x60, 0x09, 0x96, 0x40, 0x09, 0x58, 0x82,
    0x25, 0x50, 0x02, 0x1D, 0x50, 0x02, 0x25, 0xAC, 0x37, 0x6F, 0x82, 0x15, 0x48, 0x07, 0x92, 0xB0,
    0x90, 0x28, 0x98, 0xEF, 0xCC, 0x6C, 0x76, 0xF7, 0xB4, 0x2F, 0x99, 0xFF, 0x33, 0x63, 0x91, 0x92,
    0xBE, 0x1C, 0x88, 0x2C, 0x0A, 0x87, 0x4A, 0x61, 0x1C, 0x06, 0x05, 0x22, 0x85, 0x75, 0xD8, 0x2B,
    0x56, 0x41, 0x8B, 0xA3, 0xFC, 0x33, 0x3C, 0x18, 0xCD, 0xAA, 0x0D, 0x57, 0xDC, 0x05, 0x73, 0x2B,
    0xE8, 0xF1, 0x94, 0xB1, 0x41, 0x1B, 0xAC, 0xE9, 0x05, 0x95, 0x36, 0x7C, 0x0B, 0x81, 0xC9, 0xA5,
    0x21, 0x43, 0x3A, 0x08, 0x68, 0x3B, 0x4B, 0x3E, 0x71, 0x98, 0x1B, 0xC9, 0xC7, 0x23, 0xA3, 0xE3,
    0x45, 0x88, 0x26, 0x43, 0x0E, 0x35, 0x76, 0xF4, 0x29, 0x15, 0x2F, 0x5E, 0xFE, 0x40, 0x7C, 0x88,
    0x03, 0x6D, 0xA7, 0x0B, 0x12, 0x8F, 0xA5, 0xB9, 0x21, 0xF6, 0x18, 0xDF, 0x9C, 0xF7, 0xA8, 0xF1,
    0x2B, 0x03, 0xF8, 0xFC, 0x34, 0x80, 0x36, 0xCE, 0x07, 0x2C, 0x9C, 0x0F, 0x18, 0x3B, 0x52, 0xFC,
    0x01, 0xEC, 0xFF, 0x93, 0x73, 0x78, 0x9C, 0xFB, 0x72, 0x9F, 0x01, 0x04, 0x02, 0xFE, 0xF3, 0x7C,
    0xA1, 0x1D, 0xEB, 0x3F, 0x14, 0x20, 0xB3, 0xDE, 0x77, 0x80, 0xC0, 0x0E, 0x9A, 0xDA, 0x8B, 0x85,
    0x05, 0x00, 0x86, 0x97, 0x5B, 0x05, 0x78, 0x9C, 0x63, 0x60, 0x60, 0x98, 0xFC, 0xF7, 0x7D, 0x0D,
    0x23, 0x03, 0x10, 0x2C, 0xFC, 0x0F, 0x04, 0xF5, 0x40, 0x86, 0xC0, 0xDF, 0xFF, 0xFB, 0x4E, 0xFD,
    0xFF, 0xCF, 0xC5, 0xC0, 0x70, 0xE0, 0x7F, 0x1C, 0x03, 0x43, 0xE3, 0xFF, 0x7E, 0x06, 0x86, 0xEF,
    0xEF, 0x99, 0x80, 0x32, 0x5F, 0xFF, 0x33, 0x33, 0xFC, 0x8F, 0x07, 0x29, 0x9E, 0xF0, 0x9F, 0x2B,
    0xE0, 0x3F, 0x2F, 0x88, 0x25, 0xF0, 0x5F, 0x7E, 0xC1, 0x7F, 0x76, 0x10, 0x8B, 0xE1, 0x4F, 0xFC,
    0x05, 0xA0, 0x02, 0x10, 0xF8, 0xD9, 0xFF, 0xE1, 0x3F, 0xD8, 0x50, 0x86, 0x6F, 0xEB, 0x3F, 0xFC,
    0x07, 0x33, 0x18, 0xBE, 0xEE, 0xFF, 0x08, 0x63, 0x9D, 0xC7, 0xC2, 0xDA, 0x8F, 0xD0, 0x01, 0x33,
    0xE5, 0x47, 0x3F, 0xC2, 0xE4, 0x04, 0xB8, 0x6D, 0x70, 0x17, 0x70, 0x43, 0x5D, 0xF5, 0x05, 0xA8,
    0x1C, 0xEC, 0xD2, 0x82, 0xFF, 0xF3, 0x21, 0xAE, 0xDF, 0xF5, 0x1F, 0x28, 0x09, 0xF5, 0x51, 0x3F,
    0xD8, 0x00, 0xA8, 0x2F, 0x01, 0xFE, 0xF7, 0x59, 0x1F, 0x78, 0x9C, 0xFB, 0xF4, 0x1F, 0x0A, 0xB8,
    0x3E, 0x21, 0xB1, 0x3A, 0x40, 0xE0, 0x04, 0x88, 0xC5, 0x00, 0x02, 0x05, 0xC3, 0x87, 0x05, 0x00,
    0x5F, 0xAF, 0x60, 0x05, 0x78, 0x9C, 0xFB, 0xF2, 0x1F, 0x08, 0xCE, 0x59, 0x32, 0x30, 0x7C, 0xF9,
    0x0F, 0x06, 0x5C, 0x0C, 0x5F, 0xDE, 0x77, 0x74, 0x74, 0xBC, 0xFA, 0x7F, 0x9E, 0xE1, 0xCB, 0x7D,
    0x06, 0x20, 0xF8, 0xF6, 0x9F, 0x13, 0xC2, 0x08, 0xF8, 0x2F, 0x0F, 0x61, 0x30, 0xFC, 0xCD, 0x87,
    0x32, 0x7E, 0xF6, 0x43, 0x19, 0x3F, 0xE6, 0x43, 0x19, 0xBF, 0xEA, 0xA1, 0x8C, 0x7F, 0xFE, 0x10,
    0xC6, 0x84, 0xFF, 0x7C, 0x60, 0x86, 0xE3, 0xEF, 0xFF, 0x6C, 0x50, 0x2B, 0xFA, 0xA1, 0x76, 0x9D,
    0x67, 0x81, 0xD8, 0x15, 0xCE, 0xC4, 0x00, 0xB5, 0x8B, 0x81, 0x7A, 0x0C, 0x00, 0x15, 0xE3, 0x54,
    0xA7, 0x78, 0x9C, 0x63, 0x60, 0x60, 0x98, 0xFC, 0xF7, 0x7D, 0x0F, 0x13, 0x03, 0x10, 0x6C, 0xFC,
    0x0F, 0x04, 0xFD, 0x40, 0x86, 0xC2, 0xBF, 0xFF, 0x6B, 0x57, 0xFE, 0xFB, 0xCF, 0xCD, 0xC0, 0x70,
    0xF1, 0xBF, 0x2D, 0x03, 0x43, 0x00, 0x48, 0xF0, 0xE7, 0x7D, 0x46, 0xA0, 0xCC, 0xD7, 0xFF, 0x8C,
    0x02, 0xFF, 0xED, 0x41, 0x8A, 0x0F, 0xFC, 0x67, 0x2F, 0xF8, 0xCF, 0x03, 0x62, 0x25, 0xFC, 0xE7,
    0xDE, 0xF0, 0x9F, 0x0D, 0xC4, 0x52, 0xB8, 0xCB, 0xF3, 0xE0, 0x3F, 0x33, 0x03, 0x04, 0x7C, 0xF8,
    0xCF, 0x08, 0x65, 0x7D, 0xFC, 0xCF, 0x80, 0x87, 0xF5, 0x01, 0x89, 0x05, 0xD3, 0x81, 0x30, 0x05,
    0x66, 0xF2, 0x19, 0xEE, 0x02, 0x90, 0x7B, 0xC0, 0xB6, 0x41, 0x5D, 0xB0, 0xE1, 0x3F, 0x3B, 0xD0,
    0x55, 0x20, 0xD6, 0x17, 0xA0, 0xC6, 0x07, 0xFF, 0x75, 0x40, 0x2E, 0xAD, 0x07, 0xBB, 0x7E, 0xCE,
    0x8A, 0x7F, 0xFF, 0xB9, 0x80, 0x12, 0x87, 0x60, 0x3E, 0x62, 0x60, 0x58, 0xF2, 0xF7, 0x7D, 0x35,
    0xD0, 0x78, 0x00, 0xE9, 0xD3, 0x4B, 0x92, 0x78, 0x9C, 0xFB, 0xFC, 0x1F, 0x0A, 0xF8, 0x3F, 0xC3,
    0x59, 0x8D, 0x1D, 0x1D, 0x1D, 0x7F, 0xF7, 0x03, 0x09, 0x0E, 0x06, 0x20, 0xF8, 0x9D, 0xCF, 0x00,
    0x05, 0xC3, 0x81, 0x05, 0x00, 0x11, 0xEB, 0x35, 0x1C, 0x78, 0x9C, 0x35, 0xCE, 0xDD, 0x0D, 0x82,
    0x40, 0x10, 0x04, 0xE0, 0x11, 0x43, 0xC4, 0xDF, 0xD8, 0x81, 0x74, 0x20, 0x1D, 0x58, 0x82, 0x16,
    0x62, 0xA2, 0x1D, 0x68, 0x07, 0xDA, 0x81, 0x3C, 0xFA, 0x48, 0x07, 0xD0, 0x81, 0x25, 0x48, 0x07,
    0xA8, 0x41, 0x82, 0x41, 0x1D, 0x77, 0xD9, 0x73, 0x1E, 0x2E, 0x5F, 0x2E, 0x99, 0xB9, 0xAB, 0x0B,
    0x68, 0x6E, 0x0C, 0xEE, 0xF4, 0x55, 0x15, 0xBD, 0x98, 0x23, 0xD5, 0x3B, 0x45, 0xC8, 0xA5, 0x20,
    0xD2, 0xB3, 0x49, 0x45, 0x47, 0x8E, 0x81, 0x92, 0x9E, 0x16, 0x7A, 0x40, 0xC6, 0xBE, 0x16, 0x3A,
    0xC0, 0x8A, 0x33, 0x29, 0x9C, 0xB4, 0xF6, 0xD9, 0x49, 0x6D, 0xDE, 0x4E, 0x15, 0xD8, 0xDB, 0x54,
    0x4E, 0x3F, 0xB7, 0x79, 0xB9, 0x78, 0xDA, 0x93, 0x53, 0x2E, 0x9A, 0x43, 0x2B, 0xBC, 0x2E, 0x5A,
    0xD7, 0x3C, 0xC8, 0x81, 0x29, 0x21, 0xBB, 0xA6, 0x88, 0x57, 0xB8, 0x7C, 0x37, 0x0E, 0x21, 0x27,
    0x4E, 0x31, 0x03, 0xA7, 0x52, 0x3F, 0x22, 0xD9, 0x9E, 0xE9, 0x76, 0x33, 0x72, 0xF8, 0xD7, 0xDA,
    0xF0, 0x03, 0x66, 0xC2, 0x44, 0xDC, 0x78, 0x9C, 0x63, 0x60, 0x00, 0x82, 0xDF, 0xF1, 0x0C, 0x70,
    0x80, 0x95, 0x2D, 0xB0, 0xED, 0xDF, 0xFF, 0xFF, 0xF7, 0x3D, 0xC1, 0xEC, 0x6F, 0xFF, 0xC1, 0x40,
    0x07, 0xC8, 0x5C, 0xF0, 0xFF, 0x7C, 0xE5, 0xDF, 0xF9, 0x2B, 0xFE, 0xFD, 0x67, 0x65, 0x60, 0xF8,
    0x79, 0x9F, 0x19, 0xA4, 0xBE, 0xE0, 0xBF, 0x3D, 0x43, 0xC0, 0x7F, 0x59, 0x88, 0xDE, 0xAF, 0xEF,
    0x19, 0x2E, 0xFC, 0x67, 0x86, 0xB0, 0x17, 0xFC, 0x67, 0xFF, 0x7C, 0x1E, 0x6A, 0xA6, 0xC1, 0x7F,
    0xDE, 0xEF, 0xFD, 0x30, 0xF3, 0xFF, 0xC9, 0xFF, 0x8C, 0x87, 0xB1, 0xFF, 0xD8, 0xFF, 0x82, 0xB3,
    0x7F, 0xFB, 0x23, 0x8B, 0x23, 0xAB, 0x47, 0x36, 0x07, 0xD9, 0x7C, 0x84, 0xBD, 0xF7, 0x51, 0xDC,
    0x03, 0x94, 0xBB, 0x5F, 0xF9, 0x77, 0x3D, 0xC4, 0x9D, 0x30, 0xF7, 0xEB, 0x82, 0xFD, 0xB5, 0x1D,
    0xE4, 0x2F, 0x2F, 0xBC, 0x7E, 0x47, 0xB0, 0x01, 0x2F, 0x88, 0x67, 0xD5, 0x78, 0x9C, 0x2D, 0x8F,
    0xED, 0x0D, 0x82, 0x30, 0x14, 0x45, 0xAF, 0xA2, 0x31, 0x86, 0x90, 0x30, 0x81, 0x61, 0x03, 0xDD,
    0x00, 0x47, 0x60, 0x03, 0x56, 0x60, 0x03, 0x47, 0x90, 0x0D, 0x74, 0x03, 0xDD, 0x00, 0x46, 0x70,
    0x03, 0x64, 0x02, 0x13, 0x22, 0x7E, 0xC4, 0xD0, 0xEB, 0x7B, 0x7D, 0xED, 0x8F, 0xE6, 0x34, 0xBD,
    0xAF, 0xF7, 0xB4, 0xE6, 0x06, 0xB2, 0xF6, 0x2C, 0x53, 0x77, 0x51, 0xBA, 0x33, 0xC6, 0xC8, 0x85,
    0xD0, 0x87, 0x73, 0x5C, 0x99, 0x00, 0x19, 0x0F, 0x61, 0xF3, 0x47, 0xBC, 0xE5, 0x62, 0x64, 0x24,
    0x74, 0x63, 0x9C, 0xBA, 0x93, 0x8E, 0xED, 0x58, 0xD6, 0xF6, 0x14, 0xBE, 0x8F, 0x27, 0x97, 0x9E,
    0x7A, 0xB2, 0xF1, 0x80, 0x82, 0xDC, 0x1A, 0xE1, 0xC7, 0x55, 0xA0, 0x89, 0x6B, 0x83, 0x8A, 0xCC,
    0x8D, 0x06, 0xBA, 0x2E, 0xC4, 0xBA, 0xC1, 0x82, 0x05, 0xF3, 0xCA, 0x86, 0x7B, 0xC9, 0x4F, 0x8D,
    0x55, 0xCC, 0xE0, 0x4B, 0xC4, 0x1B, 0x38, 0x6B, 0xB1, 0xA8, 0x00, 0x5E, 0x46, 0xBD, 0x81, 0x17,
    0xA3, 0x8C, 0x47, 0x0D, 0xB7, 0x4C, 0x5A, 0xEF, 0xAD, 0x7F, 0xF8, 0x03, 0x16, 0x0B, 0x51, 0x00,
    0x78, 0x9C, 0xFB, 0xFC, 0x9F, 0x01, 0x04, 0x1A, 0xFE, 0x73, 0x32, 0x7C, 0x1E, 0xD6, 0xCC, 0x0E,
    0x10, 0x38, 0xF1, 0x7F, 0x2E, 0xE7, 0xE7, 0xFF, 0x30, 0xC0, 0x8F, 0xC4, 0x64, 0x80, 0x01, 0x64,
    0x26, 0x1F, 0x56, 0x26, 0x2F, 0x56, 0x26, 0x0F, 0x00, 0x1B, 0xF1, 0x6A, 0x47, 0x78, 0x9C, 0xFB,
    0xD9, 0xCF, 0x00, 0x02, 0xDF, 0xF6, 0xFF, 0xA4, 0x8C, 0xF1, 0x7D, 0x3E, 0x94, 0xF1, 0xF5, 0x3E,
    0x94, 0xF1, 0xF1, 0x3F, 0x2B, 0x84, 0x31, 0xE1, 0x7F, 0x3F, 0xB3, 0x80, 0xD1, 0xB2, 0x7F, 0xFB,
    0x19, 0xFE, 0xFC, 0x07, 0x83, 0xFD, 0x0C, 0x0D, 0xFF, 0x40, 0xF4, 0xDF, 0xFD, 0x0C, 0x0C, 0x06,
    0x6D, 0x1D, 0xE1, 0x4C, 0xDF, 0xF6, 0x33, 0x30, 0x40, 0x75, 0x51, 0x8B, 0x01, 0x00, 0xD9, 0xB4,
    0x4A, 0xC1, 0x78, 0x9C, 0xFB, 0xF4, 0x9F, 0x01, 0x08, 0xFE, 0xCB, 0x03, 0x89, 0x07, 0xFF, 0x99,
    0x3F, 0x8D, 0xF2, 0x70, 0xF0, 0x3A, 0x80, 0xE0, 0xFF, 0x7C, 0x20, 0xF1, 0x03, 0xC4, 0x43, 0x02,
    0x68, 0x3C, 0x00, 0xDB, 0x89, 0x8A, 0xD9, 0x78, 0x9C, 0xFB, 0xF4, 0x9F, 0x01, 0x08, 0xFE, 0xCB,
    0x03, 0x89, 0x07, 0xFF, 0x99, 0x19, 0x3E, 0x8D, 0x72, 0x49, 0xE0, 0x76, 0x00, 0xC1, 0xFF, 0xF9,
    0x40, 0xE2, 0xC7, 0xFF, 0x0A, 0xE6, 0x4F, 0xFF, 0x91, 0x01, 0x07, 0x1A, 0x97, 0x01, 0x09, 0x04,
    0xFC, 0x67, 0xC7, 0xCB, 0x65, 0xC3, 0xCB, 0x65, 0x45, 0xE3, 0x02, 0x00, 0xDF, 0xA4, 0x95, 0x57,
    0x78, 0x9C, 0xFB, 0xFD, 0x1F, 0x08, 0x18, 0x20, 0xE0, 0x37, 0x12, 0xBB, 0xB4, 0xBC, 0xFC, 0x07,
    0x8C, 0x0D, 0x04, 0x9F, 0x68, 0xC2, 0x06, 0x82, 0x7B, 0x5E, 0x08, 0xF6, 0xFF, 0xFF, 0xBA, 0x10,
    0x76, 0x47, 0x47, 0xC7, 0xC9, 0xFF, 0xEF, 0x99, 0xE0, 0xEA, 0x1F, 0xFF, 0xE7, 0x81, 0xB3, 0x15,
    0xFE, 0xDB, 0x23, 0xCC, 0xF9, 0x5D, 0x8F, 0x60, 0xFF, 0xE8, 0x47, 0xB0, 0x7F, 0x22, 0xB1, 0xFF,
    0xE4, 0xC3, 0xD9, 0x06, 0xFF, 0xF5, 0xE1, 0xEC, 0x27, 0xFF, 0xB9, 0x91, 0xEC, 0x62, 0x44, 0xB8,
    0x41, 0x06, 0xEE, 0x9E, 0xFB, 0x9E, 0x0C, 0x0C, 0x00, 0x7C, 0xBE, 0x5D, 0xC4, 0x78, 0x9C, 0xFB,
    0xF4, 0x9F, 0x01, 0x0A, 0x7E, 0xF6, 0x7F, 0xA2, 0x2B, 0x1B, 0x08, 0xEE, 0x7B, 0x21, 0xD8, 0xFF,
    0xFF, 0xEB, 0x40, 0xD8, 0x1D, 0x1D, 0x1D, 0x27, 0xFF, 0xBF, 0x67, 0x82, 0xAB, 0x7F, 0xFC, 0x9F,
    0x07, 0xCE, 0x56, 0xF8, 0x6F, 0x8F, 0x30, 0xE7, 0x77, 0x3D, 0x82, 0xFD, 0xA3, 0x1F, 0xC1, 0xFE,
    0x89, 0xC4, 0xFE, 0x93, 0x0F, 0x67, 0x1B, 0xFC, 0xD7, 0x87, 0xB3, 0x9F, 0xFC, 0xE7, 0x46, 0xB2,
    0x8B, 0x11, 0xE1, 0x06, 0x19, 0x84, 0xDB, 0x3C, 0xC1, 0x46, 0x01, 0x00, 0x76, 0x50, 0x7B, 0x0F,
    0x78, 0x9C, 0xFB, 0xB6, 0x9F, 0x01, 0x02, 0xBE, 0x51, 0x9D, 0xF1, 0x1F, 0x08, 0xCE, 0x59, 0x42,
    0x19, 0xFF, 0xFF, 0x4B, 0x31, 0x7C, 0xBB, 0xDF, 0xD1, 0xD1, 0x71, 0xEB, 0xFF, 0x79, 0xA8, 0x9A,
    0xAF, 0xFF, 0x39, 0x20, 0x8C, 0x84, 0xFF, 0xFC, 0x50, 0x5D, 0xFF, 0xED, 0xA1, 0x8C, 0x3F, 0xF1,
    0x30, 0x86, 0x3F, 0x9A, 0x54, 0xC1, 0x7F, 0x3E, 0x08, 0xE3, 0xDB, 0x7F, 0x76, 0xB0, 0x81, 0xAF,
    0xFE, 0xEF, 0x87, 0x59, 0xC1, 0x09, 0xB5, 0x54, 0x83, 0x81, 0x01, 0x00, 0xB6, 0x06, 0x50, 0xCE,
    0x78, 0x9C, 0x63, 0x60, 0x48, 0x78, 0xFD, 0x7F, 0x1D, 0x2B, 0x03, 0x10, 0x38, 0xFC, 0xFB, 0xFF,
    0xFF, 0xFF, 0x7B, 0x16, 0x20, 0xEB, 0xDB, 0xFF, 0xFD, 0x33, 0x7F, 0xFF, 0xCF, 0x67, 0x60, 0x50,
    0xF8, 0x3F, 0x9F, 0x91, 0x41, 0xE0, 0xD7, 0x7F, 0x16, 0x86, 0x0D, 0xFF, 0xB9, 0x80, 0x12, 0x0B,
    0xFE, 0xF3, 0x31, 0x7C, 0xFC, 0xCF, 0x08, 0x52, 0xFD, 0x2F, 0x9F, 0xE1, 0xDB, 0x79, 0x10, 0x83,
    0xE1, 0xFB, 0x79, 0x86, 0xEB, 0xB5, 0x60, 0x16, 0x54, 0x0A, 0x08, 0x1E, 0xFC, 0x67, 0x86, 0xB2,
    0x0E, 0xFC, 0x67, 0x85, 0xB2, 0x36, 0xFC, 0x67, 0x03, 0xE9, 0xFB, 0x0F, 0x02, 0xEC, 0x28, 0xAC,
    0xF6, 0x8E, 0x8E, 0x8E, 0x1B, 0x60, 0x59, 0x88, 0x3A, 0x98, 0x8E, 0x0B, 0xFF, 0x59, 0x8E, 0xE5,
    0x80, 0x59, 0x1F, 0xFE, 0x33, 0x42, 0x6D, 0xFB, 0x7A, 0x1E, 0x66, 0xCD, 0x9F, 0x7C, 0xA8, 0xAB,
    0x0A, 0x80, 0xAE, 0x02, 0xBA, 0x14, 0xC8, 0xFA, 0x01, 0xD2, 0xFA, 0xF5, 0xFF, 0xFE, 0xCE, 0x5F,
    0xFF, 0xEB, 0xE1, 0x3E, 0x02, 0x9B, 0x16, 0x70, 0xEB, 0xFF, 0x3E, 0x90, 0x05, 0x00, 0xE8, 0x99,
    0x56, 0xE7, 0x78, 0x9C, 0x55, 0xD0, 0xB1, 0x0D, 0xC2, 0x40, 0x0C, 0x05, 0x50, 0x27, 0x44, 0x22,
    0x10, 0x09, 0x31, 0x42, 0x36, 0x20, 0x1B, 0xC0, 0x06, 0x64, 0x04, 0x46, 0x80, 0x8A, 0x96, 0x0D,
    0xC8, 0x1C, 0x48, 0x88, 0x01, 0x68, 0xE8, 0x52, 0x86, 0x0D, 0x42, 0x0D, 0x05, 0x87, 0x94, 0x06,
    0xC2, 0xF1, 0xB1, 0x7D, 0x91, 0x38, 0xAE, 0x39, 0xBD, 0x93, 0x65, 0xDF, 0xB7, 0x01, 0xF1, 0x59,
    0xDD, 0xB0, 0x8F, 0xF8, 0x36, 0xA2, 0x25, 0xF8, 0x54, 0x61, 0xA7, 0x16, 0xF5, 0xF1, 0x83, 0xA9,
    0x53, 0x81, 0x43, 0x40, 0x33, 0x7B, 0x0F, 0x54, 0x0D, 0x62, 0x2E, 0x38, 0x61, 0xA8, 0x6A, 0x2B,
    0xE9, 0x94, 0x62, 0x22, 0x1A, 0x63, 0x2E, 0xA2, 0xE7, 0x56, 0x94, 0x63, 0xA4, 0x6A, 0x6A, 0xD1,
    0x06, 0x89, 0xEA, 0x01, 0x51, 0x81, 0x81, 0xEA, 0x82, 0xD0, 0xC8, 0xE0, 0x58, 0x75, 0x46, 0x4F,
    0xD5, 0xEF, 0x14, 0x19, 0xAC, 0x4B, 0x5F, 0xDC, 0xC5, 0xAB, 0xA4, 0x85, 0xDF, 0x85, 0xB2, 0x6E,
    0x82, 0xD1, 0x09, 0xF4, 0x37, 0x9D, 0x5E, 0xFE, 0xCF, 0xE4, 0xF1, 0xF7, 0x6B, 0xCE, 0xE2, 0x12,
    0x25, 0xAA, 0x54, 0xD2, 0x66, 0x6F, 0xB8, 0xB4, 0x1C, 0xB7, 0xDA, 0x59, 0xC9, 0xA5, 0xCA, 0xAC,
    0xBF, 0x25, 0xCA, 0xAF, 0x6E, 0x83, 0x5F, 0xA9, 0x3B, 0x8A, 0x5D, 0x78, 0x9C, 0x35, 0xCE, 0xC1,
    0x0D, 0x82, 0x50, 0x10, 0x04, 0xD0, 0x21, 0x21, 0x51, 0x43, 0x62, 0x0B, 0x9F, 0x12, 0xE8, 0x40,
    0x0A, 0xB1, 0x08, 0x4A, 0xF0, 0xF8, 0x63, 0x4C, 0xC4, 0x0A, 0xA4, 0x03, 0x5B, 0xE0, 0x4A, 0x15,
    0x26, 0x36, 0x40, 0x08, 0x5E, 0x0C, 0xCA, 0x08, 0x3B, 0xFF, 0xDF, 0xDE, 0x26, 0xB3, 0x3B, 0x0B,
    0x14, 0xDD, 0x4C, 0xD2, 0x21, 0xFF, 0x92, 0x86, 0x17, 0x9F, 0x67, 0xEF, 0x17, 0x4C, 0x7D, 0x0A,
    0x80, 0xAE, 0xE0, 0x01, 0x86, 0x8A, 0x99, 0x50, 0x73, 0x23, 0x34, 0x11, 0x27, 0xEE, 0x84, 0x92,
    0x7B, 0x01, 0xBF, 0x47, 0xC0, 0xC8, 0x63, 0x62, 0x28, 0xE7, 0x50, 0x81, 0x5B, 0x44, 0xCD, 0x8B,
    0x75, 0x61, 0xA0, 0x32, 0xF8, 0xDC, 0xB5, 0x95, 0xAF, 0xC3, 0x8A, 0x86, 0xDB, 0x78, 0x27, 0x11,
    0xA6, 0x2B, 0xC2, 0x63, 0x4E, 0x68, 0x2D, 0xB2, 0xE0, 0xDD, 0x43, 0xF8, 0x03, 0xD6, 0x31, 0x52,
    0xEF, 0x78, 0x9C, 0x63, 0x60, 0x98, 0xF2, 0xF7, 0xBD, 0x17, 0x03, 0x03, 0xC3, 0xC6, 0xFF, 0x40,
    0xC0, 0xC5, 0xC0, 0xF0, 0xF7, 0x7F, 0xE5, 0xF6, 0xFF, 0xFD, 0x0C, 0x05, 0xFF, 0x65, 0x18, 0x18,
    0xBE, 0xFC, 0x67, 0x3C, 0xF0, 0x9F, 0x99, 0x81, 0x61, 0xC3, 0x7F, 0x36, 0x06, 0x10, 0x28, 0xF8,
    0xCF, 0x81, 0xA0, 0x97, 0xBE, 0x05, 0x6A, 0xE0, 0x60, 0xB8, 0x0C, 0xD2, 0xF7, 0x9F, 0xC3, 0xE0,
    0xFF, 0x7E, 0x33, 0xA1, 0xC6, 0xFF, 0x1C, 0x07, 0xFE, 0xB3, 0x83, 0xE5, 0x3F, 0xBE, 0x87, 0xA8,
    0xFB, 0x7C, 0x1E, 0x42, 0x7F, 0xFA, 0x0F, 0xA4, 0x1F, 0xFE, 0xE7, 0x78, 0x00, 0xB4, 0xC3, 0xE0,
    0xEF, 0x7F, 0xCE, 0x82, 0xFF, 0xEF, 0x57, 0xFD, 0x05, 0x59, 0xF8, 0x13, 0xA8, 0x3B, 0xFB, 0x3F,
    0x0F, 0x83, 0xC3, 0xAB, 0xF7, 0xD1, 0x02, 0xFF, 0xE5, 0x01, 0x8E, 0x28, 0x45, 0x2A, 0x78, 0x9C,
    0x2D, 0x8E, 0xBB, 0x0D, 0xC2, 0x40, 0x10, 0x44, 0xF7, 0x40, 0x88, 0x8F, 0x40, 0x72, 0x07, 0xB8,
    0x01, 0x7A, 0x20, 0x44, 0x22, 0x80, 0x0A, 0x10, 0x39, 0x01, 0x74, 0x80, 0xC8, 0x41, 0x0E, 0x09,
    0xA1, 0x03, 0xD3, 0x81, 0x53, 0xB2, 0x23, 0x24, 0x83, 0x02, 0x90, 0xCE, 0x80, 0x7D, 0x27, 0xF1,
    0xF1, 0xB0, 0xEB, 0xE3, 0x92, 0x79, 0x7B, 0x33, 0xFB, 0x21, 0x92, 0xF7, 0xEA, 0x94, 0x42, 0x0B,
    0xB4, 0x44, 0xFA, 0x47, 0xA0, 0x2A, 0x65, 0x01, 0x4C, 0x58, 0x83, 0x37, 0x92, 0x81, 0x18, 0x07,
    0x0C, 0x7D, 0xD0, 0xCD, 0xBD, 0x06, 0x68, 0x78, 0x98, 0x5E, 0xC2, 0x33, 0x36, 0x8A, 0x23, 0x91,
    0x03, 0xC0, 0x76, 0xAA, 0xB1, 0xDE, 0x16, 0xA8, 0xD1, 0x43, 0xAA, 0x3D, 0xBA, 0x94, 0xA1, 0xCE,
    0xC9, 0x4F, 0x44, 0x39, 0xA4, 0x25, 0xD3, 0x64, 0x13, 0x81, 0x14, 0xE4, 0x76, 0x02, 0x57, 0x28,
    0x5B, 0xC2, 0x09, 0x2A, 0x8F, 0xFF, 0xD6, 0x53, 0x0B, 0xDC, 0x0D, 0x33, 0x8F, 0x27, 0x1B, 0xF3,
    0xAC, 0x26, 0xC3, 0x77, 0x44, 0x21, 0x96, 0x72, 0x53, 0x9B, 0x7F, 0x65, 0x97, 0xA9, 0x10, 0x8D,
    0x79, 0x39, 0x7A, 0xD2, 0xB1, 0xBA, 0x99, 0x19, 0xCB, 0x0F, 0xBB, 0xBB, 0x53, 0x5C, 0x78, 0x9C,
    0xFB, 0xFE, 0xFF, 0xFF, 0xFF, 0xFB, 0x5E, 0x0C, 0x0C, 0xDF, 0xFF, 0x83, 0x80, 0x0C, 0xC3, 0xF7,
    0xFD, 0x69, 0x69, 0x3B, 0xFE, 0x9F, 0x67, 0xF8, 0xDE, 0xCF, 0xC0, 0xC0, 0xF0, 0xF9, 0x3F, 0x0B,
    0x98, 0x9E, 0xF0, 0x9F, 0x1D, 0x4C, 0x17, 0x40, 0xE9, 0x03, 0x10, 0x71, 0xC7, 0xDF, 0xFB, 0xA1,
    0xFA, 0x38, 0xA1, 0xB4, 0x26, 0x58, 0x7F, 0xDB, 0x9F, 0xF7, 0x4C, 0x60, 0x75, 0x09, 0xFF, 0x79,
    0xC0, 0x34, 0xC3, 0x7F, 0x7E, 0x28, 0x2D, 0x0F, 0x15, 0xE7, 0x83, 0xA8, 0xFB, 0xCF, 0x01, 0xD1,
    0x37, 0x1F, 0xA2, 0x7F, 0x2E, 0x33, 0x03, 0x00, 0x31, 0x54, 0x4D, 0xE8, 0x78, 0x9C, 0xFB, 0xF1,
    0x1F, 0x08, 0xFA, 0x7F, 0x40, 0xC8, 0xFD, 0xE5, 0xE5, 0xE5, 0xE6, 0x3F, 0xEA, 0x19, 0x80, 0x80,
    0x16, 0x24, 0x00, 0xBD, 0x45, 0x24, 0x53, 0x78, 0x9C, 0x63, 0x60, 0x58, 0xF0, 0x1F, 0x04, 0xB8,
    0x18, 0x18, 0x90, 0x58, 0x1B, 0xFE, 0x9F, 0x3D, 0x73, 0x07, 0xCA, 0x62, 0x61, 0x08, 0x00, 0xB3,
    0x0E, 0xFC, 0x67, 0x86, 0xB2, 0x2E, 0xFC, 0x67, 0xC2, 0x60, 0x3D, 0xF8, 0xCF, 0x08, 0x65, 0x7D,
    0xF8, 0xCF, 0x00, 0x65, 0x7D, 0xBC, 0x0F, 0x63, 0x7D, 0x5D, 0x0F, 0x63, 0xFD, 0xAC, 0x87, 0xB1,
    0xFE, 0xE9, 0x43, 0x59, 0x09, 0xFF, 0x79, 0xA0, 0xAC, 0x4F, 0x40, 0xCB, 0xC0, 0xAC, 0xC2, 0xBF,
    0xEF, 0xCB, 0xCB, 0xCB, 0x97, 0xFF, 0xAF, 0x61, 0xFB, 0xF2, 0x1F, 0x0A, 0xF8, 0x90, 0x58, 0xFB,
    0x19, 0x40, 0x40, 0x80, 0x78, 0x16, 0x00, 0x98, 0x52, 0x5A, 0xF1, 0x78, 0x9C, 0x63, 0x60, 0x28,
    0xF8, 0x73, 0xDF, 0x8B, 0x81, 0x81, 0xC1, 0xE0, 0xDF, 0xFF, 0xFF, 0xFF, 0xB9, 0x18, 0x18, 0xBE,
    0xFC, 0xEF, 0x59, 0xFE, 0x7F, 0x3D, 0x83, 0xC0, 0xBF, 0x78, 0x06, 0x86, 0x47, 0xFF, 0x59, 0x1A,
    0xFE, 0xB3, 0x33, 0x30, 0x04, 0xFC, 0xE7, 0x7E, 0xF0, 0x1F, 0xA8, 0x86, 0xE1, 0x3F, 0xFF, 0xE7,
    0xFD, 0x20, 0xFA, 0x8F, 0xFE, 0xD7, 0xFF, 0x60, 0x60, 0xFF, 0x1D, 0x42, 0xFB, 0x7F, 0xDF, 0x5F,
    0x0E, 0x02, 0xEA, 0xDF, 0xE6, 0x33, 0x80, 0xC1, 0x97, 0xF3, 0x10, 0xFA, 0xE3, 0x7F, 0x26, 0x30,
    0xBD, 0xE1, 0x3F, 0x37, 0x90, 0x6C, 0x64, 0x30, 0x00, 0x9A, 0x0D, 0xB4, 0x8B, 0x9B, 0xE1, 0xDB,
    0xFF, 0x79, 0xED, 0x7F, 0xFE, 0xB3, 0x02, 0xCD, 0x06, 0x82, 0x38, 0xA0, 0x5C, 0xE1, 0x9B, 0xF7,
    0x35, 0x8C, 0x0C, 0x00, 0x14, 0x43, 0x41, 0x62, 0x78, 0x9C, 0x2D, 0x8F, 0xC1, 0x0D, 0xC2, 0x30,
    0x10, 0x04, 0x17, 0x21, 0x02, 0x12, 0xA1, 0x05, 0xA0, 0x03, 0x28, 0x81, 0x0E, 0xA0, 0x13, 0xDC,
    0x01, 0x2D, 0xA4, 0x03, 0xFE, 0x7C, 0x52, 0x42, 0xD2, 0x01, 0x2D, 0xD0, 0x41, 0x84, 0x08, 0x12,
    0x32, 0x90, 0x65, 0xEF, 0x8E, 0x7D, 0x58, 0x3B, 0xF2, 0x79, 0x6C, 0xB7, 0x5C, 0x00, 0x37, 0x8E,
    0x80, 0xDC, 0x61, 0xCD, 0x63, 0xC0, 0x96, 0x7B, 0xE0, 0xD5, 0x05, 0xB4, 0x9C, 0x5B, 0x99, 0x39,
    0x3C, 0x6D, 0x74, 0xC7, 0x95, 0xC3, 0x70, 0x82, 0xF2, 0xAE, 0x0D, 0x92, 0x89, 0x80, 0x3B, 0xC7,
    0x02, 0xAD, 0x06, 0x89, 0xA5, 0x20, 0x9F, 0xE1, 0xF9, 0xD2, 0xB2, 0x0C, 0xC8, 0x0E, 0xA5, 0xF7,
    0x03, 0xEB, 0xCC, 0x4B, 0xC8, 0x24, 0x28, 0x74, 0xA6, 0x0F, 0xC1, 0xA7, 0x31, 0x75, 0xE5, 0xEA,
    0xC4, 0x4D, 0x5C, 0x6A, 0xBA, 0x07, 0x0B, 0x87, 0x9E, 0x13, 0x89, 0xAF, 0xF1, 0xD0, 0x4A, 0xF2,
    0x4A, 0x53, 0xF1, 0x9F, 0xA1, 0xD1, 0xEE, 0xF4, 0x0F, 0x6A, 0x3F, 0x2C, 0xEC, 0x62, 0xF5, 0x78,
    0x9C, 0x63, 0x10, 0x38, 0xF1, 0xFF, 0x9C, 0x38, 0x03, 0x03, 0xC3, 0xD7, 0xFF, 0xFF, 0xFF, 0xBF,
    0x67, 0x61, 0x08, 0xF8, 0x7F, 0xBF, 0xE2, 0xE5, 0x7F, 0x79, 0x86, 0x07, 0xFF, 0x39, 0x18, 0x04,
    0xFE, 0xF6, 0x33, 0x7C, 0xBE, 0x0F, 0x92, 0x3B, 0xCF, 0x50, 0xE4, 0x0E, 0xA4, 0x3F, 0x9F, 0x67,
    0x00, 0x83, 0xEF, 0xF3, 0xC1, 0x54, 0xE2, 0x7F, 0x7D, 0x10, 0x07, 0xA8, 0x8F, 0x19, 0x42, 0xAF,
    0x67, 0x02, 0xD2, 0xCD, 0x1D, 0x27, 0xFF, 0xDB, 0x43, 0xD4, 0x7D, 0xBB, 0xCF, 0x50, 0x62, 0x0E,
    0xA4, 0x3F, 0xFC, 0x87, 0x68, 0x79, 0xF0, 0x9F, 0xF1, 0xF3, 0x7F, 0x56, 0xA0, 0xD2, 0xF7, 0x0C,
    0x13, 0xFE, 0x9F, 0x4F, 0xBF, 0xF1, 0x3F, 0x9F, 0x81, 0xE1, 0x27, 0xD0, 0xDE, 0xFF, 0xEC, 0x0C,
    0x0C, 0x06, 0x37, 0xFF, 0x9F, 0xD3, 0x60, 0x60, 0x00, 0x00, 0xD8, 0x86, 0x3C, 0x6E, 0x78, 0x9C,
    0xFB, 0xDE, 0xCF, 0xC0, 0xC0, 0x70, 0xE0, 0x3F, 0xC7, 0x77, 0x10, 0xFD, 0x0D, 0x42, 0x0B, 0xFC,
    0x83, 0xD0, 0x13, 0xFE, 0x43, 0xE8, 0xCF, 0x50, 0xFA, 0xEF, 0x7A, 0x30, 0x5D, 0xF0, 0xBF, 0x02,
    0x4C, 0x7F, 0x7C, 0x5F, 0x00, 0xA6, 0x7F, 0xF9, 0x83, 0x69, 0x87, 0xFF, 0xDC, 0x60, 0xFA, 0xC2,
    0x7F, 0x26, 0x30, 0xFD, 0xA3, 0x9E, 0x01, 0x44, 0xAF, 0xFF, 0xCF, 0x0B, 0xA6, 0xFF, 0xFF, 0x67,
    0x81, 0xD0, 0xEB, 0x19, 0x20, 0xB4, 0x3C, 0x94, 0x66, 0x83, 0xD0, 0xE7, 0x19, 0xC0, 0x34, 0x00,
    0xF8, 0x3E, 0x49, 0x51, 0x78, 0x9C, 0x63, 0xF8, 0x62, 0xCF, 0xA0, 0xF0, 0x9F, 0x85, 0x81, 0xE1,
    0xC3, 0x7E, 0xC6, 0x8D, 0xFF, 0x19, 0x19, 0x18, 0x02, 0xFE, 0xFF, 0xFF, 0x9F, 0xCF, 0x00, 0x04,
    0x8B, 0xFF, 0xED, 0x63, 0x66, 0xC0, 0x00, 0xDF, 0xFB, 0x81, 0xC4, 0x81, 0xFF, 0x1C, 0x60, 0xFA,
    0x1B, 0x84, 0x16, 0xF8, 0x07, 0xA1, 0x27, 0xFC, 0x87, 0xD0, 0x9F, 0xA1, 0xF4, 0xDF, 0xF5, 0x60,
    0xBA, 0xE0, 0x7F, 0x05, 0x98, 0xFE, 0xF8, 0xBE, 0x00, 0x4C, 0xFF, 0xF2, 0x07, 0xD3, 0x0E, 0xFF,
    0xB9, 0xC1, 0xF4, 0x85, 0xFF, 0x4C, 0x60, 0xFA, 0x47, 0x3D, 0x03, 0x88, 0x5E, 0xFF, 0x9F, 0x17,
    0x4C, 0xFF, 0x07, 0x3A, 0x0A, 0x4C, 0xAF, 0x67, 0x80, 0xD0, 0xF2, 0x50, 0x9A, 0x0D, 0x42, 0x9F,
    0x67, 0x00, 0xD3, 0x00, 0x24, 0xC9, 0x55, 0x26, 0x78, 0x9C, 0xFB, 0xDE, 0xCF, 0xC0, 0xC0, 0xF0,
    0xF0, 0x3F, 0xC7, 0x77, 0x10, 0xFD, 0xE7, 0x3C, 0x03, 0x88, 0x6E, 0xF8, 0x2F, 0x07, 0xA6, 0xBF,
    0xFC, 0x67, 0x01, 0xD1, 0x02, 0xFF, 0xEA, 0x19, 0x40, 0xF4, 0x86, 0xFF, 0xDC, 0x60, 0xFA, 0xFB,
    0x7B, 0x46, 0x10, 0x6D, 0xF0, 0xDF, 0x1E, 0xA8, 0xE5, 0xFB, 0xFF, 0xFF, 0xFF, 0xD9, 0xA0, 0x34,
    0x3B, 0x88, 0xBE, 0xBF, 0xEA, 0xBF, 0x3F, 0x03, 0x58, 0xDD, 0xCF, 0xFF, 0x4C, 0x60, 0xFA, 0xC0,
    0x7F, 0x59, 0x06, 0x88, 0x39, 0xE7, 0xC1, 0x34, 0xC3, 0xA7, 0xFF, 0x9C, 0x60, 0x3A, 0xE0, 0x7F,
    0x3E, 0x98, 0x06, 0x6A, 0x66, 0x01, 0xD3, 0x0B, 0xFE, 0xEB, 0x03, 0x00, 0x97, 0xDB, 0x3D, 0xB4,
    0x78, 0x9C, 0x63, 0x60, 0xF8, 0xF2, 0x1F, 0x04, 0x38, 0x18, 0x10, 0x8C, 0xAF, 0xE7, 0xCB, 0xCB,
    0xB7, 0x83, 0x18, 0xDF, 0xE6, 0x33, 0x30, 0x14, 0x80, 0x19, 0xFD, 0x50, 0xC6, 0xF7, 0x7A, 0x18,
    0x23, 0x1F, 0xCA, 0xF8, 0x11, 0x0F, 0x65, 0xFC, 0xF4, 0x87, 0x32, 0x7E, 0xD9, 0x43, 0x19, 0x7F,
    0xF4, 0xA1, 0x8C, 0x7F, 0xFC, 0x10, 0x86, 0xC0, 0x7F, 0x3E, 0x08, 0x23, 0xE0, 0x3F, 0x17, 0x84,
    0x71, 0xF1, 0x3F, 0x1B, 0x98, 0xB1, 0xF9, 0xFF, 0x7B, 0x06, 0x30, 0xE3, 0xCB, 0x7F, 0x7F, 0x28,
    0x63, 0x1F, 0x33, 0x84, 0x01, 0x00, 0x01, 0xFD, 0x3D, 0x42, 0x78, 0x9C, 0x2D, 0xCB, 0x61, 0x0D,
    0x82, 0x50, 0x18, 0x85, 0xE1, 0x33, 0xE7, 0x1C, 0xCE, 0x31, 0x23, 0x48, 0x03, 0x69, 0x42, 0x05,
    0x1A, 0x18, 0x01, 0x1B, 0x10, 0x41, 0x1A, 0x10, 0x81, 0x0A, 0x34, 0x80, 0x06, 0xCA, 0x86, 0x5C,
    0x07, 0xE8, 0xF1, 0x3B, 0xF7, 0xF2, 0xFE, 0x7A, 0xFE, 0xBC, 0x8E, 0x47, 0x28, 0xD2, 0xF1, 0x22,
    0xE4, 0x52, 0x21, 0xB5, 0x52, 0x27, 0x8D, 0x12, 0xF7, 0xA6, 0xC5, 0x54, 0xF3, 0x04, 0x24, 0x5C,
    0xE8, 0xCA, 0xF9, 0x0A, 0xDC, 0xF9, 0x36, 0x8D, 0x0F, 0xA0, 0xEF, 0x5E, 0xA6, 0x96, 0xC0, 0x74,
    0x93, 0x72, 0x1E, 0xF0, 0x3D, 0x4B, 0xF8, 0xC5, 0x29, 0x23, 0xAF, 0x4F, 0x56, 0x71, 0xE7, 0x35,
    0x34, 0x43, 0x03, 0xAF, 0x8A, 0x73, 0x16, 0x94, 0x92, 0x71, 0x10, 0x56, 0xBB, 0x83, 0xA6, 0x27,
    0x36, 0xF5, 0xA5, 0xF4, 0x07, 0xB5, 0xC4, 0x67, 0x58, 0x78, 0x9C, 0xFB, 0xDE, 0xCF, 0xC0, 0xC0,
    0x50, 0xF0, 0x9F, 0xE3, 0x3B, 0xB9, 0xF4, 0x7F, 0x30, 0x40, 0xD0, 0xFB, 0xCB, 0xCB, 0xCB, 0xB7,
    0x93, 0x6F, 0x1E, 0x00, 0x0F, 0x1E, 0x3F, 0x9F, 0x78, 0x9C, 0x63, 0x60, 0x28, 0xFC, 0xF3, 0x3E,
    0x9B, 0x01, 0x08, 0x1C, 0xFE, 0xFD, 0xFF, 0xFF, 0x5F, 0x17, 0xC8, 0xF8, 0xFA, 0xBF, 0x77, 0xFA,
    0xBF, 0xFF, 0xCC, 0x0C, 0x02, 0xFF, 0xFA, 0x19, 0x18, 0x36, 0xFC, 0xE7, 0x65, 0x98, 0xF0, 0x9F,
    0x0B, 0x28, 0xFC, 0x27, 0x9F, 0xE1, 0xC1, 0x7F, 0x46, 0x20, 0xE3, 0xCB, 0x7D, 0x86, 0x2F, 0xE7,
    0x41, 0x3A, 0x80, 0xDC, 0x6F, 0xF3, 0x41, 0x8C, 0x0D, 0xFF, 0x99, 0xBF, 0xF7, 0x83, 0x18, 0x0B,
    0xFE, 0xB3, 0x7C, 0xAF, 0x87, 0x32, 0xBE, 0x81, 0x45, 0x0E, 0xFC, 0x67, 0xFE, 0xB2, 0x1F, 0xC4,
    0xF8, 0xF0, 0x9F, 0xF1, 0x03, 0x44, 0xFB, 0x79, 0xA0, 0x2C, 0x27, 0xC4, 0x40, 0x85, 0xFF, 0xF5,
    0x20, 0xB5, 0xBC, 0x08, 0x4B, 0x19, 0x02, 0x60, 0xCE, 0x60, 0x28, 0x7C, 0x03, 0x76, 0x18, 0x00,
    0xC1, 0x52, 0x40, 0xC5, 0x78, 0x9C, 0xFB, 0xFE, 0x1F, 0x0C, 0x38, 0xBE, 0xC3, 0xE8, 0xFD, 0xE5,
    0xE5, 0xE5, 0xDB, 0x81, 0x74, 0x3F, 0x03, 0x03, 0x43, 0x01, 0xFD, 0x69, 0x00, 0x84, 0x3C, 0x3F,
    0x9F, 0x78, 0x9C, 0xFB, 0xC3, 0x5F, 0xF0, 0xE6, 0xBE, 0x26, 0x03, 0xC3, 0x1F, 0xFF, 0x7F, 0xFF,
    0xFF, 0xFF, 0x67, 0x65, 0xF8, 0xF3, 0xFF, 0xFD, 0xAC, 0xDF, 0xFF, 0xED, 0x81, 0x34, 0x3B, 0x83,
    0xC2, 0xDF, 0xFB, 0x0C, 0x7F, 0xFA, 0x19, 0x18, 0x18, 0x3E, 0xFD, 0x67, 0xF9, 0x63, 0x0F, 0xA4,
    0x27, 0xFC, 0xE7, 0x04, 0xD3, 0x0E, 0xFF, 0x79, 0xC0, 0xB4, 0xC0, 0x7F, 0x3E, 0x30, 0xCD, 0xF0,
    0x9F, 0x1F, 0x85, 0x86, 0x89, 0xC3, 0xD4, 0x81, 0xF4, 0xD5, 0x03, 0xE9, 0x8F, 0xFF, 0x99, 0xFF,
    0x00, 0xED, 0x10, 0xF8, 0x73, 0x1E, 0x68, 0xFE, 0xF9, 0x8A, 0x9F, 0x20, 0x7B, 0xEA, 0x41, 0xF6,
    0xB2, 0x30, 0xFC, 0xB1, 0x6F, 0xFC, 0x03, 0x76, 0x07, 0xD8, 0x1C, 0xD2, 0x69, 0x00, 0x47, 0x11,
    0x48, 0x83, 0x78, 0x9C, 0x63, 0x60, 0x68, 0xFA, 0xFB, 0xDE, 0x8B, 0x81, 0x81, 0x21, 0xE1, 0x3F,
    0x10, 0x70, 0x31, 0x30, 0x7C, 0xFF, 0xDF, 0xB3, 0xFC, 0xFF, 0x7E, 0x06, 0x85, 0xFF, 0xF1, 0x0C,
    0x0C, 0x97, 0xFE, 0xB3, 0x6D, 0xF8, 0xCF, 0xCE, 0xC0, 0x60, 0xF0, 0x9F, 0xF7, 0xC3, 0x7F, 0xA0,
    0x1A, 0x86, 0x3F, 0xF2, 0x5F, 0xF6, 0x83, 0xE8, 0x60, 0xD6, 0x6F, 0xFD, 0x0C, 0x60, 0xF0, 0xBD,
    0x1E, 0x95, 0x86, 0x89, 0x7F, 0x59, 0x0F, 0xA1, 0x3F, 0xBE, 0x07, 0x91, 0x37, 0x65, 0x37, 0xFC,
    0x67, 0x63, 0x60, 0x10, 0xF8, 0xCF, 0x67, 0xF0, 0xDF, 0x9F, 0x81, 0xE1, 0x10, 0x90, 0x03, 0xB5,
    0x87, 0xA1, 0x00, 0x64, 0x2F, 0x27, 0x50, 0x4D, 0xD3, 0xDF, 0xFB, 0x96, 0x0C, 0x0C, 0x00, 0xF4,
    0x75, 0x33, 0xDB, 0x78, 0x9C, 0xFB, 0xFA, 0x1F, 0x0C, 0xEC, 0xBF, 0x42, 0xE9, 0xA4, 0xB4, 0xB4,
    0x3F, 0xEB, 0xD3, 0xD2, 0xC4, 0x18, 0x18, 0x18, 0x7E, 0xC5, 0x33, 0x80, 0x01, 0x5D, 0x69, 0x00,
    0x4B, 0x96, 0x26, 0x4F, 0x78, 0x9C, 0x2D, 0x8E, 0xCD, 0x0D, 0x82, 0x60, 0x10, 0x44, 0x1F, 0x51,
    0x34, 0x4A, 0x22, 0x76, 0x80, 0x9D, 0x48, 0x01, 0x26, 0x96, 0x00, 0x1D, 0x48, 0x09, 0x96, 0x40,
    0x07, 0xDA, 0x01, 0x76, 0xA0, 0x67, 0x2F, 0x5A, 0x82, 0x1D, 0x28, 0xFE, 0x04, 0xA2, 0xC4, 0x91,
    0x6F, 0x71, 0x2F, 0x6F, 0x37, 0x33, 0x99, 0xD9, 0xEA, 0x04, 0xCC, 0x14, 0x95, 0xF2, 0x20, 0x53,
    0x70, 0xD0, 0x00, 0x76, 0xF2, 0x53, 0x05, 0x50, 0x8A, 0xA9, 0x22, 0x78, 0x15, 0xF0, 0x59, 0xC1,
    0x3B, 0x69, 0xF7, 0x3D, 0x28, 0x84, 0x9B, 0xBC, 0x58, 0x63, 0xC8, 0x35, 0xC8, 0xE5, 0x43, 0xAC,
    0xE0, 0xA2, 0x36, 0x8B, 0x6F, 0x78, 0x2F, 0x1C, 0xEB, 0xA4, 0x5A, 0x3A, 0x3E, 0x8A, 0x66, 0xE2,
    0x78, 0x96, 0x46, 0x8E, 0x99, 0xD4, 0xC7, 0x4A, 0xAF, 0xD8, 0x34, 0x9B, 0x8E, 0xF5, 0xFC, 0x7F,
    0x9B, 0xBD, 0xD5, 0xCD, 0xCE, 0x5A, 0x3D, 0xE3, 0xD3, 0x7D, 0x4A, 0x7A, 0x94, 0xA5, 0x6E, 0xA5,
    0x61, 0xA7, 0x2E, 0x4C, 0xFD, 0x01, 0x74, 0x8D, 0x3D, 0xA4, 0x78, 0x9C, 0x63, 0x60, 0x60, 0x60,
    0x58, 0xF0, 0x9F, 0x95, 0x01, 0x0A, 0x28, 0x65, 0x1E, 0xFB, 0x7F, 0xE7, 0xFF, 0xED, 0xFF, 0x39,
    0x40, 0xD6, 0x81, 0xFF, 0x10, 0xC0, 0xCD, 0xC0, 0xF0, 0xEB, 0x7F, 0xD5, 0x8B, 0xFF, 0x3D, 0x27,
    0xFE, 0xCF, 0x67, 0x70, 0xF8, 0xEF, 0x0F, 0x56, 0xFB, 0xFD, 0x3F, 0xD3, 0x82, 0xFF, 0x1C, 0x60,
    0xE6, 0x82, 0xFF, 0x9C, 0x1F, 0xFE, 0x33, 0x82, 0x99, 0x06, 0xFF, 0x79, 0x3F, 0xDD, 0x87, 0x1A,
    0xF6, 0x8F, 0xFF, 0xCB, 0x7E, 0x28, 0xF3, 0x8F, 0xFD, 0xD7, 0xF5, 0x50, 0xE6, 0x6F, 0xFF, 0x6F,
    0xF3, 0xA1, 0xCC, 0x5F, 0xFE, 0x48, 0xA2, 0x70, 0xB5, 0x7F, 0xF5, 0x3F, 0xBE, 0x87, 0x30, 0x05,
    0xFE, 0xF3, 0x1F, 0x00, 0x1B, 0xCF, 0xCA, 0x50, 0xF0, 0x9F, 0x3B, 0xE1, 0xBF, 0x1E, 0x98, 0xF9,
    0x05, 0x88, 0xFF, 0xFE, 0xAF, 0x7C, 0xF1, 0xBF, 0x7A, 0xF9, 0xFF, 0xF3, 0x0C, 0x0C, 0x17, 0xA1,
    0x8E, 0x94, 0x05, 0x3A, 0xF8, 0x3A, 0xD8, 0xE9, 0x35, 0xD4, 0x09, 0x07, 0x38, 0x13, 0x00, 0x48,
    0xCA, 0x7A, 0x00, 0x78, 0x9C, 0x1D, 0xCB, 0x51, 0x0D, 0x82, 0x50, 0x1C, 0x46, 0xF1, 0x03, 0x4E,
    0x99, 0x88, 0x9B, 0x09, 0x9C, 0x0D, 0xB0, 0x81, 0x36, 0x80, 0x06, 0xD2, 0x00, 0x1B, 0x68, 0x13,
    0x8D, 0x60, 0x03, 0x2B, 0xD0, 0x00, 0x49, 0x70, 0x27, 0xE3, 0x81, 0x89, 0x77, 0x9F, 0xF7, 0xEF,
    0xD3, 0xEF, 0xE5, 0x9C, 0x46, 0x4B, 0x28, 0x95, 0xEF, 0x95, 0xC3, 0x4B, 0x09, 0xE3, 0x13, 0xC6,
    0x16, 0x1A, 0xCD, 0x37, 0x3A, 0xC0, 0x51, 0xEB, 0xBB, 0x35, 0x7C, 0x2E, 0x83, 0x0B, 0xD0, 0xC9,
    0x17, 0x66, 0x29, 0xA5, 0x26, 0x93, 0x8B, 0xFE, 0x7A, 0xC5, 0xC6, 0x59, 0xCA, 0xCC, 0xDE, 0x4D,
    0xB5, 0xF9, 0xAD, 0x7B, 0x85, 0xA0, 0x52, 0x76, 0xD5, 0x0A, 0xDE, 0x9A, 0xE1, 0x4F, 0xE1, 0xBA,
    0xC1, 0xE0, 0xA2, 0x4A, 0x5B, 0x78, 0x28, 0xED, 0xB4, 0x80, 0x9D, 0x8A, 0x1F, 0x71, 0x2D, 0x36,
    0x76, 0x78, 0x9C, 0xFB, 0xDE, 0xCF, 0xC0, 0xC0, 0x50, 0xF0, 0x9F, 0x83, 0xE1, 0xFB, 0xC0, 0x32,
    0xF6, 0x97, 0x97, 0x97, 0x6F, 0xFF, 0x5F, 0xCD, 0xF2, 0xFD, 0x3F, 0x04, 0x70, 0xC0, 0x19, 0x0C,
    0x60, 0x90, 0xF0, 0x9F, 0x1D, 0x83, 0xC1, 0x06, 0x63, 0xB0, 0xC2, 0x19, 0x00, 0x19, 0x26, 0x49,
    0x0D, 0x78, 0x9C, 0xFB, 0xBA, 0x9E, 0x81, 0x81, 0x61, 0xC2, 0x7F, 0xB6, 0xAF, 0x04, 0xE8, 0x2F,
    0xFB, 0x21, 0xF4, 0xE7, 0xFB, 0x10, 0xFA, 0xC3, 0x7F, 0x16, 0x30, 0xDD, 0xF0, 0x3F, 0x8F, 0x49,
    0xF1, 0xE8, 0x7F, 0x36, 0x86, 0x3F, 0xFF, 0x41, 0x80, 0x0D, 0x28, 0x06, 0xA1, 0x19, 0x1C, 0xCA,
    0xDC, 0x26, 0x82, 0x68, 0x88, 0x7A, 0x62, 0x69, 0x00, 0xFE, 0x6B, 0x35, 0xCD, 0x78, 0x9C, 0xFB,
    0xDE, 0xCF, 0xC0, 0x20, 0xF0, 0x9F, 0x8F, 0x81, 0xE1, 0xC0, 0x7F, 0xE6, 0xEF, 0x43, 0x85, 0xBD,
    0xBF, 0xBC, 0xBC, 0xFC, 0x7F, 0x5D, 0x79, 0xF9, 0x75, 0x20, 0xFB, 0x3F, 0x1C, 0xA0, 0xB0, 0x01,
    0xA7, 0x73, 0x5F, 0x2B, 0x78, 0x9C, 0xFB, 0x15, 0xCF, 0xC0, 0xE0, 0xF0, 0x9F, 0x9B, 0x81, 0xE1,
    0xC3, 0x7F, 0x46, 0x86, 0x5F, 0x43, 0x93, 0x33, 0xBF, 0xBC, 0x7C, 0xFA, 0xFF, 0xDA, 0xF2, 0xF2,
    0xEF, 0xFF, 0xCB, 0x99, 0x7F, 0xFD, 0x47, 0x00, 0x76, 0x64, 0x0E, 0x1B, 0x03, 0x1C, 0x14, 0xA0,
    0x72, 0x58, 0x71, 0x72, 0x58, 0x90, 0x39, 0xCC, 0x00, 0x8C, 0x1D, 0x6B, 0xC3, 0x78, 0x9C, 0xFB,
    0xF1, 0xFF, 0xFF, 0x7F, 0x2E, 0x06, 0x10, 0xF8, 0x01, 0x67, 0x15, 0x97, 0x2F, 0x87, 0xB2, 0x18,
    0x18, 0x02, 0x08, 0xB0, 0x80, 0x60, 0x1D, 0x0B, 0x8C, 0xF5, 0x7F, 0x3D, 0x98, 0x55, 0x53, 0xDE,
    0xFE, 0xFB, 0x3F, 0x27, 0x54, 0x5D, 0xC2, 0x7F, 0x7D, 0x98, 0x8E, 0x3F, 0xF9, 0x30, 0xD6, 0x8F,
    0x7E, 0x18, 0xEB, 0x3B, 0x9C, 0xF5, 0x1B, 0x26, 0x1B, 0xF0, 0x5F, 0x1E, 0x6E, 0x0A, 0x3B, 0xCC,
    0xE4, 0x7E, 0x98, 0x1D, 0x6B, 0x99, 0x19, 0x00, 0x82, 0xE4, 0x3E, 0xFC, 0x78, 0x9C, 0xFB, 0xDE,
    0xCF, 0x00, 0x06, 0x01, 0xFF, 0xB9, 0xBE, 0x93, 0xC9, 0xFC, 0xFF, 0xFF, 0xFF, 0x7D, 0x4B, 0x38,
    0xF3, 0xFF, 0x7F, 0x0E, 0x30, 0x73, 0x7F, 0x79, 0xF9, 0x89, 0xFF, 0xF5, 0x70, 0xB5, 0x3F, 0xFE,
    0xC3, 0x99, 0x17, 0xFE, 0xB3, 0xC0, 0x98, 0x0B, 0xFE, 0xB3, 0xC1, 0x98, 0x13, 0x10, 0x4C, 0x24,
    0x05, 0xDF, 0xDF, 0x23, 0x0C, 0x8B, 0x47, 0x58, 0xC1, 0x0E, 0xB7, 0x58, 0x13, 0x6C, 0x31, 0x00,
    0x0B, 0x14, 0x54, 0xF7, 0x78, 0x9C, 0xFB, 0xDE, 0xCF, 0x00, 0x06, 0xDF, 0x89, 0xA5, 0xFF, 0xFF,
    0xFF, 0x7F, 0xDF, 0x12, 0x42, 0xFF, 0xFF, 0xCF, 0xC1, 0xF0, 0x7D, 0x7F, 0x79, 0xF9, 0x89, 0xFF,
    0xF5, 0x10, 0xF9, 0x1F, 0xFF, 0x21, 0xF4, 0x85, 0xFF, 0x2C, 0x60, 0x7A, 0xC1, 0x7F, 0x36, 0x30,
    0x3D, 0x01, 0x4A, 0xC3, 0xC4, 0xBF, 0xBF, 0x87, 0xEA, 0x8B, 0x87, 0x9A, 0xC3, 0x0E, 0x31, 0x57,
    0x93, 0x81, 0x01, 0x00, 0x5E, 0xF3, 0x3C, 0xB5, 0x78, 0x9C, 0x63, 0x60, 0xD8, 0xF2, 0x6F, 0x1D,
    0x2B, 0x03, 0x03, 0xC3, 0xC6, 0xFF, 0xFF, 0xFF, 0xEF, 0x67, 0x64, 0x60, 0xF8, 0xFB, 0xBE, 0xF2,
    0xD7, 0x7F, 0x5E, 0x86, 0x09, 0xFF, 0xB9, 0x18, 0x14, 0xFE, 0xCE, 0x67, 0xF8, 0x78, 0x1F, 0x28,
    0xF7, 0xF9, 0x3F, 0xD3, 0x97, 0x7E, 0x20, 0xBD, 0xE0, 0x3F, 0x87, 0x02, 0x13, 0x90, 0x4E, 0xF8,
    0xCF, 0xCD, 0x00, 0x02, 0x0A, 0xFF, 0xF9, 0x18, 0x80, 0x2A, 0x81, 0x80, 0x1F, 0x41, 0x3B, 0x94,
    0x97, 0x97, 0xFF, 0xE7, 0x75, 0x14, 0x01, 0xCA, 0x1B, 0xFC, 0xE7, 0xFE, 0x0A, 0xD2, 0x57, 0xF0,
    0x9F, 0x1D, 0x6C, 0xCE, 0xC3, 0xFF, 0x8C, 0x1B, 0x80, 0xE6, 0x32, 0xFC, 0xEE, 0x67, 0x50, 0xF8,
    0x77, 0xBF, 0xE2, 0x25, 0xD0, 0x1E, 0x86, 0xCB, 0x20, 0x7B, 0x41, 0x86, 0x1D, 0xFB, 0xB7, 0x0F,
    0xE8, 0x0E, 0x00, 0xAB, 0x21, 0x3B, 0x1F, 0x78, 0x9C, 0xFB, 0xDE, 0xCF, 0x00, 0x04, 0xDB, 0xFE,
    0x9D, 0x63, 0x67, 0x60, 0xF8, 0x0E, 0x62, 0x5F, 0xFA, 0xFF, 0xFF, 0xFF, 0x7B, 0x16, 0x30, 0x5B,
    0xE1, 0xDF, 0xFB, 0xCA, 0x9B, 0xFF, 0xE3, 0xC1, 0xEC, 0x0B, 0xFF, 0xB9, 0x18, 0x18, 0x7E, 0xFE,
    0x67, 0x04, 0xB1, 0xBF, 0x9D, 0x07, 0xAA, 0x5B, 0xF0, 0x9F, 0x13, 0xC4, 0xFE, 0xE3, 0x0F, 0x64,
    0x0B, 0xFC, 0xE7, 0x07, 0xB1, 0xFF, 0xF3, 0x83, 0xCC, 0xFA, 0xE3, 0x0F, 0x64, 0x1B, 0xFC, 0xE7,
    0x01, 0xB1, 0x7F, 0xE6, 0x7F, 0x07, 0x1A, 0x07, 0xD2, 0x0A, 0x32, 0x1D, 0xC1, 0xFE, 0x51, 0xFF,
    0x7D, 0x7F, 0xF9, 0xF4, 0xFF, 0xDC, 0x50, 0x35, 0xFD, 0x0C, 0x0A, 0xFF, 0xF9, 0xE0, 0x7A, 0x19,
    0xFE, 0xD9, 0x23, 0xCC, 0xFC, 0x81, 0x64, 0xD7, 0x43, 0x90, 0xE6, 0xEF, 0xEF, 0xC1, 0x6E, 0x70,
    0xF8, 0xFF, 0xBE, 0xF2, 0x06, 0xD4, 0x6D, 0x0C, 0x4F, 0x10, 0x6E, 0x06, 0xF9, 0xE5, 0xBC, 0x38,
    0x03, 0x03, 0x00, 0x1C, 0x89, 0x5C, 0x12, 0x78, 0x9C, 0x63, 0x60, 0x98, 0xFC, 0xF7, 0xFF, 0xFF,
    0xFF, 0xF3, 0x19, 0x1A, 0xFE, 0xFF, 0x07, 0xD3, 0xDF, 0xFF, 0xF7, 0xA4, 0xA5, 0xFD, 0x9A, 0xCF,
    0xF0, 0x3F, 0x9F, 0x81, 0x81, 0xE1, 0xDB, 0x7C, 0x87, 0xFF, 0xBC, 0x50, 0x9A, 0x1B, 0x4C, 0x2B,
    0xFC, 0x97, 0x03, 0xD3, 0x0C, 0x7F, 0xCE, 0xB3, 0x80, 0xE9, 0x47, 0x50, 0x7D, 0x0A, 0xBF, 0x21,
    0x34, 0xC3, 0xA7, 0xFF, 0xE5, 0xE5, 0x40, 0xFD, 0x0C, 0xBF, 0xFA, 0xC1, 0xF2, 0x06, 0xFF, 0xF9,
    0xC0, 0xF4, 0x81, 0xFF, 0x6C, 0x60, 0xFA, 0xEB, 0x7D, 0x88, 0xFE, 0xBF, 0xF1, 0x60, 0x3A, 0xE1,
    0x3F, 0x0F, 0x98, 0x7E, 0xF0, 0x9F, 0x05, 0x4C, 0x03, 0x00, 0x0E, 0xDD, 0x45, 0xED, 0x78, 0x9C,
    0x63, 0x28, 0xF8, 0x2F, 0xC7, 0x00, 0x06, 0xBF, 0xF6, 0x43, 0xE8, 0x03, 0xFF, 0xD9, 0xC0, 0xB4,
    0xC0, 0x3F, 0x7D, 0x88, 0xC0, 0xE3, 0x1C, 0x06, 0x6C, 0xA0, 0xE0, 0xCF, 0x7D, 0x2F, 0x20, 0x65,
    0xF0, 0xEF, 0xFF, 0xFF, 0xFF, 0x5C, 0x0C, 0x0C, 0x5F, 0xFE, 0xF7, 0x2C, 0xFF, 0xBF, 0x1E, 0xA8,
    0x2B, 0x9E, 0x81, 0xE1, 0xD1, 0x7F, 0x96, 0x86, 0xFF, 0xEC, 0x0C, 0x0C, 0x01, 0xFF, 0xB9, 0x1F,
    0xFC, 0x07, 0xA9, 0xFD, 0xCF, 0xFF, 0x19, 0x6C, 0xFA, 0x1F, 0xFD, 0xAF, 0xFF, 0xC1, 0xC0, 0xFE,
    0x3B, 0x84, 0xF6, 0xFF, 0xBE, 0xBF, 0x1C, 0x04, 0xD4, 0xBF, 0xCD, 0x87, 0x98, 0xFA, 0xE5, 0x3C,
    0x84, 0xFE, 0xF8, 0x9F, 0x09, 0x4C, 0x6F, 0xF8, 0xCF, 0x0D, 0x24, 0x1B, 0x19, 0x0C, 0x80, 0x66,
    0x03, 0xED, 0xE2, 0x66, 0xF8, 0xF6, 0x7F, 0x5E, 0xFB, 0x9F, 0xFF, 0xAC, 0x40, 0xB3, 0x81, 0x20,
    0x0E, 0x28, 0x57, 0xF8, 0xE6, 0x7D, 0x0D, 0x23, 0x03, 0x00, 0x7D, 0x51, 0x48, 0xF9, 0x78, 0x9C,
    0x63, 0x10, 0x30, 0x65, 0x60, 0x08, 0x64, 0x62, 0x60, 0xB8, 0xF0, 0x9F, 0x99, 0xE1, 0x9F, 0x3E,
    0x03, 0xC3, 0x87, 0xFF, 0x6C, 0x02, 0xFF, 0xFD, 0x19, 0x18, 0x1A, 0xCE, 0x33, 0x32, 0xFC, 0xE4,
    0x61, 0xC0, 0x0D, 0x0A, 0xFE, 0xDC, 0xF7, 0x02, 0x52, 0x06, 0xFF, 0xFE, 0xFF, 0xFF, 0xCF, 0xC5,
    0xC0, 0xF0, 0xE5, 0x7F, 0xCF, 0xF2, 0xFF, 0xEB, 0x19, 0x04, 0xFE, 0xC5, 0x33, 0x30, 0x3C, 0xFA,
    0xCF, 0xD2, 0xF0, 0x9F, 0x9D, 0x81, 0x21, 0xE0, 0x3F, 0xF7, 0x83, 0xFF, 0x20, 0xB5, 0xFF, 0xF9,
    0x3F, 0xEF, 0x07, 0xD1, 0x7F, 0xF4, 0xBF, 0xFE, 0x07, 0x03, 0xFB, 0xEF, 0x10, 0xDA, 0xFF, 0xFB,
    0xFE, 0x72, 0x10, 0x50, 0xFF, 0x36, 0x1F, 0x62, 0xEA, 0x97, 0xF3, 0x10, 0xFA, 0xE3, 0x7F, 0x26,
    0x30, 0xBD, 0xE1, 0x3F, 0x37, 0x90, 0x6C, 0x64, 0x30, 0x00, 0x9A, 0x0D, 0xB4, 0x8B, 0x9B, 0xE1,
    0xDB, 0xFF, 0x79, 0xED, 0x7F, 0xFE, 0xB3, 0x02, 0xCD, 0x06, 0x82, 0x38, 0xA0, 0x5C, 0xE1, 0x9B,
    0xF7, 0x35, 0x8C, 0x0C, 0x00, 0xAC, 0x90, 0x4A, 0xA1, 0x78, 0x9C, 0x63, 0x38, 0xF0, 0x9F, 0x99,
    0x01, 0x0C, 0x30, 0x18, 0xDF, 0xFE, 0x03, 0x01, 0x2F, 0x32, 0xA3, 0xE8, 0xFA, 0xFF, 0xCA, 0x72,
    0x36, 0x74, 0xC5, 0x5B, 0xFF, 0xAD, 0x63, 0x06, 0x31, 0xB6, 0x00, 0x55, 0xE5, 0x83, 0x18, 0xFF,
    0xD6, 0xAF, 0xFC, 0xFF, 0x9F, 0x09, 0xC8, 0xD8, 0xCF, 0xC8, 0x70, 0xF1, 0x3F, 0x27, 0x90, 0xC1,
    0xC3, 0xC0, 0xE0, 0x00, 0x24, 0x0E, 0xFC, 0x67, 0x61, 0x60, 0x10, 0xF8, 0xCF, 0x07, 0xD5, 0xFE,
    0x9F, 0x9F, 0x1E, 0x0C, 0x08, 0xC0, 0x60, 0x28, 0x00, 0x9D, 0x01, 0x06, 0x0D, 0xFF, 0xB9, 0xC0,
    0x74, 0xF9, 0x2F, 0x90, 0xEB, 0x40, 0x2A, 0xFE, 0xCF, 0x87, 0xC8, 0xFC, 0x3D, 0xCF, 0xCA, 0x00,
    0x00, 0xC1, 0x15, 0x5C, 0x21, 0x78, 0x9C, 0x63, 0x60, 0x10, 0xF8, 0x37, 0x9F, 0x81, 0x81, 0x61,
    0xC1, 0x7F, 0x6E, 0x20, 0xF9, 0xF5, 0x3C, 0x90, 0x10, 0xF8, 0x27, 0x07, 0x24, 0x03, 0xDE, 0x30,
    0x31, 0xA0, 0x80, 0x1F, 0xFF, 0x81, 0xA0, 0x1F, 0x4A, 0xEE, 0x2F, 0x2F, 0x2F, 0x37, 0xFF, 0x51,
    0x0F, 0x16, 0xA7, 0x01, 0x09, 0x00, 0xC0, 0x9B, 0x2B, 0xD8, 0x78, 0x9C, 0x63, 0x60, 0x28, 0xFC,
    0xF3, 0x3E, 0x9A, 0x81, 0x81, 0xC1, 0xE1, 0x3F, 0x10, 0xC8, 0x30, 0x30, 0x7C, 0xF9, 0xDF, 0x3B,
    0xFD, 0xFF, 0x7D, 0x06, 0x81, 0x7F, 0xFD, 0x0C, 0x0C, 0x07, 0xFF, 0x73, 0x34, 0xFC, 0xE7, 0x62,
    0x60, 0x10, 0xF8, 0xCF, 0x7F, 0xE1, 0x3F, 0x13, 0x50, 0xD1, 0x2F, 0xFB, 0x4F, 0xEF, 0x81, 0x14,
    0x43, 0xB1, 0xFA, 0xE7, 0xFD, 0x0C, 0x60, 0xF0, 0x15, 0xA4, 0x8D, 0x19, 0x41, 0x7F, 0xB9, 0x5F,
    0x5E, 0x5E, 0xCE, 0xC8, 0xC0, 0xF0, 0xF1, 0x3E, 0x44, 0xFE, 0xC1, 0x7F, 0x20, 0x87, 0xE1, 0xB8,
    0x4D, 0xC3, 0x7F, 0x0E, 0x20, 0xFD, 0x57, 0x5E, 0xE0, 0x7F, 0x3E, 0x03, 0xC3, 0xC2, 0xFF, 0x9C,
    0x40, 0x0D, 0x3D, 0xD3, 0xFF, 0xDD, 0x67, 0x64, 0x08, 0x00, 0x69, 0x94, 0x06, 0xCA, 0x15, 0xBE,
    0x79, 0xEF, 0xC5, 0xC0, 0x00, 0x00, 0x78, 0xAA, 0x3C, 0xD8, 0x78, 0x9C, 0x63, 0x60, 0xD8, 0xF6,
    0xEF, 0x9C, 0x04, 0x03, 0x03, 0xC3, 0xA5, 0xFF, 0x40, 0xC0, 0xCA, 0x20, 0xF0, 0xEF, 0x7D, 0xE5,
    0xCB, 0xFF, 0xFE, 0x0C, 0x0D, 0xFF, 0xB9, 0x19, 0x18, 0x7E, 0xDD, 0x67, 0x38, 0xF0, 0x9F, 0x99,
    0x81, 0xE1, 0xC1, 0x7F, 0xC6, 0x0B, 0x20, 0x3A, 0xA0, 0x9C, 0x71, 0xC2, 0x7F, 0x1D, 0x06, 0x10,
    0x50, 0xF8, 0xF7, 0xBF, 0x86, 0x19, 0xC4, 0xD8, 0x04, 0xD4, 0x66, 0x05, 0x62, 0x4C, 0xFE, 0xFB,
    0xFF, 0x3F, 0x17, 0x88, 0x21, 0xB0, 0xF5, 0xFF, 0x7A, 0xB0, 0x1A, 0x86, 0x2F, 0xFF, 0x99, 0xB6,
    0x64, 0x03, 0xE9, 0x0D, 0xFF, 0x59, 0xBF, 0x9C, 0x07, 0xD2, 0x0B, 0xFE, 0xB3, 0x3E, 0xF8, 0xCF,
    0x01, 0x12, 0x67, 0x74, 0xF8, 0xFF, 0xBE, 0x72, 0xC7, 0xFF, 0x7E, 0x06, 0x86, 0x27, 0x20, 0x7B,
    0x39, 0x81, 0xBA, 0xB6, 0xFF, 0xBB, 0x6F, 0xC9, 0xC0, 0x00, 0x00, 0x15, 0x05, 0x3C, 0xC2, 0x78,
    0x9C, 0x0B, 0x60, 0xFD, 0x31, 0xFF, 0xF7, 0xFE, 0x27, 0x7E, 0x0C, 0x60, 0xF0, 0xBD, 0x9F, 0x30,
    0x04, 0x00, 0xDE, 0x83, 0x20, 0x45, 0x78, 0x9C, 0x13, 0x30, 0x65, 0x60, 0x08, 0x64, 0xBA, 0xF0,
    0x9F, 0x99, 0xE1, 0x9F, 0xFE, 0xC7, 0xFF, 0xAC, 0x0A, 0xFF, 0xFD, 0x27, 0x9C, 0x67, 0x64, 0xF8,
    0xC5, 0xCD, 0x80, 0x05, 0xFC, 0xE8, 0xA7, 0x17, 0x09, 0x00, 0xE3, 0xD7, 0x24, 0xDE, 0x78, 0x9C,
    0x63, 0x60, 0x08, 0x60, 0x61, 0x60, 0xF8, 0x1D, 0xCF, 0xC0, 0xF0, 0xAF, 0x9F, 0x81, 0xE1, 0x9B,
    0x2E, 0x03, 0x0A, 0xF8, 0x15, 0x4F, 0x5D, 0xFC, 0xDB, 0x1F, 0x68, 0x8F, 0xFE, 0x84, 0x9B, 0xFF,
    0xF9, 0x3E, 0xFC, 0xFF, 0xCF, 0x7A, 0xE1, 0xBF, 0x37, 0x03, 0x00, 0xAD, 0x7F, 0x29, 0x4D, 0x78,
    0x9C, 0x63, 0x60, 0xF8, 0xFA, 0x1F, 0x04, 0x18, 0xA0, 0xE0, 0x1B, 0x2A, 0xEF, 0x7C, 0x79, 0xF9,
    0x77, 0x38, 0xEF, 0x7B, 0x3D, 0x03, 0xC3, 0x07, 0x38, 0xEF, 0x07, 0x2A, 0x2F, 0x1F, 0x99, 0xF7,
    0x33, 0x1E, 0x99, 0xF7, 0xCB, 0x1F, 0xC4, 0xFB, 0xFF, 0xFF, 0x7D, 0x0D, 0x98, 0x67, 0x0F, 0xE1,
    0xFD, 0xFF, 0x6F, 0x07, 0xE4, 0xFD, 0xD6, 0x07, 0xF1, 0xCA, 0xCB, 0xA7, 0xFF, 0x7B, 0xCF, 0xC8,
    0xC0, 0xF0, 0x57, 0x1E, 0xAA, 0xEF, 0xE2, 0x7F, 0x0E, 0x06, 0x86, 0xFF, 0xFC, 0x50, 0x9E, 0xC3,
    0x7F, 0x1E, 0x06, 0x05, 0x20, 0x86, 0xF0, 0x14, 0xFE, 0xF3, 0x31, 0x14, 0xFC, 0xE7, 0x84, 0xF2,
    0x02, 0x80, 0xE2, 0x8F, 0xFE, 0xB3, 0x20, 0xF4, 0x6D, 0xFE, 0x7F, 0x9F, 0x01, 0xC4, 0x4B, 0x4B,
    0x9B, 0x06, 0x34, 0xF3, 0xDB, 0x7F, 0x7B, 0x06, 0x98, 0x7D, 0xBA, 0x0C, 0xDF, 0xD6, 0x31, 0x31,
    0x20, 0xDC, 0x02, 0x00, 0x8B, 0xF7, 0x61, 0x7C, 0x78, 0x9C, 0xFB, 0xDE, 0xCF, 0xC0, 0xC0, 0x50,
    0xF0, 0x9F, 0x83, 0x01, 0x04, 0xBE, 0x53, 0x97, 0xF3, 0x1F, 0x0A, 0xDE, 0xCF, 0x61, 0x46, 0x70,
    0xFE, 0xFF, 0x9F, 0xCF, 0xF0, 0x7D, 0x7F, 0x79, 0x79, 0xF9, 0xF6, 0xFF, 0x3D, 0x1D, 0x33, 0xFE,
    0xFC, 0xE7, 0x40, 0xE8, 0x49, 0xF8, 0x2F, 0x8F, 0x64, 0xC0, 0x9F, 0x78, 0x24, 0xCE, 0xCF, 0x7C,
    0x1C, 0x32, 0x01, 0x70, 0x3D, 0xD9, 0x69, 0x65, 0xBF, 0xE1, 0xA6, 0x41, 0xED, 0x81, 0x73, 0xD6,
    0x32, 0x33, 0x00, 0x00, 0x74, 0x44, 0x5D, 0xE0, 0x78, 0x9C, 0x63, 0x38, 0xF0, 0x9F, 0x99, 0x01,
    0x0C, 0x30, 0x18, 0x1F, 0xFE, 0x03, 0x81, 0x3D, 0x32, 0xA3, 0xE0, 0xFA, 0xFF, 0xCA, 0x72, 0x71,
    0x74, 0xC5, 0x5B, 0xFF, 0xAD, 0x63, 0x06, 0x31, 0xB6, 0x00, 0x55, 0xE5, 0x83, 0x18, 0xFF, 0xD6,
    0xAF, 0xFC, 0xFF, 0x9F, 0x09, 0xC8, 0xD8, 0xCF, 0xC8, 0x70, 0xF1, 0x3F, 0x07, 0x90, 0xC1, 0xC3,
    0xC0, 0xE0, 0x00, 0x24, 0x0E, 0xFC, 0x67, 0x61, 0x60, 0x10, 0xF8, 0xCF, 0x07, 0xD5, 0xFE, 0x9F,
    0x9F, 0x0E, 0x0C, 0x00, 0x20, 0x04, 0x50, 0xD3, 0x78, 0x9C, 0x63, 0x60, 0x60, 0x30, 0xF8, 0x1F,
    0xCF, 0x00, 0x02, 0x17, 0xFE, 0xB3, 0x83, 0xE9, 0x1F, 0xF3, 0xC1, 0x94, 0xC3, 0x7F, 0x6E, 0x30,
    0x5D, 0x70, 0x87, 0x91, 0x01, 0x13, 0x7C, 0xEF, 0x07, 0x12, 0x0F, 0xFF, 0x73, 0x80, 0xE9, 0x3F,
    0xE7, 0xC1, 0xFC, 0x86, 0xFF, 0x72, 0x60, 0xFA, 0xCB, 0x7F, 0x16, 0x10, 0x2D, 0xF0, 0xAF, 0x1E,
    0xAC, 0x6E, 0x03, 0xC8, 0x20, 0x20, 0xFD, 0xFD, 0x3D, 0x23, 0x88, 0x36, 0xF8, 0x6F, 0x0F, 0xD2,
    0xFF, 0xFF, 0xFF, 0x7F, 0x36, 0x28, 0x0D, 0xB2, 0xF6, 0xFB, 0xFD, 0x55, 0xFF, 0xFD, 0x21, 0xE6,
    0xFE, 0xFC, 0xCF, 0x04, 0xA6, 0x0F, 0xFC, 0x97, 0x65, 0x80, 0x98, 0x73, 0x1E, 0x62, 0xDF, 0xA7,
    0xFF, 0x9C, 0x60, 0x3A, 0xE0, 0x7F, 0x3E, 0xC4, 0xFE, 0xEF, 0xFF, 0x59, 0xC0, 0xF4, 0x82, 0xFF,
    0xFA, 0x00, 0xF8, 0x43, 0x45, 0x46, 0x78, 0x9C, 0x65, 0xCE, 0xB1, 0x0D, 0x40, 0x60, 0x14, 0x04,
    0xE0, 0x17, 0x11, 0x84, 0x48, 0x6C, 0x60, 0x04, 0x2B, 0xD8, 0xC0, 0x2A, 0x4A, 0x9D, 0x11, 0xD8,
    0xE4, 0x5F, 0xC1, 0x06, 0xF4, 0x3A, 0x0B, 0x88, 0x48, 0x10, 0x09, 0xC7, 0x7F, 0x4F, 0xE7, 0x8A,
    0xFB, 0xAE, 0x3C, 0x99, 0xE0, 0x8B, 0x4D, 0x8E, 0x8C, 0xCA, 0xD6, 0xAB, 0x2D, 0x02, 0x1D, 0x63,
    0x28, 0xFF, 0xEC, 0xCD, 0x5B, 0x1D, 0x02, 0xBA, 0xA9, 0xC9, 0xAD, 0xB6, 0x50, 0xD7, 0xCF, 0xCB,
    0xD0, 0x12, 0x15, 0x5D, 0xE6, 0x92, 0x9E, 0x05, 0xCD, 0x11, 0xD1, 0x01, 0x0E, 0x3D, 0x6A, 0xB1,
    0x1A, 0xC4, 0x14, 0x70, 0x55, 0x23, 0x6A, 0xFA, 0xE9, 0xA9, 0xF6, 0xED, 0xEB, 0x03, 0x6B, 0x31,
    0x50, 0xE8, 0x78, 0x9C, 0x65, 0x8E, 0xCD, 0x11, 0x82, 0x40, 0x0C, 0x85, 0x1F, 0x2A, 0xF8, 0xC3,
    0x8C, 0x78, 0xF5, 0x84, 0x25, 0xD8, 0x81, 0x14, 0xE0, 0x8C, 0x76, 0x00, 0x1D, 0x48, 0x09, 0x96,
    0x40, 0x07, 0xDA, 0xC1, 0xDA, 0x81, 0x9E, 0xBD, 0x68, 0x07, 0xDA, 0xC1, 0x8A, 0x3F, 0x03, 0xA3,
    0x0C, 0xCF, 0xEC, 0xE2, 0xCD, 0x1C, 0xF2, 0x25, 0xF3, 0x92, 0x97, 0x20, 0xD3, 0x40, 0x11, 0x00,
    0x4B, 0xF6, 0xA6, 0xB5, 0x0F, 0xE0, 0x4D, 0xEA, 0x96, 0x30, 0xA9, 0x2E, 0x63, 0xFC, 0x45, 0x71,
    0x92, 0x34, 0x61, 0x98, 0xD3, 0x01, 0x52, 0xFA, 0x07, 0x7A, 0xC0, 0x8E, 0x6E, 0x42, 0xD9, 0xCD,
    0x89, 0x11, 0x43, 0xE0, 0xA5, 0x80, 0xCF, 0x4A, 0xAC, 0x62, 0xA9, 0xF7, 0x00, 0xC5, 0xFF, 0x46,
    0x27, 0xE2, 0x00, 0xC8, 0xE8, 0x65, 0x74, 0x81, 0x88, 0xFE, 0x95, 0xC6, 0xB1, 0x0E, 0xEE, 0xCA,
    0xB0, 0x8C, 0x8B, 0x85, 0xE1, 0x43, 0x55, 0x43, 0xC3, 0x33, 0xD9, 0x37, 0x4C, 0xC9, 0x0E, 0xEC,
    0x51, 0xDD, 0xBC, 0x50, 0x6D, 0x1A, 0x96, 0xB3, 0x5F, 0x6F, 0xC7, 0x45, 0xB7, 0xE3, 0x58, 0xB3,
    0x6D, 0xF9, 0x34, 0x9F, 0x22, 0x39, 0xD2, 0xBA, 0x6E, 0xC9, 0x6E, 0xA3, 0xCE, 0xAD, 0xFA, 0x05,
    0xBC, 0x89, 0x48, 0xF6, 0x78, 0x9C, 0xFB, 0xDE, 0xCF, 0xC0, 0xC0, 0x50, 0xF0, 0x9F, 0xE3, 0x3B,
    0xBD, 0xE9, 0xFD, 0xE5, 0xE5, 0xE5, 0xDB, 0x81, 0xF4, 0x7F, 0x30, 0x80, 0xD3, 0x40, 0xD9, 0x7F,
    0xFC, 0x0C, 0x60, 0x40, 0x14, 0x0D, 0x00, 0x52, 0x68, 0x45, 0xED, 0x78, 0x9C, 0xFB, 0xF6, 0xFF,
    0xFF, 0x7F, 0xF6, 0x6F, 0x20, 0xA2, 0xA8, 0xBC, 0xBC, 0x9C, 0x19, 0x00, 0x5D, 0xB9, 0x09, 0xCF,
    0x78, 0x9C, 0xFB, 0xF6, 0xFF, 0xFF, 0x7F, 0xF6, 0x6F, 0x20, 0xA2, 0xA8, 0xBC, 0xBC, 0x9C, 0x19,
    0x00, 0x5D, 0xB9, 0x09, 0xCF, 0x78, 0x9C, 0xFB, 0xF6, 0x1F, 0x02, 0x78, 0xBE, 0xC1, 0x18, 0x45,
    0xE5, 0x10, 0xC0, 0x0A, 0x00, 0x43, 0x0D, 0x13, 0xAF, 0x78, 0x9C, 0xFB, 0xFD, 0x1F, 0x06, 0xEE,
    0xFF, 0x46, 0x30, 0x4B, 0xCA, 0x61, 0x20, 0x1C, 0x00, 0x06, 0x81, 0x1A, 0x9D, 0x78, 0x9C, 0xFB,
    0xFD, 0x1F, 0x06, 0xEE, 0xFF, 0x46, 0x30, 0x4B, 0xCA, 0x61, 0x20, 0x1C, 0x00, 0x06, 0x81, 0x1A,
    0x9D, 0x78, 0x9C, 0x2B, 0x2D, 0x07, 0x03, 0xB6, 0x3F, 0xFF, 0xC1, 0x80, 0x1F, 0x46, 0x33, 0xA0,
    0x01, 0x74, 0xF9, 0x52, 0xA8, 0x3E, 0x00, 0x75, 0x8A, 0x22, 0x9F, 0x78, 0x9C, 0x63, 0x38, 0xC4,
    0xCC, 0xF0, 0x8F, 0xB7, 0xE1, 0x3F, 0xCB, 0x83, 0xF7, 0x0C, 0x5F, 0xD6, 0x33, 0x7C, 0xEB, 0x67,
    0xF8, 0x0E, 0x46, 0x00, 0x87, 0xA3, 0x0B, 0x57, 0x78, 0x9C, 0x63, 0xF8, 0xE5, 0xCF, 0x00, 0x44,
    0xBF, 0xED, 0x19, 0xFE, 0xC8, 0x0B, 0xFC, 0xE7, 0x29, 0xF8, 0xCF, 0xFA, 0xE0, 0x3C, 0x43, 0x80,
    0x0C, 0x03, 0x00, 0x7D, 0x5E, 0x09, 0x92, 0x78, 0x9C, 0x63, 0x78, 0x2B, 0xC7, 0xF0, 0x4F, 0x9E,
    0xE1, 0x3F, 0xBF, 0xC0, 0x7F, 0xDE, 0x80, 0xFF, 0x1C, 0x1B, 0xFE, 0x33, 0x7D, 0xEE, 0x67, 0x48,
    0xE0, 0x62, 0x00, 0x00, 0x76, 0x72, 0x09, 0x47, 0x78, 0x9C, 0xFB, 0x6D, 0xCF, 0xF0, 0x1B, 0x8C,
    0x7E, 0xC4, 0x33, 0x7C, 0x9E, 0xCF, 0x70, 0xE1, 0x3F, 0x83, 0xC1, 0x7F, 0x0E, 0x86, 0x6D, 0x8C,
    0x00, 0x89, 0x84, 0x0A, 0x55, 0x78, 0x9C, 0x63, 0x38, 0xC8, 0x22, 0x10, 0xC3, 0xC0, 0xF0, 0x87,
    0x6F, 0xC3, 0x7F, 0xC6, 0x84, 0xFF, 0x6C, 0x5F, 0xFB, 0x19, 0x2E, 0xFC, 0x67, 0xF8, 0x2D, 0xCF,
    0xF0, 0xE9, 0x3C, 0xC3, 0x7F, 0x5E, 0x86, 0x2F, 0xEB, 0x15, 0xFE, 0x73, 0x33, 0x7C, 0x5D, 0x6F,
    0x00, 0x26, 0x1D, 0x80, 0x24, 0x00, 0xF0, 0xD7, 0x15, 0x24, 0x78, 0x9C, 0x63, 0xF8, 0x5E, 0xDF,
    0xF0, 0x9F, 0x8D, 0x01, 0x42, 0xFE, 0xC8, 0x6F, 0xF8, 0xCF, 0xCA, 0xF0, 0xD3, 0x7F, 0xC1, 0x7F,
    0x66, 0x86, 0xBF, 0xFC, 0x0F, 0xDE, 0x33, 0x38, 0xFC, 0xE7, 0xF8, 0xDA, 0xCF, 0x70, 0xE0, 0x3D,
    0xE3, 0x5F, 0x3E, 0x06, 0x03, 0x1B, 0x86, 0xC3, 0x4C, 0x0C, 0x00, 0x39, 0x63, 0x15, 0x5E, 0x78,
    0x9C, 0x63, 0xF8, 0x27, 0xFF, 0xE9, 0x3E, 0x03, 0x82, 0xF8, 0xCF, 0xFF, 0xE9, 0xBC, 0xC0, 0x7F,
    0xDE, 0x2F, 0xEB, 0x03, 0xFE, 0x73, 0xFC, 0xF0, 0xDF, 0xF0, 0x9F, 0xE9, 0x1F, 0xEF, 0xE7, 0xFE,
    0x82, 0xFF, 0xAC, 0x05, 0x5C, 0x0C, 0x95, 0x0C, 0x00, 0x44, 0x98, 0x17, 0x9C, 0x78, 0x9C, 0x63,
    0x60, 0x60, 0xF8, 0x36, 0x9F, 0x01, 0x02, 0x88, 0x67, 0xFC, 0xFB, 0x0F, 0x01, 0x8C, 0x70, 0x46,
    0x59, 0x79, 0xF9, 0xEF, 0xF3, 0xE5, 0xE5, 0xE5, 0xA4, 0x99, 0x43, 0x3B, 0x06, 0x00, 0x83, 0xFE,
    0x35, 0xBD, 0x78, 0x9C, 0x63, 0x60, 0x60, 0xF8, 0x7C, 0x9E, 0x01, 0x02, 0x88, 0x67, 0xFC, 0xFC,
    0x0F, 0x01, 0xAC, 0x70, 0x46, 0x49, 0x79, 0xF9, 0xCF, 0xF7, 0xE5, 0xE5, 0xE5, 0x4C, 0x24, 0x99,
    0x43, 0x21, 0x03, 0x68, 0xE9, 0x0F, 0xB0, 0xA5, 0x98, 0xEE, 0xA1, 0xD0, 0x64, 0x00, 0x4F, 0x71,
    0x55, 0x30, 0x78, 0x9C, 0x0B, 0xF8, 0x1B, 0xCB, 0xF0, 0xE5, 0xFF, 0x7F, 0x96, 0x5F, 0xFF, 0xFF,
    0x73, 0xFD, 0xF9, 0xFF, 0x9F, 0x07, 0x44, 0x03, 0xF9, 0xAC, 0x09, 0x7F, 0x73, 0x19, 0x40, 0x00,
    0x00, 0x5C, 0x09, 0x12, 0x6C, 0x78, 0x9C, 0x4B, 0x50, 0x67, 0x60, 0x28, 0x65, 0xFA, 0xF6, 0x9E,
    0x21, 0xE1, 0x3F, 0xDF, 0x8F, 0xFF, 0x0C, 0x0D, 0xFF, 0xE5, 0x2F, 0xF5, 0x33, 0x28, 0xFC, 0xE5,
    0x00, 0x00, 0x79, 0x55, 0x0A, 0x6C, 0x78, 0x9C, 0x4B, 0x50, 0x67, 0x60, 0x28, 0x65, 0x62, 0x28,
    0x64, 0xFF, 0xF6, 0x9E, 0x21, 0xE1, 0x3F, 0x1F, 0xC3, 0xEF, 0xF5, 0x3F, 0xFE, 0x33, 0x34, 0xFC,
    0x97, 0x67, 0xF8, 0x7B, 0xFE, 0x52, 0x3F, 0x83, 0xC2, 0x5F, 0x0E, 0x86, 0xA7, 0x7E, 0x00, 0x03,
    0x81, 0x0F, 0x8D, 0x78, 0x9C, 0x7B, 0xEC, 0xF7, 0xF3, 0xFC, 0xF7, 0xF9, 0x0E, 0xAC, 0x00, 0x19,
    0x61, 0x04, 0xD5, 0x78, 0x9C, 0x63, 0x60, 0x60, 0x60, 0x58, 0xFA, 0xF7, 0x7D, 0x0F, 0x90, 0xBA,
    0xFC, 0xFF, 0xFF, 0xFF, 0xFB, 0x0C, 0x0C, 0x0E, 0xFF, 0xFF, 0xCF, 0x59, 0xB9, 0x97, 0x81, 0xE1,
    0xE1, 0x7F, 0x1D, 0x06, 0x10, 0xF8, 0x79, 0x1F, 0x4C, 0x31, 0xFC, 0xF7, 0x07, 0x53, 0x0E, 0xFF,
    0xF9, 0xC0, 0x74, 0xC1, 0x7F, 0x2E, 0x30, 0xDD, 0xF0, 0x9F, 0x03, 0x44, 0x7D, 0xFF, 0x0F, 0x02,
    0xDC, 0x70, 0x9A, 0x61, 0x02, 0x44, 0x1C, 0x46, 0x63, 0xC8, 0x43, 0xF5, 0xC1, 0xCD, 0x71, 0xF8,
    0xCF, 0x0B, 0xB5, 0xC7, 0x1E, 0x42, 0xFF, 0x3A, 0x0F, 0xA1, 0x3F, 0xFD, 0x97, 0x06, 0xD3, 0x01,
    0xFF, 0xFF, 0xCF, 0x9E, 0xB1, 0x06, 0xC8, 0x78, 0x02, 0x71, 0x27, 0x03, 0xC3, 0xB2, 0x7F, 0xEF,
    0x7B, 0x00, 0x87, 0xC1, 0x46, 0x19, 0x78, 0x9C, 0x5D, 0xCF, 0x3F, 0x0E, 0x01, 0x41, 0x14, 0x06,
    0xF0, 0xCF, 0x9F, 0x90, 0xA0, 0x70, 0x04, 0x85, 0xDE, 0xDE, 0x80, 0x42, 0xA7, 0xD8, 0x2B, 0x38,
    0x84, 0x9E, 0x46, 0x29, 0x34, 0x1A, 0xCD, 0xEE, 0x0D, 0x6C, 0xAB, 0x5A, 0x37, 0x58, 0x71, 0x01,
    0x6A, 0xCD, 0xC8, 0x62, 0x0A, 0xC4, 0xE7, 0xCD, 0x23, 0x62, 0xF7, 0x15, 0x93, 0xFC, 0x32, 0xEF,
    0xBD, 0xF9, 0xC6, 0xB2, 0x08, 0x60, 0xC2, 0x2A, 0xBC, 0x93, 0x19, 0x00, 0x96, 0xB5, 0xAF, 0x2D,
    0xA9, 0x67, 0xE7, 0x63, 0x8F, 0xE3, 0xD1, 0xCB, 0x17, 0xAF, 0x3F, 0x0E, 0x59, 0x42, 0x1A, 0xBB,
    0xAE, 0xA2, 0x7A, 0x97, 0x00, 0x11, 0x61, 0x0D, 0xEB, 0xEA, 0xB3, 0xF4, 0x2D, 0xC4, 0xC1, 0xB3,
    0xFB, 0xE7, 0x82, 0x0D, 0xAE, 0xB1, 0xFA, 0x18, 0x7F, 0xEF, 0xB7, 0xB2, 0xC8, 0xCD, 0x1B, 0x60,
    0x6B, 0xC4, 0x3D, 0x59, 0x20, 0x76, 0x11, 0x6E, 0x81, 0x18, 0x4F, 0xDF, 0xB9, 0xF9, 0x4A, 0x36,
    0x92, 0x45, 0x7C, 0x49, 0x34, 0xDF, 0x9E, 0x34, 0x25, 0xE7, 0x88, 0x65, 0x67, 0x2C, 0x57, 0x15,
    0x38, 0x7B, 0x6C, 0xA8, 0xB5, 0xC4, 0x78, 0xF8, 0x59, 0x5F, 0x0E, 0xE2, 0xA1, 0x7C, 0x8F, 0x73,
    0x75, 0xC4, 0x69, 0xC6, 0x2D, 0xCE, 0xE4, 0xBD, 0xBE, 0x54, 0x5B, 0x8D, 0xFB, 0x21, 0x33, 0x8F,
    0x94, 0x59, 0x87, 0x39, 0xB7, 0x72, 0xC6, 0x3D, 0xE7, 0xF4, 0xE7, 0x37, 0x25, 0xA4, 0x9B, 0x59,
};
const GFXglyph UiRoboto16Glyphs[] = {
    { 0, 0, 8, 0, 0, 8, 0 }, //
    { 5, 24, 8, 2, 24, 42, 8 }, // !
    { 7, 8, 11, 2, 25, 37, 50 }, // "
    { 19, 24, 20, 1, 24, 155, 87 }, // #
    { 16, 32, 19, 1, 28, 185, 242 }, // $
    { 22, 24, 24, 1, 24, 180, 427 }, // %
    { 20, 24, 21, 1, 24, 185, 607 }, // &
    { 4, 8, 6, 1, 25, 21, 792 }, // '
    { 9, 34, 11, 2, 26, 120, 813 }, // (
    { 10, 34, 11, 0, 26, 119, 933 }, // )
    { 14, 14, 14, 0, 24, 89, 1052 }, // *
    { 17, 18, 19, 1, 20, 44, 1141 }, // +
    { 5, 9, 6, 0, 4, 32, 1185 }, // ,
    { 9, 3, 9, 0, 11, 21, 1217 }, // -
    { 5, 4, 9, 2, 4, 20, 1238 }, // .
    { 13, 26, 14, 0, 24, 115, 1258 }, // /
    { 16, 24, 19, 1, 24, 131, 1373 }, // 0
    { 10, 24, 19, 2, 24, 44, 1504 }, // 1
    { 17, 24, 19, 1, 24, 142, 1548 }, // 2
    { 16, 24, 19, 1, 24, 154, 1690 }, // 3
    { 18, 24, 19, 0, 24, 105, 1844 }, // 4
    { 16, 24, 19, 2, 24, 142, 1949 }, // 5
    { 15, 24, 19, 2, 24, 160, 2091 }, // 6
    { 17, 24, 19, 1, 24, 114, 2251 }, // 7
    { 16, 24, 19, 1, 24, 167, 2365 }, // 8
    { 16, 24, 19, 1, 24, 158, 2532 }, // 9
    { 4, 18, 8, 2, 18, 28, 2690 }, // :
    { 6, 23, 7, 0, 18, 46, 2718 }, // ;
    { 14, 15, 17, 1, 18, 79, 2764 }, // <
    { 14, 10, 18, 2, 16, 26, 2843 }, // =
    { 14, 15, 17, 2, 18, 76, 2869 }, // >
    { 14, 24, 16, 1, 24, 122, 2945 }, // ?
    { 28, 30, 30, 1, 23, 293, 3067 }, // @
    { 22, 24, 22, 0, 24, 168, 3360 }, // A
    { 17, 24, 21, 2, 24, 129, 3528 }, // B
    { 19, 24, 21, 1, 24, 150, 3657 }, // C
    { 18, 24, 22, 2, 24, 103, 3807 }, // D
    { 16, 24, 19, 2, 24, 45, 3910 }, // E
    { 16, 24, 18, 2, 24, 39, 3955 }, // F
    { 20, 24, 22, 1, 24, 167, 3994 }, // G
    { 19, 24, 24, 2, 24, 33, 4161 }, // H
    { 5, 24, 9, 2, 24, 14, 4194 }, // I
    { 16, 24, 18, 0, 24, 69, 4208 }, // J
    { 19, 24, 21, 2, 24, 136, 4277 }, // K
    { 15, 24, 18, 2, 24, 27, 4413 }, // L
    { 25, 24, 29, 2, 24, 174, 4440 }, // M
    { 19, 24, 24, 2, 24, 114, 4614 }, // N
    { 20, 24, 23, 1, 24, 147, 4728 }, // O
    { 18, 24, 21, 2, 24, 93, 4875 }, // P
    { 20, 28, 23, 1, 24, 179, 4968 }, // Q
    { 18, 24, 20, 2, 24, 137, 5147 }, // R
    { 18, 24, 20, 1, 24, 178, 5284 }, // S
    { 19, 24, 20, 0, 24, 34, 5462 }, // T
    { 18, 24, 21, 2, 24, 76, 5496 }, // U
    { 21, 24, 21, 0, 24, 159, 5572 }, // V
    { 29, 24, 29, 0, 24, 248, 5731 }, // W
    { 20, 24, 21, 0, 24, 164, 5979 }, // X
    { 20, 24, 20, 0, 24, 118, 6143 }, // Y
    { 18, 24, 20, 1, 24, 71, 6261 }, // Z
    { 7, 32, 9, 2, 27, 28, 6332 }, // [
    { 14, 26, 14, 0, 24, 101, 6360 }, // <backslash>
    { 7, 32, 9, 0, 27, 28, 6461 }, // ]
    { 12, 12, 14, 1, 24, 75, 6489 }, // ^
    { 15, 3, 15, 0, 0, 20, 6564 }, // _
    { 8, 5, 10, 0, 25, 29, 6584 }, // `
    { 16, 18, 18, 1, 18, 125, 6613 }, // a
    { 16, 25, 19, 2, 25, 102, 6738 }, // b
    { 16, 18, 17, 1, 18, 113, 6840 }, // c
    { 16, 25, 19, 1, 25, 101, 6953 }, // d
    { 16, 18, 17, 1, 18, 125, 7054 }, // e
    { 12, 25, 11, 0, 25, 58, 7179 }, // f
    { 16, 25, 19, 1, 18, 146, 7237 }, // g
    { 14, 25, 18, 2, 25, 62, 7383 }, // h
    { 4, 25, 8, 2, 25, 23, 7445 }, // i
    { 8, 32, 8, -2, 25, 49, 7468 }, // j
    { 15, 25, 17, 2, 25, 103, 7517 }, // k
    { 4, 25, 8, 2, 25, 13, 7620 }, // l
    { 25, 18, 29, 2, 18, 98, 7633 }, // m
    { 14, 18, 18, 2, 18, 59, 7731 }, // n
    { 17, 18, 19, 1, 18, 124, 7790 }, // o
    { 15, 25, 19, 2, 18, 113, 7914 }, // p
    { 16, 25, 19, 1, 18, 108, 8027 }, // q
    { 9, 18, 11, 2, 18, 40, 8135 }, // r
    { 15, 18, 17, 1, 18, 133, 8175 }, // s
    { 10, 22, 11, 0, 22, 58, 8308 }, // t
    { 14, 18, 18, 2, 18, 61, 8366 }, // u
    { 16, 18, 16, 0, 18, 126, 8427 }, // v
    { 25, 18, 25, 0, 18, 181, 8553 }, // w
    { 16, 18, 16, 0, 18, 126, 8734 }, // x
    { 16, 25, 16, 0, 18, 150, 8860 }, // y
    { 15, 18, 16, 1, 18, 94, 9010 }, // z
    { 10, 32, 11, 1, 26, 119, 9104 }, // {
    { 4, 28, 8, 2, 24, 13, 9223 }, // |
    { 11, 32, 11, 0, 26, 114, 9236 }, // }
    { 19, 7, 22, 2, 13, 76, 9350 }, // ~
    { 0, 0, 8, 0, 0, 8, 9426 }, //  
    { 4, 24, 8, 2, 18, 38, 9434 }, // ¡
    { 16, 26, 18, 1, 22, 123, 9472 }, // ¢
    { 18, 24, 19, 1, 24, 127, 9595 }, // £
    { 22, 22, 24, 1, 21, 167, 9722 }, // ¤
    { 18, 24, 17, 0, 24, 113, 9889 }, // ¥
    { 4, 28, 8, 2, 24, 17, 10002 }, // ¦
    { 18, 32, 20, 1, 24, 224, 10019 }, // §
    { 12, 4, 14, 1, 24, 33, 10243 }, // ¨
    { 24, 24, 26, 1, 24, 190, 10276 }, // ©
    { 11, 13, 15, 2, 24, 84, 10466 }, // ª
    { 13, 13, 15, 1, 15, 75, 10550 }, // «
    { 14, 7, 18, 2, 13, 25, 10625 }, // ¬
    { 9, 3, 9, 0, 11, 21, 10650 }, // ­
    { 24, 24, 26, 1, 24, 188, 10671 }, // ®
    { 12, 3, 15, 2, 23, 20, 10859 }, // ¯
    { 9, 9, 12, 2, 24, 46, 10879 }, // °
    { 16, 21, 18, 1, 21, 53, 10925 }, // ±
    { 10, 13, 12, 1, 24, 72, 10978 }, // ²
    { 10, 13, 12, 1, 24, 72, 11050 }, // ³
    { 8, 5, 10, 1, 25, 28, 11122 }, // ´
    { 15, 25, 19, 2, 18, 60, 11150 }, // µ
    { 13, 24, 16, 1, 24, 68, 11210 }, // ¶
    { 5, 4, 9, 2, 14, 20, 11278 }, // ·
    { 6, 7, 8, 1, 0, 30, 11298 }, // ¸
    { 7, 13, 12, 1, 24, 30, 11328 }, // ¹
    { 12, 13, 15, 1, 24, 63, 11358 }, // º
    { 14, 13, 15, 1, 15, 73, 11421 }, // »
    { 22, 24, 24, 1, 24, 155, 11494 }, // ¼
    { 23, 24, 26, 1, 24, 169, 11649 }, // ½
    { 24, 24, 26, 1, 24, 197, 11818 }, // ¾
    { 14, 24, 16, 1, 18, 119, 12015 }, // ¿
    { 16, 31, 19, 2, 31, 68, 12134 }, // Ѐ
    { 16, 30, 19, 2, 30, 78, 12202 }, // Ё
    { 24, 24, 25, 0, 24, 119, 12280 }, // Ђ
    { 16, 31, 18, 2, 31, 52, 12399 }, // Ѓ
    { 20, 24, 22, 1, 24, 167, 12451 }, // Є
    { 18, 24, 20, 1, 24, 178, 12618 }, // Ѕ
    { 5, 24, 9, 2, 24, 14, 12796 }, // І
    { 11, 30, 9, -1, 30, 40, 12810 }, // Ї
    { 16, 24, 18, 0, 24, 69, 12850 }, // Ј
    { 34, 24, 35, 0, 24, 179, 12919 }, // Љ
    { 33, 24, 36, 2, 24, 101, 13098 }, // Њ
    { 24, 24, 27, 1, 24, 81, 13199 }, // Ћ
    { 19, 31, 21, 2, 31, 161, 13280 }, // Ќ
    { 19, 31, 24, 2, 31, 142, 13441 }, // Ѝ
    { 19, 29, 21, 1, 29, 185, 13583 }, // Ў
    { 19, 30, 24, 2, 24, 37, 13768 }, // Џ
    { 22, 24, 22, 0, 24, 168, 13805 }, // А
    { 18, 24, 21, 2, 24, 87, 13973 }, // Б
    { 17, 24, 21, 2, 24, 129, 14060 }, // В
    { 16, 24, 18, 2, 24, 26, 14189 }, // Г
    { 24, 30, 25, 0, 24, 135, 14215 }, // Д
    { 16, 24, 19, 2, 24, 45, 14350 }, // Е
    { 30, 24, 30, 0, 24, 200, 14395 }, // Ж
    { 18, 24, 20, 1, 24, 169, 14595 }, // З
    { 19, 24, 24, 2, 24, 115, 14764 }, // И
    { 19, 29, 24, 2, 29, 140, 14879 }, // Й
    { 20, 24, 21, 2, 24, 133, 15019 }, // К
    { 21, 24, 23, 0, 24, 119, 15152 }, // Л
    { 25, 24, 29, 2, 24, 174, 15271 }, // М
    { 19, 24, 24, 2, 24, 33, 15445 }, // Н
    { 20, 24, 23, 1, 24, 147, 15478 }, // О
    { 19, 24, 24, 2, 24, 27, 15625 }, // П
    { 18, 24, 21, 2, 24, 93, 15652 }, // Р
    { 19, 24, 21, 1, 24, 150, 15745 }, // С
    { 19, 24, 20, 0, 24, 34, 15895 }, // Т
    { 19, 24, 21, 1, 24, 157, 15929 }, // У
    { 24, 25, 25, 1, 24, 134, 16086 }, // Ф
    { 20, 24, 21, 0, 24, 164, 16220 }, // Х
    { 22, 30, 24, 2, 24, 45, 16384 }, // Ц
    { 18, 24, 23, 2, 24, 69, 16429 }, // Ч
    { 27, 24, 31, 2, 24, 37, 16498 }, // Ш
    { 29, 30, 32, 2, 24, 57, 16535 }, // Щ
    { 24, 24, 25, 0, 24, 93, 16592 }, // Ъ
    { 24, 24, 29, 2, 24, 83, 16685 }, // Ы
    { 18, 24, 21, 2, 24, 80, 16768 }, // Ь
    { 19, 24, 22, 2, 24, 162, 16848 }, // Э
    { 27, 24, 30, 2, 24, 185, 17010 }, // Ю
    { 18, 24, 21, 1, 24, 134, 17195 }, // Я
    { 16, 18, 18, 1, 18, 125, 17329 }, // а
    { 17, 25, 18, 1, 25, 176, 17454 }, // б
    { 16, 18, 19, 2, 18, 94, 17630 }, // в
    { 12, 18, 14, 2, 18, 27, 17724 }, // г
    { 19, 23, 20, 0, 18, 100, 17751 }, // д
    { 16, 18, 17, 1, 18, 125, 17851 }, // е
    { 25, 18, 25, 0, 18, 151, 17976 }, // ж
    { 15, 18, 17, 1, 18, 127, 18127 }, // з
    { 15, 18, 19, 2, 18, 86, 18254 }, // и
    { 15, 24, 19, 2, 24, 116, 18340 }, // й
    { 16, 18, 18, 2, 18, 104, 18456 }, // к
    { 17, 18, 19, 0, 18, 90, 18560 }, // л
    { 20, 18, 24, 2, 18, 127, 18650 }, // м
    { 15, 18, 19, 2, 18, 31, 18777 }, // н
    { 17, 18, 19, 1, 18, 124, 18808 }, // о
    { 15, 18, 19, 2, 18, 29, 18932 }, // п
    { 15, 25, 19, 2, 18, 113, 18961 }, // р
    { 16, 18, 17, 1, 18, 113, 19074 }, // с
    { 16, 18, 16, 0, 18, 33, 19187 }, // т
    { 16, 25, 16, 0, 18, 150, 19220 }, // у
    { 22, 32, 24, 1, 25, 153, 19370 }, // ф
    { 16, 18, 16, 0, 18, 126, 19523 }, // х
    { 17, 23, 20, 2, 18, 48, 19649 }, // ц
    { 15, 18, 18, 1, 18, 60, 19697 }, // ч
    { 23, 18, 27, 2, 18, 39, 19757 }, // ш
    { 25, 23, 27, 2, 18, 57, 19796 }, // щ
    { 20, 18, 20, 0, 18, 79, 19853 }, // ъ
    { 21, 18, 26, 2, 18, 72, 19932 }, // ы
    { 15, 18, 18, 2, 18, 68, 20004 }, // ь
    { 15, 18, 18, 1, 18, 127, 20072 }, // э
    { 24, 18, 27, 2, 18, 144, 20199 }, // ю
    { 16, 18, 18, 0, 18, 103, 20343 }, // я
    { 16, 25, 17, 1, 25, 144, 20446 }, // ѐ
    { 16, 25, 17, 1, 25, 155, 20590 }, // ё
    { 17, 32, 18, -1, 25, 108, 20745 }, // ђ
    { 12, 25, 14, 2, 25, 53, 20853 }, // ѓ
    { 16, 18, 18, 1, 18, 128, 20906 }, // є
    { 15, 18, 17, 1, 18, 133, 21034 }, // ѕ
    { 4, 25, 8, 2, 25, 23, 21167 }, // і
    { 12, 25, 8, -2, 25, 40, 21190 }, // ї
    { 8, 32, 8, -2, 25, 49, 21230 }, // ј
    { 27, 18, 28, 0, 18, 137, 21279 }, // љ
    { 26, 18, 28, 2, 18, 80, 21416 }, // њ
    { 17, 25, 19, -1, 25, 80, 21496 }, // ћ
    { 16, 25, 18, 2, 25, 126, 21576 }, // ќ
    { 15, 25, 19, 2, 25, 108, 21702 }, // ѝ
    { 16, 31, 16, 0, 24, 178, 21810 }, // ў
    { 15, 24, 19, 2, 18, 39, 21988 }, // џ
    { 9, 3, 9, 0, 11, 21, 22027 }, // ‐
    { 9, 3, 9, 0, 11, 21, 22048 }, // ‑
    { 17, 3, 22, 2, 13, 20, 22069 }, // –
    { 22, 3, 26, 2, 13, 20, 22089 }, // —
    { 22, 3, 26, 2, 13, 20, 22109 }, // ―
    { 15, 8, 15, 0, 1, 26, 22129 }, // ‗
    { 6, 8, 7, 1, 25, 29, 22155 }, // ‘
    { 6, 8, 7, 0, 25, 31, 22184 }, // ’
    { 6, 8, 7, 0, 3, 33, 22215 }, // ‚
    { 5, 8, 7, 1, 25, 29, 22248 }, // ‛
    { 11, 8, 12, 1, 25, 53, 22277 }, // “
    { 11, 8, 12, 0, 25, 53, 22330 }, // ”
    { 10, 9, 11, 0, 4, 46, 22383 }, // „
    { 17, 24, 18, 1, 24, 37, 22429 }, // †
    { 17, 31, 19, 1, 24, 48, 22466 }, // ‡
    { 7, 8, 11, 2, 16, 35, 22514 }, // •
    { 12, 4, 16, 2, 4, 33, 22549 }, // ‥
    { 18, 4, 22, 2, 4, 45, 22582 }, // …
    { 4, 4, 6, 1, 12, 16, 22627 }, // ‧
    { 16, 24, 19, 1, 24, 115, 22643 }, // €
    { 31, 24, 34, 2, 24, 202, 22758 }, // №
};
const UnicodeInterval UiRoboto16Intervals[] = {
    { 0x20, 0x7E, 0x0 },
    { 0xA0, 0xBF, 0x5F },
    { 0x400, 0x45F, 0x7F },
    { 0x2010, 0x2011, 0xDF },
    { 0x2013, 0x2015, 0xE1 },
    { 0x2017, 0x201E, 0xE4 },
    { 0x2020, 0x2022, 0xEC },
    { 0x2025, 0x2027, 0xEF },
    { 0x20AC, 0x20AC, 0xF2 },
    { 0x2116, 0x2116, 0xF3 },
};
const GFXfont UiRoboto16 = {
    (uint8_t*)UiRoboto16Bitmaps,
    (GFXglyph*)UiRoboto16Glyphs,
    (UnicodeInterval*)UiRoboto16Intervals,
    10,
    1,
    39,
    31,
    -9,
};
