ISO-10303-21;
HEADER;
FILE_DESCRIPTION(('Open CASCADE Model'),'2;1');
FILE_NAME('Open CASCADE Shape Model','2026-09-13T14:26:02',('Author'),(
    'Open CASCADE'),'Open CASCADE STEP processor 7.9','Open CASCADE 7.9'
  ,'Unknown');
FILE_SCHEMA(('AUTOMOTIVE_DESIGN { 1 0 10303 214 1 1 1 1 }'));
ENDSEC;
DATA;
#1 = APPLICATION_PROTOCOL_DEFINITION('international standard',
  'automotive_design',2000,#2);
#2 = APPLICATION_CONTEXT(
  'core data for automotive mechanical design processes');
#3 = SHAPE_DEFINITION_REPRESENTATION(#4,#10);
#4 = PRODUCT_DEFINITION_SHAPE('','',#5);
#5 = PRODUCT_DEFINITION('design','',#6,#9);
#6 = PRODUCT_DEFINITION_FORMATION('','',#7);
#7 = PRODUCT('Open CASCADE STEP translator 7.9 5',
  'Open CASCADE STEP translator 7.9 5','',(#8));
#8 = PRODUCT_CONTEXT('',#2,'mechanical');
#9 = PRODUCT_DEFINITION_CONTEXT('part definition',#2,'design');
#10 = ADVANCED_BREP_SHAPE_REPRESENTATION('',(#11,#15),#4158);
#11 = AXIS2_PLACEMENT_3D('',#12,#13,#14);
#12 = CARTESIAN_POINT('',(0.,0.,0.));
#13 = DIRECTION('',(0.,0.,1.));
#14 = DIRECTION('',(1.,0.,-0.));
#15 = MANIFOLD_SOLID_BREP('',#16);
#16 = CLOSED_SHELL('',(#17,#260,#329,#1139,#1189,#1239,#1308,#1356,#1405
    ,#1452,#1500,#1527,#1652,#1729,#1890,#1959,#2033,#2108,#2156,#2236,
    #2285,#2415,#2464,#2489,#2538,#2636,#2713,#2762,#2789,#2893,#2973,
    #3049,#3236,#3310,#3385,#3461,#3515,#3585,#3633,#3664,#3770,#3840,
    #3892,#3917,#3965,#3992,#4030,#4058,#4122,#4152));
#17 = ADVANCED_FACE('',(#18),#33,.T.);
#18 = FACE_BOUND('',#19,.T.);
#19 = EDGE_LOOP('',(#20,#56,#83,#116,#144,#177,#203,#236));
#20 = ORIENTED_EDGE('',*,*,#21,.F.);
#21 = EDGE_CURVE('',#22,#24,#26,.T.);
#22 = VERTEX_POINT('',#23);
#23 = CARTESIAN_POINT('',(-46.78,-46.42559095793,7.55));
#24 = VERTEX_POINT('',#25);
#25 = CARTESIAN_POINT('',(-47.7417392392,-46.6137392392,7.55));
#26 = SURFACE_CURVE('',#27,(#32,#44),.PCURVE_S1.);
#27 = CIRCLE('',#28,3.58);
#28 = AXIS2_PLACEMENT_3D('',#29,#30,#31);
#29 = CARTESIAN_POINT('',(-46.58,-50.,7.55));
#30 = DIRECTION('',(0.,0.,1.));
#31 = DIRECTION('',(1.,0.,-0.));
#32 = PCURVE('',#33,#38);
#33 = CYLINDRICAL_SURFACE('',#34,3.58);
#34 = AXIS2_PLACEMENT_3D('',#35,#36,#37);
#35 = CARTESIAN_POINT('',(-46.58,-50.,3.15));
#36 = DIRECTION('',(-0.,-0.,-1.));
#37 = DIRECTION('',(1.,0.,0.));
#38 = DEFINITIONAL_REPRESENTATION('',(#39),#43);
#39 = LINE('',#40,#41);
#40 = CARTESIAN_POINT('',(6.28318530718,-4.4));
#41 = VECTOR('',#42,1.);
#42 = DIRECTION('',(-1.,0.));
#43 = ( GEOMETRIC_REPRESENTATION_CONTEXT(2) 
PARAMETRIC_REPRESENTATION_CONTEXT() REPRESENTATION_CONTEXT('2D SPACE',''
  ) );
#44 = PCURVE('',#45,#50);
#45 = PLANE('',#46);
#46 = AXIS2_PLACEMENT_3D('',#47,#48,#49);
#47 = CARTESIAN_POINT('',(-39.58,-57.,7.55));
#48 = DIRECTION('',(0.,0.,1.));
#49 = DIRECTION('',(1.,0.,-0.));
#50 = DEFINITIONAL_REPRESENTATION('',(#51),#55);
#51 = CIRCLE('',#52,3.58);
#52 = AXIS2_PLACEMENT_2D('',#53,#54);
#53 = CARTESIAN_POINT('',(-7.,7.));
#54 = DIRECTION('',(1.,0.));
#55 = ( GEOMETRIC_REPRESENTATION_CONTEXT(2) 
PARAMETRIC_REPRESENTATION_CONTEXT() REPRESENTATION_CONTEXT('2D SPACE',''
  ) );
#56 = ORIENTED_EDGE('',*,*,#57,.F.);
#57 = EDGE_CURVE('',#58,#22,#60,.T.);
#58 = VERTEX_POINT('',#59);
#59 = CARTESIAN_POINT('',(-46.78,-46.42559095793,9.05));
#60 = SURFACE_CURVE('',#61,(#65,#71),.PCURVE_S1.);
#61 = LINE('',#62,#63);
#62 = CARTESIAN_POINT('',(-46.78,-46.42559095793,6.85));
#63 = VECTOR('',#64,1.);
#64 = DIRECTION('',(-0.,-0.,-1.));
#65 = PCURVE('',#33,#66);
#66 = DEFINITIONAL_REPRESENTATION('',(#67),#70);
#67 = B_SPLINE_CURVE_WITH_KNOTS('',1,(#68,#69),.UNSPECIFIED.,.F.,.F.,(2,
    2),(-2.3000006,5.999999999062E-07),.PIECEWISE_BEZIER_KNOTS.);
#68 = CARTESIAN_POINT('',(4.656493958107,-6.0000006));
#69 = CARTESIAN_POINT('',(4.656493958107,-3.6999994));
#70 = ( GEOMETRIC_REPRESENTATION_CONTEXT(2) 
PARAMETRIC_REPRESENTATION_CONTEXT() REPRESENTATION_CONTEXT('2D SPACE',''
  ) );
#71 = PCURVE('',#72,#77);
#72 = PLANE('',#73);
#73 = AXIS2_PLACEMENT_3D('',#74,#75,#76);
#74 = CARTESIAN_POINT('',(-46.78,-50.5,6.95));
#75 = DIRECTION('',(1.,0.,0.));
#76 = DIRECTION('',(0.,0.,1.));
#77 = DEFINITIONAL_REPRESENTATION('',(#78),#82);
#78 = LINE('',#79,#80);
#79 = CARTESIAN_POINT('',(-0.1,-4.07440904207));
#80 = VECTOR('',#81,1.);
#81 = DIRECTION('',(-1.,0.));
#82 = ( GEOMETRIC_REPRESENTATION_CONTEXT(2) 
PARAMETRIC_REPRESENTATION_CONTEXT() REPRESENTATION_CONTEXT('2D SPACE',''
  ) );
#83 = ORIENTED_EDGE('',*,*,#84,.T.);
#84 = EDGE_CURVE('',#58,#85,#87,.T.);
#85 = VERTEX_POINT('',#86);
#86 = CARTESIAN_POINT('',(-46.58,-46.42,9.05));
#87 = SURFACE_CURVE('',#88,(#93,#100),.PCURVE_S1.);
#88 = CIRCLE('',#89,3.58);
#89 = AXIS2_PLACEMENT_3D('',#90,#91,#92);
#90 = CARTESIAN_POINT('',(-46.58,-50.,9.05));
#91 = DIRECTION('',(0.,0.,-1.));
#92 = DIRECTION('',(1.,0.,0.));
#93 = PCURVE('',#33,#94);
#94 = DEFINITIONAL_REPRESENTATION('',(#95),#99);
#95 = LINE('',#96,#97);
#96 = CARTESIAN_POINT('',(-4.138911435803E-13,-5.9));
#97 = VECTOR('',#98,1.);
#98 = DIRECTION('',(1.,-0.));
#99 = ( GEOMETRIC_REPRESENTATION_CONTEXT(2) 
PARAMETRIC_REPRESENTATION_CONTEXT() REPRESENTATION_CONTEXT('2D SPACE',''
  ) );
#100 = PCURVE('',#101,#106);
#101 = PLANE('',#102);
#102 = AXIS2_PLACEMENT_3D('',#103,#104,#105);
#103 = CARTESIAN_POINT('',(-50.86,-64.2,9.05));
#104 = DIRECTION('',(0.,0.,1.));
#105 = DIRECTION('',(1.,0.,-0.));
#106 = DEFINITIONAL_REPRESENTATION('',(#107),#115);
#107 = ( BOUNDED_CURVE() B_SPLINE_CURVE(2,(#108,#109,#110,#111,#112,#113
,#114),.UNSPECIFIED.,.T.,.F.) B_SPLINE_CURVE_WITH_KNOTS((1,2,2,2,2,1),(
    -2.094395102393,0.,2.094395102393,4.188790204786,6.28318530718,
8.377580409573),.UNSPECIFIED.) CURVE() GEOMETRIC_REPRESENTATION_ITEM() 
RATIONAL_B_SPLINE_CURVE((1.,0.5,1.,0.5,1.,0.5,1.)) REPRESENTATION_ITEM(
  '') );
#108 = CARTESIAN_POINT('',(7.86,14.2));
#109 = CARTESIAN_POINT('',(7.86,7.999258108903));
#110 = CARTESIAN_POINT('',(2.49,11.099629054452));
#111 = CARTESIAN_POINT('',(-2.88,14.2));
#112 = CARTESIAN_POINT('',(2.49,17.300370945548));
#113 = CARTESIAN_POINT('',(7.86,20.400741891097));
#114 = CARTESIAN_POINT('',(7.86,14.2));
#115 = ( GEOMETRIC_REPRESENTATION_CONTEXT(2) 
PARAMETRIC_REPRESENTATION_CONTEXT() REPRESENTATION_CONTEXT('2D SPACE',''
  ) );
#116 = ORIENTED_EDGE('',*,*,#117,.T.);
#117 = EDGE_CURVE('',#85,#118,#120,.T.);
#118 = VERTEX_POINT('',#119);
#119 = CARTESIAN_POINT('',(-46.58,-46.42,2.));
#120 = SURFACE_CURVE('',#121,(#125,#132),.PCURVE_S1.);
#121 = LINE('',#122,#123);
#122 = CARTESIAN_POINT('',(-46.58,-46.42,9.05));
#123 = VECTOR('',#124,1.);
#124 = DIRECTION('',(0.,0.,-1.));
#125 = PCURVE('',#33,#126);
#126 = DEFINITIONAL_REPRESENTATION('',(#127),#131);
#127 = LINE('',#128,#129);
#128 = CARTESIAN_POINT('',(4.712388980385,-5.9));
#129 = VECTOR('',#130,1.);
#130 = DIRECTION('',(0.,1.));
#131 = ( GEOMETRIC_REPRESENTATION_CONTEXT(2) 
PARAMETRIC_REPRESENTATION_CONTEXT() REPRESENTATION_CONTEXT('2D SPACE',''
  ) );
#132 = PCURVE('',#133,#138);
#133 = PLANE('',#134);
#134 = AXIS2_PLACEMENT_3D('',#135,#136,#137);
#135 = CARTESIAN_POINT('',(-46.58,-46.42,3.15));
#136 = DIRECTION('',(0.,1.,0.));
#137 = DIRECTION('',(1.,0.,0.));
#138 = DEFINITIONAL_REPRESENTATION('',(#139),#143);
#139 = LINE('',#140,#141);
#140 = CARTESIAN_POINT('',(0.,-5.9));
#141 = VECTOR('',#142,1.);
#142 = DIRECTION('',(0.,1.));
#143 = ( GEOMETRIC_REPRESENTATION_CONTEXT(2) 
PARAMETRIC_REPRESENTATION_CONTEXT() REPRESENTATION_CONTEXT('2D SPACE',''
  ) );
#144 = ORIENTED_EDGE('',*,*,#145,.T.);
#145 = EDGE_CURVE('',#118,#146,#148,.T.);
#146 = VERTEX_POINT('',#147);
#147 = CARTESIAN_POINT('',(-47.13217270613,-46.4628393728,2.));
#148 = SURFACE_CURVE('',#149,(#154,#161),.PCURVE_S1.);
#149 = CIRCLE('',#150,3.58);
#150 = AXIS2_PLACEMENT_3D('',#151,#152,#153);
#151 = CARTESIAN_POINT('',(-46.58,-50.,2.));
#152 = DIRECTION('',(0.,0.,1.));
#153 = DIRECTION('',(1.,0.,-0.));
#154 = PCURVE('',#33,#155);
#155 = DEFINITIONAL_REPRESENTATION('',(#156),#160);
#156 = LINE('',#157,#158);
#157 = CARTESIAN_POINT('',(6.28318530718,1.15));
#158 = VECTOR('',#159,1.);
#159 = DIRECTION('',(-1.,-0.));
#160 = ( GEOMETRIC_REPRESENTATION_CONTEXT(2) 
PARAMETRIC_REPRESENTATION_CONTEXT() REPRESENTATION_CONTEXT('2D SPACE',''
  ) );
#161 = PCURVE('',#162,#167);
#162 = PLANE('',#163);
#163 = AXIS2_PLACEMENT_3D('',#164,#165,#166);
#164 = CARTESIAN_POINT('',(-39.4417086501,-56.86932381438,2.));
#165 = DIRECTION('',(-0.,-0.,-1.));
#166 = DIRECTION('',(-1.,0.,0.));
#167 = DEFINITIONAL_REPRESENTATION('',(#168),#176);
#168 = ( BOUNDED_CURVE() B_SPLINE_CURVE(2,(#169,#170,#171,#172,#173,#174
,#175),.UNSPECIFIED.,.T.,.F.) B_SPLINE_CURVE_WITH_KNOTS((1,2,2,2,2,1),(
    -2.094395102393,0.,2.094395102393,4.188790204786,6.28318530718,
8.377580409573),.UNSPECIFIED.) CURVE() GEOMETRIC_REPRESENTATION_ITEM() 
RATIONAL_B_SPLINE_CURVE((1.,0.5,1.,0.5,1.,0.5,1.)) REPRESENTATION_ITEM(
  '') );
#169 = CARTESIAN_POINT('',(3.558291349891,6.869323814381));
#170 = CARTESIAN_POINT('',(3.558291349891,13.070065705478));
#171 = CARTESIAN_POINT('',(8.928291349891,9.969694759929));
#172 = CARTESIAN_POINT('',(14.298291349891,6.869323814381));
#173 = CARTESIAN_POINT('',(8.928291349891,3.768952868833));
#174 = CARTESIAN_POINT('',(3.558291349891,0.668581923285));
#175 = CARTESIAN_POINT('',(3.558291349891,6.869323814381));
#176 = ( GEOMETRIC_REPRESENTATION_CONTEXT(2) 
PARAMETRIC_REPRESENTATION_CONTEXT() REPRESENTATION_CONTEXT('2D SPACE',''
  ) );
#177 = ORIENTED_EDGE('',*,*,#178,.F.);
#178 = EDGE_CURVE('',#179,#146,#181,.T.);
#179 = VERTEX_POINT('',#180);
#180 = CARTESIAN_POINT('',(-47.13217270613,-46.4628393728,6.95));
#181 = SURFACE_CURVE('',#182,(#186,#192),.PCURVE_S1.);
#182 = LINE('',#183,#184);
#183 = CARTESIAN_POINT('',(-47.13217270613,-46.4628393728,3.15));
#184 = VECTOR('',#185,1.);
#185 = DIRECTION('',(-0.,-0.,-1.));
#186 = PCURVE('',#33,#187);
#187 = DEFINITIONAL_REPRESENTATION('',(#188),#191);
#188 = B_SPLINE_CURVE_WITH_KNOTS('',1,(#189,#190),.UNSPECIFIED.,.F.,.F.,
  (2,2),(-3.8000006,1.1500006),.PIECEWISE_BEZIER_KNOTS.);
#189 = CARTESIAN_POINT('',(4.557532613959,-3.8000006));
#190 = CARTESIAN_POINT('',(4.557532613959,1.1500006));
#191 = ( GEOMETRIC_REPRESENTATION_CONTEXT(2) 
PARAMETRIC_REPRESENTATION_CONTEXT() REPRESENTATION_CONTEXT('2D SPACE',''
  ) );
#192 = PCURVE('',#193,#198);
#193 = CYLINDRICAL_SURFACE('',#194,2.66);
#194 = AXIS2_PLACEMENT_3D('',#195,#196,#197);
#195 = CARTESIAN_POINT('',(-47.48,-49.1,0.));
#196 = DIRECTION('',(0.,0.,1.));
#197 = DIRECTION('',(1.,0.,-0.));
#198 = DEFINITIONAL_REPRESENTATION('',(#199),#202);
#199 = B_SPLINE_CURVE_WITH_KNOTS('',1,(#200,#201),.UNSPECIFIED.,.F.,.F.,
  (2,2),(-3.8000006,1.1500006),.PIECEWISE_BEZIER_KNOTS.);
#200 = CARTESIAN_POINT('',(1.439658644845,6.9500006));
#201 = CARTESIAN_POINT('',(1.439658644845,1.9999994));
#202 = ( GEOMETRIC_REPRESENTATION_CONTEXT(2) 
PARAMETRIC_REPRESENTATION_CONTEXT() REPRESENTATION_CONTEXT('2D SPACE',''
  ) );
#203 = ORIENTED_EDGE('',*,*,#204,.F.);
#204 = EDGE_CURVE('',#205,#179,#207,.T.);
#205 = VERTEX_POINT('',#206);
#206 = CARTESIAN_POINT('',(-47.7417392392,-46.6137392392,6.95));
#207 = SURFACE_CURVE('',#208,(#213,#220),.PCURVE_S1.);
#208 = CIRCLE('',#209,3.58);
#209 = AXIS2_PLACEMENT_3D('',#210,#211,#212);
#210 = CARTESIAN_POINT('',(-46.58,-50.,6.95));
#211 = DIRECTION('',(0.,0.,-1.));
#212 = DIRECTION('',(1.,0.,0.));
#213 = PCURVE('',#33,#214);
#214 = DEFINITIONAL_REPRESENTATION('',(#215),#219);
#215 = LINE('',#216,#217);
#216 = CARTESIAN_POINT('',(-8.881784197001E-16,-3.8));
#217 = VECTOR('',#218,1.);
#218 = DIRECTION('',(1.,0.));
#219 = ( GEOMETRIC_REPRESENTATION_CONTEXT(2) 
PARAMETRIC_REPRESENTATION_CONTEXT() REPRESENTATION_CONTEXT('2D SPACE',''
  ) );
#220 = PCURVE('',#221,#226);
#221 = PLANE('',#222);
#222 = AXIS2_PLACEMENT_3D('',#223,#224,#225);
#223 = CARTESIAN_POINT('',(-47.48,-49.1,6.95));
#224 = DIRECTION('',(0.,0.,1.));
#225 = DIRECTION('',(1.,0.,-0.));
#226 = DEFINITIONAL_REPRESENTATION('',(#227),#235);
#227 = ( BOUNDED_CURVE() B_SPLINE_CURVE(2,(#228,#229,#230,#231,#232,#233
,#234),.UNSPECIFIED.,.T.,.F.) B_SPLINE_CURVE_WITH_KNOTS((1,2,2,2,2,1),(
    -2.094395102393,0.,2.094395102393,4.188790204786,6.28318530718,
8.377580409573),.UNSPECIFIED.) CURVE() GEOMETRIC_REPRESENTATION_ITEM() 
RATIONAL_B_SPLINE_CURVE((1.,0.5,1.,0.5,1.,0.5,1.)) REPRESENTATION_ITEM(
  '') );
#228 = CARTESIAN_POINT('',(4.48,-0.9));
#229 = CARTESIAN_POINT('',(4.48,-7.100741891097));
#230 = CARTESIAN_POINT('',(-0.89,-4.000370945548));
#231 = CARTESIAN_POINT('',(-6.26,-0.9));
#232 = CARTESIAN_POINT('',(-0.89,2.200370945548));
#233 = CARTESIAN_POINT('',(4.48,5.300741891097));
#234 = CARTESIAN_POINT('',(4.48,-0.9));
#235 = ( GEOMETRIC_REPRESENTATION_CONTEXT(2) 
PARAMETRIC_REPRESENTATION_CONTEXT() REPRESENTATION_CONTEXT('2D SPACE',''
  ) );
#236 = ORIENTED_EDGE('',*,*,#237,.F.);
#237 = EDGE_CURVE('',#24,#205,#238,.T.);
#238 = SURFACE_CURVE('',#239,(#243,#249),.PCURVE_S1.);
#239 = LINE('',#240,#241);
#240 = CARTESIAN_POINT('',(-47.7417392392,-46.6137392392,3.15));
#241 = VECTOR('',#242,1.);
#242 = DIRECTION('',(-0.,-0.,-1.));
#243 = PCURVE('',#33,#244);
#244 = DEFINITIONAL_REPRESENTATION('',(#245),#248);
#245 = B_SPLINE_CURVE_WITH_KNOTS('',1,(#246,#247),.UNSPECIFIED.,.F.,.F.,
  (2,2),(-5.9000006,-3.7999994),.PIECEWISE_BEZIER_KNOTS.);
#246 = CARTESIAN_POINT('',(4.38189727071,-5.9000006));
#247 = CARTESIAN_POINT('',(4.38189727071,-3.7999994));
#248 = ( GEOMETRIC_REPRESENTATION_CONTEXT(2) 
PARAMETRIC_REPRESENTATION_CONTEXT() REPRESENTATION_CONTEXT('2D SPACE',''
  ) );
#249 = PCURVE('',#250,#255);
#250 = CYLINDRICAL_SURFACE('',#251,2.5);
#251 = AXIS2_PLACEMENT_3D('',#252,#253,#254);
#252 = CARTESIAN_POINT('',(-47.48,-49.1,6.95));
#253 = DIRECTION('',(0.,0.,1.));
#254 = DIRECTION('',(1.,0.,-0.));
#255 = DEFINITIONAL_REPRESENTATION('',(#256),#259);
#256 = B_SPLINE_CURVE_WITH_KNOTS('',1,(#257,#258),.UNSPECIFIED.,.F.,.F.,
  (2,2),(-5.9000006,-3.7999994),.PIECEWISE_BEZIER_KNOTS.);
#257 = CARTESIAN_POINT('',(1.675684236979,2.1000006));
#258 = CARTESIAN_POINT('',(1.675684236979,-5.999999999062E-07));
#259 = ( GEOMETRIC_REPRESENTATION_CONTEXT(2) 
PARAMETRIC_REPRESENTATION_CONTEXT() REPRESENTATION_CONTEXT('2D SPACE',''
  ) );
#260 = ADVANCED_FACE('',(#261),#72,.F.);
#261 = FACE_BOUND('',#262,.F.);
#262 = EDGE_LOOP('',(#263,#286,#307,#328));
#263 = ORIENTED_EDGE('',*,*,#264,.F.);
#264 = EDGE_CURVE('',#265,#58,#267,.T.);
#265 = VERTEX_POINT('',#266);
#266 = CARTESIAN_POINT('',(-46.78,-46.7,9.05));
#267 = SURFACE_CURVE('',#268,(#272,#279),.PCURVE_S1.);
#268 = LINE('',#269,#270);
#269 = CARTESIAN_POINT('',(-46.78,-50.5,9.05));
#270 = VECTOR('',#271,1.);
#271 = DIRECTION('',(0.,1.,0.));
#272 = PCURVE('',#72,#273);
#273 = DEFINITIONAL_REPRESENTATION('',(#274),#278);
#274 = LINE('',#275,#276);
#275 = CARTESIAN_POINT('',(2.1,0.));
#276 = VECTOR('',#277,1.);
#277 = DIRECTION('',(0.,-1.));
#278 = ( GEOMETRIC_REPRESENTATION_CONTEXT(2) 
PARAMETRIC_REPRESENTATION_CONTEXT() REPRESENTATION_CONTEXT('2D SPACE',''
  ) );
#279 = PCURVE('',#101,#280);
#280 = DEFINITIONAL_REPRESENTATION('',(#281),#285);
#281 = LINE('',#282,#283);
#282 = CARTESIAN_POINT('',(4.08,13.7));
#283 = VECTOR('',#284,1.);
#284 = DIRECTION('',(0.,1.));
#285 = ( GEOMETRIC_REPRESENTATION_CONTEXT(2) 
PARAMETRIC_REPRESENTATION_CONTEXT() REPRESENTATION_CONTEXT('2D SPACE',''
  ) );
#286 = ORIENTED_EDGE('',*,*,#287,.F.);
#287 = EDGE_CURVE('',#288,#265,#290,.T.);
#288 = VERTEX_POINT('',#289);
#289 = CARTESIAN_POINT('',(-46.78,-46.7,7.55));
#290 = SURFACE_CURVE('',#291,(#295,#301),.PCURVE_S1.);
#291 = LINE('',#292,#293);
#292 = CARTESIAN_POINT('',(-46.78,-46.7,6.95));
#293 = VECTOR('',#294,1.);
#294 = DIRECTION('',(0.,0.,1.));
#295 = PCURVE('',#72,#296);
#296 = DEFINITIONAL_REPRESENTATION('',(#297),#300);
#297 = B_SPLINE_CURVE_WITH_KNOTS('',1,(#298,#299),.UNSPECIFIED.,.F.,.F.,
  (2,2),(-5.999999999062E-07,2.1000006),.PIECEWISE_BEZIER_KNOTS.);
#298 = CARTESIAN_POINT('',(-5.999999999062E-07,-3.8));
#299 = CARTESIAN_POINT('',(2.1000006,-3.8));
#300 = ( GEOMETRIC_REPRESENTATION_CONTEXT(2) 
PARAMETRIC_REPRESENTATION_CONTEXT() REPRESENTATION_CONTEXT('2D SPACE',''
  ) );
#301 = PCURVE('',#250,#302);
#302 = DEFINITIONAL_REPRESENTATION('',(#303),#306);
#303 = B_SPLINE_CURVE_WITH_KNOTS('',1,(#304,#305),.UNSPECIFIED.,.F.,.F.,
  (2,2),(-5.999999999062E-07,2.1000006),.PIECEWISE_BEZIER_KNOTS.);
#304 = CARTESIAN_POINT('',(1.287002217587,-5.999999999062E-07));
#305 = CARTESIAN_POINT('',(1.287002217587,2.1000006));
#306 = ( GEOMETRIC_REPRESENTATION_CONTEXT(2) 
PARAMETRIC_REPRESENTATION_CONTEXT() REPRESENTATION_CONTEXT('2D SPACE',''
  ) );
#307 = ORIENTED_EDGE('',*,*,#308,.T.);
#308 = EDGE_CURVE('',#288,#22,#309,.T.);
#309 = SURFACE_CURVE('',#310,(#314,#321),.PCURVE_S1.);
#310 = LINE('',#311,#312);
#311 = CARTESIAN_POINT('',(-46.78,-53.75,7.55));
#312 = VECTOR('',#313,1.);
#313 = DIRECTION('',(0.,1.,0.));
#314 = PCURVE('',#72,#315);
#315 = DEFINITIONAL_REPRESENTATION('',(#316),#320);
#316 = LINE('',#317,#318);
#317 = CARTESIAN_POINT('',(0.6,3.25));
#318 = VECTOR('',#319,1.);
#319 = DIRECTION('',(0.,-1.));
#320 = ( GEOMETRIC_REPRESENTATION_CONTEXT(2) 
PARAMETRIC_REPRESENTATION_CONTEXT() REPRESENTATION_CONTEXT('2D SPACE',''
  ) );
#321 = PCURVE('',#45,#322);
#322 = DEFINITIONAL_REPRESENTATION('',(#323),#327);
#323 = LINE('',#324,#325);
#324 = CARTESIAN_POINT('',(-7.2,3.25));
#325 = VECTOR('',#326,1.);
#326 = DIRECTION('',(0.,1.));
#327 = ( GEOMETRIC_REPRESENTATION_CONTEXT(2) 
PARAMETRIC_REPRESENTATION_CONTEXT() REPRESENTATION_CONTEXT('2D SPACE',''
  ) );
#328 = ORIENTED_EDGE('',*,*,#57,.F.);
#329 = ADVANCED_FACE('',(#330,#897,#1069,#1104),#101,.T.);
#330 = FACE_BOUND('',#331,.T.);
#331 = EDGE_LOOP('',(#332,#333,#357,#384,#412,#440,#473,#501,#529,#557,
    #585,#613,#640,#669,#697,#730,#758,#791,#819,#847,#875,#896));
#332 = ORIENTED_EDGE('',*,*,#264,.F.);
#333 = ORIENTED_EDGE('',*,*,#334,.T.);
#334 = EDGE_CURVE('',#265,#335,#337,.T.);
#335 = VERTEX_POINT('',#336);
#336 = CARTESIAN_POINT('',(-49.75,-48.05257458499,9.05));
#337 = SURFACE_CURVE('',#338,(#343,#350),.PCURVE_S1.);
#338 = CIRCLE('',#339,2.5);
#339 = AXIS2_PLACEMENT_3D('',#340,#341,#342);
#340 = CARTESIAN_POINT('',(-47.48,-49.1,9.05));
#341 = DIRECTION('',(0.,0.,1.));
#342 = DIRECTION('',(1.,0.,-0.));
#343 = PCURVE('',#101,#344);
#344 = DEFINITIONAL_REPRESENTATION('',(#345),#349);
#345 = CIRCLE('',#346,2.5);
#346 = AXIS2_PLACEMENT_2D('',#347,#348);
#347 = CARTESIAN_POINT('',(3.38,15.1));
#348 = DIRECTION('',(1.,0.));
#349 = ( GEOMETRIC_REPRESENTATION_CONTEXT(2) 
PARAMETRIC_REPRESENTATION_CONTEXT() REPRESENTATION_CONTEXT('2D SPACE',''
  ) );
#350 = PCURVE('',#250,#351);
#351 = DEFINITIONAL_REPRESENTATION('',(#352),#356);
#352 = LINE('',#353,#354);
#353 = CARTESIAN_POINT('',(0.,2.1));
#354 = VECTOR('',#355,1.);
#355 = DIRECTION('',(1.,0.));
#356 = ( GEOMETRIC_REPRESENTATION_CONTEXT(2) 
PARAMETRIC_REPRESENTATION_CONTEXT() REPRESENTATION_CONTEXT('2D SPACE',''
  ) );
#357 = ORIENTED_EDGE('',*,*,#358,.F.);
#358 = EDGE_CURVE('',#359,#335,#361,.T.);
#359 = VERTEX_POINT('',#360);
#360 = CARTESIAN_POINT('',(-49.75,-49.8,9.05));
#361 = SURFACE_CURVE('',#362,(#366,#373),.PCURVE_S1.);
#362 = LINE('',#363,#364);
#363 = CARTESIAN_POINT('',(-49.75,-58.15,9.05));
#364 = VECTOR('',#365,1.);
#365 = DIRECTION('',(-0.,1.,0.));
#366 = PCURVE('',#101,#367);
#367 = DEFINITIONAL_REPRESENTATION('',(#368),#372);
#368 = LINE('',#369,#370);
#369 = CARTESIAN_POINT('',(1.11,6.05));
#370 = VECTOR('',#371,1.);
#371 = DIRECTION('',(0.,1.));
#372 = ( GEOMETRIC_REPRESENTATION_CONTEXT(2) 
PARAMETRIC_REPRESENTATION_CONTEXT() REPRESENTATION_CONTEXT('2D SPACE',''
  ) );
#373 = PCURVE('',#374,#379);
#374 = PLANE('',#375);
#375 = AXIS2_PLACEMENT_3D('',#376,#377,#378);
#376 = CARTESIAN_POINT('',(-49.75,-67.2,0.));
#377 = DIRECTION('',(1.,0.,-0.));
#378 = DIRECTION('',(0.,0.,1.));
#379 = DEFINITIONAL_REPRESENTATION('',(#380),#383);
#380 = B_SPLINE_CURVE_WITH_KNOTS('',1,(#381,#382),.UNSPECIFIED.,.F.,.F.,
  (2,2),(6.55,11.55),.PIECEWISE_BEZIER_KNOTS.);
#381 = CARTESIAN_POINT('',(9.05,-15.6));
#382 = CARTESIAN_POINT('',(9.05,-20.6));
#383 = ( GEOMETRIC_REPRESENTATION_CONTEXT(2) 
PARAMETRIC_REPRESENTATION_CONTEXT() REPRESENTATION_CONTEXT('2D SPACE',''
  ) );
#384 = ORIENTED_EDGE('',*,*,#385,.F.);
#385 = EDGE_CURVE('',#386,#359,#388,.T.);
#386 = VERTEX_POINT('',#387);
#387 = CARTESIAN_POINT('',(-49.85,-49.8,9.05));
#388 = SURFACE_CURVE('',#389,(#393,#400),.PCURVE_S1.);
#389 = LINE('',#390,#391);
#390 = CARTESIAN_POINT('',(-50.86,-49.8,9.05));
#391 = VECTOR('',#392,1.);
#392 = DIRECTION('',(1.,0.,0.));
#393 = PCURVE('',#101,#394);
#394 = DEFINITIONAL_REPRESENTATION('',(#395),#399);
#395 = LINE('',#396,#397);
#396 = CARTESIAN_POINT('',(0.,14.4));
#397 = VECTOR('',#398,1.);
#398 = DIRECTION('',(1.,0.));
#399 = ( GEOMETRIC_REPRESENTATION_CONTEXT(2) 
PARAMETRIC_REPRESENTATION_CONTEXT() REPRESENTATION_CONTEXT('2D SPACE',''
  ) );
#400 = PCURVE('',#401,#406);
#401 = PLANE('',#402);
#402 = AXIS2_PLACEMENT_3D('',#403,#404,#405);
#403 = CARTESIAN_POINT('',(-50.86,-49.8,6.95));
#404 = DIRECTION('',(0.,1.,0.));
#405 = DIRECTION('',(0.,-0.,1.));
#406 = DEFINITIONAL_REPRESENTATION('',(#407),#411);
#407 = LINE('',#408,#409);
#408 = CARTESIAN_POINT('',(2.1,0.));
#409 = VECTOR('',#410,1.);
#410 = DIRECTION('',(0.,1.));
#411 = ( GEOMETRIC_REPRESENTATION_CONTEXT(2) 
PARAMETRIC_REPRESENTATION_CONTEXT() REPRESENTATION_CONTEXT('2D SPACE',''
  ) );
#412 = ORIENTED_EDGE('',*,*,#413,.T.);
#413 = EDGE_CURVE('',#386,#414,#416,.T.);
#414 = VERTEX_POINT('',#415);
#415 = CARTESIAN_POINT('',(-49.85,-63.85,9.05));
#416 = SURFACE_CURVE('',#417,(#421,#428),.PCURVE_S1.);
#417 = LINE('',#418,#419);
#418 = CARTESIAN_POINT('',(-49.85,-64.025,9.05));
#419 = VECTOR('',#420,1.);
#420 = DIRECTION('',(0.,-1.,0.));
#421 = PCURVE('',#101,#422);
#422 = DEFINITIONAL_REPRESENTATION('',(#423),#427);
#423 = LINE('',#424,#425);
#424 = CARTESIAN_POINT('',(1.01,0.175));
#425 = VECTOR('',#426,1.);
#426 = DIRECTION('',(0.,-1.));
#427 = ( GEOMETRIC_REPRESENTATION_CONTEXT(2) 
PARAMETRIC_REPRESENTATION_CONTEXT() REPRESENTATION_CONTEXT('2D SPACE',''
  ) );
#428 = PCURVE('',#429,#434);
#429 = PLANE('',#430);
#430 = AXIS2_PLACEMENT_3D('',#431,#432,#433);
#431 = CARTESIAN_POINT('',(-49.85,-63.85,2.65));
#432 = DIRECTION('',(-1.,0.,0.));
#433 = DIRECTION('',(0.,1.,0.));
#434 = DEFINITIONAL_REPRESENTATION('',(#435),#439);
#435 = LINE('',#436,#437);
#436 = CARTESIAN_POINT('',(-0.175,-6.4));
#437 = VECTOR('',#438,1.);
#438 = DIRECTION('',(-1.,0.));
#439 = ( GEOMETRIC_REPRESENTATION_CONTEXT(2) 
PARAMETRIC_REPRESENTATION_CONTEXT() REPRESENTATION_CONTEXT('2D SPACE',''
  ) );
#440 = ORIENTED_EDGE('',*,*,#441,.F.);
#441 = EDGE_CURVE('',#442,#414,#444,.T.);
#442 = VERTEX_POINT('',#443);
#443 = CARTESIAN_POINT('',(-49.83220046034,-64.2,9.05));
#444 = SURFACE_CURVE('',#445,(#450,#461),.PCURVE_S1.);
#445 = CIRCLE('',#446,3.45);
#446 = AXIS2_PLACEMENT_3D('',#447,#448,#449);
#447 = CARTESIAN_POINT('',(-46.4,-63.85,9.05));
#448 = DIRECTION('',(0.,0.,-1.));
#449 = DIRECTION('',(1.,0.,0.));
#450 = PCURVE('',#101,#451);
#451 = DEFINITIONAL_REPRESENTATION('',(#452),#460);
#452 = ( BOUNDED_CURVE() B_SPLINE_CURVE(2,(#453,#454,#455,#456,#457,#458
,#459),.UNSPECIFIED.,.T.,.F.) B_SPLINE_CURVE_WITH_KNOTS((1,2,2,2,2,1),(
    -2.094395102393,0.,2.094395102393,4.188790204786,6.28318530718,
8.377580409573),.UNSPECIFIED.) CURVE() GEOMETRIC_REPRESENTATION_ITEM() 
RATIONAL_B_SPLINE_CURVE((1.,0.5,1.,0.5,1.,0.5,1.)) REPRESENTATION_ITEM(
  '') );
#453 = CARTESIAN_POINT('',(7.91,0.35));
#454 = CARTESIAN_POINT('',(7.91,-5.625575286113));
#455 = CARTESIAN_POINT('',(2.735,-2.637787643056));
#456 = CARTESIAN_POINT('',(-2.44,0.35));
#457 = CARTESIAN_POINT('',(2.735,3.337787643056));
#458 = CARTESIAN_POINT('',(7.91,6.325575286113));
#459 = CARTESIAN_POINT('',(7.91,0.35));
#460 = ( GEOMETRIC_REPRESENTATION_CONTEXT(2) 
PARAMETRIC_REPRESENTATION_CONTEXT() REPRESENTATION_CONTEXT('2D SPACE',''
  ) );
#461 = PCURVE('',#462,#467);
#462 = CYLINDRICAL_SURFACE('',#463,3.45);
#463 = AXIS2_PLACEMENT_3D('',#464,#465,#466);
#464 = CARTESIAN_POINT('',(-46.4,-63.85,2.65));
#465 = DIRECTION('',(-0.,-0.,-1.));
#466 = DIRECTION('',(1.,0.,0.));
#467 = DEFINITIONAL_REPRESENTATION('',(#468),#472);
#468 = LINE('',#469,#470);
#469 = CARTESIAN_POINT('',(-4.138911435803E-13,-6.4));
#470 = VECTOR('',#471,1.);
#471 = DIRECTION('',(1.,-0.));
#472 = ( GEOMETRIC_REPRESENTATION_CONTEXT(2) 
PARAMETRIC_REPRESENTATION_CONTEXT() REPRESENTATION_CONTEXT('2D SPACE',''
  ) );
#473 = ORIENTED_EDGE('',*,*,#474,.T.);
#474 = EDGE_CURVE('',#442,#475,#477,.T.);
#475 = VERTEX_POINT('',#476);
#476 = CARTESIAN_POINT('',(-46.78,-64.2,9.05));
#477 = SURFACE_CURVE('',#478,(#482,#489),.PCURVE_S1.);
#478 = LINE('',#479,#480);
#479 = CARTESIAN_POINT('',(-50.86,-64.2,9.05));
#480 = VECTOR('',#481,1.);
#481 = DIRECTION('',(1.,0.,0.));
#482 = PCURVE('',#101,#483);
#483 = DEFINITIONAL_REPRESENTATION('',(#484),#488);
#484 = LINE('',#485,#486);
#485 = CARTESIAN_POINT('',(0.,0.));
#486 = VECTOR('',#487,1.);
#487 = DIRECTION('',(1.,0.));
#488 = ( GEOMETRIC_REPRESENTATION_CONTEXT(2) 
PARAMETRIC_REPRESENTATION_CONTEXT() REPRESENTATION_CONTEXT('2D SPACE',''
  ) );
#489 = PCURVE('',#490,#495);
#490 = PLANE('',#491);
#491 = AXIS2_PLACEMENT_3D('',#492,#493,#494);
#492 = CARTESIAN_POINT('',(-50.86,-64.2,6.95));
#493 = DIRECTION('',(0.,1.,0.));
#494 = DIRECTION('',(0.,-0.,1.));
#495 = DEFINITIONAL_REPRESENTATION('',(#496),#500);
#496 = LINE('',#497,#498);
#497 = CARTESIAN_POINT('',(2.1,0.));
#498 = VECTOR('',#499,1.);
#499 = DIRECTION('',(0.,1.));
#500 = ( GEOMETRIC_REPRESENTATION_CONTEXT(2) 
PARAMETRIC_REPRESENTATION_CONTEXT() REPRESENTATION_CONTEXT('2D SPACE',''
  ) );
#501 = ORIENTED_EDGE('',*,*,#502,.F.);
#502 = EDGE_CURVE('',#503,#475,#505,.T.);
#503 = VERTEX_POINT('',#504);
#504 = CARTESIAN_POINT('',(-46.78,-67.27900860308,9.05));
#505 = SURFACE_CURVE('',#506,(#510,#517),.PCURVE_S1.);
#506 = LINE('',#507,#508);
#507 = CARTESIAN_POINT('',(-46.78,-68.28,9.05));
#508 = VECTOR('',#509,1.);
#509 = DIRECTION('',(0.,1.,0.));
#510 = PCURVE('',#101,#511);
#511 = DEFINITIONAL_REPRESENTATION('',(#512),#516);
#512 = LINE('',#513,#514);
#513 = CARTESIAN_POINT('',(4.08,-4.08));
#514 = VECTOR('',#515,1.);
#515 = DIRECTION('',(0.,1.));
#516 = ( GEOMETRIC_REPRESENTATION_CONTEXT(2) 
PARAMETRIC_REPRESENTATION_CONTEXT() REPRESENTATION_CONTEXT('2D SPACE',''
  ) );
#517 = PCURVE('',#518,#523);
#518 = PLANE('',#519);
#519 = AXIS2_PLACEMENT_3D('',#520,#521,#522);
#520 = CARTESIAN_POINT('',(-46.78,-68.28,6.95));
#521 = DIRECTION('',(1.,0.,0.));
#522 = DIRECTION('',(0.,0.,1.));
#523 = DEFINITIONAL_REPRESENTATION('',(#524),#528);
#524 = LINE('',#525,#526);
#525 = CARTESIAN_POINT('',(2.1,0.));
#526 = VECTOR('',#527,1.);
#527 = DIRECTION('',(0.,-1.));
#528 = ( GEOMETRIC_REPRESENTATION_CONTEXT(2) 
PARAMETRIC_REPRESENTATION_CONTEXT() REPRESENTATION_CONTEXT('2D SPACE',''
  ) );
#529 = ORIENTED_EDGE('',*,*,#530,.F.);
#530 = EDGE_CURVE('',#531,#503,#533,.T.);
#531 = VERTEX_POINT('',#532);
#532 = CARTESIAN_POINT('',(-46.4,-67.3,9.05));
#533 = SURFACE_CURVE('',#534,(#539,#550),.PCURVE_S1.);
#534 = CIRCLE('',#535,3.45);
#535 = AXIS2_PLACEMENT_3D('',#536,#537,#538);
#536 = CARTESIAN_POINT('',(-46.4,-63.85,9.05));
#537 = DIRECTION('',(0.,0.,-1.));
#538 = DIRECTION('',(1.,0.,0.));
#539 = PCURVE('',#101,#540);
#540 = DEFINITIONAL_REPRESENTATION('',(#541),#549);
#541 = ( BOUNDED_CURVE() B_SPLINE_CURVE(2,(#542,#543,#544,#545,#546,#547
,#548),.UNSPECIFIED.,.T.,.F.) B_SPLINE_CURVE_WITH_KNOTS((1,2,2,2,2,1),(
    -2.094395102393,0.,2.094395102393,4.188790204786,6.28318530718,
8.377580409573),.UNSPECIFIED.) CURVE() GEOMETRIC_REPRESENTATION_ITEM() 
RATIONAL_B_SPLINE_CURVE((1.,0.5,1.,0.5,1.,0.5,1.)) REPRESENTATION_ITEM(
  '') );
#542 = CARTESIAN_POINT('',(7.91,0.35));
#543 = CARTESIAN_POINT('',(7.91,-5.625575286113));
#544 = CARTESIAN_POINT('',(2.735,-2.637787643056));
#545 = CARTESIAN_POINT('',(-2.44,0.35));
#546 = CARTESIAN_POINT('',(2.735,3.337787643056));
#547 = CARTESIAN_POINT('',(7.91,6.325575286113));
#548 = CARTESIAN_POINT('',(7.91,0.35));
#549 = ( GEOMETRIC_REPRESENTATION_CONTEXT(2) 
PARAMETRIC_REPRESENTATION_CONTEXT() REPRESENTATION_CONTEXT('2D SPACE',''
  ) );
#550 = PCURVE('',#462,#551);
#551 = DEFINITIONAL_REPRESENTATION('',(#552),#556);
#552 = LINE('',#553,#554);
#553 = CARTESIAN_POINT('',(-4.138911435803E-13,-6.4));
#554 = VECTOR('',#555,1.);
#555 = DIRECTION('',(1.,-0.));
#556 = ( GEOMETRIC_REPRESENTATION_CONTEXT(2) 
PARAMETRIC_REPRESENTATION_CONTEXT() REPRESENTATION_CONTEXT('2D SPACE',''
  ) );
#557 = ORIENTED_EDGE('',*,*,#558,.F.);
#558 = EDGE_CURVE('',#559,#531,#561,.T.);
#559 = VERTEX_POINT('',#560);
#560 = CARTESIAN_POINT('',(-32.38,-67.3,9.05));
#561 = SURFACE_CURVE('',#562,(#566,#573),.PCURVE_S1.);
#562 = LINE('',#563,#564);
#563 = CARTESIAN_POINT('',(-48.63,-67.3,9.05));
#564 = VECTOR('',#565,1.);
#565 = DIRECTION('',(-1.,0.,0.));
#566 = PCURVE('',#101,#567);
#567 = DEFINITIONAL_REPRESENTATION('',(#568),#572);
#568 = LINE('',#569,#570);
#569 = CARTESIAN_POINT('',(2.23,-3.1));
#570 = VECTOR('',#571,1.);
#571 = DIRECTION('',(-1.,0.));
#572 = ( GEOMETRIC_REPRESENTATION_CONTEXT(2) 
PARAMETRIC_REPRESENTATION_CONTEXT() REPRESENTATION_CONTEXT('2D SPACE',''
  ) );
#573 = PCURVE('',#574,#579);
#574 = PLANE('',#575);
#575 = AXIS2_PLACEMENT_3D('',#576,#577,#578);
#576 = CARTESIAN_POINT('',(-46.4,-67.3,2.65));
#577 = DIRECTION('',(0.,1.,0.));
#578 = DIRECTION('',(1.,0.,0.));
#579 = DEFINITIONAL_REPRESENTATION('',(#580),#584);
#580 = LINE('',#581,#582);
#581 = CARTESIAN_POINT('',(-2.23,-6.4));
#582 = VECTOR('',#583,1.);
#583 = DIRECTION('',(-1.,0.));
#584 = ( GEOMETRIC_REPRESENTATION_CONTEXT(2) 
PARAMETRIC_REPRESENTATION_CONTEXT() REPRESENTATION_CONTEXT('2D SPACE',''
  ) );
#585 = ORIENTED_EDGE('',*,*,#586,.T.);
#586 = EDGE_CURVE('',#559,#587,#589,.T.);
#587 = VERTEX_POINT('',#588);
#588 = CARTESIAN_POINT('',(-32.38,-67.2,9.05));
#589 = SURFACE_CURVE('',#590,(#594,#601),.PCURVE_S1.);
#590 = LINE('',#591,#592);
#591 = CARTESIAN_POINT('',(-32.38,-68.28,9.05));
#592 = VECTOR('',#593,1.);
#593 = DIRECTION('',(0.,1.,0.));
#594 = PCURVE('',#101,#595);
#595 = DEFINITIONAL_REPRESENTATION('',(#596),#600);
#596 = LINE('',#597,#598);
#597 = CARTESIAN_POINT('',(18.48,-4.08));
#598 = VECTOR('',#599,1.);
#599 = DIRECTION('',(0.,1.));
#600 = ( GEOMETRIC_REPRESENTATION_CONTEXT(2) 
PARAMETRIC_REPRESENTATION_CONTEXT() REPRESENTATION_CONTEXT('2D SPACE',''
  ) );
#601 = PCURVE('',#602,#607);
#602 = PLANE('',#603);
#603 = AXIS2_PLACEMENT_3D('',#604,#605,#606);
#604 = CARTESIAN_POINT('',(-32.38,-68.28,6.95));
#605 = DIRECTION('',(1.,0.,0.));
#606 = DIRECTION('',(0.,0.,1.));
#607 = DEFINITIONAL_REPRESENTATION('',(#608),#612);
#608 = LINE('',#609,#610);
#609 = CARTESIAN_POINT('',(2.1,0.));
#610 = VECTOR('',#611,1.);
#611 = DIRECTION('',(0.,-1.));
#612 = ( GEOMETRIC_REPRESENTATION_CONTEXT(2) 
PARAMETRIC_REPRESENTATION_CONTEXT() REPRESENTATION_CONTEXT('2D SPACE',''
  ) );
#613 = ORIENTED_EDGE('',*,*,#614,.F.);
#614 = EDGE_CURVE('',#615,#587,#617,.T.);
#615 = VERTEX_POINT('',#616);
#616 = CARTESIAN_POINT('',(-30.70020410288,-67.2,9.05));
#617 = SURFACE_CURVE('',#618,(#622,#629),.PCURVE_S1.);
#618 = LINE('',#619,#620);
#619 = CARTESIAN_POINT('',(-40.715,-67.2,9.05));
#620 = VECTOR('',#621,1.);
#621 = DIRECTION('',(-1.,-0.,0.));
#622 = PCURVE('',#101,#623);
#623 = DEFINITIONAL_REPRESENTATION('',(#624),#628);
#624 = LINE('',#625,#626);
#625 = CARTESIAN_POINT('',(10.145,-3.));
#626 = VECTOR('',#627,1.);
#627 = DIRECTION('',(-1.,0.));
#628 = ( GEOMETRIC_REPRESENTATION_CONTEXT(2) 
PARAMETRIC_REPRESENTATION_CONTEXT() REPRESENTATION_CONTEXT('2D SPACE',''
  ) );
#629 = PCURVE('',#630,#635);
#630 = PLANE('',#631);
#631 = AXIS2_PLACEMENT_3D('',#632,#633,#634);
#632 = CARTESIAN_POINT('',(-49.75,-67.2,0.));
#633 = DIRECTION('',(-0.,1.,0.));
#634 = DIRECTION('',(0.,0.,1.));
#635 = DEFINITIONAL_REPRESENTATION('',(#636),#639);
#636 = B_SPLINE_CURVE_WITH_KNOTS('',1,(#637,#638),.UNSPECIFIED.,.F.,.F.,
  (2,2),(-11.535,-6.535),.PIECEWISE_BEZIER_KNOTS.);
#637 = CARTESIAN_POINT('',(9.05,20.57));
#638 = CARTESIAN_POINT('',(9.05,15.57));
#639 = ( GEOMETRIC_REPRESENTATION_CONTEXT(2) 
PARAMETRIC_REPRESENTATION_CONTEXT() REPRESENTATION_CONTEXT('2D SPACE',''
  ) );
#640 = ORIENTED_EDGE('',*,*,#641,.T.);
#641 = EDGE_CURVE('',#615,#642,#644,.T.);
#642 = VERTEX_POINT('',#643);
#643 = CARTESIAN_POINT('',(-29.28,-64.2,9.05));
#644 = SURFACE_CURVE('',#645,(#650,#657),.PCURVE_S1.);
#645 = CIRCLE('',#646,2.5);
#646 = AXIS2_PLACEMENT_3D('',#647,#648,#649);
#647 = CARTESIAN_POINT('',(-31.68,-64.9,9.05));
#648 = DIRECTION('',(-0.,0.,1.));
#649 = DIRECTION('',(0.391918358845,-0.92,0.));
#650 = PCURVE('',#101,#651);
#651 = DEFINITIONAL_REPRESENTATION('',(#652),#656);
#652 = CIRCLE('',#653,2.5);
#653 = AXIS2_PLACEMENT_2D('',#654,#655);
#654 = CARTESIAN_POINT('',(19.18,-0.7));
#655 = DIRECTION('',(0.391918358845,-0.92));
#656 = ( GEOMETRIC_REPRESENTATION_CONTEXT(2) 
PARAMETRIC_REPRESENTATION_CONTEXT() REPRESENTATION_CONTEXT('2D SPACE',''
  ) );
#657 = PCURVE('',#658,#663);
#658 = CYLINDRICAL_SURFACE('',#659,2.5);
#659 = AXIS2_PLACEMENT_3D('',#660,#661,#662);
#660 = CARTESIAN_POINT('',(-31.68,-64.9,6.95));
#661 = DIRECTION('',(0.,0.,1.));
#662 = DIRECTION('',(1.,0.,-0.));
#663 = DEFINITIONAL_REPRESENTATION('',(#664),#668);
#664 = LINE('',#665,#666);
#665 = CARTESIAN_POINT('',(5.115104821965,2.1));
#666 = VECTOR('',#667,1.);
#667 = DIRECTION('',(1.,0.));
#668 = ( GEOMETRIC_REPRESENTATION_CONTEXT(2) 
PARAMETRIC_REPRESENTATION_CONTEXT() REPRESENTATION_CONTEXT('2D SPACE',''
  ) );
#669 = ORIENTED_EDGE('',*,*,#670,.T.);
#670 = EDGE_CURVE('',#642,#671,#673,.T.);
#671 = VERTEX_POINT('',#672);
#672 = CARTESIAN_POINT('',(-29.00559095793,-64.2,9.05));
#673 = SURFACE_CURVE('',#674,(#678,#685),.PCURVE_S1.);
#674 = LINE('',#675,#676);
#675 = CARTESIAN_POINT('',(-33.08,-64.2,9.05));
#676 = VECTOR('',#677,1.);
#677 = DIRECTION('',(1.,0.,0.));
#678 = PCURVE('',#101,#679);
#679 = DEFINITIONAL_REPRESENTATION('',(#680),#684);
#680 = LINE('',#681,#682);
#681 = CARTESIAN_POINT('',(17.78,0.));
#682 = VECTOR('',#683,1.);
#683 = DIRECTION('',(1.,0.));
#684 = ( GEOMETRIC_REPRESENTATION_CONTEXT(2) 
PARAMETRIC_REPRESENTATION_CONTEXT() REPRESENTATION_CONTEXT('2D SPACE',''
  ) );
#685 = PCURVE('',#686,#691);
#686 = PLANE('',#687);
#687 = AXIS2_PLACEMENT_3D('',#688,#689,#690);
#688 = CARTESIAN_POINT('',(-33.08,-64.2,6.95));
#689 = DIRECTION('',(0.,1.,0.));
#690 = DIRECTION('',(0.,-0.,1.));
#691 = DEFINITIONAL_REPRESENTATION('',(#692),#696);
#692 = LINE('',#693,#694);
#693 = CARTESIAN_POINT('',(2.1,0.));
#694 = VECTOR('',#695,1.);
#695 = DIRECTION('',(0.,1.));
#696 = ( GEOMETRIC_REPRESENTATION_CONTEXT(2) 
PARAMETRIC_REPRESENTATION_CONTEXT() REPRESENTATION_CONTEXT('2D SPACE',''
  ) );
#697 = ORIENTED_EDGE('',*,*,#698,.F.);
#698 = EDGE_CURVE('',#699,#671,#701,.T.);
#699 = VERTEX_POINT('',#700);
#700 = CARTESIAN_POINT('',(-29.,-64.,9.05));
#701 = SURFACE_CURVE('',#702,(#707,#718),.PCURVE_S1.);
#702 = CIRCLE('',#703,3.58);
#703 = AXIS2_PLACEMENT_3D('',#704,#705,#706);
#704 = CARTESIAN_POINT('',(-32.58,-64.,9.05));
#705 = DIRECTION('',(0.,0.,-1.));
#706 = DIRECTION('',(1.,0.,0.));
#707 = PCURVE('',#101,#708);
#708 = DEFINITIONAL_REPRESENTATION('',(#709),#717);
#709 = ( BOUNDED_CURVE() B_SPLINE_CURVE(2,(#710,#711,#712,#713,#714,#715
,#716),.UNSPECIFIED.,.T.,.F.) B_SPLINE_CURVE_WITH_KNOTS((1,2,2,2,2,1),(
    -2.094395102393,0.,2.094395102393,4.188790204786,6.28318530718,
8.377580409573),.UNSPECIFIED.) CURVE() GEOMETRIC_REPRESENTATION_ITEM() 
RATIONAL_B_SPLINE_CURVE((1.,0.5,1.,0.5,1.,0.5,1.)) REPRESENTATION_ITEM(
  '') );
#710 = CARTESIAN_POINT('',(21.86,0.2));
#711 = CARTESIAN_POINT('',(21.86,-6.000741891097));
#712 = CARTESIAN_POINT('',(16.49,-2.900370945548));
#713 = CARTESIAN_POINT('',(11.12,0.2));
#714 = CARTESIAN_POINT('',(16.49,3.300370945548));
#715 = CARTESIAN_POINT('',(21.86,6.400741891097));
#716 = CARTESIAN_POINT('',(21.86,0.2));
#717 = ( GEOMETRIC_REPRESENTATION_CONTEXT(2) 
PARAMETRIC_REPRESENTATION_CONTEXT() REPRESENTATION_CONTEXT('2D SPACE',''
  ) );
#718 = PCURVE('',#719,#724);
#719 = CYLINDRICAL_SURFACE('',#720,3.58);
#720 = AXIS2_PLACEMENT_3D('',#721,#722,#723);
#721 = CARTESIAN_POINT('',(-32.58,-64.,3.15));
#722 = DIRECTION('',(-0.,-0.,-1.));
#723 = DIRECTION('',(1.,0.,0.));
#724 = DEFINITIONAL_REPRESENTATION('',(#725),#729);
#725 = LINE('',#726,#727);
#726 = CARTESIAN_POINT('',(-4.138911435803E-13,-5.9));
#727 = VECTOR('',#728,1.);
#728 = DIRECTION('',(1.,-0.));
#729 = ( GEOMETRIC_REPRESENTATION_CONTEXT(2) 
PARAMETRIC_REPRESENTATION_CONTEXT() REPRESENTATION_CONTEXT('2D SPACE',''
  ) );
#730 = ORIENTED_EDGE('',*,*,#731,.F.);
#731 = EDGE_CURVE('',#732,#699,#734,.T.);
#732 = VERTEX_POINT('',#733);
#733 = CARTESIAN_POINT('',(-29.,-50.,9.05));
#734 = SURFACE_CURVE('',#735,(#739,#746),.PCURVE_S1.);
#735 = LINE('',#736,#737);
#736 = CARTESIAN_POINT('',(-29.,-64.1,9.05));
#737 = VECTOR('',#738,1.);
#738 = DIRECTION('',(0.,-1.,0.));
#739 = PCURVE('',#101,#740);
#740 = DEFINITIONAL_REPRESENTATION('',(#741),#745);
#741 = LINE('',#742,#743);
#742 = CARTESIAN_POINT('',(21.86,0.1));
#743 = VECTOR('',#744,1.);
#744 = DIRECTION('',(0.,-1.));
#745 = ( GEOMETRIC_REPRESENTATION_CONTEXT(2) 
PARAMETRIC_REPRESENTATION_CONTEXT() REPRESENTATION_CONTEXT('2D SPACE',''
  ) );
#746 = PCURVE('',#747,#752);
#747 = PLANE('',#748);
#748 = AXIS2_PLACEMENT_3D('',#749,#750,#751);
#749 = CARTESIAN_POINT('',(-29.,-64.,3.15));
#750 = DIRECTION('',(-1.,0.,0.));
#751 = DIRECTION('',(0.,1.,0.));
#752 = DEFINITIONAL_REPRESENTATION('',(#753),#757);
#753 = LINE('',#754,#755);
#754 = CARTESIAN_POINT('',(-9.999999999999E-02,-5.9));
#755 = VECTOR('',#756,1.);
#756 = DIRECTION('',(-1.,0.));
#757 = ( GEOMETRIC_REPRESENTATION_CONTEXT(2) 
PARAMETRIC_REPRESENTATION_CONTEXT() REPRESENTATION_CONTEXT('2D SPACE',''
  ) );
#758 = ORIENTED_EDGE('',*,*,#759,.F.);
#759 = EDGE_CURVE('',#760,#732,#762,.T.);
#760 = VERTEX_POINT('',#761);
#761 = CARTESIAN_POINT('',(-29.00559095793,-49.8,9.05));
#762 = SURFACE_CURVE('',#763,(#768,#779),.PCURVE_S1.);
#763 = CIRCLE('',#764,3.58);
#764 = AXIS2_PLACEMENT_3D('',#765,#766,#767);
#765 = CARTESIAN_POINT('',(-32.58,-50.,9.05));
#766 = DIRECTION('',(0.,0.,-1.));
#767 = DIRECTION('',(1.,0.,0.));
#768 = PCURVE('',#101,#769);
#769 = DEFINITIONAL_REPRESENTATION('',(#770),#778);
#770 = ( BOUNDED_CURVE() B_SPLINE_CURVE(2,(#771,#772,#773,#774,#775,#776
,#777),.UNSPECIFIED.,.T.,.F.) B_SPLINE_CURVE_WITH_KNOTS((1,2,2,2,2,1),(
    -2.094395102393,0.,2.094395102393,4.188790204786,6.28318530718,
8.377580409573),.UNSPECIFIED.) CURVE() GEOMETRIC_REPRESENTATION_ITEM() 
RATIONAL_B_SPLINE_CURVE((1.,0.5,1.,0.5,1.,0.5,1.)) REPRESENTATION_ITEM(
  '') );
#771 = CARTESIAN_POINT('',(21.86,14.2));
#772 = CARTESIAN_POINT('',(21.86,7.999258108903));
#773 = CARTESIAN_POINT('',(16.49,11.099629054452));
#774 = CARTESIAN_POINT('',(11.12,14.2));
#775 = CARTESIAN_POINT('',(16.49,17.300370945548));
#776 = CARTESIAN_POINT('',(21.86,20.400741891097));
#777 = CARTESIAN_POINT('',(21.86,14.2));
#778 = ( GEOMETRIC_REPRESENTATION_CONTEXT(2) 
PARAMETRIC_REPRESENTATION_CONTEXT() REPRESENTATION_CONTEXT('2D SPACE',''
  ) );
#779 = PCURVE('',#780,#785);
#780 = CYLINDRICAL_SURFACE('',#781,3.58);
#781 = AXIS2_PLACEMENT_3D('',#782,#783,#784);
#782 = CARTESIAN_POINT('',(-32.58,-50.,3.15));
#783 = DIRECTION('',(-0.,-0.,-1.));
#784 = DIRECTION('',(1.,0.,0.));
#785 = DEFINITIONAL_REPRESENTATION('',(#786),#790);
#786 = LINE('',#787,#788);
#787 = CARTESIAN_POINT('',(-4.138911435803E-13,-5.9));
#788 = VECTOR('',#789,1.);
#789 = DIRECTION('',(1.,-0.));
#790 = ( GEOMETRIC_REPRESENTATION_CONTEXT(2) 
PARAMETRIC_REPRESENTATION_CONTEXT() REPRESENTATION_CONTEXT('2D SPACE',''
  ) );
#791 = ORIENTED_EDGE('',*,*,#792,.F.);
#792 = EDGE_CURVE('',#793,#760,#795,.T.);
#793 = VERTEX_POINT('',#794);
#794 = CARTESIAN_POINT('',(-32.38,-49.8,9.05));
#795 = SURFACE_CURVE('',#796,(#800,#807),.PCURVE_S1.);
#796 = LINE('',#797,#798);
#797 = CARTESIAN_POINT('',(-33.08,-49.8,9.05));
#798 = VECTOR('',#799,1.);
#799 = DIRECTION('',(1.,0.,0.));
#800 = PCURVE('',#101,#801);
#801 = DEFINITIONAL_REPRESENTATION('',(#802),#806);
#802 = LINE('',#803,#804);
#803 = CARTESIAN_POINT('',(17.78,14.4));
#804 = VECTOR('',#805,1.);
#805 = DIRECTION('',(1.,0.));
#806 = ( GEOMETRIC_REPRESENTATION_CONTEXT(2) 
PARAMETRIC_REPRESENTATION_CONTEXT() REPRESENTATION_CONTEXT('2D SPACE',''
  ) );
#807 = PCURVE('',#808,#813);
#808 = PLANE('',#809);
#809 = AXIS2_PLACEMENT_3D('',#810,#811,#812);
#810 = CARTESIAN_POINT('',(-33.08,-49.8,6.95));
#811 = DIRECTION('',(0.,1.,0.));
#812 = DIRECTION('',(0.,-0.,1.));
#813 = DEFINITIONAL_REPRESENTATION('',(#814),#818);
#814 = LINE('',#815,#816);
#815 = CARTESIAN_POINT('',(2.1,0.));
#816 = VECTOR('',#817,1.);
#817 = DIRECTION('',(0.,1.));
#818 = ( GEOMETRIC_REPRESENTATION_CONTEXT(2) 
PARAMETRIC_REPRESENTATION_CONTEXT() REPRESENTATION_CONTEXT('2D SPACE',''
  ) );
#819 = ORIENTED_EDGE('',*,*,#820,.T.);
#820 = EDGE_CURVE('',#793,#821,#823,.T.);
#821 = VERTEX_POINT('',#822);
#822 = CARTESIAN_POINT('',(-32.38,-46.42559095793,9.05));
#823 = SURFACE_CURVE('',#824,(#828,#835),.PCURVE_S1.);
#824 = LINE('',#825,#826);
#825 = CARTESIAN_POINT('',(-32.38,-50.5,9.05));
#826 = VECTOR('',#827,1.);
#827 = DIRECTION('',(0.,1.,0.));
#828 = PCURVE('',#101,#829);
#829 = DEFINITIONAL_REPRESENTATION('',(#830),#834);
#830 = LINE('',#831,#832);
#831 = CARTESIAN_POINT('',(18.48,13.7));
#832 = VECTOR('',#833,1.);
#833 = DIRECTION('',(0.,1.));
#834 = ( GEOMETRIC_REPRESENTATION_CONTEXT(2) 
PARAMETRIC_REPRESENTATION_CONTEXT() REPRESENTATION_CONTEXT('2D SPACE',''
  ) );
#835 = PCURVE('',#836,#841);
#836 = PLANE('',#837);
#837 = AXIS2_PLACEMENT_3D('',#838,#839,#840);
#838 = CARTESIAN_POINT('',(-32.38,-50.5,6.95));
#839 = DIRECTION('',(1.,0.,0.));
#840 = DIRECTION('',(0.,0.,1.));
#841 = DEFINITIONAL_REPRESENTATION('',(#842),#846);
#842 = LINE('',#843,#844);
#843 = CARTESIAN_POINT('',(2.1,0.));
#844 = VECTOR('',#845,1.);
#845 = DIRECTION('',(0.,-1.));
#846 = ( GEOMETRIC_REPRESENTATION_CONTEXT(2) 
PARAMETRIC_REPRESENTATION_CONTEXT() REPRESENTATION_CONTEXT('2D SPACE',''
  ) );
#847 = ORIENTED_EDGE('',*,*,#848,.F.);
#848 = EDGE_CURVE('',#849,#821,#851,.T.);
#849 = VERTEX_POINT('',#850);
#850 = CARTESIAN_POINT('',(-32.58,-46.42,9.05));
#851 = SURFACE_CURVE('',#852,(#857,#868),.PCURVE_S1.);
#852 = CIRCLE('',#853,3.58);
#853 = AXIS2_PLACEMENT_3D('',#854,#855,#856);
#854 = CARTESIAN_POINT('',(-32.58,-50.,9.05));
#855 = DIRECTION('',(0.,0.,-1.));
#856 = DIRECTION('',(1.,0.,0.));
#857 = PCURVE('',#101,#858);
#858 = DEFINITIONAL_REPRESENTATION('',(#859),#867);
#859 = ( BOUNDED_CURVE() B_SPLINE_CURVE(2,(#860,#861,#862,#863,#864,#865
,#866),.UNSPECIFIED.,.T.,.F.) B_SPLINE_CURVE_WITH_KNOTS((1,2,2,2,2,1),(
    -2.094395102393,0.,2.094395102393,4.188790204786,6.28318530718,
8.377580409573),.UNSPECIFIED.) CURVE() GEOMETRIC_REPRESENTATION_ITEM() 
RATIONAL_B_SPLINE_CURVE((1.,0.5,1.,0.5,1.,0.5,1.)) REPRESENTATION_ITEM(
  '') );
#860 = CARTESIAN_POINT('',(21.86,14.2));
#861 = CARTESIAN_POINT('',(21.86,7.999258108903));
#862 = CARTESIAN_POINT('',(16.49,11.099629054452));
#863 = CARTESIAN_POINT('',(11.12,14.2));
#864 = CARTESIAN_POINT('',(16.49,17.300370945548));
#865 = CARTESIAN_POINT('',(21.86,20.400741891097));
#866 = CARTESIAN_POINT('',(21.86,14.2));
#867 = ( GEOMETRIC_REPRESENTATION_CONTEXT(2) 
PARAMETRIC_REPRESENTATION_CONTEXT() REPRESENTATION_CONTEXT('2D SPACE',''
  ) );
#868 = PCURVE('',#780,#869);
#869 = DEFINITIONAL_REPRESENTATION('',(#870),#874);
#870 = LINE('',#871,#872);
#871 = CARTESIAN_POINT('',(-4.138911435803E-13,-5.9));
#872 = VECTOR('',#873,1.);
#873 = DIRECTION('',(1.,-0.));
#874 = ( GEOMETRIC_REPRESENTATION_CONTEXT(2) 
PARAMETRIC_REPRESENTATION_CONTEXT() REPRESENTATION_CONTEXT('2D SPACE',''
  ) );
#875 = ORIENTED_EDGE('',*,*,#876,.T.);
#876 = EDGE_CURVE('',#849,#85,#877,.T.);
#877 = SURFACE_CURVE('',#878,(#882,#889),.PCURVE_S1.);
#878 = LINE('',#879,#880);
#879 = CARTESIAN_POINT('',(-48.72,-46.42,9.05));
#880 = VECTOR('',#881,1.);
#881 = DIRECTION('',(-1.,0.,0.));
#882 = PCURVE('',#101,#883);
#883 = DEFINITIONAL_REPRESENTATION('',(#884),#888);
#884 = LINE('',#885,#886);
#885 = CARTESIAN_POINT('',(2.14,17.78));
#886 = VECTOR('',#887,1.);
#887 = DIRECTION('',(-1.,0.));
#888 = ( GEOMETRIC_REPRESENTATION_CONTEXT(2) 
PARAMETRIC_REPRESENTATION_CONTEXT() REPRESENTATION_CONTEXT('2D SPACE',''
  ) );
#889 = PCURVE('',#133,#890);
#890 = DEFINITIONAL_REPRESENTATION('',(#891),#895);
#891 = LINE('',#892,#893);
#892 = CARTESIAN_POINT('',(-2.14,-5.9));
#893 = VECTOR('',#894,1.);
#894 = DIRECTION('',(-1.,0.));
#895 = ( GEOMETRIC_REPRESENTATION_CONTEXT(2) 
PARAMETRIC_REPRESENTATION_CONTEXT() REPRESENTATION_CONTEXT('2D SPACE',''
  ) );
#896 = ORIENTED_EDGE('',*,*,#84,.F.);
#897 = FACE_BOUND('',#898,.T.);
#898 = EDGE_LOOP('',(#899,#929,#958,#986,#1014,#1043));
#899 = ORIENTED_EDGE('',*,*,#900,.F.);
#900 = EDGE_CURVE('',#901,#903,#905,.T.);
#901 = VERTEX_POINT('',#902);
#902 = CARTESIAN_POINT('',(-33.08,-62.82876848227,9.05));
#903 = VERTEX_POINT('',#904);
#904 = CARTESIAN_POINT('',(-33.08,-50.5,9.05));
#905 = SURFACE_CURVE('',#906,(#910,#917),.PCURVE_S1.);
#906 = LINE('',#907,#908);
#907 = CARTESIAN_POINT('',(-33.08,-64.2,9.05));
#908 = VECTOR('',#909,1.);
#909 = DIRECTION('',(0.,1.,0.));
#910 = PCURVE('',#101,#911);
#911 = DEFINITIONAL_REPRESENTATION('',(#912),#916);
#912 = LINE('',#913,#914);
#913 = CARTESIAN_POINT('',(17.78,0.));
#914 = VECTOR('',#915,1.);
#915 = DIRECTION('',(0.,1.));
#916 = ( GEOMETRIC_REPRESENTATION_CONTEXT(2) 
PARAMETRIC_REPRESENTATION_CONTEXT() REPRESENTATION_CONTEXT('2D SPACE',''
  ) );
#917 = PCURVE('',#918,#923);
#918 = PLANE('',#919);
#919 = AXIS2_PLACEMENT_3D('',#920,#921,#922);
#920 = CARTESIAN_POINT('',(-33.08,-64.2,6.95));
#921 = DIRECTION('',(1.,0.,0.));
#922 = DIRECTION('',(0.,0.,1.));
#923 = DEFINITIONAL_REPRESENTATION('',(#924),#928);
#924 = LINE('',#925,#926);
#925 = CARTESIAN_POINT('',(2.1,0.));
#926 = VECTOR('',#927,1.);
#927 = DIRECTION('',(0.,-1.));
#928 = ( GEOMETRIC_REPRESENTATION_CONTEXT(2) 
PARAMETRIC_REPRESENTATION_CONTEXT() REPRESENTATION_CONTEXT('2D SPACE',''
  ) );
#929 = ORIENTED_EDGE('',*,*,#930,.T.);
#930 = EDGE_CURVE('',#901,#931,#933,.T.);
#931 = VERTEX_POINT('',#932);
#932 = CARTESIAN_POINT('',(-33.75123151772,-63.5,9.05));
#933 = SURFACE_CURVE('',#934,(#939,#946),.PCURVE_S1.);
#934 = CIRCLE('',#935,2.5);
#935 = AXIS2_PLACEMENT_3D('',#936,#937,#938);
#936 = CARTESIAN_POINT('',(-31.68,-64.9,9.05));
#937 = DIRECTION('',(0.,0.,1.));
#938 = DIRECTION('',(1.,0.,-0.));
#939 = PCURVE('',#101,#940);
#940 = DEFINITIONAL_REPRESENTATION('',(#941),#945);
#941 = CIRCLE('',#942,2.5);
#942 = AXIS2_PLACEMENT_2D('',#943,#944);
#943 = CARTESIAN_POINT('',(19.18,-0.7));
#944 = DIRECTION('',(1.,0.));
#945 = ( GEOMETRIC_REPRESENTATION_CONTEXT(2) 
PARAMETRIC_REPRESENTATION_CONTEXT() REPRESENTATION_CONTEXT('2D SPACE',''
  ) );
#946 = PCURVE('',#947,#952);
#947 = CYLINDRICAL_SURFACE('',#948,2.5);
#948 = AXIS2_PLACEMENT_3D('',#949,#950,#951);
#949 = CARTESIAN_POINT('',(-31.68,-64.9,6.95));
#950 = DIRECTION('',(0.,0.,1.));
#951 = DIRECTION('',(1.,0.,-0.));
#952 = DEFINITIONAL_REPRESENTATION('',(#953),#957);
#953 = LINE('',#954,#955);
#954 = CARTESIAN_POINT('',(0.,2.1));
#955 = VECTOR('',#956,1.);
#956 = DIRECTION('',(1.,0.));
#957 = ( GEOMETRIC_REPRESENTATION_CONTEXT(2) 
PARAMETRIC_REPRESENTATION_CONTEXT() REPRESENTATION_CONTEXT('2D SPACE',''
  ) );
#958 = ORIENTED_EDGE('',*,*,#959,.F.);
#959 = EDGE_CURVE('',#960,#931,#962,.T.);
#960 = VERTEX_POINT('',#961);
#961 = CARTESIAN_POINT('',(-46.08,-63.5,9.05));
#962 = SURFACE_CURVE('',#963,(#967,#974),.PCURVE_S1.);
#963 = LINE('',#964,#965);
#964 = CARTESIAN_POINT('',(-46.78,-63.5,9.05));
#965 = VECTOR('',#966,1.);
#966 = DIRECTION('',(1.,0.,0.));
#967 = PCURVE('',#101,#968);
#968 = DEFINITIONAL_REPRESENTATION('',(#969),#973);
#969 = LINE('',#970,#971);
#970 = CARTESIAN_POINT('',(4.08,0.7));
#971 = VECTOR('',#972,1.);
#972 = DIRECTION('',(1.,0.));
#973 = ( GEOMETRIC_REPRESENTATION_CONTEXT(2) 
PARAMETRIC_REPRESENTATION_CONTEXT() REPRESENTATION_CONTEXT('2D SPACE',''
  ) );
#974 = PCURVE('',#975,#980);
#975 = PLANE('',#976);
#976 = AXIS2_PLACEMENT_3D('',#977,#978,#979);
#977 = CARTESIAN_POINT('',(-46.78,-63.5,6.95));
#978 = DIRECTION('',(0.,1.,0.));
#979 = DIRECTION('',(0.,-0.,1.));
#980 = DEFINITIONAL_REPRESENTATION('',(#981),#985);
#981 = LINE('',#982,#983);
#982 = CARTESIAN_POINT('',(2.1,0.));
#983 = VECTOR('',#984,1.);
#984 = DIRECTION('',(0.,1.));
#985 = ( GEOMETRIC_REPRESENTATION_CONTEXT(2) 
PARAMETRIC_REPRESENTATION_CONTEXT() REPRESENTATION_CONTEXT('2D SPACE',''
  ) );
#986 = ORIENTED_EDGE('',*,*,#987,.T.);
#987 = EDGE_CURVE('',#960,#988,#990,.T.);
#988 = VERTEX_POINT('',#989);
#989 = CARTESIAN_POINT('',(-46.08,-51.17123151772,9.05));
#990 = SURFACE_CURVE('',#991,(#995,#1002),.PCURVE_S1.);
#991 = LINE('',#992,#993);
#992 = CARTESIAN_POINT('',(-46.08,-64.2,9.05));
#993 = VECTOR('',#994,1.);
#994 = DIRECTION('',(0.,1.,0.));
#995 = PCURVE('',#101,#996);
#996 = DEFINITIONAL_REPRESENTATION('',(#997),#1001);
#997 = LINE('',#998,#999);
#998 = CARTESIAN_POINT('',(4.78,0.));
#999 = VECTOR('',#1000,1.);
#1000 = DIRECTION('',(0.,1.));
#1001 = ( GEOMETRIC_REPRESENTATION_CONTEXT(2) 
PARAMETRIC_REPRESENTATION_CONTEXT() REPRESENTATION_CONTEXT('2D SPACE',''
  ) );
#1002 = PCURVE('',#1003,#1008);
#1003 = PLANE('',#1004);
#1004 = AXIS2_PLACEMENT_3D('',#1005,#1006,#1007);
#1005 = CARTESIAN_POINT('',(-46.08,-64.2,6.95));
#1006 = DIRECTION('',(1.,0.,0.));
#1007 = DIRECTION('',(0.,0.,1.));
#1008 = DEFINITIONAL_REPRESENTATION('',(#1009),#1013);
#1009 = LINE('',#1010,#1011);
#1010 = CARTESIAN_POINT('',(2.1,0.));
#1011 = VECTOR('',#1012,1.);
#1012 = DIRECTION('',(0.,-1.));
#1013 = ( GEOMETRIC_REPRESENTATION_CONTEXT(2) 
PARAMETRIC_REPRESENTATION_CONTEXT() REPRESENTATION_CONTEXT('2D SPACE',''
  ) );
#1014 = ORIENTED_EDGE('',*,*,#1015,.T.);
#1015 = EDGE_CURVE('',#988,#1016,#1018,.T.);
#1016 = VERTEX_POINT('',#1017);
#1017 = CARTESIAN_POINT('',(-45.40876848227,-50.5,9.05));
#1018 = SURFACE_CURVE('',#1019,(#1024,#1031),.PCURVE_S1.);
#1019 = CIRCLE('',#1020,2.5);
#1020 = AXIS2_PLACEMENT_3D('',#1021,#1022,#1023);
#1021 = CARTESIAN_POINT('',(-47.48,-49.1,9.05));
#1022 = DIRECTION('',(0.,0.,1.));
#1023 = DIRECTION('',(1.,0.,-0.));
#1024 = PCURVE('',#101,#1025);
#1025 = DEFINITIONAL_REPRESENTATION('',(#1026),#1030);
#1026 = CIRCLE('',#1027,2.5);
#1027 = AXIS2_PLACEMENT_2D('',#1028,#1029);
#1028 = CARTESIAN_POINT('',(3.38,15.1));
#1029 = DIRECTION('',(1.,0.));
#1030 = ( GEOMETRIC_REPRESENTATION_CONTEXT(2) 
PARAMETRIC_REPRESENTATION_CONTEXT() REPRESENTATION_CONTEXT('2D SPACE',''
  ) );
#1031 = PCURVE('',#1032,#1037);
#1032 = CYLINDRICAL_SURFACE('',#1033,2.5);
#1033 = AXIS2_PLACEMENT_3D('',#1034,#1035,#1036);
#1034 = CARTESIAN_POINT('',(-47.48,-49.1,6.95));
#1035 = DIRECTION('',(0.,0.,1.));
#1036 = DIRECTION('',(1.,0.,-0.));
#1037 = DEFINITIONAL_REPRESENTATION('',(#1038),#1042);
#1038 = LINE('',#1039,#1040);
#1039 = CARTESIAN_POINT('',(0.,2.1));
#1040 = VECTOR('',#1041,1.);
#1041 = DIRECTION('',(1.,0.));
#1042 = ( GEOMETRIC_REPRESENTATION_CONTEXT(2) 
PARAMETRIC_REPRESENTATION_CONTEXT() REPRESENTATION_CONTEXT('2D SPACE',''
  ) );
#1043 = ORIENTED_EDGE('',*,*,#1044,.T.);
#1044 = EDGE_CURVE('',#1016,#903,#1045,.T.);
#1045 = SURFACE_CURVE('',#1046,(#1050,#1057),.PCURVE_S1.);
#1046 = LINE('',#1047,#1048);
#1047 = CARTESIAN_POINT('',(-46.78,-50.5,9.05));
#1048 = VECTOR('',#1049,1.);
#1049 = DIRECTION('',(1.,0.,0.));
#1050 = PCURVE('',#101,#1051);
#1051 = DEFINITIONAL_REPRESENTATION('',(#1052),#1056);
#1052 = LINE('',#1053,#1054);
#1053 = CARTESIAN_POINT('',(4.08,13.7));
#1054 = VECTOR('',#1055,1.);
#1055 = DIRECTION('',(1.,0.));
#1056 = ( GEOMETRIC_REPRESENTATION_CONTEXT(2) 
PARAMETRIC_REPRESENTATION_CONTEXT() REPRESENTATION_CONTEXT('2D SPACE',''
  ) );
#1057 = PCURVE('',#1058,#1063);
#1058 = PLANE('',#1059);
#1059 = AXIS2_PLACEMENT_3D('',#1060,#1061,#1062);
#1060 = CARTESIAN_POINT('',(-46.78,-50.5,6.95));
#1061 = DIRECTION('',(0.,1.,0.));
#1062 = DIRECTION('',(0.,-0.,1.));
#1063 = DEFINITIONAL_REPRESENTATION('',(#1064),#1068);
#1064 = LINE('',#1065,#1066);
#1065 = CARTESIAN_POINT('',(2.1,0.));
#1066 = VECTOR('',#1067,1.);
#1067 = DIRECTION('',(0.,1.));
#1068 = ( GEOMETRIC_REPRESENTATION_CONTEXT(2) 
PARAMETRIC_REPRESENTATION_CONTEXT() REPRESENTATION_CONTEXT('2D SPACE',''
  ) );
#1069 = FACE_BOUND('',#1070,.T.);
#1070 = EDGE_LOOP('',(#1071));
#1071 = ORIENTED_EDGE('',*,*,#1072,.T.);
#1072 = EDGE_CURVE('',#1073,#1073,#1075,.T.);
#1073 = VERTEX_POINT('',#1074);
#1074 = CARTESIAN_POINT('',(-30.53,-64.9,9.05));
#1075 = SURFACE_CURVE('',#1076,(#1081,#1092),.PCURVE_S1.);
#1076 = CIRCLE('',#1077,1.15);
#1077 = AXIS2_PLACEMENT_3D('',#1078,#1079,#1080);
#1078 = CARTESIAN_POINT('',(-31.68,-64.9,9.05));
#1079 = DIRECTION('',(0.,0.,-1.));
#1080 = DIRECTION('',(1.,1.235726496974E-14,0.));
#1081 = PCURVE('',#101,#1082);
#1082 = DEFINITIONAL_REPRESENTATION('',(#1083),#1091);
#1083 = ( BOUNDED_CURVE() B_SPLINE_CURVE(2,(#1084,#1085,#1086,#1087,
#1088,#1089,#1090),.UNSPECIFIED.,.T.,.F.) B_SPLINE_CURVE_WITH_KNOTS((1,2
    ,2,2,2,1),(-2.094395102393,0.,2.094395102393,4.188790204786,
6.28318530718,8.377580409573),.UNSPECIFIED.) CURVE() 
GEOMETRIC_REPRESENTATION_ITEM() RATIONAL_B_SPLINE_CURVE((1.,0.5,1.,0.5,
1.,0.5,1.)) REPRESENTATION_ITEM('') );
#1084 = CARTESIAN_POINT('',(20.33,-0.7));
#1085 = CARTESIAN_POINT('',(20.33,-2.691858428704));
#1086 = CARTESIAN_POINT('',(18.605,-1.695929214352));
#1087 = CARTESIAN_POINT('',(16.88,-0.7));
#1088 = CARTESIAN_POINT('',(18.605,0.295929214352));
#1089 = CARTESIAN_POINT('',(20.33,1.291858428704));
#1090 = CARTESIAN_POINT('',(20.33,-0.7));
#1091 = ( GEOMETRIC_REPRESENTATION_CONTEXT(2) 
PARAMETRIC_REPRESENTATION_CONTEXT() REPRESENTATION_CONTEXT('2D SPACE',''
  ) );
#1092 = PCURVE('',#1093,#1098);
#1093 = CYLINDRICAL_SURFACE('',#1094,1.15);
#1094 = AXIS2_PLACEMENT_3D('',#1095,#1096,#1097);
#1095 = CARTESIAN_POINT('',(-31.68,-64.9,6.));
#1096 = DIRECTION('',(0.,0.,1.));
#1097 = DIRECTION('',(1.,0.,-0.));
#1098 = DEFINITIONAL_REPRESENTATION('',(#1099),#1103);
#1099 = LINE('',#1100,#1101);
#1100 = CARTESIAN_POINT('',(6.28318530718,3.05));
#1101 = VECTOR('',#1102,1.);
#1102 = DIRECTION('',(-1.,-0.));
#1103 = ( GEOMETRIC_REPRESENTATION_CONTEXT(2) 
PARAMETRIC_REPRESENTATION_CONTEXT() REPRESENTATION_CONTEXT('2D SPACE',''
  ) );
#1104 = FACE_BOUND('',#1105,.T.);
#1105 = EDGE_LOOP('',(#1106));
#1106 = ORIENTED_EDGE('',*,*,#1107,.T.);
#1107 = EDGE_CURVE('',#1108,#1108,#1110,.T.);
#1108 = VERTEX_POINT('',#1109);
#1109 = CARTESIAN_POINT('',(-46.33,-49.1,9.05));
#1110 = SURFACE_CURVE('',#1111,(#1116,#1127),.PCURVE_S1.);
#1111 = CIRCLE('',#1112,1.15);
#1112 = AXIS2_PLACEMENT_3D('',#1113,#1114,#1115);
#1113 = CARTESIAN_POINT('',(-47.48,-49.1,9.05));
#1114 = DIRECTION('',(0.,0.,-1.));
#1115 = DIRECTION('',(1.,6.17863248487E-15,0.));
#1116 = PCURVE('',#101,#1117);
#1117 = DEFINITIONAL_REPRESENTATION('',(#1118),#1126);
#1118 = ( BOUNDED_CURVE() B_SPLINE_CURVE(2,(#1119,#1120,#1121,#1122,
#1123,#1124,#1125),.UNSPECIFIED.,.T.,.F.) B_SPLINE_CURVE_WITH_KNOTS((1,2
    ,2,2,2,1),(-2.094395102393,0.,2.094395102393,4.188790204786,
6.28318530718,8.377580409573),.UNSPECIFIED.) CURVE() 
GEOMETRIC_REPRESENTATION_ITEM() RATIONAL_B_SPLINE_CURVE((1.,0.5,1.,0.5,
1.,0.5,1.)) REPRESENTATION_ITEM('') );
#1119 = CARTESIAN_POINT('',(4.53,15.1));
#1120 = CARTESIAN_POINT('',(4.53,13.108141571296));
#1121 = CARTESIAN_POINT('',(2.805,14.104070785648));
#1122 = CARTESIAN_POINT('',(1.08,15.1));
#1123 = CARTESIAN_POINT('',(2.805,16.095929214352));
#1124 = CARTESIAN_POINT('',(4.53,17.091858428704));
#1125 = CARTESIAN_POINT('',(4.53,15.1));
#1126 = ( GEOMETRIC_REPRESENTATION_CONTEXT(2) 
PARAMETRIC_REPRESENTATION_CONTEXT() REPRESENTATION_CONTEXT('2D SPACE',''
  ) );
#1127 = PCURVE('',#1128,#1133);
#1128 = CYLINDRICAL_SURFACE('',#1129,1.15);
#1129 = AXIS2_PLACEMENT_3D('',#1130,#1131,#1132);
#1130 = CARTESIAN_POINT('',(-47.48,-49.1,6.));
#1131 = DIRECTION('',(0.,0.,1.));
#1132 = DIRECTION('',(1.,0.,-0.));
#1133 = DEFINITIONAL_REPRESENTATION('',(#1134),#1138);
#1134 = LINE('',#1135,#1136);
#1135 = CARTESIAN_POINT('',(6.28318530718,3.05));
#1136 = VECTOR('',#1137,1.);
#1137 = DIRECTION('',(-1.,-0.));
#1138 = ( GEOMETRIC_REPRESENTATION_CONTEXT(2) 
PARAMETRIC_REPRESENTATION_CONTEXT() REPRESENTATION_CONTEXT('2D SPACE',''
  ) );
#1139 = ADVANCED_FACE('',(#1140),#1128,.F.);
#1140 = FACE_BOUND('',#1141,.F.);
#1141 = EDGE_LOOP('',(#1142,#1143,#1166,#1188));
#1142 = ORIENTED_EDGE('',*,*,#1107,.T.);
#1143 = ORIENTED_EDGE('',*,*,#1144,.F.);
#1144 = EDGE_CURVE('',#1145,#1108,#1147,.T.);
#1145 = VERTEX_POINT('',#1146);
#1146 = CARTESIAN_POINT('',(-46.33,-49.1,6.95));
#1147 = SEAM_CURVE('',#1148,(#1152,#1159),.PCURVE_S1.);
#1148 = LINE('',#1149,#1150);
#1149 = CARTESIAN_POINT('',(-46.33,-49.1,6.));
#1150 = VECTOR('',#1151,1.);
#1151 = DIRECTION('',(0.,0.,1.));
#1152 = PCURVE('',#1128,#1153);
#1153 = DEFINITIONAL_REPRESENTATION('',(#1154),#1158);
#1154 = LINE('',#1155,#1156);
#1155 = CARTESIAN_POINT('',(0.,-0.));
#1156 = VECTOR('',#1157,1.);
#1157 = DIRECTION('',(0.,1.));
#1158 = ( GEOMETRIC_REPRESENTATION_CONTEXT(2) 
PARAMETRIC_REPRESENTATION_CONTEXT() REPRESENTATION_CONTEXT('2D SPACE',''
  ) );
#1159 = PCURVE('',#1128,#1160);
#1160 = DEFINITIONAL_REPRESENTATION('',(#1161),#1165);
#1161 = LINE('',#1162,#1163);
#1162 = CARTESIAN_POINT('',(6.28318530718,-0.));
#1163 = VECTOR('',#1164,1.);
#1164 = DIRECTION('',(0.,1.));
#1165 = ( GEOMETRIC_REPRESENTATION_CONTEXT(2) 
PARAMETRIC_REPRESENTATION_CONTEXT() REPRESENTATION_CONTEXT('2D SPACE',''
  ) );
#1166 = ORIENTED_EDGE('',*,*,#1167,.T.);
#1167 = EDGE_CURVE('',#1145,#1145,#1168,.T.);
#1168 = SURFACE_CURVE('',#1169,(#1174,#1181),.PCURVE_S1.);
#1169 = CIRCLE('',#1170,1.15);
#1170 = AXIS2_PLACEMENT_3D('',#1171,#1172,#1173);
#1171 = CARTESIAN_POINT('',(-47.48,-49.1,6.95));
#1172 = DIRECTION('',(0.,0.,1.));
#1173 = DIRECTION('',(1.,0.,-0.));
#1174 = PCURVE('',#1128,#1175);
#1175 = DEFINITIONAL_REPRESENTATION('',(#1176),#1180);
#1176 = LINE('',#1177,#1178);
#1177 = CARTESIAN_POINT('',(0.,0.95));
#1178 = VECTOR('',#1179,1.);
#1179 = DIRECTION('',(1.,0.));
#1180 = ( GEOMETRIC_REPRESENTATION_CONTEXT(2) 
PARAMETRIC_REPRESENTATION_CONTEXT() REPRESENTATION_CONTEXT('2D SPACE',''
  ) );
#1181 = PCURVE('',#221,#1182);
#1182 = DEFINITIONAL_REPRESENTATION('',(#1183),#1187);
#1183 = CIRCLE('',#1184,1.15);
#1184 = AXIS2_PLACEMENT_2D('',#1185,#1186);
#1185 = CARTESIAN_POINT('',(0.,0.));
#1186 = DIRECTION('',(1.,0.));
#1187 = ( GEOMETRIC_REPRESENTATION_CONTEXT(2) 
PARAMETRIC_REPRESENTATION_CONTEXT() REPRESENTATION_CONTEXT('2D SPACE',''
  ) );
#1188 = ORIENTED_EDGE('',*,*,#1144,.T.);
#1189 = ADVANCED_FACE('',(#1190),#1093,.F.);
#1190 = FACE_BOUND('',#1191,.F.);
#1191 = EDGE_LOOP('',(#1192,#1193,#1216,#1238));
#1192 = ORIENTED_EDGE('',*,*,#1072,.T.);
#1193 = ORIENTED_EDGE('',*,*,#1194,.F.);
#1194 = EDGE_CURVE('',#1195,#1073,#1197,.T.);
#1195 = VERTEX_POINT('',#1196);
#1196 = CARTESIAN_POINT('',(-30.53,-64.9,6.95));
#1197 = SEAM_CURVE('',#1198,(#1202,#1209),.PCURVE_S1.);
#1198 = LINE('',#1199,#1200);
#1199 = CARTESIAN_POINT('',(-30.53,-64.9,6.));
#1200 = VECTOR('',#1201,1.);
#1201 = DIRECTION('',(0.,0.,1.));
#1202 = PCURVE('',#1093,#1203);
#1203 = DEFINITIONAL_REPRESENTATION('',(#1204),#1208);
#1204 = LINE('',#1205,#1206);
#1205 = CARTESIAN_POINT('',(0.,-0.));
#1206 = VECTOR('',#1207,1.);
#1207 = DIRECTION('',(0.,1.));
#1208 = ( GEOMETRIC_REPRESENTATION_CONTEXT(2) 
PARAMETRIC_REPRESENTATION_CONTEXT() REPRESENTATION_CONTEXT('2D SPACE',''
  ) );
#1209 = PCURVE('',#1093,#1210);
#1210 = DEFINITIONAL_REPRESENTATION('',(#1211),#1215);
#1211 = LINE('',#1212,#1213);
#1212 = CARTESIAN_POINT('',(6.28318530718,-0.));
#1213 = VECTOR('',#1214,1.);
#1214 = DIRECTION('',(0.,1.));
#1215 = ( GEOMETRIC_REPRESENTATION_CONTEXT(2) 
PARAMETRIC_REPRESENTATION_CONTEXT() REPRESENTATION_CONTEXT('2D SPACE',''
  ) );
#1216 = ORIENTED_EDGE('',*,*,#1217,.T.);
#1217 = EDGE_CURVE('',#1195,#1195,#1218,.T.);
#1218 = SURFACE_CURVE('',#1219,(#1224,#1231),.PCURVE_S1.);
#1219 = CIRCLE('',#1220,1.15);
#1220 = AXIS2_PLACEMENT_3D('',#1221,#1222,#1223);
#1221 = CARTESIAN_POINT('',(-31.68,-64.9,6.95));
#1222 = DIRECTION('',(0.,0.,1.));
#1223 = DIRECTION('',(1.,0.,-0.));
#1224 = PCURVE('',#1093,#1225);
#1225 = DEFINITIONAL_REPRESENTATION('',(#1226),#1230);
#1226 = LINE('',#1227,#1228);
#1227 = CARTESIAN_POINT('',(0.,0.95));
#1228 = VECTOR('',#1229,1.);
#1229 = DIRECTION('',(1.,0.));
#1230 = ( GEOMETRIC_REPRESENTATION_CONTEXT(2) 
PARAMETRIC_REPRESENTATION_CONTEXT() REPRESENTATION_CONTEXT('2D SPACE',''
  ) );
#1231 = PCURVE('',#221,#1232);
#1232 = DEFINITIONAL_REPRESENTATION('',(#1233),#1237);
#1233 = CIRCLE('',#1234,1.15);
#1234 = AXIS2_PLACEMENT_2D('',#1235,#1236);
#1235 = CARTESIAN_POINT('',(15.8,-15.8));
#1236 = DIRECTION('',(1.,0.));
#1237 = ( GEOMETRIC_REPRESENTATION_CONTEXT(2) 
PARAMETRIC_REPRESENTATION_CONTEXT() REPRESENTATION_CONTEXT('2D SPACE',''
  ) );
#1238 = ORIENTED_EDGE('',*,*,#1194,.T.);
#1239 = ADVANCED_FACE('',(#1240),#1058,.F.);
#1240 = FACE_BOUND('',#1241,.F.);
#1241 = EDGE_LOOP('',(#1242,#1267,#1286,#1287));
#1242 = ORIENTED_EDGE('',*,*,#1243,.T.);
#1243 = EDGE_CURVE('',#1244,#1246,#1248,.T.);
#1244 = VERTEX_POINT('',#1245);
#1245 = CARTESIAN_POINT('',(-33.08,-50.5,6.95));
#1246 = VERTEX_POINT('',#1247);
#1247 = CARTESIAN_POINT('',(-45.40876848227,-50.5,6.95));
#1248 = SURFACE_CURVE('',#1249,(#1253,#1260),.PCURVE_S1.);
#1249 = LINE('',#1250,#1251);
#1250 = CARTESIAN_POINT('',(-33.08,-50.5,6.95));
#1251 = VECTOR('',#1252,1.);
#1252 = DIRECTION('',(-1.,1.152658088732E-15,0.));
#1253 = PCURVE('',#1058,#1254);
#1254 = DEFINITIONAL_REPRESENTATION('',(#1255),#1259);
#1255 = LINE('',#1256,#1257);
#1256 = CARTESIAN_POINT('',(0.,13.7));
#1257 = VECTOR('',#1258,1.);
#1258 = DIRECTION('',(0.,-1.));
#1259 = ( GEOMETRIC_REPRESENTATION_CONTEXT(2) 
PARAMETRIC_REPRESENTATION_CONTEXT() REPRESENTATION_CONTEXT('2D SPACE',''
  ) );
#1260 = PCURVE('',#221,#1261);
#1261 = DEFINITIONAL_REPRESENTATION('',(#1262),#1266);
#1262 = LINE('',#1263,#1264);
#1263 = CARTESIAN_POINT('',(14.4,-1.4));
#1264 = VECTOR('',#1265,1.);
#1265 = DIRECTION('',(-1.,1.152658088732E-15));
#1266 = ( GEOMETRIC_REPRESENTATION_CONTEXT(2) 
PARAMETRIC_REPRESENTATION_CONTEXT() REPRESENTATION_CONTEXT('2D SPACE',''
  ) );
#1267 = ORIENTED_EDGE('',*,*,#1268,.T.);
#1268 = EDGE_CURVE('',#1246,#1016,#1269,.T.);
#1269 = SURFACE_CURVE('',#1270,(#1274,#1280),.PCURVE_S1.);
#1270 = LINE('',#1271,#1272);
#1271 = CARTESIAN_POINT('',(-45.40876848227,-50.5,6.95));
#1272 = VECTOR('',#1273,1.);
#1273 = DIRECTION('',(0.,0.,1.));
#1274 = PCURVE('',#1058,#1275);
#1275 = DEFINITIONAL_REPRESENTATION('',(#1276),#1279);
#1276 = B_SPLINE_CURVE_WITH_KNOTS('',1,(#1277,#1278),.UNSPECIFIED.,.F.,
  .F.,(2,2),(-5.999999999062E-07,2.1000006),.PIECEWISE_BEZIER_KNOTS.);
#1277 = CARTESIAN_POINT('',(-5.999999999062E-07,1.371231517721));
#1278 = CARTESIAN_POINT('',(2.1000006,1.371231517721));
#1279 = ( GEOMETRIC_REPRESENTATION_CONTEXT(2) 
PARAMETRIC_REPRESENTATION_CONTEXT() REPRESENTATION_CONTEXT('2D SPACE',''
  ) );
#1280 = PCURVE('',#1032,#1281);
#1281 = DEFINITIONAL_REPRESENTATION('',(#1282),#1285);
#1282 = B_SPLINE_CURVE_WITH_KNOTS('',1,(#1283,#1284),.UNSPECIFIED.,.F.,
  .F.,(2,2),(-5.999999999062E-07,2.1000006),.PIECEWISE_BEZIER_KNOTS.);
#1283 = CARTESIAN_POINT('',(5.688799507179,-5.999999999062E-07));
#1284 = CARTESIAN_POINT('',(5.688799507179,2.1000006));
#1285 = ( GEOMETRIC_REPRESENTATION_CONTEXT(2) 
PARAMETRIC_REPRESENTATION_CONTEXT() REPRESENTATION_CONTEXT('2D SPACE',''
  ) );
#1286 = ORIENTED_EDGE('',*,*,#1044,.T.);
#1287 = ORIENTED_EDGE('',*,*,#1288,.F.);
#1288 = EDGE_CURVE('',#1244,#903,#1289,.T.);
#1289 = SURFACE_CURVE('',#1290,(#1294,#1301),.PCURVE_S1.);
#1290 = LINE('',#1291,#1292);
#1291 = CARTESIAN_POINT('',(-33.08,-50.5,6.95));
#1292 = VECTOR('',#1293,1.);
#1293 = DIRECTION('',(0.,0.,1.));
#1294 = PCURVE('',#1058,#1295);
#1295 = DEFINITIONAL_REPRESENTATION('',(#1296),#1300);
#1296 = LINE('',#1297,#1298);
#1297 = CARTESIAN_POINT('',(0.,13.7));
#1298 = VECTOR('',#1299,1.);
#1299 = DIRECTION('',(1.,0.));
#1300 = ( GEOMETRIC_REPRESENTATION_CONTEXT(2) 
PARAMETRIC_REPRESENTATION_CONTEXT() REPRESENTATION_CONTEXT('2D SPACE',''
  ) );
#1301 = PCURVE('',#918,#1302);
#1302 = DEFINITIONAL_REPRESENTATION('',(#1303),#1307);
#1303 = LINE('',#1304,#1305);
#1304 = CARTESIAN_POINT('',(0.,-13.7));
#1305 = VECTOR('',#1306,1.);
#1306 = DIRECTION('',(1.,0.));
#1307 = ( GEOMETRIC_REPRESENTATION_CONTEXT(2) 
PARAMETRIC_REPRESENTATION_CONTEXT() REPRESENTATION_CONTEXT('2D SPACE',''
  ) );
#1308 = ADVANCED_FACE('',(#1309),#1032,.T.);
#1309 = FACE_BOUND('',#1310,.T.);
#1310 = EDGE_LOOP('',(#1311,#1312,#1313,#1334));
#1311 = ORIENTED_EDGE('',*,*,#1268,.T.);
#1312 = ORIENTED_EDGE('',*,*,#1015,.F.);
#1313 = ORIENTED_EDGE('',*,*,#1314,.F.);
#1314 = EDGE_CURVE('',#1315,#988,#1317,.T.);
#1315 = VERTEX_POINT('',#1316);
#1316 = CARTESIAN_POINT('',(-46.08,-51.17123151772,6.95));
#1317 = SURFACE_CURVE('',#1318,(#1322,#1328),.PCURVE_S1.);
#1318 = LINE('',#1319,#1320);
#1319 = CARTESIAN_POINT('',(-46.08,-51.17123151772,6.95));
#1320 = VECTOR('',#1321,1.);
#1321 = DIRECTION('',(0.,0.,1.));
#1322 = PCURVE('',#1032,#1323);
#1323 = DEFINITIONAL_REPRESENTATION('',(#1324),#1327);
#1324 = B_SPLINE_CURVE_WITH_KNOTS('',1,(#1325,#1326),.UNSPECIFIED.,.F.,
  .F.,(2,2),(-5.999999999062E-07,2.1000006),.PIECEWISE_BEZIER_KNOTS.);
#1325 = CARTESIAN_POINT('',(5.306774780386,-5.999999999062E-07));
#1326 = CARTESIAN_POINT('',(5.306774780386,2.1000006));
#1327 = ( GEOMETRIC_REPRESENTATION_CONTEXT(2) 
PARAMETRIC_REPRESENTATION_CONTEXT() REPRESENTATION_CONTEXT('2D SPACE',''
  ) );
#1328 = PCURVE('',#1003,#1329);
#1329 = DEFINITIONAL_REPRESENTATION('',(#1330),#1333);
#1330 = B_SPLINE_CURVE_WITH_KNOTS('',1,(#1331,#1332),.UNSPECIFIED.,.F.,
  .F.,(2,2),(-5.999999999062E-07,2.1000006),.PIECEWISE_BEZIER_KNOTS.);
#1331 = CARTESIAN_POINT('',(-5.999999999062E-07,-13.02876848227));
#1332 = CARTESIAN_POINT('',(2.1000006,-13.02876848227));
#1333 = ( GEOMETRIC_REPRESENTATION_CONTEXT(2) 
PARAMETRIC_REPRESENTATION_CONTEXT() REPRESENTATION_CONTEXT('2D SPACE',''
  ) );
#1334 = ORIENTED_EDGE('',*,*,#1335,.T.);
#1335 = EDGE_CURVE('',#1315,#1246,#1336,.T.);
#1336 = SURFACE_CURVE('',#1337,(#1342,#1349),.PCURVE_S1.);
#1337 = CIRCLE('',#1338,2.5);
#1338 = AXIS2_PLACEMENT_3D('',#1339,#1340,#1341);
#1339 = CARTESIAN_POINT('',(-47.48,-49.1,6.95));
#1340 = DIRECTION('',(0.,0.,1.));
#1341 = DIRECTION('',(1.,0.,-0.));
#1342 = PCURVE('',#1032,#1343);
#1343 = DEFINITIONAL_REPRESENTATION('',(#1344),#1348);
#1344 = LINE('',#1345,#1346);
#1345 = CARTESIAN_POINT('',(0.,0.));
#1346 = VECTOR('',#1347,1.);
#1347 = DIRECTION('',(1.,0.));
#1348 = ( GEOMETRIC_REPRESENTATION_CONTEXT(2) 
PARAMETRIC_REPRESENTATION_CONTEXT() REPRESENTATION_CONTEXT('2D SPACE',''
  ) );
#1349 = PCURVE('',#221,#1350);
#1350 = DEFINITIONAL_REPRESENTATION('',(#1351),#1355);
#1351 = CIRCLE('',#1352,2.5);
#1352 = AXIS2_PLACEMENT_2D('',#1353,#1354);
#1353 = CARTESIAN_POINT('',(0.,0.));
#1354 = DIRECTION('',(1.,0.));
#1355 = ( GEOMETRIC_REPRESENTATION_CONTEXT(2) 
PARAMETRIC_REPRESENTATION_CONTEXT() REPRESENTATION_CONTEXT('2D SPACE',''
  ) );
#1356 = ADVANCED_FACE('',(#1357),#1003,.T.);
#1357 = FACE_BOUND('',#1358,.T.);
#1358 = EDGE_LOOP('',(#1359,#1360,#1383,#1404));
#1359 = ORIENTED_EDGE('',*,*,#987,.F.);
#1360 = ORIENTED_EDGE('',*,*,#1361,.F.);
#1361 = EDGE_CURVE('',#1362,#960,#1364,.T.);
#1362 = VERTEX_POINT('',#1363);
#1363 = CARTESIAN_POINT('',(-46.08,-63.5,6.95));
#1364 = SURFACE_CURVE('',#1365,(#1369,#1376),.PCURVE_S1.);
#1365 = LINE('',#1366,#1367);
#1366 = CARTESIAN_POINT('',(-46.08,-63.5,6.95));
#1367 = VECTOR('',#1368,1.);
#1368 = DIRECTION('',(0.,0.,1.));
#1369 = PCURVE('',#1003,#1370);
#1370 = DEFINITIONAL_REPRESENTATION('',(#1371),#1375);
#1371 = LINE('',#1372,#1373);
#1372 = CARTESIAN_POINT('',(0.,-0.7));
#1373 = VECTOR('',#1374,1.);
#1374 = DIRECTION('',(1.,0.));
#1375 = ( GEOMETRIC_REPRESENTATION_CONTEXT(2) 
PARAMETRIC_REPRESENTATION_CONTEXT() REPRESENTATION_CONTEXT('2D SPACE',''
  ) );
#1376 = PCURVE('',#975,#1377);
#1377 = DEFINITIONAL_REPRESENTATION('',(#1378),#1382);
#1378 = LINE('',#1379,#1380);
#1379 = CARTESIAN_POINT('',(0.,0.7));
#1380 = VECTOR('',#1381,1.);
#1381 = DIRECTION('',(1.,0.));
#1382 = ( GEOMETRIC_REPRESENTATION_CONTEXT(2) 
PARAMETRIC_REPRESENTATION_CONTEXT() REPRESENTATION_CONTEXT('2D SPACE',''
  ) );
#1383 = ORIENTED_EDGE('',*,*,#1384,.F.);
#1384 = EDGE_CURVE('',#1315,#1362,#1385,.T.);
#1385 = SURFACE_CURVE('',#1386,(#1390,#1397),.PCURVE_S1.);
#1386 = LINE('',#1387,#1388);
#1387 = CARTESIAN_POINT('',(-46.08,-51.17123151772,6.95));
#1388 = VECTOR('',#1389,1.);
#1389 = DIRECTION('',(4.034303310562E-15,-1.,0.));
#1390 = PCURVE('',#1003,#1391);
#1391 = DEFINITIONAL_REPRESENTATION('',(#1392),#1396);
#1392 = LINE('',#1393,#1394);
#1393 = CARTESIAN_POINT('',(0.,-13.02876848227));
#1394 = VECTOR('',#1395,1.);
#1395 = DIRECTION('',(0.,1.));
#1396 = ( GEOMETRIC_REPRESENTATION_CONTEXT(2) 
PARAMETRIC_REPRESENTATION_CONTEXT() REPRESENTATION_CONTEXT('2D SPACE',''
  ) );
#1397 = PCURVE('',#221,#1398);
#1398 = DEFINITIONAL_REPRESENTATION('',(#1399),#1403);
#1399 = LINE('',#1400,#1401);
#1400 = CARTESIAN_POINT('',(1.4,-2.071231517721));
#1401 = VECTOR('',#1402,1.);
#1402 = DIRECTION('',(4.034303310562E-15,-1.));
#1403 = ( GEOMETRIC_REPRESENTATION_CONTEXT(2) 
PARAMETRIC_REPRESENTATION_CONTEXT() REPRESENTATION_CONTEXT('2D SPACE',''
  ) );
#1404 = ORIENTED_EDGE('',*,*,#1314,.T.);
#1405 = ADVANCED_FACE('',(#1406),#975,.T.);
#1406 = FACE_BOUND('',#1407,.T.);
#1407 = EDGE_LOOP('',(#1408,#1431,#1432,#1433));
#1408 = ORIENTED_EDGE('',*,*,#1409,.F.);
#1409 = EDGE_CURVE('',#1362,#1410,#1412,.T.);
#1410 = VERTEX_POINT('',#1411);
#1411 = CARTESIAN_POINT('',(-33.75123151772,-63.5,6.95));
#1412 = SURFACE_CURVE('',#1413,(#1417,#1424),.PCURVE_S1.);
#1413 = LINE('',#1414,#1415);
#1414 = CARTESIAN_POINT('',(-46.08,-63.5,6.95));
#1415 = VECTOR('',#1416,1.);
#1416 = DIRECTION('',(1.,2.305316177464E-15,0.));
#1417 = PCURVE('',#975,#1418);
#1418 = DEFINITIONAL_REPRESENTATION('',(#1419),#1423);
#1419 = LINE('',#1420,#1421);
#1420 = CARTESIAN_POINT('',(0.,0.7));
#1421 = VECTOR('',#1422,1.);
#1422 = DIRECTION('',(0.,1.));
#1423 = ( GEOMETRIC_REPRESENTATION_CONTEXT(2) 
PARAMETRIC_REPRESENTATION_CONTEXT() REPRESENTATION_CONTEXT('2D SPACE',''
  ) );
#1424 = PCURVE('',#221,#1425);
#1425 = DEFINITIONAL_REPRESENTATION('',(#1426),#1430);
#1426 = LINE('',#1427,#1428);
#1427 = CARTESIAN_POINT('',(1.4,-14.4));
#1428 = VECTOR('',#1429,1.);
#1429 = DIRECTION('',(1.,2.305316177464E-15));
#1430 = ( GEOMETRIC_REPRESENTATION_CONTEXT(2) 
PARAMETRIC_REPRESENTATION_CONTEXT() REPRESENTATION_CONTEXT('2D SPACE',''
  ) );
#1431 = ORIENTED_EDGE('',*,*,#1361,.T.);
#1432 = ORIENTED_EDGE('',*,*,#959,.T.);
#1433 = ORIENTED_EDGE('',*,*,#1434,.F.);
#1434 = EDGE_CURVE('',#1410,#931,#1435,.T.);
#1435 = SURFACE_CURVE('',#1436,(#1440,#1446),.PCURVE_S1.);
#1436 = LINE('',#1437,#1438);
#1437 = CARTESIAN_POINT('',(-33.75123151772,-63.5,6.95));
#1438 = VECTOR('',#1439,1.);
#1439 = DIRECTION('',(0.,0.,1.));
#1440 = PCURVE('',#975,#1441);
#1441 = DEFINITIONAL_REPRESENTATION('',(#1442),#1445);
#1442 = B_SPLINE_CURVE_WITH_KNOTS('',1,(#1443,#1444),.UNSPECIFIED.,.F.,
  .F.,(2,2),(-5.999999999062E-07,2.1000006),.PIECEWISE_BEZIER_KNOTS.);
#1443 = CARTESIAN_POINT('',(-5.999999999062E-07,13.028768482279));
#1444 = CARTESIAN_POINT('',(2.1000006,13.028768482279));
#1445 = ( GEOMETRIC_REPRESENTATION_CONTEXT(2) 
PARAMETRIC_REPRESENTATION_CONTEXT() REPRESENTATION_CONTEXT('2D SPACE',''
  ) );
#1446 = PCURVE('',#947,#1447);
#1447 = DEFINITIONAL_REPRESENTATION('',(#1448),#1451);
#1448 = B_SPLINE_CURVE_WITH_KNOTS('',1,(#1449,#1450),.UNSPECIFIED.,.F.,
  .F.,(2,2),(-5.999999999062E-07,2.1000006),.PIECEWISE_BEZIER_KNOTS.);
#1449 = CARTESIAN_POINT('',(2.547206853589,-5.999999999062E-07));
#1450 = CARTESIAN_POINT('',(2.547206853589,2.1000006));
#1451 = ( GEOMETRIC_REPRESENTATION_CONTEXT(2) 
PARAMETRIC_REPRESENTATION_CONTEXT() REPRESENTATION_CONTEXT('2D SPACE',''
  ) );
#1452 = ADVANCED_FACE('',(#1453),#947,.T.);
#1453 = FACE_BOUND('',#1454,.T.);
#1454 = EDGE_LOOP('',(#1455,#1456,#1477,#1499));
#1455 = ORIENTED_EDGE('',*,*,#930,.F.);
#1456 = ORIENTED_EDGE('',*,*,#1457,.F.);
#1457 = EDGE_CURVE('',#1458,#901,#1460,.T.);
#1458 = VERTEX_POINT('',#1459);
#1459 = CARTESIAN_POINT('',(-33.08,-62.82876848227,6.95));
#1460 = SURFACE_CURVE('',#1461,(#1465,#1471),.PCURVE_S1.);
#1461 = LINE('',#1462,#1463);
#1462 = CARTESIAN_POINT('',(-33.08,-62.82876848227,6.95));
#1463 = VECTOR('',#1464,1.);
#1464 = DIRECTION('',(0.,0.,1.));
#1465 = PCURVE('',#947,#1466);
#1466 = DEFINITIONAL_REPRESENTATION('',(#1467),#1470);
#1467 = B_SPLINE_CURVE_WITH_KNOTS('',1,(#1468,#1469),.UNSPECIFIED.,.F.,
  .F.,(2,2),(-5.999999999062E-07,2.1000006),.PIECEWISE_BEZIER_KNOTS.);
#1468 = CARTESIAN_POINT('',(2.165182126796,-5.999999999062E-07));
#1469 = CARTESIAN_POINT('',(2.165182126796,2.1000006));
#1470 = ( GEOMETRIC_REPRESENTATION_CONTEXT(2) 
PARAMETRIC_REPRESENTATION_CONTEXT() REPRESENTATION_CONTEXT('2D SPACE',''
  ) );
#1471 = PCURVE('',#918,#1472);
#1472 = DEFINITIONAL_REPRESENTATION('',(#1473),#1476);
#1473 = B_SPLINE_CURVE_WITH_KNOTS('',1,(#1474,#1475),.UNSPECIFIED.,.F.,
  .F.,(2,2),(-5.999999999062E-07,2.1000006),.PIECEWISE_BEZIER_KNOTS.);
#1474 = CARTESIAN_POINT('',(-5.999999999062E-07,-1.371231517721));
#1475 = CARTESIAN_POINT('',(2.1000006,-1.371231517721));
#1476 = ( GEOMETRIC_REPRESENTATION_CONTEXT(2) 
PARAMETRIC_REPRESENTATION_CONTEXT() REPRESENTATION_CONTEXT('2D SPACE',''
  ) );
#1477 = ORIENTED_EDGE('',*,*,#1478,.T.);
#1478 = EDGE_CURVE('',#1458,#1410,#1479,.T.);
#1479 = SURFACE_CURVE('',#1480,(#1485,#1492),.PCURVE_S1.);
#1480 = CIRCLE('',#1481,2.5);
#1481 = AXIS2_PLACEMENT_3D('',#1482,#1483,#1484);
#1482 = CARTESIAN_POINT('',(-31.68,-64.9,6.95));
#1483 = DIRECTION('',(0.,0.,1.));
#1484 = DIRECTION('',(1.,0.,-0.));
#1485 = PCURVE('',#947,#1486);
#1486 = DEFINITIONAL_REPRESENTATION('',(#1487),#1491);
#1487 = LINE('',#1488,#1489);
#1488 = CARTESIAN_POINT('',(0.,0.));
#1489 = VECTOR('',#1490,1.);
#1490 = DIRECTION('',(1.,0.));
#1491 = ( GEOMETRIC_REPRESENTATION_CONTEXT(2) 
PARAMETRIC_REPRESENTATION_CONTEXT() REPRESENTATION_CONTEXT('2D SPACE',''
  ) );
#1492 = PCURVE('',#221,#1493);
#1493 = DEFINITIONAL_REPRESENTATION('',(#1494),#1498);
#1494 = CIRCLE('',#1495,2.5);
#1495 = AXIS2_PLACEMENT_2D('',#1496,#1497);
#1496 = CARTESIAN_POINT('',(15.8,-15.8));
#1497 = DIRECTION('',(1.,0.));
#1498 = ( GEOMETRIC_REPRESENTATION_CONTEXT(2) 
PARAMETRIC_REPRESENTATION_CONTEXT() REPRESENTATION_CONTEXT('2D SPACE',''
  ) );
#1499 = ORIENTED_EDGE('',*,*,#1434,.T.);
#1500 = ADVANCED_FACE('',(#1501),#918,.F.);
#1501 = FACE_BOUND('',#1502,.F.);
#1502 = EDGE_LOOP('',(#1503,#1504,#1505,#1526));
#1503 = ORIENTED_EDGE('',*,*,#900,.F.);
#1504 = ORIENTED_EDGE('',*,*,#1457,.F.);
#1505 = ORIENTED_EDGE('',*,*,#1506,.T.);
#1506 = EDGE_CURVE('',#1458,#1244,#1507,.T.);
#1507 = SURFACE_CURVE('',#1508,(#1512,#1519),.PCURVE_S1.);
#1508 = LINE('',#1509,#1510);
#1509 = CARTESIAN_POINT('',(-33.08,-62.82876848227,6.95));
#1510 = VECTOR('',#1511,1.);
#1511 = DIRECTION('',(-2.305316177464E-15,1.,0.));
#1512 = PCURVE('',#918,#1513);
#1513 = DEFINITIONAL_REPRESENTATION('',(#1514),#1518);
#1514 = LINE('',#1515,#1516);
#1515 = CARTESIAN_POINT('',(0.,-1.371231517721));
#1516 = VECTOR('',#1517,1.);
#1517 = DIRECTION('',(0.,-1.));
#1518 = ( GEOMETRIC_REPRESENTATION_CONTEXT(2) 
PARAMETRIC_REPRESENTATION_CONTEXT() REPRESENTATION_CONTEXT('2D SPACE',''
  ) );
#1519 = PCURVE('',#221,#1520);
#1520 = DEFINITIONAL_REPRESENTATION('',(#1521),#1525);
#1521 = LINE('',#1522,#1523);
#1522 = CARTESIAN_POINT('',(14.4,-13.72876848227));
#1523 = VECTOR('',#1524,1.);
#1524 = DIRECTION('',(-2.305316177464E-15,1.));
#1525 = ( GEOMETRIC_REPRESENTATION_CONTEXT(2) 
PARAMETRIC_REPRESENTATION_CONTEXT() REPRESENTATION_CONTEXT('2D SPACE',''
  ) );
#1526 = ORIENTED_EDGE('',*,*,#1288,.T.);
#1527 = ADVANCED_FACE('',(#1528),#836,.T.);
#1528 = FACE_BOUND('',#1529,.T.);
#1529 = EDGE_LOOP('',(#1530,#1531,#1554,#1577,#1604,#1632));
#1530 = ORIENTED_EDGE('',*,*,#820,.F.);
#1531 = ORIENTED_EDGE('',*,*,#1532,.T.);
#1532 = EDGE_CURVE('',#793,#1533,#1535,.T.);
#1533 = VERTEX_POINT('',#1534);
#1534 = CARTESIAN_POINT('',(-32.38,-49.8,6.95));
#1535 = SURFACE_CURVE('',#1536,(#1540,#1547),.PCURVE_S1.);
#1536 = LINE('',#1537,#1538);
#1537 = CARTESIAN_POINT('',(-32.38,-49.8,6.95));
#1538 = VECTOR('',#1539,1.);
#1539 = DIRECTION('',(0.,0.,-1.));
#1540 = PCURVE('',#836,#1541);
#1541 = DEFINITIONAL_REPRESENTATION('',(#1542),#1546);
#1542 = LINE('',#1543,#1544);
#1543 = CARTESIAN_POINT('',(0.,-0.7));
#1544 = VECTOR('',#1545,1.);
#1545 = DIRECTION('',(-1.,0.));
#1546 = ( GEOMETRIC_REPRESENTATION_CONTEXT(2) 
PARAMETRIC_REPRESENTATION_CONTEXT() REPRESENTATION_CONTEXT('2D SPACE',''
  ) );
#1547 = PCURVE('',#808,#1548);
#1548 = DEFINITIONAL_REPRESENTATION('',(#1549),#1553);
#1549 = LINE('',#1550,#1551);
#1550 = CARTESIAN_POINT('',(0.,0.7));
#1551 = VECTOR('',#1552,1.);
#1552 = DIRECTION('',(-1.,0.));
#1553 = ( GEOMETRIC_REPRESENTATION_CONTEXT(2) 
PARAMETRIC_REPRESENTATION_CONTEXT() REPRESENTATION_CONTEXT('2D SPACE',''
  ) );
#1554 = ORIENTED_EDGE('',*,*,#1555,.T.);
#1555 = EDGE_CURVE('',#1533,#1556,#1558,.T.);
#1556 = VERTEX_POINT('',#1557);
#1557 = CARTESIAN_POINT('',(-32.38,-47.62841824935,6.95));
#1558 = SURFACE_CURVE('',#1559,(#1563,#1570),.PCURVE_S1.);
#1559 = LINE('',#1560,#1561);
#1560 = CARTESIAN_POINT('',(-32.38,-50.5,6.95));
#1561 = VECTOR('',#1562,1.);
#1562 = DIRECTION('',(0.,1.,0.));
#1563 = PCURVE('',#836,#1564);
#1564 = DEFINITIONAL_REPRESENTATION('',(#1565),#1569);
#1565 = LINE('',#1566,#1567);
#1566 = CARTESIAN_POINT('',(0.,0.));
#1567 = VECTOR('',#1568,1.);
#1568 = DIRECTION('',(0.,-1.));
#1569 = ( GEOMETRIC_REPRESENTATION_CONTEXT(2) 
PARAMETRIC_REPRESENTATION_CONTEXT() REPRESENTATION_CONTEXT('2D SPACE',''
  ) );
#1570 = PCURVE('',#221,#1571);
#1571 = DEFINITIONAL_REPRESENTATION('',(#1572),#1576);
#1572 = LINE('',#1573,#1574);
#1573 = CARTESIAN_POINT('',(15.1,-1.4));
#1574 = VECTOR('',#1575,1.);
#1575 = DIRECTION('',(0.,1.));
#1576 = ( GEOMETRIC_REPRESENTATION_CONTEXT(2) 
PARAMETRIC_REPRESENTATION_CONTEXT() REPRESENTATION_CONTEXT('2D SPACE',''
  ) );
#1577 = ORIENTED_EDGE('',*,*,#1578,.F.);
#1578 = EDGE_CURVE('',#1579,#1556,#1581,.T.);
#1579 = VERTEX_POINT('',#1580);
#1580 = CARTESIAN_POINT('',(-32.38,-47.62841824935,7.55));
#1581 = SURFACE_CURVE('',#1582,(#1586,#1593),.PCURVE_S1.);
#1582 = LINE('',#1583,#1584);
#1583 = CARTESIAN_POINT('',(-32.38,-47.62841824935,3.03));
#1584 = VECTOR('',#1585,1.);
#1585 = DIRECTION('',(-0.,-0.,-1.));
#1586 = PCURVE('',#836,#1587);
#1587 = DEFINITIONAL_REPRESENTATION('',(#1588),#1592);
#1588 = LINE('',#1589,#1590);
#1589 = CARTESIAN_POINT('',(-3.92,-2.87158175065));
#1590 = VECTOR('',#1591,1.);
#1591 = DIRECTION('',(-1.,0.));
#1592 = ( GEOMETRIC_REPRESENTATION_CONTEXT(2) 
PARAMETRIC_REPRESENTATION_CONTEXT() REPRESENTATION_CONTEXT('2D SPACE',''
  ) );
#1593 = PCURVE('',#1594,#1599);
#1594 = CYLINDRICAL_SURFACE('',#1595,2.38);
#1595 = AXIS2_PLACEMENT_3D('',#1596,#1597,#1598);
#1596 = CARTESIAN_POINT('',(-32.58,-50.,3.03));
#1597 = DIRECTION('',(-0.,-0.,-1.));
#1598 = DIRECTION('',(1.,0.,0.));
#1599 = DEFINITIONAL_REPRESENTATION('',(#1600),#1603);
#1600 = B_SPLINE_CURVE_WITH_KNOTS('',1,(#1601,#1602),.UNSPECIFIED.,.F.,
  .F.,(2,2),(-4.5200006,-3.71),.PIECEWISE_BEZIER_KNOTS.);
#1601 = CARTESIAN_POINT('',(4.796521812081,-4.5200006));
#1602 = CARTESIAN_POINT('',(4.796521812081,-3.71));
#1603 = ( GEOMETRIC_REPRESENTATION_CONTEXT(2) 
PARAMETRIC_REPRESENTATION_CONTEXT() REPRESENTATION_CONTEXT('2D SPACE',''
  ) );
#1604 = ORIENTED_EDGE('',*,*,#1605,.T.);
#1605 = EDGE_CURVE('',#1579,#1606,#1608,.T.);
#1606 = VERTEX_POINT('',#1607);
#1607 = CARTESIAN_POINT('',(-32.38,-46.42559095793,7.55));
#1608 = SURFACE_CURVE('',#1609,(#1613,#1620),.PCURVE_S1.);
#1609 = LINE('',#1610,#1611);
#1610 = CARTESIAN_POINT('',(-32.38,-53.75,7.55));
#1611 = VECTOR('',#1612,1.);
#1612 = DIRECTION('',(0.,1.,0.));
#1613 = PCURVE('',#836,#1614);
#1614 = DEFINITIONAL_REPRESENTATION('',(#1615),#1619);
#1615 = LINE('',#1616,#1617);
#1616 = CARTESIAN_POINT('',(0.6,3.25));
#1617 = VECTOR('',#1618,1.);
#1618 = DIRECTION('',(0.,-1.));
#1619 = ( GEOMETRIC_REPRESENTATION_CONTEXT(2) 
PARAMETRIC_REPRESENTATION_CONTEXT() REPRESENTATION_CONTEXT('2D SPACE',''
  ) );
#1620 = PCURVE('',#1621,#1626);
#1621 = PLANE('',#1622);
#1622 = AXIS2_PLACEMENT_3D('',#1623,#1624,#1625);
#1623 = CARTESIAN_POINT('',(-39.58,-57.,7.55));
#1624 = DIRECTION('',(0.,0.,1.));
#1625 = DIRECTION('',(1.,0.,-0.));
#1626 = DEFINITIONAL_REPRESENTATION('',(#1627),#1631);
#1627 = LINE('',#1628,#1629);
#1628 = CARTESIAN_POINT('',(7.2,3.25));
#1629 = VECTOR('',#1630,1.);
#1630 = DIRECTION('',(0.,1.));
#1631 = ( GEOMETRIC_REPRESENTATION_CONTEXT(2) 
PARAMETRIC_REPRESENTATION_CONTEXT() REPRESENTATION_CONTEXT('2D SPACE',''
  ) );
#1632 = ORIENTED_EDGE('',*,*,#1633,.F.);
#1633 = EDGE_CURVE('',#821,#1606,#1634,.T.);
#1634 = SURFACE_CURVE('',#1635,(#1639,#1646),.PCURVE_S1.);
#1635 = LINE('',#1636,#1637);
#1636 = CARTESIAN_POINT('',(-32.38,-46.42559095793,6.85));
#1637 = VECTOR('',#1638,1.);
#1638 = DIRECTION('',(-0.,-0.,-1.));
#1639 = PCURVE('',#836,#1640);
#1640 = DEFINITIONAL_REPRESENTATION('',(#1641),#1645);
#1641 = LINE('',#1642,#1643);
#1642 = CARTESIAN_POINT('',(-0.1,-4.07440904207));
#1643 = VECTOR('',#1644,1.);
#1644 = DIRECTION('',(-1.,0.));
#1645 = ( GEOMETRIC_REPRESENTATION_CONTEXT(2) 
PARAMETRIC_REPRESENTATION_CONTEXT() REPRESENTATION_CONTEXT('2D SPACE',''
  ) );
#1646 = PCURVE('',#780,#1647);
#1647 = DEFINITIONAL_REPRESENTATION('',(#1648),#1651);
#1648 = B_SPLINE_CURVE_WITH_KNOTS('',1,(#1649,#1650),.UNSPECIFIED.,.F.,
  .F.,(2,2),(-2.3000006,5.999999999062E-07),.PIECEWISE_BEZIER_KNOTS.);
#1649 = CARTESIAN_POINT('',(4.768284002663,-6.0000006));
#1650 = CARTESIAN_POINT('',(4.768284002663,-3.6999994));
#1651 = ( GEOMETRIC_REPRESENTATION_CONTEXT(2) 
PARAMETRIC_REPRESENTATION_CONTEXT() REPRESENTATION_CONTEXT('2D SPACE',''
  ) );
#1652 = ADVANCED_FACE('',(#1653),#1621,.T.);
#1653 = FACE_BOUND('',#1654,.T.);
#1654 = EDGE_LOOP('',(#1655,#1679,#1680,#1708));
#1655 = ORIENTED_EDGE('',*,*,#1656,.T.);
#1656 = EDGE_CURVE('',#1657,#1606,#1659,.T.);
#1657 = VERTEX_POINT('',#1658);
#1658 = CARTESIAN_POINT('',(-29.00559095793,-49.8,7.55));
#1659 = SURFACE_CURVE('',#1660,(#1665,#1672),.PCURVE_S1.);
#1660 = CIRCLE('',#1661,3.58);
#1661 = AXIS2_PLACEMENT_3D('',#1662,#1663,#1664);
#1662 = CARTESIAN_POINT('',(-32.58,-50.,7.55));
#1663 = DIRECTION('',(0.,0.,1.));
#1664 = DIRECTION('',(1.,0.,-0.));
#1665 = PCURVE('',#1621,#1666);
#1666 = DEFINITIONAL_REPRESENTATION('',(#1667),#1671);
#1667 = CIRCLE('',#1668,3.58);
#1668 = AXIS2_PLACEMENT_2D('',#1669,#1670);
#1669 = CARTESIAN_POINT('',(7.,7.));
#1670 = DIRECTION('',(1.,0.));
#1671 = ( GEOMETRIC_REPRESENTATION_CONTEXT(2) 
PARAMETRIC_REPRESENTATION_CONTEXT() REPRESENTATION_CONTEXT('2D SPACE',''
  ) );
#1672 = PCURVE('',#780,#1673);
#1673 = DEFINITIONAL_REPRESENTATION('',(#1674),#1678);
#1674 = LINE('',#1675,#1676);
#1675 = CARTESIAN_POINT('',(6.28318530718,-4.4));
#1676 = VECTOR('',#1677,1.);
#1677 = DIRECTION('',(-1.,0.));
#1678 = ( GEOMETRIC_REPRESENTATION_CONTEXT(2) 
PARAMETRIC_REPRESENTATION_CONTEXT() REPRESENTATION_CONTEXT('2D SPACE',''
  ) );
#1679 = ORIENTED_EDGE('',*,*,#1605,.F.);
#1680 = ORIENTED_EDGE('',*,*,#1681,.T.);
#1681 = EDGE_CURVE('',#1579,#1682,#1684,.T.);
#1682 = VERTEX_POINT('',#1683);
#1683 = CARTESIAN_POINT('',(-30.20841824935,-49.8,7.55));
#1684 = SURFACE_CURVE('',#1685,(#1690,#1701),.PCURVE_S1.);
#1685 = CIRCLE('',#1686,2.38);
#1686 = AXIS2_PLACEMENT_3D('',#1687,#1688,#1689);
#1687 = CARTESIAN_POINT('',(-32.58,-50.,7.55));
#1688 = DIRECTION('',(0.,0.,-1.));
#1689 = DIRECTION('',(1.,0.,0.));
#1690 = PCURVE('',#1621,#1691);
#1691 = DEFINITIONAL_REPRESENTATION('',(#1692),#1700);
#1692 = ( BOUNDED_CURVE() B_SPLINE_CURVE(2,(#1693,#1694,#1695,#1696,
#1697,#1698,#1699),.UNSPECIFIED.,.T.,.F.) B_SPLINE_CURVE_WITH_KNOTS((1,2
    ,2,2,2,1),(-2.094395102393,0.,2.094395102393,4.188790204786,
6.28318530718,8.377580409573),.UNSPECIFIED.) CURVE() 
GEOMETRIC_REPRESENTATION_ITEM() RATIONAL_B_SPLINE_CURVE((1.,0.5,1.,0.5,
1.,0.5,1.)) REPRESENTATION_ITEM('') );
#1693 = CARTESIAN_POINT('',(9.38,7.));
#1694 = CARTESIAN_POINT('',(9.38,2.877719077986));
#1695 = CARTESIAN_POINT('',(5.81,4.938859538993));
#1696 = CARTESIAN_POINT('',(2.24,7.));
#1697 = CARTESIAN_POINT('',(5.81,9.061140461007));
#1698 = CARTESIAN_POINT('',(9.38,11.122280922014));
#1699 = CARTESIAN_POINT('',(9.38,7.));
#1700 = ( GEOMETRIC_REPRESENTATION_CONTEXT(2) 
PARAMETRIC_REPRESENTATION_CONTEXT() REPRESENTATION_CONTEXT('2D SPACE',''
  ) );
#1701 = PCURVE('',#1594,#1702);
#1702 = DEFINITIONAL_REPRESENTATION('',(#1703),#1707);
#1703 = LINE('',#1704,#1705);
#1704 = CARTESIAN_POINT('',(-4.138911435803E-13,-4.52));
#1705 = VECTOR('',#1706,1.);
#1706 = DIRECTION('',(1.,-0.));
#1707 = ( GEOMETRIC_REPRESENTATION_CONTEXT(2) 
PARAMETRIC_REPRESENTATION_CONTEXT() REPRESENTATION_CONTEXT('2D SPACE',''
  ) );
#1708 = ORIENTED_EDGE('',*,*,#1709,.F.);
#1709 = EDGE_CURVE('',#1657,#1682,#1710,.T.);
#1710 = SURFACE_CURVE('',#1711,(#1715,#1722),.PCURVE_S1.);
#1711 = LINE('',#1712,#1713);
#1712 = CARTESIAN_POINT('',(-36.33,-49.8,7.55));
#1713 = VECTOR('',#1714,1.);
#1714 = DIRECTION('',(-1.,0.,0.));
#1715 = PCURVE('',#1621,#1716);
#1716 = DEFINITIONAL_REPRESENTATION('',(#1717),#1721);
#1717 = LINE('',#1718,#1719);
#1718 = CARTESIAN_POINT('',(3.25,7.2));
#1719 = VECTOR('',#1720,1.);
#1720 = DIRECTION('',(-1.,0.));
#1721 = ( GEOMETRIC_REPRESENTATION_CONTEXT(2) 
PARAMETRIC_REPRESENTATION_CONTEXT() REPRESENTATION_CONTEXT('2D SPACE',''
  ) );
#1722 = PCURVE('',#808,#1723);
#1723 = DEFINITIONAL_REPRESENTATION('',(#1724),#1728);
#1724 = LINE('',#1725,#1726);
#1725 = CARTESIAN_POINT('',(0.6,-3.25));
#1726 = VECTOR('',#1727,1.);
#1727 = DIRECTION('',(0.,-1.));
#1728 = ( GEOMETRIC_REPRESENTATION_CONTEXT(2) 
PARAMETRIC_REPRESENTATION_CONTEXT() REPRESENTATION_CONTEXT('2D SPACE',''
  ) );
#1729 = ADVANCED_FACE('',(#1730),#1594,.F.);
#1730 = FACE_BOUND('',#1731,.F.);
#1731 = EDGE_LOOP('',(#1732,#1760,#1761,#1762,#1784,#1812,#1840,#1864));
#1732 = ORIENTED_EDGE('',*,*,#1733,.T.);
#1733 = EDGE_CURVE('',#1734,#1556,#1736,.T.);
#1734 = VERTEX_POINT('',#1735);
#1735 = CARTESIAN_POINT('',(-32.58,-47.62,6.95));
#1736 = SURFACE_CURVE('',#1737,(#1742,#1749),.PCURVE_S1.);
#1737 = CIRCLE('',#1738,2.38);
#1738 = AXIS2_PLACEMENT_3D('',#1739,#1740,#1741);
#1739 = CARTESIAN_POINT('',(-32.58,-50.,6.95));
#1740 = DIRECTION('',(0.,0.,-1.));
#1741 = DIRECTION('',(1.,0.,0.));
#1742 = PCURVE('',#1594,#1743);
#1743 = DEFINITIONAL_REPRESENTATION('',(#1744),#1748);
#1744 = LINE('',#1745,#1746);
#1745 = CARTESIAN_POINT('',(-4.138911435803E-13,-3.92));
#1746 = VECTOR('',#1747,1.);
#1747 = DIRECTION('',(1.,-0.));
#1748 = ( GEOMETRIC_REPRESENTATION_CONTEXT(2) 
PARAMETRIC_REPRESENTATION_CONTEXT() REPRESENTATION_CONTEXT('2D SPACE',''
  ) );
#1749 = PCURVE('',#221,#1750);
#1750 = DEFINITIONAL_REPRESENTATION('',(#1751),#1759);
#1751 = ( BOUNDED_CURVE() B_SPLINE_CURVE(2,(#1752,#1753,#1754,#1755,
#1756,#1757,#1758),.UNSPECIFIED.,.T.,.F.) B_SPLINE_CURVE_WITH_KNOTS((1,2
    ,2,2,2,1),(-2.094395102393,0.,2.094395102393,4.188790204786,
6.28318530718,8.377580409573),.UNSPECIFIED.) CURVE() 
GEOMETRIC_REPRESENTATION_ITEM() RATIONAL_B_SPLINE_CURVE((1.,0.5,1.,0.5,
1.,0.5,1.)) REPRESENTATION_ITEM('') );
#1752 = CARTESIAN_POINT('',(17.28,-0.9));
#1753 = CARTESIAN_POINT('',(17.28,-5.022280922014));
#1754 = CARTESIAN_POINT('',(13.71,-2.961140461007));
#1755 = CARTESIAN_POINT('',(10.14,-0.9));
#1756 = CARTESIAN_POINT('',(13.71,1.161140461007));
#1757 = CARTESIAN_POINT('',(17.28,3.222280922014));
#1758 = CARTESIAN_POINT('',(17.28,-0.9));
#1759 = ( GEOMETRIC_REPRESENTATION_CONTEXT(2) 
PARAMETRIC_REPRESENTATION_CONTEXT() REPRESENTATION_CONTEXT('2D SPACE',''
  ) );
#1760 = ORIENTED_EDGE('',*,*,#1578,.F.);
#1761 = ORIENTED_EDGE('',*,*,#1681,.T.);
#1762 = ORIENTED_EDGE('',*,*,#1763,.T.);
#1763 = EDGE_CURVE('',#1682,#1764,#1766,.T.);
#1764 = VERTEX_POINT('',#1765);
#1765 = CARTESIAN_POINT('',(-30.20841824935,-49.8,6.95));
#1766 = SURFACE_CURVE('',#1767,(#1771,#1777),.PCURVE_S1.);
#1767 = LINE('',#1768,#1769);
#1768 = CARTESIAN_POINT('',(-30.20841824935,-49.8,3.03));
#1769 = VECTOR('',#1770,1.);
#1770 = DIRECTION('',(-0.,-0.,-1.));
#1771 = PCURVE('',#1594,#1772);
#1772 = DEFINITIONAL_REPRESENTATION('',(#1773),#1776);
#1773 = B_SPLINE_CURVE_WITH_KNOTS('',1,(#1774,#1775),.UNSPECIFIED.,.F.,
  .F.,(2,2),(-4.5200006,-3.71),.PIECEWISE_BEZIER_KNOTS.);
#1774 = CARTESIAN_POINT('',(6.199052475484,-4.5200006));
#1775 = CARTESIAN_POINT('',(6.199052475484,-3.71));
#1776 = ( GEOMETRIC_REPRESENTATION_CONTEXT(2) 
PARAMETRIC_REPRESENTATION_CONTEXT() REPRESENTATION_CONTEXT('2D SPACE',''
  ) );
#1777 = PCURVE('',#808,#1778);
#1778 = DEFINITIONAL_REPRESENTATION('',(#1779),#1783);
#1779 = LINE('',#1780,#1781);
#1780 = CARTESIAN_POINT('',(-3.92,2.87158175065));
#1781 = VECTOR('',#1782,1.);
#1782 = DIRECTION('',(-1.,0.));
#1783 = ( GEOMETRIC_REPRESENTATION_CONTEXT(2) 
PARAMETRIC_REPRESENTATION_CONTEXT() REPRESENTATION_CONTEXT('2D SPACE',''
  ) );
#1784 = ORIENTED_EDGE('',*,*,#1785,.T.);
#1785 = EDGE_CURVE('',#1764,#1786,#1788,.T.);
#1786 = VERTEX_POINT('',#1787);
#1787 = CARTESIAN_POINT('',(-30.2,-50.,6.95));
#1788 = SURFACE_CURVE('',#1789,(#1794,#1801),.PCURVE_S1.);
#1789 = CIRCLE('',#1790,2.38);
#1790 = AXIS2_PLACEMENT_3D('',#1791,#1792,#1793);
#1791 = CARTESIAN_POINT('',(-32.58,-50.,6.95));
#1792 = DIRECTION('',(0.,0.,-1.));
#1793 = DIRECTION('',(1.,0.,0.));
#1794 = PCURVE('',#1594,#1795);
#1795 = DEFINITIONAL_REPRESENTATION('',(#1796),#1800);
#1796 = LINE('',#1797,#1798);
#1797 = CARTESIAN_POINT('',(-4.138911435803E-13,-3.92));
#1798 = VECTOR('',#1799,1.);
#1799 = DIRECTION('',(1.,-0.));
#1800 = ( GEOMETRIC_REPRESENTATION_CONTEXT(2) 
PARAMETRIC_REPRESENTATION_CONTEXT() REPRESENTATION_CONTEXT('2D SPACE',''
  ) );
#1801 = PCURVE('',#221,#1802);
#1802 = DEFINITIONAL_REPRESENTATION('',(#1803),#1811);
#1803 = ( BOUNDED_CURVE() B_SPLINE_CURVE(2,(#1804,#1805,#1806,#1807,
#1808,#1809,#1810),.UNSPECIFIED.,.T.,.F.) B_SPLINE_CURVE_WITH_KNOTS((1,2
    ,2,2,2,1),(-2.094395102393,0.,2.094395102393,4.188790204786,
6.28318530718,8.377580409573),.UNSPECIFIED.) CURVE() 
GEOMETRIC_REPRESENTATION_ITEM() RATIONAL_B_SPLINE_CURVE((1.,0.5,1.,0.5,
1.,0.5,1.)) REPRESENTATION_ITEM('') );
#1804 = CARTESIAN_POINT('',(17.28,-0.9));
#1805 = CARTESIAN_POINT('',(17.28,-5.022280922014));
#1806 = CARTESIAN_POINT('',(13.71,-2.961140461007));
#1807 = CARTESIAN_POINT('',(10.14,-0.9));
#1808 = CARTESIAN_POINT('',(13.71,1.161140461007));
#1809 = CARTESIAN_POINT('',(17.28,3.222280922014));
#1810 = CARTESIAN_POINT('',(17.28,-0.9));
#1811 = ( GEOMETRIC_REPRESENTATION_CONTEXT(2) 
PARAMETRIC_REPRESENTATION_CONTEXT() REPRESENTATION_CONTEXT('2D SPACE',''
  ) );
#1812 = ORIENTED_EDGE('',*,*,#1813,.T.);
#1813 = EDGE_CURVE('',#1786,#1814,#1816,.T.);
#1814 = VERTEX_POINT('',#1815);
#1815 = CARTESIAN_POINT('',(-30.2,-50.,2.));
#1816 = SURFACE_CURVE('',#1817,(#1821,#1828),.PCURVE_S1.);
#1817 = LINE('',#1818,#1819);
#1818 = CARTESIAN_POINT('',(-30.2,-50.,6.95));
#1819 = VECTOR('',#1820,1.);
#1820 = DIRECTION('',(0.,0.,-1.));
#1821 = PCURVE('',#1594,#1822);
#1822 = DEFINITIONAL_REPRESENTATION('',(#1823),#1827);
#1823 = LINE('',#1824,#1825);
#1824 = CARTESIAN_POINT('',(6.28318530718,-3.92));
#1825 = VECTOR('',#1826,1.);
#1826 = DIRECTION('',(0.,1.));
#1827 = ( GEOMETRIC_REPRESENTATION_CONTEXT(2) 
PARAMETRIC_REPRESENTATION_CONTEXT() REPRESENTATION_CONTEXT('2D SPACE',''
  ) );
#1828 = PCURVE('',#1829,#1834);
#1829 = PLANE('',#1830);
#1830 = AXIS2_PLACEMENT_3D('',#1831,#1832,#1833);
#1831 = CARTESIAN_POINT('',(-30.2,-64.,3.03));
#1832 = DIRECTION('',(-1.,0.,0.));
#1833 = DIRECTION('',(0.,1.,0.));
#1834 = DEFINITIONAL_REPRESENTATION('',(#1835),#1839);
#1835 = LINE('',#1836,#1837);
#1836 = CARTESIAN_POINT('',(14.,-3.92));
#1837 = VECTOR('',#1838,1.);
#1838 = DIRECTION('',(0.,1.));
#1839 = ( GEOMETRIC_REPRESENTATION_CONTEXT(2) 
PARAMETRIC_REPRESENTATION_CONTEXT() REPRESENTATION_CONTEXT('2D SPACE',''
  ) );
#1840 = ORIENTED_EDGE('',*,*,#1841,.F.);
#1841 = EDGE_CURVE('',#1842,#1814,#1844,.T.);
#1842 = VERTEX_POINT('',#1843);
#1843 = CARTESIAN_POINT('',(-32.58,-47.62,2.));
#1844 = SURFACE_CURVE('',#1845,(#1850,#1857),.PCURVE_S1.);
#1845 = CIRCLE('',#1846,2.38);
#1846 = AXIS2_PLACEMENT_3D('',#1847,#1848,#1849);
#1847 = CARTESIAN_POINT('',(-32.58,-50.,2.));
#1848 = DIRECTION('',(0.,0.,-1.));
#1849 = DIRECTION('',(1.,0.,0.));
#1850 = PCURVE('',#1594,#1851);
#1851 = DEFINITIONAL_REPRESENTATION('',(#1852),#1856);
#1852 = LINE('',#1853,#1854);
#1853 = CARTESIAN_POINT('',(-0.,1.03));
#1854 = VECTOR('',#1855,1.);
#1855 = DIRECTION('',(1.,-0.));
#1856 = ( GEOMETRIC_REPRESENTATION_CONTEXT(2) 
PARAMETRIC_REPRESENTATION_CONTEXT() REPRESENTATION_CONTEXT('2D SPACE',''
  ) );
#1857 = PCURVE('',#162,#1858);
#1858 = DEFINITIONAL_REPRESENTATION('',(#1859),#1863);
#1859 = CIRCLE('',#1860,2.38);
#1860 = AXIS2_PLACEMENT_2D('',#1861,#1862);
#1861 = CARTESIAN_POINT('',(-6.861708650109,6.869323814381));
#1862 = DIRECTION('',(-1.,0.));
#1863 = ( GEOMETRIC_REPRESENTATION_CONTEXT(2) 
PARAMETRIC_REPRESENTATION_CONTEXT() REPRESENTATION_CONTEXT('2D SPACE',''
  ) );
#1864 = ORIENTED_EDGE('',*,*,#1865,.T.);
#1865 = EDGE_CURVE('',#1842,#1734,#1866,.T.);
#1866 = SURFACE_CURVE('',#1867,(#1871,#1878),.PCURVE_S1.);
#1867 = LINE('',#1868,#1869);
#1868 = CARTESIAN_POINT('',(-32.58,-47.62,2.));
#1869 = VECTOR('',#1870,1.);
#1870 = DIRECTION('',(0.,0.,1.));
#1871 = PCURVE('',#1594,#1872);
#1872 = DEFINITIONAL_REPRESENTATION('',(#1873),#1877);
#1873 = LINE('',#1874,#1875);
#1874 = CARTESIAN_POINT('',(4.712388980385,1.03));
#1875 = VECTOR('',#1876,1.);
#1876 = DIRECTION('',(0.,-1.));
#1877 = ( GEOMETRIC_REPRESENTATION_CONTEXT(2) 
PARAMETRIC_REPRESENTATION_CONTEXT() REPRESENTATION_CONTEXT('2D SPACE',''
  ) );
#1878 = PCURVE('',#1879,#1884);
#1879 = PLANE('',#1880);
#1880 = AXIS2_PLACEMENT_3D('',#1881,#1882,#1883);
#1881 = CARTESIAN_POINT('',(-46.58,-47.62,3.03));
#1882 = DIRECTION('',(0.,1.,0.));
#1883 = DIRECTION('',(1.,0.,0.));
#1884 = DEFINITIONAL_REPRESENTATION('',(#1885),#1889);
#1885 = LINE('',#1886,#1887);
#1886 = CARTESIAN_POINT('',(14.,1.03));
#1887 = VECTOR('',#1888,1.);
#1888 = DIRECTION('',(0.,-1.));
#1889 = ( GEOMETRIC_REPRESENTATION_CONTEXT(2) 
PARAMETRIC_REPRESENTATION_CONTEXT() REPRESENTATION_CONTEXT('2D SPACE',''
  ) );
#1890 = ADVANCED_FACE('',(#1891),#1879,.F.);
#1891 = FACE_BOUND('',#1892,.F.);
#1892 = EDGE_LOOP('',(#1893,#1894,#1917,#1938));
#1893 = ORIENTED_EDGE('',*,*,#1865,.F.);
#1894 = ORIENTED_EDGE('',*,*,#1895,.T.);
#1895 = EDGE_CURVE('',#1842,#1896,#1898,.T.);
#1896 = VERTEX_POINT('',#1897);
#1897 = CARTESIAN_POINT('',(-45.26975114523,-47.62,2.));
#1898 = SURFACE_CURVE('',#1899,(#1903,#1910),.PCURVE_S1.);
#1899 = LINE('',#1900,#1901);
#1900 = CARTESIAN_POINT('',(-43.08,-47.62,2.));
#1901 = VECTOR('',#1902,1.);
#1902 = DIRECTION('',(-1.,0.,0.));
#1903 = PCURVE('',#1879,#1904);
#1904 = DEFINITIONAL_REPRESENTATION('',(#1905),#1909);
#1905 = LINE('',#1906,#1907);
#1906 = CARTESIAN_POINT('',(3.5,1.03));
#1907 = VECTOR('',#1908,1.);
#1908 = DIRECTION('',(-1.,0.));
#1909 = ( GEOMETRIC_REPRESENTATION_CONTEXT(2) 
PARAMETRIC_REPRESENTATION_CONTEXT() REPRESENTATION_CONTEXT('2D SPACE',''
  ) );
#1910 = PCURVE('',#162,#1911);
#1911 = DEFINITIONAL_REPRESENTATION('',(#1912),#1916);
#1912 = LINE('',#1913,#1914);
#1913 = CARTESIAN_POINT('',(3.638291349891,9.249323814381));
#1914 = VECTOR('',#1915,1.);
#1915 = DIRECTION('',(1.,0.));
#1916 = ( GEOMETRIC_REPRESENTATION_CONTEXT(2) 
PARAMETRIC_REPRESENTATION_CONTEXT() REPRESENTATION_CONTEXT('2D SPACE',''
  ) );
#1917 = ORIENTED_EDGE('',*,*,#1918,.T.);
#1918 = EDGE_CURVE('',#1896,#1919,#1921,.T.);
#1919 = VERTEX_POINT('',#1920);
#1920 = CARTESIAN_POINT('',(-45.26975114523,-47.62,6.95));
#1921 = SURFACE_CURVE('',#1922,(#1926,#1932),.PCURVE_S1.);
#1922 = LINE('',#1923,#1924);
#1923 = CARTESIAN_POINT('',(-45.26975114523,-47.62,0.));
#1924 = VECTOR('',#1925,1.);
#1925 = DIRECTION('',(0.,0.,1.));
#1926 = PCURVE('',#1879,#1927);
#1927 = DEFINITIONAL_REPRESENTATION('',(#1928),#1931);
#1928 = B_SPLINE_CURVE_WITH_KNOTS('',1,(#1929,#1930),.UNSPECIFIED.,.F.,
  .F.,(2,2),(1.505,6.9500006),.PIECEWISE_BEZIER_KNOTS.);
#1929 = CARTESIAN_POINT('',(1.310248854767,1.525));
#1930 = CARTESIAN_POINT('',(1.310248854767,-3.9200006));
#1931 = ( GEOMETRIC_REPRESENTATION_CONTEXT(2) 
PARAMETRIC_REPRESENTATION_CONTEXT() REPRESENTATION_CONTEXT('2D SPACE',''
  ) );
#1932 = PCURVE('',#193,#1933);
#1933 = DEFINITIONAL_REPRESENTATION('',(#1934),#1937);
#1934 = B_SPLINE_CURVE_WITH_KNOTS('',1,(#1935,#1936),.UNSPECIFIED.,.F.,
  .F.,(2,2),(1.505,6.9500006),.PIECEWISE_BEZIER_KNOTS.);
#1935 = CARTESIAN_POINT('',(0.590036049375,1.505));
#1936 = CARTESIAN_POINT('',(0.590036049375,6.9500006));
#1937 = ( GEOMETRIC_REPRESENTATION_CONTEXT(2) 
PARAMETRIC_REPRESENTATION_CONTEXT() REPRESENTATION_CONTEXT('2D SPACE',''
  ) );
#1938 = ORIENTED_EDGE('',*,*,#1939,.T.);
#1939 = EDGE_CURVE('',#1919,#1734,#1940,.T.);
#1940 = SURFACE_CURVE('',#1941,(#1945,#1952),.PCURVE_S1.);
#1941 = LINE('',#1942,#1943);
#1942 = CARTESIAN_POINT('',(-48.72,-47.62,6.95));
#1943 = VECTOR('',#1944,1.);
#1944 = DIRECTION('',(1.,0.,0.));
#1945 = PCURVE('',#1879,#1946);
#1946 = DEFINITIONAL_REPRESENTATION('',(#1947),#1951);
#1947 = LINE('',#1948,#1949);
#1948 = CARTESIAN_POINT('',(-2.14,-3.92));
#1949 = VECTOR('',#1950,1.);
#1950 = DIRECTION('',(1.,0.));
#1951 = ( GEOMETRIC_REPRESENTATION_CONTEXT(2) 
PARAMETRIC_REPRESENTATION_CONTEXT() REPRESENTATION_CONTEXT('2D SPACE',''
  ) );
#1952 = PCURVE('',#221,#1953);
#1953 = DEFINITIONAL_REPRESENTATION('',(#1954),#1958);
#1954 = LINE('',#1955,#1956);
#1955 = CARTESIAN_POINT('',(-1.24,1.48));
#1956 = VECTOR('',#1957,1.);
#1957 = DIRECTION('',(1.,0.));
#1958 = ( GEOMETRIC_REPRESENTATION_CONTEXT(2) 
PARAMETRIC_REPRESENTATION_CONTEXT() REPRESENTATION_CONTEXT('2D SPACE',''
  ) );
#1959 = ADVANCED_FACE('',(#1960),#1829,.T.);
#1960 = FACE_BOUND('',#1961,.T.);
#1961 = EDGE_LOOP('',(#1962,#1985,#1986,#2009));
#1962 = ORIENTED_EDGE('',*,*,#1963,.T.);
#1963 = EDGE_CURVE('',#1964,#1786,#1966,.T.);
#1964 = VERTEX_POINT('',#1965);
#1965 = CARTESIAN_POINT('',(-30.2,-62.68975114523,6.95));
#1966 = SURFACE_CURVE('',#1967,(#1971,#1978),.PCURVE_S1.);
#1967 = LINE('',#1968,#1969);
#1968 = CARTESIAN_POINT('',(-30.2,-64.1,6.95));
#1969 = VECTOR('',#1970,1.);
#1970 = DIRECTION('',(0.,1.,-0.));
#1971 = PCURVE('',#1829,#1972);
#1972 = DEFINITIONAL_REPRESENTATION('',(#1973),#1977);
#1973 = LINE('',#1974,#1975);
#1974 = CARTESIAN_POINT('',(-9.999999999999E-02,-3.92));
#1975 = VECTOR('',#1976,1.);
#1976 = DIRECTION('',(1.,0.));
#1977 = ( GEOMETRIC_REPRESENTATION_CONTEXT(2) 
PARAMETRIC_REPRESENTATION_CONTEXT() REPRESENTATION_CONTEXT('2D SPACE',''
  ) );
#1978 = PCURVE('',#221,#1979);
#1979 = DEFINITIONAL_REPRESENTATION('',(#1980),#1984);
#1980 = LINE('',#1981,#1982);
#1981 = CARTESIAN_POINT('',(17.28,-15.));
#1982 = VECTOR('',#1983,1.);
#1983 = DIRECTION('',(0.,1.));
#1984 = ( GEOMETRIC_REPRESENTATION_CONTEXT(2) 
PARAMETRIC_REPRESENTATION_CONTEXT() REPRESENTATION_CONTEXT('2D SPACE',''
  ) );
#1985 = ORIENTED_EDGE('',*,*,#1813,.T.);
#1986 = ORIENTED_EDGE('',*,*,#1987,.T.);
#1987 = EDGE_CURVE('',#1814,#1988,#1990,.T.);
#1988 = VERTEX_POINT('',#1989);
#1989 = CARTESIAN_POINT('',(-30.2,-62.68975114523,2.));
#1990 = SURFACE_CURVE('',#1991,(#1995,#2002),.PCURVE_S1.);
#1991 = LINE('',#1992,#1993);
#1992 = CARTESIAN_POINT('',(-30.2,-60.5,2.));
#1993 = VECTOR('',#1994,1.);
#1994 = DIRECTION('',(0.,-1.,0.));
#1995 = PCURVE('',#1829,#1996);
#1996 = DEFINITIONAL_REPRESENTATION('',(#1997),#2001);
#1997 = LINE('',#1998,#1999);
#1998 = CARTESIAN_POINT('',(3.5,1.03));
#1999 = VECTOR('',#2000,1.);
#2000 = DIRECTION('',(-1.,0.));
#2001 = ( GEOMETRIC_REPRESENTATION_CONTEXT(2) 
PARAMETRIC_REPRESENTATION_CONTEXT() REPRESENTATION_CONTEXT('2D SPACE',''
  ) );
#2002 = PCURVE('',#162,#2003);
#2003 = DEFINITIONAL_REPRESENTATION('',(#2004),#2008);
#2004 = LINE('',#2005,#2006);
#2005 = CARTESIAN_POINT('',(-9.241708650109,-3.630676185619));
#2006 = VECTOR('',#2007,1.);
#2007 = DIRECTION('',(0.,-1.));
#2008 = ( GEOMETRIC_REPRESENTATION_CONTEXT(2) 
PARAMETRIC_REPRESENTATION_CONTEXT() REPRESENTATION_CONTEXT('2D SPACE',''
  ) );
#2009 = ORIENTED_EDGE('',*,*,#2010,.T.);
#2010 = EDGE_CURVE('',#1988,#1964,#2011,.T.);
#2011 = SURFACE_CURVE('',#2012,(#2016,#2022),.PCURVE_S1.);
#2012 = LINE('',#2013,#2014);
#2013 = CARTESIAN_POINT('',(-30.2,-62.68975114523,0.));
#2014 = VECTOR('',#2015,1.);
#2015 = DIRECTION('',(0.,0.,1.));
#2016 = PCURVE('',#1829,#2017);
#2017 = DEFINITIONAL_REPRESENTATION('',(#2018),#2021);
#2018 = B_SPLINE_CURVE_WITH_KNOTS('',1,(#2019,#2020),.UNSPECIFIED.,.F.,
  .F.,(2,2),(1.505,6.9500006),.PIECEWISE_BEZIER_KNOTS.);
#2019 = CARTESIAN_POINT('',(1.310248854767,1.525));
#2020 = CARTESIAN_POINT('',(1.310248854767,-3.9200006));
#2021 = ( GEOMETRIC_REPRESENTATION_CONTEXT(2) 
PARAMETRIC_REPRESENTATION_CONTEXT() REPRESENTATION_CONTEXT('2D SPACE',''
  ) );
#2022 = PCURVE('',#2023,#2028);
#2023 = CYLINDRICAL_SURFACE('',#2024,2.66);
#2024 = AXIS2_PLACEMENT_3D('',#2025,#2026,#2027);
#2025 = CARTESIAN_POINT('',(-31.68,-64.9,0.));
#2026 = DIRECTION('',(0.,0.,1.));
#2027 = DIRECTION('',(1.,0.,-0.));
#2028 = DEFINITIONAL_REPRESENTATION('',(#2029),#2032);
#2029 = B_SPLINE_CURVE_WITH_KNOTS('',1,(#2030,#2031),.UNSPECIFIED.,.F.,
  .F.,(2,2),(1.505,6.9500006),.PIECEWISE_BEZIER_KNOTS.);
#2030 = CARTESIAN_POINT('',(0.98076027742,1.505));
#2031 = CARTESIAN_POINT('',(0.98076027742,6.9500006));
#2032 = ( GEOMETRIC_REPRESENTATION_CONTEXT(2) 
PARAMETRIC_REPRESENTATION_CONTEXT() REPRESENTATION_CONTEXT('2D SPACE',''
  ) );
#2033 = ADVANCED_FACE('',(#2034),#2023,.F.);
#2034 = FACE_BOUND('',#2035,.F.);
#2035 = EDGE_LOOP('',(#2036,#2037,#2061,#2082));
#2036 = ORIENTED_EDGE('',*,*,#2010,.T.);
#2037 = ORIENTED_EDGE('',*,*,#2038,.F.);
#2038 = EDGE_CURVE('',#2039,#1964,#2041,.T.);
#2039 = VERTEX_POINT('',#2040);
#2040 = CARTESIAN_POINT('',(-29.0428393728,-64.55217270613,6.95));
#2041 = SURFACE_CURVE('',#2042,(#2047,#2054),.PCURVE_S1.);
#2042 = CIRCLE('',#2043,2.66);
#2043 = AXIS2_PLACEMENT_3D('',#2044,#2045,#2046);
#2044 = CARTESIAN_POINT('',(-31.68,-64.9,6.95));
#2045 = DIRECTION('',(0.,0.,1.));
#2046 = DIRECTION('',(1.,0.,-0.));
#2047 = PCURVE('',#2023,#2048);
#2048 = DEFINITIONAL_REPRESENTATION('',(#2049),#2053);
#2049 = LINE('',#2050,#2051);
#2050 = CARTESIAN_POINT('',(0.,6.95));
#2051 = VECTOR('',#2052,1.);
#2052 = DIRECTION('',(1.,0.));
#2053 = ( GEOMETRIC_REPRESENTATION_CONTEXT(2) 
PARAMETRIC_REPRESENTATION_CONTEXT() REPRESENTATION_CONTEXT('2D SPACE',''
  ) );
#2054 = PCURVE('',#221,#2055);
#2055 = DEFINITIONAL_REPRESENTATION('',(#2056),#2060);
#2056 = CIRCLE('',#2057,2.66);
#2057 = AXIS2_PLACEMENT_2D('',#2058,#2059);
#2058 = CARTESIAN_POINT('',(15.8,-15.8));
#2059 = DIRECTION('',(1.,0.));
#2060 = ( GEOMETRIC_REPRESENTATION_CONTEXT(2) 
PARAMETRIC_REPRESENTATION_CONTEXT() REPRESENTATION_CONTEXT('2D SPACE',''
  ) );
#2061 = ORIENTED_EDGE('',*,*,#2062,.T.);
#2062 = EDGE_CURVE('',#2039,#2063,#2065,.T.);
#2063 = VERTEX_POINT('',#2064);
#2064 = CARTESIAN_POINT('',(-29.0428393728,-64.55217270613,2.));
#2065 = SURFACE_CURVE('',#2066,(#2070,#2076),.PCURVE_S1.);
#2066 = LINE('',#2067,#2068);
#2067 = CARTESIAN_POINT('',(-29.0428393728,-64.55217270613,3.15));
#2068 = VECTOR('',#2069,1.);
#2069 = DIRECTION('',(-0.,-0.,-1.));
#2070 = PCURVE('',#2023,#2071);
#2071 = DEFINITIONAL_REPRESENTATION('',(#2072),#2075);
#2072 = B_SPLINE_CURVE_WITH_KNOTS('',1,(#2073,#2074),.UNSPECIFIED.,.F.,
  .F.,(2,2),(-3.8000006,1.1500006),.PIECEWISE_BEZIER_KNOTS.);
#2073 = CARTESIAN_POINT('',(0.131137681949,6.9500006));
#2074 = CARTESIAN_POINT('',(0.131137681949,1.9999994));
#2075 = ( GEOMETRIC_REPRESENTATION_CONTEXT(2) 
PARAMETRIC_REPRESENTATION_CONTEXT() REPRESENTATION_CONTEXT('2D SPACE',''
  ) );
#2076 = PCURVE('',#719,#2077);
#2077 = DEFINITIONAL_REPRESENTATION('',(#2078),#2081);
#2078 = B_SPLINE_CURVE_WITH_KNOTS('',1,(#2079,#2080),.UNSPECIFIED.,.F.,
  .F.,(2,2),(-3.8000006,1.1500006),.PIECEWISE_BEZIER_KNOTS.);
#2079 = CARTESIAN_POINT('',(0.154856366426,-3.8000006));
#2080 = CARTESIAN_POINT('',(0.154856366426,1.1500006));
#2081 = ( GEOMETRIC_REPRESENTATION_CONTEXT(2) 
PARAMETRIC_REPRESENTATION_CONTEXT() REPRESENTATION_CONTEXT('2D SPACE',''
  ) );
#2082 = ORIENTED_EDGE('',*,*,#2083,.T.);
#2083 = EDGE_CURVE('',#2063,#1988,#2084,.T.);
#2084 = SURFACE_CURVE('',#2085,(#2090,#2097),.PCURVE_S1.);
#2085 = CIRCLE('',#2086,2.66);
#2086 = AXIS2_PLACEMENT_3D('',#2087,#2088,#2089);
#2087 = CARTESIAN_POINT('',(-31.68,-64.9,2.));
#2088 = DIRECTION('',(0.,0.,1.));
#2089 = DIRECTION('',(1.,0.,-0.));
#2090 = PCURVE('',#2023,#2091);
#2091 = DEFINITIONAL_REPRESENTATION('',(#2092),#2096);
#2092 = LINE('',#2093,#2094);
#2093 = CARTESIAN_POINT('',(0.,2.));
#2094 = VECTOR('',#2095,1.);
#2095 = DIRECTION('',(1.,0.));
#2096 = ( GEOMETRIC_REPRESENTATION_CONTEXT(2) 
PARAMETRIC_REPRESENTATION_CONTEXT() REPRESENTATION_CONTEXT('2D SPACE',''
  ) );
#2097 = PCURVE('',#162,#2098);
#2098 = DEFINITIONAL_REPRESENTATION('',(#2099),#2107);
#2099 = ( BOUNDED_CURVE() B_SPLINE_CURVE(2,(#2100,#2101,#2102,#2103,
#2104,#2105,#2106),.UNSPECIFIED.,.T.,.F.) B_SPLINE_CURVE_WITH_KNOTS((1,2
    ,2,2,2,1),(-2.094395102393,0.,2.094395102393,4.188790204786,
6.28318530718,8.377580409573),.UNSPECIFIED.) CURVE() 
GEOMETRIC_REPRESENTATION_ITEM() RATIONAL_B_SPLINE_CURVE((1.,0.5,1.,0.5,
1.,0.5,1.)) REPRESENTATION_ITEM('') );
#2100 = CARTESIAN_POINT('',(-10.4217086501,-8.030676185619));
#2101 = CARTESIAN_POINT('',(-10.4217086501,-3.423421037486));
#2102 = CARTESIAN_POINT('',(-6.431708650109,-5.727048611552));
#2103 = CARTESIAN_POINT('',(-2.441708650109,-8.030676185619));
#2104 = CARTESIAN_POINT('',(-6.431708650109,-10.33430375968));
#2105 = CARTESIAN_POINT('',(-10.4217086501,-12.63793133375));
#2106 = CARTESIAN_POINT('',(-10.4217086501,-8.030676185619));
#2107 = ( GEOMETRIC_REPRESENTATION_CONTEXT(2) 
PARAMETRIC_REPRESENTATION_CONTEXT() REPRESENTATION_CONTEXT('2D SPACE',''
  ) );
#2108 = ADVANCED_FACE('',(#2109),#808,.T.);
#2109 = FACE_BOUND('',#2110,.T.);
#2110 = EDGE_LOOP('',(#2111,#2132,#2133,#2134,#2154,#2155));
#2111 = ORIENTED_EDGE('',*,*,#2112,.F.);
#2112 = EDGE_CURVE('',#1533,#1764,#2113,.T.);
#2113 = SURFACE_CURVE('',#2114,(#2118,#2125),.PCURVE_S1.);
#2114 = LINE('',#2115,#2116);
#2115 = CARTESIAN_POINT('',(-33.08,-49.8,6.95));
#2116 = VECTOR('',#2117,1.);
#2117 = DIRECTION('',(1.,0.,0.));
#2118 = PCURVE('',#808,#2119);
#2119 = DEFINITIONAL_REPRESENTATION('',(#2120),#2124);
#2120 = LINE('',#2121,#2122);
#2121 = CARTESIAN_POINT('',(0.,0.));
#2122 = VECTOR('',#2123,1.);
#2123 = DIRECTION('',(0.,1.));
#2124 = ( GEOMETRIC_REPRESENTATION_CONTEXT(2) 
PARAMETRIC_REPRESENTATION_CONTEXT() REPRESENTATION_CONTEXT('2D SPACE',''
  ) );
#2125 = PCURVE('',#221,#2126);
#2126 = DEFINITIONAL_REPRESENTATION('',(#2127),#2131);
#2127 = LINE('',#2128,#2129);
#2128 = CARTESIAN_POINT('',(14.4,-0.7));
#2129 = VECTOR('',#2130,1.);
#2130 = DIRECTION('',(1.,0.));
#2131 = ( GEOMETRIC_REPRESENTATION_CONTEXT(2) 
PARAMETRIC_REPRESENTATION_CONTEXT() REPRESENTATION_CONTEXT('2D SPACE',''
  ) );
#2132 = ORIENTED_EDGE('',*,*,#1532,.F.);
#2133 = ORIENTED_EDGE('',*,*,#792,.T.);
#2134 = ORIENTED_EDGE('',*,*,#2135,.T.);
#2135 = EDGE_CURVE('',#760,#1657,#2136,.T.);
#2136 = SURFACE_CURVE('',#2137,(#2141,#2148),.PCURVE_S1.);
#2137 = LINE('',#2138,#2139);
#2138 = CARTESIAN_POINT('',(-29.00559095793,-49.8,6.85));
#2139 = VECTOR('',#2140,1.);
#2140 = DIRECTION('',(-0.,-0.,-1.));
#2141 = PCURVE('',#808,#2142);
#2142 = DEFINITIONAL_REPRESENTATION('',(#2143),#2147);
#2143 = LINE('',#2144,#2145);
#2144 = CARTESIAN_POINT('',(-0.1,4.07440904207));
#2145 = VECTOR('',#2146,1.);
#2146 = DIRECTION('',(-1.,0.));
#2147 = ( GEOMETRIC_REPRESENTATION_CONTEXT(2) 
PARAMETRIC_REPRESENTATION_CONTEXT() REPRESENTATION_CONTEXT('2D SPACE',''
  ) );
#2148 = PCURVE('',#780,#2149);
#2149 = DEFINITIONAL_REPRESENTATION('',(#2150),#2153);
#2150 = B_SPLINE_CURVE_WITH_KNOTS('',1,(#2151,#2152),.UNSPECIFIED.,.F.,
  .F.,(2,2),(-2.3000006,5.999999999062E-07),.PIECEWISE_BEZIER_KNOTS.);
#2151 = CARTESIAN_POINT('',(6.227290284901,-6.0000006));
#2152 = CARTESIAN_POINT('',(6.227290284901,-3.6999994));
#2153 = ( GEOMETRIC_REPRESENTATION_CONTEXT(2) 
PARAMETRIC_REPRESENTATION_CONTEXT() REPRESENTATION_CONTEXT('2D SPACE',''
  ) );
#2154 = ORIENTED_EDGE('',*,*,#1709,.T.);
#2155 = ORIENTED_EDGE('',*,*,#1763,.T.);
#2156 = ADVANCED_FACE('',(#2157),#780,.T.);
#2157 = FACE_BOUND('',#2158,.T.);
#2158 = EDGE_LOOP('',(#2159,#2182,#2183,#2184,#2185,#2186,#2187,#2210));
#2159 = ORIENTED_EDGE('',*,*,#2160,.F.);
#2160 = EDGE_CURVE('',#849,#2161,#2163,.T.);
#2161 = VERTEX_POINT('',#2162);
#2162 = CARTESIAN_POINT('',(-32.58,-46.42,2.));
#2163 = SURFACE_CURVE('',#2164,(#2168,#2175),.PCURVE_S1.);
#2164 = LINE('',#2165,#2166);
#2165 = CARTESIAN_POINT('',(-32.58,-46.42,9.05));
#2166 = VECTOR('',#2167,1.);
#2167 = DIRECTION('',(0.,0.,-1.));
#2168 = PCURVE('',#780,#2169);
#2169 = DEFINITIONAL_REPRESENTATION('',(#2170),#2174);
#2170 = LINE('',#2171,#2172);
#2171 = CARTESIAN_POINT('',(4.712388980385,-5.9));
#2172 = VECTOR('',#2173,1.);
#2173 = DIRECTION('',(0.,1.));
#2174 = ( GEOMETRIC_REPRESENTATION_CONTEXT(2) 
PARAMETRIC_REPRESENTATION_CONTEXT() REPRESENTATION_CONTEXT('2D SPACE',''
  ) );
#2175 = PCURVE('',#133,#2176);
#2176 = DEFINITIONAL_REPRESENTATION('',(#2177),#2181);
#2177 = LINE('',#2178,#2179);
#2178 = CARTESIAN_POINT('',(14.,-5.9));
#2179 = VECTOR('',#2180,1.);
#2180 = DIRECTION('',(0.,1.));
#2181 = ( GEOMETRIC_REPRESENTATION_CONTEXT(2) 
PARAMETRIC_REPRESENTATION_CONTEXT() REPRESENTATION_CONTEXT('2D SPACE',''
  ) );
#2182 = ORIENTED_EDGE('',*,*,#848,.T.);
#2183 = ORIENTED_EDGE('',*,*,#1633,.T.);
#2184 = ORIENTED_EDGE('',*,*,#1656,.F.);
#2185 = ORIENTED_EDGE('',*,*,#2135,.F.);
#2186 = ORIENTED_EDGE('',*,*,#759,.T.);
#2187 = ORIENTED_EDGE('',*,*,#2188,.F.);
#2188 = EDGE_CURVE('',#2189,#732,#2191,.T.);
#2189 = VERTEX_POINT('',#2190);
#2190 = CARTESIAN_POINT('',(-29.,-50.,2.));
#2191 = SURFACE_CURVE('',#2192,(#2196,#2203),.PCURVE_S1.);
#2192 = LINE('',#2193,#2194);
#2193 = CARTESIAN_POINT('',(-29.,-50.,2.));
#2194 = VECTOR('',#2195,1.);
#2195 = DIRECTION('',(0.,0.,1.));
#2196 = PCURVE('',#780,#2197);
#2197 = DEFINITIONAL_REPRESENTATION('',(#2198),#2202);
#2198 = LINE('',#2199,#2200);
#2199 = CARTESIAN_POINT('',(6.28318530718,1.15));
#2200 = VECTOR('',#2201,1.);
#2201 = DIRECTION('',(-0.,-1.));
#2202 = ( GEOMETRIC_REPRESENTATION_CONTEXT(2) 
PARAMETRIC_REPRESENTATION_CONTEXT() REPRESENTATION_CONTEXT('2D SPACE',''
  ) );
#2203 = PCURVE('',#747,#2204);
#2204 = DEFINITIONAL_REPRESENTATION('',(#2205),#2209);
#2205 = LINE('',#2206,#2207);
#2206 = CARTESIAN_POINT('',(14.,1.15));
#2207 = VECTOR('',#2208,1.);
#2208 = DIRECTION('',(0.,-1.));
#2209 = ( GEOMETRIC_REPRESENTATION_CONTEXT(2) 
PARAMETRIC_REPRESENTATION_CONTEXT() REPRESENTATION_CONTEXT('2D SPACE',''
  ) );
#2210 = ORIENTED_EDGE('',*,*,#2211,.T.);
#2211 = EDGE_CURVE('',#2189,#2161,#2212,.T.);
#2212 = SURFACE_CURVE('',#2213,(#2218,#2225),.PCURVE_S1.);
#2213 = CIRCLE('',#2214,3.58);
#2214 = AXIS2_PLACEMENT_3D('',#2215,#2216,#2217);
#2215 = CARTESIAN_POINT('',(-32.58,-50.,2.));
#2216 = DIRECTION('',(0.,0.,1.));
#2217 = DIRECTION('',(1.,0.,-0.));
#2218 = PCURVE('',#780,#2219);
#2219 = DEFINITIONAL_REPRESENTATION('',(#2220),#2224);
#2220 = LINE('',#2221,#2222);
#2221 = CARTESIAN_POINT('',(6.28318530718,1.15));
#2222 = VECTOR('',#2223,1.);
#2223 = DIRECTION('',(-1.,-0.));
#2224 = ( GEOMETRIC_REPRESENTATION_CONTEXT(2) 
PARAMETRIC_REPRESENTATION_CONTEXT() REPRESENTATION_CONTEXT('2D SPACE',''
  ) );
#2225 = PCURVE('',#162,#2226);
#2226 = DEFINITIONAL_REPRESENTATION('',(#2227),#2235);
#2227 = ( BOUNDED_CURVE() B_SPLINE_CURVE(2,(#2228,#2229,#2230,#2231,
#2232,#2233,#2234),.UNSPECIFIED.,.T.,.F.) B_SPLINE_CURVE_WITH_KNOTS((1,2
    ,2,2,2,1),(-2.094395102393,0.,2.094395102393,4.188790204786,
6.28318530718,8.377580409573),.UNSPECIFIED.) CURVE() 
GEOMETRIC_REPRESENTATION_ITEM() RATIONAL_B_SPLINE_CURVE((1.,0.5,1.,0.5,
1.,0.5,1.)) REPRESENTATION_ITEM('') );
#2228 = CARTESIAN_POINT('',(-10.4417086501,6.869323814381));
#2229 = CARTESIAN_POINT('',(-10.4417086501,13.070065705478));
#2230 = CARTESIAN_POINT('',(-5.071708650109,9.969694759929));
#2231 = CARTESIAN_POINT('',(0.298291349891,6.869323814381));
#2232 = CARTESIAN_POINT('',(-5.071708650109,3.768952868833));
#2233 = CARTESIAN_POINT('',(-10.4417086501,0.668581923285));
#2234 = CARTESIAN_POINT('',(-10.4417086501,6.869323814381));
#2235 = ( GEOMETRIC_REPRESENTATION_CONTEXT(2) 
PARAMETRIC_REPRESENTATION_CONTEXT() REPRESENTATION_CONTEXT('2D SPACE',''
  ) );
#2236 = ADVANCED_FACE('',(#2237),#747,.F.);
#2237 = FACE_BOUND('',#2238,.F.);
#2238 = EDGE_LOOP('',(#2239,#2240,#2241,#2264));
#2239 = ORIENTED_EDGE('',*,*,#731,.F.);
#2240 = ORIENTED_EDGE('',*,*,#2188,.F.);
#2241 = ORIENTED_EDGE('',*,*,#2242,.F.);
#2242 = EDGE_CURVE('',#2243,#2189,#2245,.T.);
#2243 = VERTEX_POINT('',#2244);
#2244 = CARTESIAN_POINT('',(-29.,-64.,2.));
#2245 = SURFACE_CURVE('',#2246,(#2250,#2257),.PCURVE_S1.);
#2246 = LINE('',#2247,#2248);
#2247 = CARTESIAN_POINT('',(-29.,-57.,2.));
#2248 = VECTOR('',#2249,1.);
#2249 = DIRECTION('',(0.,1.,0.));
#2250 = PCURVE('',#747,#2251);
#2251 = DEFINITIONAL_REPRESENTATION('',(#2252),#2256);
#2252 = LINE('',#2253,#2254);
#2253 = CARTESIAN_POINT('',(7.,1.15));
#2254 = VECTOR('',#2255,1.);
#2255 = DIRECTION('',(1.,0.));
#2256 = ( GEOMETRIC_REPRESENTATION_CONTEXT(2) 
PARAMETRIC_REPRESENTATION_CONTEXT() REPRESENTATION_CONTEXT('2D SPACE',''
  ) );
#2257 = PCURVE('',#162,#2258);
#2258 = DEFINITIONAL_REPRESENTATION('',(#2259),#2263);
#2259 = LINE('',#2260,#2261);
#2260 = CARTESIAN_POINT('',(-10.4417086501,-0.130676185619));
#2261 = VECTOR('',#2262,1.);
#2262 = DIRECTION('',(0.,1.));
#2263 = ( GEOMETRIC_REPRESENTATION_CONTEXT(2) 
PARAMETRIC_REPRESENTATION_CONTEXT() REPRESENTATION_CONTEXT('2D SPACE',''
  ) );
#2264 = ORIENTED_EDGE('',*,*,#2265,.T.);
#2265 = EDGE_CURVE('',#2243,#699,#2266,.T.);
#2266 = SURFACE_CURVE('',#2267,(#2271,#2278),.PCURVE_S1.);
#2267 = LINE('',#2268,#2269);
#2268 = CARTESIAN_POINT('',(-29.,-64.,2.));
#2269 = VECTOR('',#2270,1.);
#2270 = DIRECTION('',(0.,0.,1.));
#2271 = PCURVE('',#747,#2272);
#2272 = DEFINITIONAL_REPRESENTATION('',(#2273),#2277);
#2273 = LINE('',#2274,#2275);
#2274 = CARTESIAN_POINT('',(0.,1.15));
#2275 = VECTOR('',#2276,1.);
#2276 = DIRECTION('',(0.,-1.));
#2277 = ( GEOMETRIC_REPRESENTATION_CONTEXT(2) 
PARAMETRIC_REPRESENTATION_CONTEXT() REPRESENTATION_CONTEXT('2D SPACE',''
  ) );
#2278 = PCURVE('',#719,#2279);
#2279 = DEFINITIONAL_REPRESENTATION('',(#2280),#2284);
#2280 = LINE('',#2281,#2282);
#2281 = CARTESIAN_POINT('',(-3.552713678801E-15,1.15));
#2282 = VECTOR('',#2283,1.);
#2283 = DIRECTION('',(-0.,-1.));
#2284 = ( GEOMETRIC_REPRESENTATION_CONTEXT(2) 
PARAMETRIC_REPRESENTATION_CONTEXT() REPRESENTATION_CONTEXT('2D SPACE',''
  ) );
#2285 = ADVANCED_FACE('',(#2286),#719,.T.);
#2286 = FACE_BOUND('',#2287,.T.);
#2287 = EDGE_LOOP('',(#2288,#2314,#2315,#2316,#2338,#2367,#2388,#2414));
#2288 = ORIENTED_EDGE('',*,*,#2289,.T.);
#2289 = EDGE_CURVE('',#2063,#2243,#2290,.T.);
#2290 = SURFACE_CURVE('',#2291,(#2296,#2303),.PCURVE_S1.);
#2291 = CIRCLE('',#2292,3.58);
#2292 = AXIS2_PLACEMENT_3D('',#2293,#2294,#2295);
#2293 = CARTESIAN_POINT('',(-32.58,-64.,2.));
#2294 = DIRECTION('',(0.,0.,1.));
#2295 = DIRECTION('',(1.,0.,-0.));
#2296 = PCURVE('',#719,#2297);
#2297 = DEFINITIONAL_REPRESENTATION('',(#2298),#2302);
#2298 = LINE('',#2299,#2300);
#2299 = CARTESIAN_POINT('',(6.28318530718,1.15));
#2300 = VECTOR('',#2301,1.);
#2301 = DIRECTION('',(-1.,-0.));
#2302 = ( GEOMETRIC_REPRESENTATION_CONTEXT(2) 
PARAMETRIC_REPRESENTATION_CONTEXT() REPRESENTATION_CONTEXT('2D SPACE',''
  ) );
#2303 = PCURVE('',#162,#2304);
#2304 = DEFINITIONAL_REPRESENTATION('',(#2305),#2313);
#2305 = ( BOUNDED_CURVE() B_SPLINE_CURVE(2,(#2306,#2307,#2308,#2309,
#2310,#2311,#2312),.UNSPECIFIED.,.T.,.F.) B_SPLINE_CURVE_WITH_KNOTS((1,2
    ,2,2,2,1),(-2.094395102393,0.,2.094395102393,4.188790204786,
6.28318530718,8.377580409573),.UNSPECIFIED.) CURVE() 
GEOMETRIC_REPRESENTATION_ITEM() RATIONAL_B_SPLINE_CURVE((1.,0.5,1.,0.5,
1.,0.5,1.)) REPRESENTATION_ITEM('') );
#2306 = CARTESIAN_POINT('',(-10.4417086501,-7.130676185619));
#2307 = CARTESIAN_POINT('',(-10.4417086501,-0.929934294522));
#2308 = CARTESIAN_POINT('',(-5.071708650109,-4.030305240071));
#2309 = CARTESIAN_POINT('',(0.298291349891,-7.130676185619));
#2310 = CARTESIAN_POINT('',(-5.071708650109,-10.23104713116));
#2311 = CARTESIAN_POINT('',(-10.4417086501,-13.33141807671));
#2312 = CARTESIAN_POINT('',(-10.4417086501,-7.130676185619));
#2313 = ( GEOMETRIC_REPRESENTATION_CONTEXT(2) 
PARAMETRIC_REPRESENTATION_CONTEXT() REPRESENTATION_CONTEXT('2D SPACE',''
  ) );
#2314 = ORIENTED_EDGE('',*,*,#2265,.T.);
#2315 = ORIENTED_EDGE('',*,*,#698,.T.);
#2316 = ORIENTED_EDGE('',*,*,#2317,.T.);
#2317 = EDGE_CURVE('',#671,#2318,#2320,.T.);
#2318 = VERTEX_POINT('',#2319);
#2319 = CARTESIAN_POINT('',(-29.00559095793,-64.2,7.55));
#2320 = SURFACE_CURVE('',#2321,(#2325,#2331),.PCURVE_S1.);
#2321 = LINE('',#2322,#2323);
#2322 = CARTESIAN_POINT('',(-29.00559095793,-64.2,6.85));
#2323 = VECTOR('',#2324,1.);
#2324 = DIRECTION('',(-0.,-0.,-1.));
#2325 = PCURVE('',#719,#2326);
#2326 = DEFINITIONAL_REPRESENTATION('',(#2327),#2330);
#2327 = B_SPLINE_CURVE_WITH_KNOTS('',1,(#2328,#2329),.UNSPECIFIED.,.F.,
  .F.,(2,2),(-2.3000006,5.999999999062E-07),.PIECEWISE_BEZIER_KNOTS.);
#2328 = CARTESIAN_POINT('',(5.589502227859E-02,-6.0000006));
#2329 = CARTESIAN_POINT('',(5.589502227859E-02,-3.6999994));
#2330 = ( GEOMETRIC_REPRESENTATION_CONTEXT(2) 
PARAMETRIC_REPRESENTATION_CONTEXT() REPRESENTATION_CONTEXT('2D SPACE',''
  ) );
#2331 = PCURVE('',#686,#2332);
#2332 = DEFINITIONAL_REPRESENTATION('',(#2333),#2337);
#2333 = LINE('',#2334,#2335);
#2334 = CARTESIAN_POINT('',(-0.1,4.07440904207));
#2335 = VECTOR('',#2336,1.);
#2336 = DIRECTION('',(-1.,0.));
#2337 = ( GEOMETRIC_REPRESENTATION_CONTEXT(2) 
PARAMETRIC_REPRESENTATION_CONTEXT() REPRESENTATION_CONTEXT('2D SPACE',''
  ) );
#2338 = ORIENTED_EDGE('',*,*,#2339,.F.);
#2339 = EDGE_CURVE('',#2340,#2318,#2342,.T.);
#2340 = VERTEX_POINT('',#2341);
#2341 = CARTESIAN_POINT('',(-29.1937392392,-65.1617392392,7.55));
#2342 = SURFACE_CURVE('',#2343,(#2348,#2355),.PCURVE_S1.);
#2343 = CIRCLE('',#2344,3.58);
#2344 = AXIS2_PLACEMENT_3D('',#2345,#2346,#2347);
#2345 = CARTESIAN_POINT('',(-32.58,-64.,7.55));
#2346 = DIRECTION('',(0.,0.,1.));
#2347 = DIRECTION('',(1.,0.,-0.));
#2348 = PCURVE('',#719,#2349);
#2349 = DEFINITIONAL_REPRESENTATION('',(#2350),#2354);
#2350 = LINE('',#2351,#2352);
#2351 = CARTESIAN_POINT('',(6.28318530718,-4.4));
#2352 = VECTOR('',#2353,1.);
#2353 = DIRECTION('',(-1.,0.));
#2354 = ( GEOMETRIC_REPRESENTATION_CONTEXT(2) 
PARAMETRIC_REPRESENTATION_CONTEXT() REPRESENTATION_CONTEXT('2D SPACE',''
  ) );
#2355 = PCURVE('',#2356,#2361);
#2356 = PLANE('',#2357);
#2357 = AXIS2_PLACEMENT_3D('',#2358,#2359,#2360);
#2358 = CARTESIAN_POINT('',(-39.58,-57.,7.55));
#2359 = DIRECTION('',(0.,0.,1.));
#2360 = DIRECTION('',(1.,0.,-0.));
#2361 = DEFINITIONAL_REPRESENTATION('',(#2362),#2366);
#2362 = CIRCLE('',#2363,3.58);
#2363 = AXIS2_PLACEMENT_2D('',#2364,#2365);
#2364 = CARTESIAN_POINT('',(7.,-7.));
#2365 = DIRECTION('',(1.,0.));
#2366 = ( GEOMETRIC_REPRESENTATION_CONTEXT(2) 
PARAMETRIC_REPRESENTATION_CONTEXT() REPRESENTATION_CONTEXT('2D SPACE',''
  ) );
#2367 = ORIENTED_EDGE('',*,*,#2368,.T.);
#2368 = EDGE_CURVE('',#2340,#2369,#2371,.T.);
#2369 = VERTEX_POINT('',#2370);
#2370 = CARTESIAN_POINT('',(-29.1937392392,-65.1617392392,6.95));
#2371 = SURFACE_CURVE('',#2372,(#2376,#2382),.PCURVE_S1.);
#2372 = LINE('',#2373,#2374);
#2373 = CARTESIAN_POINT('',(-29.1937392392,-65.1617392392,3.15));
#2374 = VECTOR('',#2375,1.);
#2375 = DIRECTION('',(-0.,-0.,-1.));
#2376 = PCURVE('',#719,#2377);
#2377 = DEFINITIONAL_REPRESENTATION('',(#2378),#2381);
#2378 = B_SPLINE_CURVE_WITH_KNOTS('',1,(#2379,#2380),.UNSPECIFIED.,.F.,
  .F.,(2,2),(-5.9000006,-3.7999994),.PIECEWISE_BEZIER_KNOTS.);
#2379 = CARTESIAN_POINT('',(0.330491709675,-5.9000006));
#2380 = CARTESIAN_POINT('',(0.330491709675,-3.7999994));
#2381 = ( GEOMETRIC_REPRESENTATION_CONTEXT(2) 
PARAMETRIC_REPRESENTATION_CONTEXT() REPRESENTATION_CONTEXT('2D SPACE',''
  ) );
#2382 = PCURVE('',#658,#2383);
#2383 = DEFINITIONAL_REPRESENTATION('',(#2384),#2387);
#2384 = B_SPLINE_CURVE_WITH_KNOTS('',1,(#2385,#2386),.UNSPECIFIED.,.F.,
  .F.,(2,2),(-4.4,-3.8),.PIECEWISE_BEZIER_KNOTS.);
#2385 = CARTESIAN_POINT('',(6.178297396995,0.6));
#2386 = CARTESIAN_POINT('',(6.178297396995,0.));
#2387 = ( GEOMETRIC_REPRESENTATION_CONTEXT(2) 
PARAMETRIC_REPRESENTATION_CONTEXT() REPRESENTATION_CONTEXT('2D SPACE',''
  ) );
#2388 = ORIENTED_EDGE('',*,*,#2389,.F.);
#2389 = EDGE_CURVE('',#2039,#2369,#2390,.T.);
#2390 = SURFACE_CURVE('',#2391,(#2396,#2403),.PCURVE_S1.);
#2391 = CIRCLE('',#2392,3.58);
#2392 = AXIS2_PLACEMENT_3D('',#2393,#2394,#2395);
#2393 = CARTESIAN_POINT('',(-32.58,-64.,6.95));
#2394 = DIRECTION('',(0.,0.,-1.));
#2395 = DIRECTION('',(1.,0.,0.));
#2396 = PCURVE('',#719,#2397);
#2397 = DEFINITIONAL_REPRESENTATION('',(#2398),#2402);
#2398 = LINE('',#2399,#2400);
#2399 = CARTESIAN_POINT('',(0.,-3.8));
#2400 = VECTOR('',#2401,1.);
#2401 = DIRECTION('',(1.,0.));
#2402 = ( GEOMETRIC_REPRESENTATION_CONTEXT(2) 
PARAMETRIC_REPRESENTATION_CONTEXT() REPRESENTATION_CONTEXT('2D SPACE',''
  ) );
#2403 = PCURVE('',#221,#2404);
#2404 = DEFINITIONAL_REPRESENTATION('',(#2405),#2413);
#2405 = ( BOUNDED_CURVE() B_SPLINE_CURVE(2,(#2406,#2407,#2408,#2409,
#2410,#2411,#2412),.UNSPECIFIED.,.T.,.F.) B_SPLINE_CURVE_WITH_KNOTS((1,2
    ,2,2,2,1),(-2.094395102393,0.,2.094395102393,4.188790204786,
6.28318530718,8.377580409573),.UNSPECIFIED.) CURVE() 
GEOMETRIC_REPRESENTATION_ITEM() RATIONAL_B_SPLINE_CURVE((1.,0.5,1.,0.5,
1.,0.5,1.)) REPRESENTATION_ITEM('') );
#2406 = CARTESIAN_POINT('',(18.48,-14.9));
#2407 = CARTESIAN_POINT('',(18.48,-21.10074189109));
#2408 = CARTESIAN_POINT('',(13.11,-18.00037094554));
#2409 = CARTESIAN_POINT('',(7.74,-14.9));
#2410 = CARTESIAN_POINT('',(13.11,-11.79962905445));
#2411 = CARTESIAN_POINT('',(18.48,-8.699258108903));
#2412 = CARTESIAN_POINT('',(18.48,-14.9));
#2413 = ( GEOMETRIC_REPRESENTATION_CONTEXT(2) 
PARAMETRIC_REPRESENTATION_CONTEXT() REPRESENTATION_CONTEXT('2D SPACE',''
  ) );
#2414 = ORIENTED_EDGE('',*,*,#2062,.T.);
#2415 = ADVANCED_FACE('',(#2416),#2356,.T.);
#2416 = FACE_BOUND('',#2417,.T.);
#2417 = EDGE_LOOP('',(#2418,#2442,#2443));
#2418 = ORIENTED_EDGE('',*,*,#2419,.F.);
#2419 = EDGE_CURVE('',#2340,#2420,#2422,.T.);
#2420 = VERTEX_POINT('',#2421);
#2421 = CARTESIAN_POINT('',(-29.28,-64.2,7.55));
#2422 = SURFACE_CURVE('',#2423,(#2428,#2435),.PCURVE_S1.);
#2423 = CIRCLE('',#2424,2.5);
#2424 = AXIS2_PLACEMENT_3D('',#2425,#2426,#2427);
#2425 = CARTESIAN_POINT('',(-31.68,-64.9,7.55));
#2426 = DIRECTION('',(-0.,0.,1.));
#2427 = DIRECTION('',(0.994504304317,-0.104695695683,0.));
#2428 = PCURVE('',#2356,#2429);
#2429 = DEFINITIONAL_REPRESENTATION('',(#2430),#2434);
#2430 = CIRCLE('',#2431,2.5);
#2431 = AXIS2_PLACEMENT_2D('',#2432,#2433);
#2432 = CARTESIAN_POINT('',(7.9,-7.9));
#2433 = DIRECTION('',(0.994504304317,-0.104695695683));
#2434 = ( GEOMETRIC_REPRESENTATION_CONTEXT(2) 
PARAMETRIC_REPRESENTATION_CONTEXT() REPRESENTATION_CONTEXT('2D SPACE',''
  ) );
#2435 = PCURVE('',#658,#2436);
#2436 = DEFINITIONAL_REPRESENTATION('',(#2437),#2441);
#2437 = LINE('',#2438,#2439);
#2438 = CARTESIAN_POINT('',(6.178297396995,0.6));
#2439 = VECTOR('',#2440,1.);
#2440 = DIRECTION('',(1.,0.));
#2441 = ( GEOMETRIC_REPRESENTATION_CONTEXT(2) 
PARAMETRIC_REPRESENTATION_CONTEXT() REPRESENTATION_CONTEXT('2D SPACE',''
  ) );
#2442 = ORIENTED_EDGE('',*,*,#2339,.T.);
#2443 = ORIENTED_EDGE('',*,*,#2444,.T.);
#2444 = EDGE_CURVE('',#2318,#2420,#2445,.T.);
#2445 = SURFACE_CURVE('',#2446,(#2450,#2457),.PCURVE_S1.);
#2446 = LINE('',#2447,#2448);
#2447 = CARTESIAN_POINT('',(-36.33,-64.2,7.55));
#2448 = VECTOR('',#2449,1.);
#2449 = DIRECTION('',(-1.,0.,0.));
#2450 = PCURVE('',#2356,#2451);
#2451 = DEFINITIONAL_REPRESENTATION('',(#2452),#2456);
#2452 = LINE('',#2453,#2454);
#2453 = CARTESIAN_POINT('',(3.25,-7.2));
#2454 = VECTOR('',#2455,1.);
#2455 = DIRECTION('',(-1.,0.));
#2456 = ( GEOMETRIC_REPRESENTATION_CONTEXT(2) 
PARAMETRIC_REPRESENTATION_CONTEXT() REPRESENTATION_CONTEXT('2D SPACE',''
  ) );
#2457 = PCURVE('',#686,#2458);
#2458 = DEFINITIONAL_REPRESENTATION('',(#2459),#2463);
#2459 = LINE('',#2460,#2461);
#2460 = CARTESIAN_POINT('',(0.6,-3.25));
#2461 = VECTOR('',#2462,1.);
#2462 = DIRECTION('',(0.,-1.));
#2463 = ( GEOMETRIC_REPRESENTATION_CONTEXT(2) 
PARAMETRIC_REPRESENTATION_CONTEXT() REPRESENTATION_CONTEXT('2D SPACE',''
  ) );
#2464 = ADVANCED_FACE('',(#2465),#686,.F.);
#2465 = FACE_BOUND('',#2466,.F.);
#2466 = EDGE_LOOP('',(#2467,#2486,#2487,#2488));
#2467 = ORIENTED_EDGE('',*,*,#2468,.T.);
#2468 = EDGE_CURVE('',#2420,#642,#2469,.T.);
#2469 = SURFACE_CURVE('',#2470,(#2474,#2480),.PCURVE_S1.);
#2470 = LINE('',#2471,#2472);
#2471 = CARTESIAN_POINT('',(-29.28,-64.2,6.95));
#2472 = VECTOR('',#2473,1.);
#2473 = DIRECTION('',(0.,0.,1.));
#2474 = PCURVE('',#686,#2475);
#2475 = DEFINITIONAL_REPRESENTATION('',(#2476),#2479);
#2476 = B_SPLINE_CURVE_WITH_KNOTS('',1,(#2477,#2478),.UNSPECIFIED.,.F.,
  .F.,(2,2),(-5.999999999062E-07,2.1000006),.PIECEWISE_BEZIER_KNOTS.);
#2477 = CARTESIAN_POINT('',(-5.999999999062E-07,3.8));
#2478 = CARTESIAN_POINT('',(2.1000006,3.8));
#2479 = ( GEOMETRIC_REPRESENTATION_CONTEXT(2) 
PARAMETRIC_REPRESENTATION_CONTEXT() REPRESENTATION_CONTEXT('2D SPACE',''
  ) );
#2480 = PCURVE('',#658,#2481);
#2481 = DEFINITIONAL_REPRESENTATION('',(#2482),#2485);
#2482 = B_SPLINE_CURVE_WITH_KNOTS('',1,(#2483,#2484),.UNSPECIFIED.,.F.,
  .F.,(2,2),(0.6,2.1),.PIECEWISE_BEZIER_KNOTS.);
#2483 = CARTESIAN_POINT('',(6.566979416388,0.6));
#2484 = CARTESIAN_POINT('',(6.566979416388,2.1));
#2485 = ( GEOMETRIC_REPRESENTATION_CONTEXT(2) 
PARAMETRIC_REPRESENTATION_CONTEXT() REPRESENTATION_CONTEXT('2D SPACE',''
  ) );
#2486 = ORIENTED_EDGE('',*,*,#670,.T.);
#2487 = ORIENTED_EDGE('',*,*,#2317,.T.);
#2488 = ORIENTED_EDGE('',*,*,#2444,.T.);
#2489 = ADVANCED_FACE('',(#2490),#658,.T.);
#2490 = FACE_BOUND('',#2491,.T.);
#2491 = EDGE_LOOP('',(#2492,#2493,#2494,#2495,#2516,#2537));
#2492 = ORIENTED_EDGE('',*,*,#2419,.T.);
#2493 = ORIENTED_EDGE('',*,*,#2468,.T.);
#2494 = ORIENTED_EDGE('',*,*,#641,.F.);
#2495 = ORIENTED_EDGE('',*,*,#2496,.F.);
#2496 = EDGE_CURVE('',#2497,#615,#2499,.T.);
#2497 = VERTEX_POINT('',#2498);
#2498 = CARTESIAN_POINT('',(-30.70020410288,-67.2,6.95));
#2499 = SURFACE_CURVE('',#2500,(#2504,#2510),.PCURVE_S1.);
#2500 = LINE('',#2501,#2502);
#2501 = CARTESIAN_POINT('',(-30.70020410288,-67.2,6.95));
#2502 = VECTOR('',#2503,1.);
#2503 = DIRECTION('',(0.,0.,1.));
#2504 = PCURVE('',#658,#2505);
#2505 = DEFINITIONAL_REPRESENTATION('',(#2506),#2509);
#2506 = B_SPLINE_CURVE_WITH_KNOTS('',1,(#2507,#2508),.UNSPECIFIED.,.F.,
  .F.,(2,2),(0.,2.1),.PIECEWISE_BEZIER_KNOTS.);
#2507 = CARTESIAN_POINT('',(5.115104821965,0.));
#2508 = CARTESIAN_POINT('',(5.115104821965,2.1));
#2509 = ( GEOMETRIC_REPRESENTATION_CONTEXT(2) 
PARAMETRIC_REPRESENTATION_CONTEXT() REPRESENTATION_CONTEXT('2D SPACE',''
  ) );
#2510 = PCURVE('',#630,#2511);
#2511 = DEFINITIONAL_REPRESENTATION('',(#2512),#2515);
#2512 = B_SPLINE_CURVE_WITH_KNOTS('',1,(#2513,#2514),.UNSPECIFIED.,.F.,
  .F.,(2,2),(-5.999999999062E-07,2.1000006),.PIECEWISE_BEZIER_KNOTS.);
#2513 = CARTESIAN_POINT('',(6.9499994,19.049795897113));
#2514 = CARTESIAN_POINT('',(9.0500006,19.049795897113));
#2515 = ( GEOMETRIC_REPRESENTATION_CONTEXT(2) 
PARAMETRIC_REPRESENTATION_CONTEXT() REPRESENTATION_CONTEXT('2D SPACE',''
  ) );
#2516 = ORIENTED_EDGE('',*,*,#2517,.T.);
#2517 = EDGE_CURVE('',#2497,#2369,#2518,.T.);
#2518 = SURFACE_CURVE('',#2519,(#2524,#2530),.PCURVE_S1.);
#2519 = CIRCLE('',#2520,2.5);
#2520 = AXIS2_PLACEMENT_3D('',#2521,#2522,#2523);
#2521 = CARTESIAN_POINT('',(-31.68,-64.9,6.95));
#2522 = DIRECTION('',(0.,0.,1.));
#2523 = DIRECTION('',(1.,0.,-0.));
#2524 = PCURVE('',#658,#2525);
#2525 = DEFINITIONAL_REPRESENTATION('',(#2526),#2529);
#2526 = B_SPLINE_CURVE_WITH_KNOTS('',1,(#2527,#2528),.UNSPECIFIED.,.F.,
  .F.,(2,2),(5.115104821965,6.178297396995),.PIECEWISE_BEZIER_KNOTS.);
#2527 = CARTESIAN_POINT('',(5.115104821965,0.));
#2528 = CARTESIAN_POINT('',(6.178297396995,0.));
#2529 = ( GEOMETRIC_REPRESENTATION_CONTEXT(2) 
PARAMETRIC_REPRESENTATION_CONTEXT() REPRESENTATION_CONTEXT('2D SPACE',''
  ) );
#2530 = PCURVE('',#221,#2531);
#2531 = DEFINITIONAL_REPRESENTATION('',(#2532),#2536);
#2532 = CIRCLE('',#2533,2.5);
#2533 = AXIS2_PLACEMENT_2D('',#2534,#2535);
#2534 = CARTESIAN_POINT('',(15.8,-15.8));
#2535 = DIRECTION('',(1.,0.));
#2536 = ( GEOMETRIC_REPRESENTATION_CONTEXT(2) 
PARAMETRIC_REPRESENTATION_CONTEXT() REPRESENTATION_CONTEXT('2D SPACE',''
  ) );
#2537 = ORIENTED_EDGE('',*,*,#2368,.F.);
#2538 = ADVANCED_FACE('',(#2539),#630,.F.);
#2539 = FACE_BOUND('',#2540,.F.);
#2540 = EDGE_LOOP('',(#2541,#2542,#2564,#2590,#2616,#2635));
#2541 = ORIENTED_EDGE('',*,*,#2496,.F.);
#2542 = ORIENTED_EDGE('',*,*,#2543,.T.);
#2543 = EDGE_CURVE('',#2497,#2544,#2546,.T.);
#2544 = VERTEX_POINT('',#2545);
#2545 = CARTESIAN_POINT('',(-30.97488318182,-67.2,6.95));
#2546 = SURFACE_CURVE('',#2547,(#2551,#2557),.PCURVE_S1.);
#2547 = LINE('',#2548,#2549);
#2548 = CARTESIAN_POINT('',(-40.715,-67.2,6.95));
#2549 = VECTOR('',#2550,1.);
#2550 = DIRECTION('',(-1.,-0.,0.));
#2551 = PCURVE('',#630,#2552);
#2552 = DEFINITIONAL_REPRESENTATION('',(#2553),#2556);
#2553 = B_SPLINE_CURVE_WITH_KNOTS('',1,(#2554,#2555),.UNSPECIFIED.,.F.,
  .F.,(2,2),(-11.535,-6.535),.PIECEWISE_BEZIER_KNOTS.);
#2554 = CARTESIAN_POINT('',(6.95,20.57));
#2555 = CARTESIAN_POINT('',(6.95,15.57));
#2556 = ( GEOMETRIC_REPRESENTATION_CONTEXT(2) 
PARAMETRIC_REPRESENTATION_CONTEXT() REPRESENTATION_CONTEXT('2D SPACE',''
  ) );
#2557 = PCURVE('',#221,#2558);
#2558 = DEFINITIONAL_REPRESENTATION('',(#2559),#2563);
#2559 = LINE('',#2560,#2561);
#2560 = CARTESIAN_POINT('',(6.765,-18.1));
#2561 = VECTOR('',#2562,1.);
#2562 = DIRECTION('',(-1.,0.));
#2563 = ( GEOMETRIC_REPRESENTATION_CONTEXT(2) 
PARAMETRIC_REPRESENTATION_CONTEXT() REPRESENTATION_CONTEXT('2D SPACE',''
  ) );
#2564 = ORIENTED_EDGE('',*,*,#2565,.F.);
#2565 = EDGE_CURVE('',#2566,#2544,#2568,.T.);
#2566 = VERTEX_POINT('',#2567);
#2567 = CARTESIAN_POINT('',(-30.97488318182,-67.2,7.55));
#2568 = SURFACE_CURVE('',#2569,(#2573,#2579),.PCURVE_S1.);
#2569 = LINE('',#2570,#2571);
#2570 = CARTESIAN_POINT('',(-30.97488318182,-67.2,3.15));
#2571 = VECTOR('',#2572,1.);
#2572 = DIRECTION('',(-0.,-0.,-1.));
#2573 = PCURVE('',#630,#2574);
#2574 = DEFINITIONAL_REPRESENTATION('',(#2575),#2578);
#2575 = B_SPLINE_CURVE_WITH_KNOTS('',1,(#2576,#2577),.UNSPECIFIED.,.F.,
  .F.,(2,2),(-5.9000006,-3.59),.PIECEWISE_BEZIER_KNOTS.);
#2576 = CARTESIAN_POINT('',(9.0500006,18.775116818179));
#2577 = CARTESIAN_POINT('',(6.74,18.775116818179));
#2578 = ( GEOMETRIC_REPRESENTATION_CONTEXT(2) 
PARAMETRIC_REPRESENTATION_CONTEXT() REPRESENTATION_CONTEXT('2D SPACE',''
  ) );
#2579 = PCURVE('',#2580,#2585);
#2580 = CYLINDRICAL_SURFACE('',#2581,3.58);
#2581 = AXIS2_PLACEMENT_3D('',#2582,#2583,#2584);
#2582 = CARTESIAN_POINT('',(-32.58,-64.,3.15));
#2583 = DIRECTION('',(-0.,-0.,-1.));
#2584 = DIRECTION('',(1.,0.,0.));
#2585 = DEFINITIONAL_REPRESENTATION('',(#2586),#2589);
#2586 = B_SPLINE_CURVE_WITH_KNOTS('',1,(#2587,#2588),.UNSPECIFIED.,.F.,
  .F.,(2,2),(-5.9000006,-3.59),.PIECEWISE_BEZIER_KNOTS.);
#2587 = CARTESIAN_POINT('',(1.105870331605,-5.9000006));
#2588 = CARTESIAN_POINT('',(1.105870331605,-3.59));
#2589 = ( GEOMETRIC_REPRESENTATION_CONTEXT(2) 
PARAMETRIC_REPRESENTATION_CONTEXT() REPRESENTATION_CONTEXT('2D SPACE',''
  ) );
#2590 = ORIENTED_EDGE('',*,*,#2591,.T.);
#2591 = EDGE_CURVE('',#2566,#2592,#2594,.T.);
#2592 = VERTEX_POINT('',#2593);
#2593 = CARTESIAN_POINT('',(-32.38,-67.2,7.55));
#2594 = SURFACE_CURVE('',#2595,(#2599,#2605),.PCURVE_S1.);
#2595 = LINE('',#2596,#2597);
#2596 = CARTESIAN_POINT('',(-44.665,-67.2,7.55));
#2597 = VECTOR('',#2598,1.);
#2598 = DIRECTION('',(-1.,-0.,0.));
#2599 = PCURVE('',#630,#2600);
#2600 = DEFINITIONAL_REPRESENTATION('',(#2601),#2604);
#2601 = B_SPLINE_CURVE_WITH_KNOTS('',1,(#2602,#2603),.UNSPECIFIED.,.F.,
  .F.,(2,2),(-13.96479589711,-12.285),.PIECEWISE_BEZIER_KNOTS.);
#2602 = CARTESIAN_POINT('',(7.55,19.049795897113));
#2603 = CARTESIAN_POINT('',(7.55,17.37));
#2604 = ( GEOMETRIC_REPRESENTATION_CONTEXT(2) 
PARAMETRIC_REPRESENTATION_CONTEXT() REPRESENTATION_CONTEXT('2D SPACE',''
  ) );
#2605 = PCURVE('',#2606,#2611);
#2606 = PLANE('',#2607);
#2607 = AXIS2_PLACEMENT_3D('',#2608,#2609,#2610);
#2608 = CARTESIAN_POINT('',(-39.58,-57.,7.55));
#2609 = DIRECTION('',(0.,0.,1.));
#2610 = DIRECTION('',(1.,0.,-0.));
#2611 = DEFINITIONAL_REPRESENTATION('',(#2612),#2615);
#2612 = B_SPLINE_CURVE_WITH_KNOTS('',1,(#2613,#2614),.UNSPECIFIED.,.F.,
  .F.,(2,2),(-13.96479589711,-12.285),.PIECEWISE_BEZIER_KNOTS.);
#2613 = CARTESIAN_POINT('',(8.879795897113,-10.2));
#2614 = CARTESIAN_POINT('',(7.2,-10.2));
#2615 = ( GEOMETRIC_REPRESENTATION_CONTEXT(2) 
PARAMETRIC_REPRESENTATION_CONTEXT() REPRESENTATION_CONTEXT('2D SPACE',''
  ) );
#2616 = ORIENTED_EDGE('',*,*,#2617,.T.);
#2617 = EDGE_CURVE('',#2592,#587,#2618,.T.);
#2618 = SURFACE_CURVE('',#2619,(#2623,#2629),.PCURVE_S1.);
#2619 = LINE('',#2620,#2621);
#2620 = CARTESIAN_POINT('',(-32.38,-67.2,3.475));
#2621 = VECTOR('',#2622,1.);
#2622 = DIRECTION('',(0.,-0.,1.));
#2623 = PCURVE('',#630,#2624);
#2624 = DEFINITIONAL_REPRESENTATION('',(#2625),#2628);
#2625 = B_SPLINE_CURVE_WITH_KNOTS('',1,(#2626,#2627),.UNSPECIFIED.,.F.,
  .F.,(2,2),(3.475,5.575),.PIECEWISE_BEZIER_KNOTS.);
#2626 = CARTESIAN_POINT('',(6.95,17.37));
#2627 = CARTESIAN_POINT('',(9.05,17.37));
#2628 = ( GEOMETRIC_REPRESENTATION_CONTEXT(2) 
PARAMETRIC_REPRESENTATION_CONTEXT() REPRESENTATION_CONTEXT('2D SPACE',''
  ) );
#2629 = PCURVE('',#602,#2630);
#2630 = DEFINITIONAL_REPRESENTATION('',(#2631),#2634);
#2631 = B_SPLINE_CURVE_WITH_KNOTS('',1,(#2632,#2633),.UNSPECIFIED.,.F.,
  .F.,(2,2),(3.475,5.575),.PIECEWISE_BEZIER_KNOTS.);
#2632 = CARTESIAN_POINT('',(0.,-1.08));
#2633 = CARTESIAN_POINT('',(2.1,-1.08));
#2634 = ( GEOMETRIC_REPRESENTATION_CONTEXT(2) 
PARAMETRIC_REPRESENTATION_CONTEXT() REPRESENTATION_CONTEXT('2D SPACE',''
  ) );
#2635 = ORIENTED_EDGE('',*,*,#614,.F.);
#2636 = ADVANCED_FACE('',(#2637),#2580,.T.);
#2637 = FACE_BOUND('',#2638,.T.);
#2638 = EDGE_LOOP('',(#2639,#2667,#2668,#2692));
#2639 = ORIENTED_EDGE('',*,*,#2640,.F.);
#2640 = EDGE_CURVE('',#2544,#2641,#2643,.T.);
#2641 = VERTEX_POINT('',#2642);
#2642 = CARTESIAN_POINT('',(-31.19205187416,-67.3,6.95));
#2643 = SURFACE_CURVE('',#2644,(#2649,#2656),.PCURVE_S1.);
#2644 = CIRCLE('',#2645,3.58);
#2645 = AXIS2_PLACEMENT_3D('',#2646,#2647,#2648);
#2646 = CARTESIAN_POINT('',(-32.58,-64.,6.95));
#2647 = DIRECTION('',(0.,0.,-1.));
#2648 = DIRECTION('',(1.,0.,0.));
#2649 = PCURVE('',#2580,#2650);
#2650 = DEFINITIONAL_REPRESENTATION('',(#2651),#2655);
#2651 = LINE('',#2652,#2653);
#2652 = CARTESIAN_POINT('',(0.,-3.8));
#2653 = VECTOR('',#2654,1.);
#2654 = DIRECTION('',(1.,0.));
#2655 = ( GEOMETRIC_REPRESENTATION_CONTEXT(2) 
PARAMETRIC_REPRESENTATION_CONTEXT() REPRESENTATION_CONTEXT('2D SPACE',''
  ) );
#2656 = PCURVE('',#221,#2657);
#2657 = DEFINITIONAL_REPRESENTATION('',(#2658),#2666);
#2658 = ( BOUNDED_CURVE() B_SPLINE_CURVE(2,(#2659,#2660,#2661,#2662,
#2663,#2664,#2665),.UNSPECIFIED.,.T.,.F.) B_SPLINE_CURVE_WITH_KNOTS((1,2
    ,2,2,2,1),(-2.094395102393,0.,2.094395102393,4.188790204786,
6.28318530718,8.377580409573),.UNSPECIFIED.) CURVE() 
GEOMETRIC_REPRESENTATION_ITEM() RATIONAL_B_SPLINE_CURVE((1.,0.5,1.,0.5,
1.,0.5,1.)) REPRESENTATION_ITEM('') );
#2659 = CARTESIAN_POINT('',(18.48,-14.9));
#2660 = CARTESIAN_POINT('',(18.48,-21.10074189109));
#2661 = CARTESIAN_POINT('',(13.11,-18.00037094554));
#2662 = CARTESIAN_POINT('',(7.74,-14.9));
#2663 = CARTESIAN_POINT('',(13.11,-11.79962905445));
#2664 = CARTESIAN_POINT('',(18.48,-8.699258108903));
#2665 = CARTESIAN_POINT('',(18.48,-14.9));
#2666 = ( GEOMETRIC_REPRESENTATION_CONTEXT(2) 
PARAMETRIC_REPRESENTATION_CONTEXT() REPRESENTATION_CONTEXT('2D SPACE',''
  ) );
#2667 = ORIENTED_EDGE('',*,*,#2565,.F.);
#2668 = ORIENTED_EDGE('',*,*,#2669,.F.);
#2669 = EDGE_CURVE('',#2670,#2566,#2672,.T.);
#2670 = VERTEX_POINT('',#2671);
#2671 = CARTESIAN_POINT('',(-31.19205187416,-67.3,7.55));
#2672 = SURFACE_CURVE('',#2673,(#2678,#2685),.PCURVE_S1.);
#2673 = CIRCLE('',#2674,3.58);
#2674 = AXIS2_PLACEMENT_3D('',#2675,#2676,#2677);
#2675 = CARTESIAN_POINT('',(-32.58,-64.,7.55));
#2676 = DIRECTION('',(0.,0.,1.));
#2677 = DIRECTION('',(1.,0.,-0.));
#2678 = PCURVE('',#2580,#2679);
#2679 = DEFINITIONAL_REPRESENTATION('',(#2680),#2684);
#2680 = LINE('',#2681,#2682);
#2681 = CARTESIAN_POINT('',(6.28318530718,-4.4));
#2682 = VECTOR('',#2683,1.);
#2683 = DIRECTION('',(-1.,0.));
#2684 = ( GEOMETRIC_REPRESENTATION_CONTEXT(2) 
PARAMETRIC_REPRESENTATION_CONTEXT() REPRESENTATION_CONTEXT('2D SPACE',''
  ) );
#2685 = PCURVE('',#2606,#2686);
#2686 = DEFINITIONAL_REPRESENTATION('',(#2687),#2691);
#2687 = CIRCLE('',#2688,3.58);
#2688 = AXIS2_PLACEMENT_2D('',#2689,#2690);
#2689 = CARTESIAN_POINT('',(7.,-7.));
#2690 = DIRECTION('',(1.,0.));
#2691 = ( GEOMETRIC_REPRESENTATION_CONTEXT(2) 
PARAMETRIC_REPRESENTATION_CONTEXT() REPRESENTATION_CONTEXT('2D SPACE',''
  ) );
#2692 = ORIENTED_EDGE('',*,*,#2693,.F.);
#2693 = EDGE_CURVE('',#2641,#2670,#2694,.T.);
#2694 = SURFACE_CURVE('',#2695,(#2699,#2706),.PCURVE_S1.);
#2695 = LINE('',#2696,#2697);
#2696 = CARTESIAN_POINT('',(-31.19205187416,-67.3,2.));
#2697 = VECTOR('',#2698,1.);
#2698 = DIRECTION('',(0.,0.,1.));
#2699 = PCURVE('',#2580,#2700);
#2700 = DEFINITIONAL_REPRESENTATION('',(#2701),#2705);
#2701 = LINE('',#2702,#2703);
#2702 = CARTESIAN_POINT('',(1.17266662096,1.15));
#2703 = VECTOR('',#2704,1.);
#2704 = DIRECTION('',(-0.,-1.));
#2705 = ( GEOMETRIC_REPRESENTATION_CONTEXT(2) 
PARAMETRIC_REPRESENTATION_CONTEXT() REPRESENTATION_CONTEXT('2D SPACE',''
  ) );
#2706 = PCURVE('',#574,#2707);
#2707 = DEFINITIONAL_REPRESENTATION('',(#2708),#2712);
#2708 = LINE('',#2709,#2710);
#2709 = CARTESIAN_POINT('',(15.20794812584,0.65));
#2710 = VECTOR('',#2711,1.);
#2711 = DIRECTION('',(0.,-1.));
#2712 = ( GEOMETRIC_REPRESENTATION_CONTEXT(2) 
PARAMETRIC_REPRESENTATION_CONTEXT() REPRESENTATION_CONTEXT('2D SPACE',''
  ) );
#2713 = ADVANCED_FACE('',(#2714),#2606,.T.);
#2714 = FACE_BOUND('',#2715,.T.);
#2715 = EDGE_LOOP('',(#2716,#2739,#2760,#2761));
#2716 = ORIENTED_EDGE('',*,*,#2717,.F.);
#2717 = EDGE_CURVE('',#2718,#2592,#2720,.T.);
#2718 = VERTEX_POINT('',#2719);
#2719 = CARTESIAN_POINT('',(-32.38,-67.3,7.55));
#2720 = SURFACE_CURVE('',#2721,(#2725,#2732),.PCURVE_S1.);
#2721 = LINE('',#2722,#2723);
#2722 = CARTESIAN_POINT('',(-32.38,-62.64,7.55));
#2723 = VECTOR('',#2724,1.);
#2724 = DIRECTION('',(0.,1.,0.));
#2725 = PCURVE('',#2606,#2726);
#2726 = DEFINITIONAL_REPRESENTATION('',(#2727),#2731);
#2727 = LINE('',#2728,#2729);
#2728 = CARTESIAN_POINT('',(7.2,-5.64));
#2729 = VECTOR('',#2730,1.);
#2730 = DIRECTION('',(0.,1.));
#2731 = ( GEOMETRIC_REPRESENTATION_CONTEXT(2) 
PARAMETRIC_REPRESENTATION_CONTEXT() REPRESENTATION_CONTEXT('2D SPACE',''
  ) );
#2732 = PCURVE('',#602,#2733);
#2733 = DEFINITIONAL_REPRESENTATION('',(#2734),#2738);
#2734 = LINE('',#2735,#2736);
#2735 = CARTESIAN_POINT('',(0.6,-5.64));
#2736 = VECTOR('',#2737,1.);
#2737 = DIRECTION('',(0.,-1.));
#2738 = ( GEOMETRIC_REPRESENTATION_CONTEXT(2) 
PARAMETRIC_REPRESENTATION_CONTEXT() REPRESENTATION_CONTEXT('2D SPACE',''
  ) );
#2739 = ORIENTED_EDGE('',*,*,#2740,.F.);
#2740 = EDGE_CURVE('',#2670,#2718,#2741,.T.);
#2741 = SURFACE_CURVE('',#2742,(#2746,#2753),.PCURVE_S1.);
#2742 = LINE('',#2743,#2744);
#2743 = CARTESIAN_POINT('',(-42.99,-67.3,7.55));
#2744 = VECTOR('',#2745,1.);
#2745 = DIRECTION('',(-1.,0.,0.));
#2746 = PCURVE('',#2606,#2747);
#2747 = DEFINITIONAL_REPRESENTATION('',(#2748),#2752);
#2748 = LINE('',#2749,#2750);
#2749 = CARTESIAN_POINT('',(-3.41,-10.3));
#2750 = VECTOR('',#2751,1.);
#2751 = DIRECTION('',(-1.,0.));
#2752 = ( GEOMETRIC_REPRESENTATION_CONTEXT(2) 
PARAMETRIC_REPRESENTATION_CONTEXT() REPRESENTATION_CONTEXT('2D SPACE',''
  ) );
#2753 = PCURVE('',#574,#2754);
#2754 = DEFINITIONAL_REPRESENTATION('',(#2755),#2759);
#2755 = LINE('',#2756,#2757);
#2756 = CARTESIAN_POINT('',(3.41,-4.9));
#2757 = VECTOR('',#2758,1.);
#2758 = DIRECTION('',(-1.,0.));
#2759 = ( GEOMETRIC_REPRESENTATION_CONTEXT(2) 
PARAMETRIC_REPRESENTATION_CONTEXT() REPRESENTATION_CONTEXT('2D SPACE',''
  ) );
#2760 = ORIENTED_EDGE('',*,*,#2669,.T.);
#2761 = ORIENTED_EDGE('',*,*,#2591,.T.);
#2762 = ADVANCED_FACE('',(#2763),#602,.T.);
#2763 = FACE_BOUND('',#2764,.T.);
#2764 = EDGE_LOOP('',(#2765,#2766,#2787,#2788));
#2765 = ORIENTED_EDGE('',*,*,#586,.F.);
#2766 = ORIENTED_EDGE('',*,*,#2767,.F.);
#2767 = EDGE_CURVE('',#2718,#559,#2768,.T.);
#2768 = SURFACE_CURVE('',#2769,(#2773,#2780),.PCURVE_S1.);
#2769 = LINE('',#2770,#2771);
#2770 = CARTESIAN_POINT('',(-32.38,-67.3,4.8));
#2771 = VECTOR('',#2772,1.);
#2772 = DIRECTION('',(0.,0.,1.));
#2773 = PCURVE('',#602,#2774);
#2774 = DEFINITIONAL_REPRESENTATION('',(#2775),#2779);
#2775 = LINE('',#2776,#2777);
#2776 = CARTESIAN_POINT('',(-2.15,-0.98));
#2777 = VECTOR('',#2778,1.);
#2778 = DIRECTION('',(1.,0.));
#2779 = ( GEOMETRIC_REPRESENTATION_CONTEXT(2) 
PARAMETRIC_REPRESENTATION_CONTEXT() REPRESENTATION_CONTEXT('2D SPACE',''
  ) );
#2780 = PCURVE('',#574,#2781);
#2781 = DEFINITIONAL_REPRESENTATION('',(#2782),#2786);
#2782 = LINE('',#2783,#2784);
#2783 = CARTESIAN_POINT('',(14.02,-2.15));
#2784 = VECTOR('',#2785,1.);
#2785 = DIRECTION('',(0.,-1.));
#2786 = ( GEOMETRIC_REPRESENTATION_CONTEXT(2) 
PARAMETRIC_REPRESENTATION_CONTEXT() REPRESENTATION_CONTEXT('2D SPACE',''
  ) );
#2787 = ORIENTED_EDGE('',*,*,#2717,.T.);
#2788 = ORIENTED_EDGE('',*,*,#2617,.T.);
#2789 = ADVANCED_FACE('',(#2790),#574,.F.);
#2790 = FACE_BOUND('',#2791,.F.);
#2791 = EDGE_LOOP('',(#2792,#2793,#2794,#2795,#2796,#2818,#2844,#2872));
#2792 = ORIENTED_EDGE('',*,*,#558,.F.);
#2793 = ORIENTED_EDGE('',*,*,#2767,.F.);
#2794 = ORIENTED_EDGE('',*,*,#2740,.F.);
#2795 = ORIENTED_EDGE('',*,*,#2693,.F.);
#2796 = ORIENTED_EDGE('',*,*,#2797,.F.);
#2797 = EDGE_CURVE('',#2798,#2641,#2800,.T.);
#2798 = VERTEX_POINT('',#2799);
#2799 = CARTESIAN_POINT('',(-32.82699607671,-67.3,6.95));
#2800 = SURFACE_CURVE('',#2801,(#2805,#2811),.PCURVE_S1.);
#2801 = LINE('',#2802,#2803);
#2802 = CARTESIAN_POINT('',(-39.04,-67.3,6.95));
#2803 = VECTOR('',#2804,1.);
#2804 = DIRECTION('',(1.,0.,0.));
#2805 = PCURVE('',#574,#2806);
#2806 = DEFINITIONAL_REPRESENTATION('',(#2807),#2810);
#2807 = B_SPLINE_CURVE_WITH_KNOTS('',1,(#2808,#2809),.UNSPECIFIED.,.F.,
  .F.,(2,2),(4.7,7.84794812584),.PIECEWISE_BEZIER_KNOTS.);
#2808 = CARTESIAN_POINT('',(12.06,-4.3));
#2809 = CARTESIAN_POINT('',(15.20794812584,-4.3));
#2810 = ( GEOMETRIC_REPRESENTATION_CONTEXT(2) 
PARAMETRIC_REPRESENTATION_CONTEXT() REPRESENTATION_CONTEXT('2D SPACE',''
  ) );
#2811 = PCURVE('',#221,#2812);
#2812 = DEFINITIONAL_REPRESENTATION('',(#2813),#2817);
#2813 = LINE('',#2814,#2815);
#2814 = CARTESIAN_POINT('',(8.44,-18.2));
#2815 = VECTOR('',#2816,1.);
#2816 = DIRECTION('',(1.,0.));
#2817 = ( GEOMETRIC_REPRESENTATION_CONTEXT(2) 
PARAMETRIC_REPRESENTATION_CONTEXT() REPRESENTATION_CONTEXT('2D SPACE',''
  ) );
#2818 = ORIENTED_EDGE('',*,*,#2819,.F.);
#2819 = EDGE_CURVE('',#2820,#2798,#2822,.T.);
#2820 = VERTEX_POINT('',#2821);
#2821 = CARTESIAN_POINT('',(-32.82699607671,-67.3,2.));
#2822 = SURFACE_CURVE('',#2823,(#2827,#2833),.PCURVE_S1.);
#2823 = LINE('',#2824,#2825);
#2824 = CARTESIAN_POINT('',(-32.82699607671,-67.3,0.));
#2825 = VECTOR('',#2826,1.);
#2826 = DIRECTION('',(0.,0.,1.));
#2827 = PCURVE('',#574,#2828);
#2828 = DEFINITIONAL_REPRESENTATION('',(#2829),#2832);
#2829 = B_SPLINE_CURVE_WITH_KNOTS('',1,(#2830,#2831),.UNSPECIFIED.,.F.,
  .F.,(2,2),(1.295,6.9500006),.PIECEWISE_BEZIER_KNOTS.);
#2830 = CARTESIAN_POINT('',(13.573003923285,1.355));
#2831 = CARTESIAN_POINT('',(13.573003923285,-4.3000006));
#2832 = ( GEOMETRIC_REPRESENTATION_CONTEXT(2) 
PARAMETRIC_REPRESENTATION_CONTEXT() REPRESENTATION_CONTEXT('2D SPACE',''
  ) );
#2833 = PCURVE('',#2834,#2839);
#2834 = CYLINDRICAL_SURFACE('',#2835,2.66);
#2835 = AXIS2_PLACEMENT_3D('',#2836,#2837,#2838);
#2836 = CARTESIAN_POINT('',(-31.68,-64.9,0.));
#2837 = DIRECTION('',(0.,0.,1.));
#2838 = DIRECTION('',(1.,0.,-0.));
#2839 = DEFINITIONAL_REPRESENTATION('',(#2840),#2843);
#2840 = B_SPLINE_CURVE_WITH_KNOTS('',1,(#2841,#2842),.UNSPECIFIED.,.F.,
  .F.,(2,2),(1.295,6.9500006),.PIECEWISE_BEZIER_KNOTS.);
#2841 = CARTESIAN_POINT('',(4.266564927927,1.295));
#2842 = CARTESIAN_POINT('',(4.266564927927,6.9500006));
#2843 = ( GEOMETRIC_REPRESENTATION_CONTEXT(2) 
PARAMETRIC_REPRESENTATION_CONTEXT() REPRESENTATION_CONTEXT('2D SPACE',''
  ) );
#2844 = ORIENTED_EDGE('',*,*,#2845,.T.);
#2845 = EDGE_CURVE('',#2820,#2846,#2848,.T.);
#2846 = VERTEX_POINT('',#2847);
#2847 = CARTESIAN_POINT('',(-46.4,-67.3,2.));
#2848 = SURFACE_CURVE('',#2849,(#2853,#2860),.PCURVE_S1.);
#2849 = LINE('',#2850,#2851);
#2850 = CARTESIAN_POINT('',(-42.99,-67.3,2.));
#2851 = VECTOR('',#2852,1.);
#2852 = DIRECTION('',(-1.,0.,0.));
#2853 = PCURVE('',#574,#2854);
#2854 = DEFINITIONAL_REPRESENTATION('',(#2855),#2859);
#2855 = LINE('',#2856,#2857);
#2856 = CARTESIAN_POINT('',(3.41,0.65));
#2857 = VECTOR('',#2858,1.);
#2858 = DIRECTION('',(-1.,0.));
#2859 = ( GEOMETRIC_REPRESENTATION_CONTEXT(2) 
PARAMETRIC_REPRESENTATION_CONTEXT() REPRESENTATION_CONTEXT('2D SPACE',''
  ) );
#2860 = PCURVE('',#2861,#2866);
#2861 = PLANE('',#2862);
#2862 = AXIS2_PLACEMENT_3D('',#2863,#2864,#2865);
#2863 = CARTESIAN_POINT('',(-39.4417086501,-56.86932381438,2.));
#2864 = DIRECTION('',(-0.,-0.,-1.));
#2865 = DIRECTION('',(-1.,0.,0.));
#2866 = DEFINITIONAL_REPRESENTATION('',(#2867),#2871);
#2867 = LINE('',#2868,#2869);
#2868 = CARTESIAN_POINT('',(3.548291349891,-10.43067618561));
#2869 = VECTOR('',#2870,1.);
#2870 = DIRECTION('',(1.,0.));
#2871 = ( GEOMETRIC_REPRESENTATION_CONTEXT(2) 
PARAMETRIC_REPRESENTATION_CONTEXT() REPRESENTATION_CONTEXT('2D SPACE',''
  ) );
#2872 = ORIENTED_EDGE('',*,*,#2873,.T.);
#2873 = EDGE_CURVE('',#2846,#531,#2874,.T.);
#2874 = SURFACE_CURVE('',#2875,(#2879,#2886),.PCURVE_S1.);
#2875 = LINE('',#2876,#2877);
#2876 = CARTESIAN_POINT('',(-46.4,-67.3,2.));
#2877 = VECTOR('',#2878,1.);
#2878 = DIRECTION('',(0.,0.,1.));
#2879 = PCURVE('',#574,#2880);
#2880 = DEFINITIONAL_REPRESENTATION('',(#2881),#2885);
#2881 = LINE('',#2882,#2883);
#2882 = CARTESIAN_POINT('',(0.,0.65));
#2883 = VECTOR('',#2884,1.);
#2884 = DIRECTION('',(0.,-1.));
#2885 = ( GEOMETRIC_REPRESENTATION_CONTEXT(2) 
PARAMETRIC_REPRESENTATION_CONTEXT() REPRESENTATION_CONTEXT('2D SPACE',''
  ) );
#2886 = PCURVE('',#462,#2887);
#2887 = DEFINITIONAL_REPRESENTATION('',(#2888),#2892);
#2888 = LINE('',#2889,#2890);
#2889 = CARTESIAN_POINT('',(1.570796326795,0.65));
#2890 = VECTOR('',#2891,1.);
#2891 = DIRECTION('',(0.,-1.));
#2892 = ( GEOMETRIC_REPRESENTATION_CONTEXT(2) 
PARAMETRIC_REPRESENTATION_CONTEXT() REPRESENTATION_CONTEXT('2D SPACE',''
  ) );
#2893 = ADVANCED_FACE('',(#2894),#2834,.F.);
#2894 = FACE_BOUND('',#2895,.F.);
#2895 = EDGE_LOOP('',(#2896,#2920,#2946,#2972));
#2896 = ORIENTED_EDGE('',*,*,#2897,.F.);
#2897 = EDGE_CURVE('',#2898,#2798,#2900,.T.);
#2898 = VERTEX_POINT('',#2899);
#2899 = CARTESIAN_POINT('',(-33.89024885476,-66.38,6.95));
#2900 = SURFACE_CURVE('',#2901,(#2906,#2913),.PCURVE_S1.);
#2901 = CIRCLE('',#2902,2.66);
#2902 = AXIS2_PLACEMENT_3D('',#2903,#2904,#2905);
#2903 = CARTESIAN_POINT('',(-31.68,-64.9,6.95));
#2904 = DIRECTION('',(0.,0.,1.));
#2905 = DIRECTION('',(1.,0.,-0.));
#2906 = PCURVE('',#2834,#2907);
#2907 = DEFINITIONAL_REPRESENTATION('',(#2908),#2912);
#2908 = LINE('',#2909,#2910);
#2909 = CARTESIAN_POINT('',(0.,6.95));
#2910 = VECTOR('',#2911,1.);
#2911 = DIRECTION('',(1.,0.));
#2912 = ( GEOMETRIC_REPRESENTATION_CONTEXT(2) 
PARAMETRIC_REPRESENTATION_CONTEXT() REPRESENTATION_CONTEXT('2D SPACE',''
  ) );
#2913 = PCURVE('',#221,#2914);
#2914 = DEFINITIONAL_REPRESENTATION('',(#2915),#2919);
#2915 = CIRCLE('',#2916,2.66);
#2916 = AXIS2_PLACEMENT_2D('',#2917,#2918);
#2917 = CARTESIAN_POINT('',(15.8,-15.8));
#2918 = DIRECTION('',(1.,0.));
#2919 = ( GEOMETRIC_REPRESENTATION_CONTEXT(2) 
PARAMETRIC_REPRESENTATION_CONTEXT() REPRESENTATION_CONTEXT('2D SPACE',''
  ) );
#2920 = ORIENTED_EDGE('',*,*,#2921,.F.);
#2921 = EDGE_CURVE('',#2922,#2898,#2924,.T.);
#2922 = VERTEX_POINT('',#2923);
#2923 = CARTESIAN_POINT('',(-33.89024885476,-66.38,2.));
#2924 = SURFACE_CURVE('',#2925,(#2929,#2935),.PCURVE_S1.);
#2925 = LINE('',#2926,#2927);
#2926 = CARTESIAN_POINT('',(-33.89024885476,-66.38,0.));
#2927 = VECTOR('',#2928,1.);
#2928 = DIRECTION('',(0.,0.,1.));
#2929 = PCURVE('',#2834,#2930);
#2930 = DEFINITIONAL_REPRESENTATION('',(#2931),#2934);
#2931 = B_SPLINE_CURVE_WITH_KNOTS('',1,(#2932,#2933),.UNSPECIFIED.,.F.,
  .F.,(2,2),(1.505,6.9500006),.PIECEWISE_BEZIER_KNOTS.);
#2932 = CARTESIAN_POINT('',(3.731628702965,1.505));
#2933 = CARTESIAN_POINT('',(3.731628702965,6.9500006));
#2934 = ( GEOMETRIC_REPRESENTATION_CONTEXT(2) 
PARAMETRIC_REPRESENTATION_CONTEXT() REPRESENTATION_CONTEXT('2D SPACE',''
  ) );
#2935 = PCURVE('',#2936,#2941);
#2936 = PLANE('',#2937);
#2937 = AXIS2_PLACEMENT_3D('',#2938,#2939,#2940);
#2938 = CARTESIAN_POINT('',(-46.58,-66.38,3.03));
#2939 = DIRECTION('',(0.,1.,0.));
#2940 = DIRECTION('',(1.,0.,0.));
#2941 = DEFINITIONAL_REPRESENTATION('',(#2942),#2945);
#2942 = B_SPLINE_CURVE_WITH_KNOTS('',1,(#2943,#2944),.UNSPECIFIED.,.F.,
  .F.,(2,2),(1.505,6.9500006),.PIECEWISE_BEZIER_KNOTS.);
#2943 = CARTESIAN_POINT('',(12.689751145233,1.525));
#2944 = CARTESIAN_POINT('',(12.689751145233,-3.9200006));
#2945 = ( GEOMETRIC_REPRESENTATION_CONTEXT(2) 
PARAMETRIC_REPRESENTATION_CONTEXT() REPRESENTATION_CONTEXT('2D SPACE',''
  ) );
#2946 = ORIENTED_EDGE('',*,*,#2947,.T.);
#2947 = EDGE_CURVE('',#2922,#2820,#2948,.T.);
#2948 = SURFACE_CURVE('',#2949,(#2954,#2961),.PCURVE_S1.);
#2949 = CIRCLE('',#2950,2.66);
#2950 = AXIS2_PLACEMENT_3D('',#2951,#2952,#2953);
#2951 = CARTESIAN_POINT('',(-31.68,-64.9,2.));
#2952 = DIRECTION('',(0.,0.,1.));
#2953 = DIRECTION('',(1.,0.,-0.));
#2954 = PCURVE('',#2834,#2955);
#2955 = DEFINITIONAL_REPRESENTATION('',(#2956),#2960);
#2956 = LINE('',#2957,#2958);
#2957 = CARTESIAN_POINT('',(0.,2.));
#2958 = VECTOR('',#2959,1.);
#2959 = DIRECTION('',(1.,0.));
#2960 = ( GEOMETRIC_REPRESENTATION_CONTEXT(2) 
PARAMETRIC_REPRESENTATION_CONTEXT() REPRESENTATION_CONTEXT('2D SPACE',''
  ) );
#2961 = PCURVE('',#2861,#2962);
#2962 = DEFINITIONAL_REPRESENTATION('',(#2963),#2971);
#2963 = ( BOUNDED_CURVE() B_SPLINE_CURVE(2,(#2964,#2965,#2966,#2967,
#2968,#2969,#2970),.UNSPECIFIED.,.T.,.F.) B_SPLINE_CURVE_WITH_KNOTS((1,2
    ,2,2,2,1),(-2.094395102393,0.,2.094395102393,4.188790204786,
6.28318530718,8.377580409573),.UNSPECIFIED.) CURVE() 
GEOMETRIC_REPRESENTATION_ITEM() RATIONAL_B_SPLINE_CURVE((1.,0.5,1.,0.5,
1.,0.5,1.)) REPRESENTATION_ITEM('') );
#2964 = CARTESIAN_POINT('',(-10.4217086501,-8.030676185619));
#2965 = CARTESIAN_POINT('',(-10.4217086501,-3.423421037486));
#2966 = CARTESIAN_POINT('',(-6.431708650109,-5.727048611552));
#2967 = CARTESIAN_POINT('',(-2.441708650109,-8.030676185619));
#2968 = CARTESIAN_POINT('',(-6.431708650109,-10.33430375968));
#2969 = CARTESIAN_POINT('',(-10.4217086501,-12.63793133375));
#2970 = CARTESIAN_POINT('',(-10.4217086501,-8.030676185619));
#2971 = ( GEOMETRIC_REPRESENTATION_CONTEXT(2) 
PARAMETRIC_REPRESENTATION_CONTEXT() REPRESENTATION_CONTEXT('2D SPACE',''
  ) );
#2972 = ORIENTED_EDGE('',*,*,#2819,.T.);
#2973 = ADVANCED_FACE('',(#2974),#2936,.T.);
#2974 = FACE_BOUND('',#2975,.T.);
#2975 = EDGE_LOOP('',(#2976,#2999,#3000,#3023));
#2976 = ORIENTED_EDGE('',*,*,#2977,.T.);
#2977 = EDGE_CURVE('',#2978,#2898,#2980,.T.);
#2978 = VERTEX_POINT('',#2979);
#2979 = CARTESIAN_POINT('',(-46.58,-66.38,6.95));
#2980 = SURFACE_CURVE('',#2981,(#2985,#2992),.PCURVE_S1.);
#2981 = LINE('',#2982,#2983);
#2982 = CARTESIAN_POINT('',(-48.72,-66.38,6.95));
#2983 = VECTOR('',#2984,1.);
#2984 = DIRECTION('',(1.,0.,0.));
#2985 = PCURVE('',#2936,#2986);
#2986 = DEFINITIONAL_REPRESENTATION('',(#2987),#2991);
#2987 = LINE('',#2988,#2989);
#2988 = CARTESIAN_POINT('',(-2.14,-3.92));
#2989 = VECTOR('',#2990,1.);
#2990 = DIRECTION('',(1.,0.));
#2991 = ( GEOMETRIC_REPRESENTATION_CONTEXT(2) 
PARAMETRIC_REPRESENTATION_CONTEXT() REPRESENTATION_CONTEXT('2D SPACE',''
  ) );
#2992 = PCURVE('',#221,#2993);
#2993 = DEFINITIONAL_REPRESENTATION('',(#2994),#2998);
#2994 = LINE('',#2995,#2996);
#2995 = CARTESIAN_POINT('',(-1.24,-17.28));
#2996 = VECTOR('',#2997,1.);
#2997 = DIRECTION('',(1.,0.));
#2998 = ( GEOMETRIC_REPRESENTATION_CONTEXT(2) 
PARAMETRIC_REPRESENTATION_CONTEXT() REPRESENTATION_CONTEXT('2D SPACE',''
  ) );
#2999 = ORIENTED_EDGE('',*,*,#2921,.F.);
#3000 = ORIENTED_EDGE('',*,*,#3001,.T.);
#3001 = EDGE_CURVE('',#2922,#3002,#3004,.T.);
#3002 = VERTEX_POINT('',#3003);
#3003 = CARTESIAN_POINT('',(-46.58,-66.38,2.));
#3004 = SURFACE_CURVE('',#3005,(#3009,#3016),.PCURVE_S1.);
#3005 = LINE('',#3006,#3007);
#3006 = CARTESIAN_POINT('',(-43.08,-66.38,2.));
#3007 = VECTOR('',#3008,1.);
#3008 = DIRECTION('',(-1.,0.,0.));
#3009 = PCURVE('',#2936,#3010);
#3010 = DEFINITIONAL_REPRESENTATION('',(#3011),#3015);
#3011 = LINE('',#3012,#3013);
#3012 = CARTESIAN_POINT('',(3.5,1.03));
#3013 = VECTOR('',#3014,1.);
#3014 = DIRECTION('',(-1.,0.));
#3015 = ( GEOMETRIC_REPRESENTATION_CONTEXT(2) 
PARAMETRIC_REPRESENTATION_CONTEXT() REPRESENTATION_CONTEXT('2D SPACE',''
  ) );
#3016 = PCURVE('',#2861,#3017);
#3017 = DEFINITIONAL_REPRESENTATION('',(#3018),#3022);
#3018 = LINE('',#3019,#3020);
#3019 = CARTESIAN_POINT('',(3.638291349891,-9.510676185619));
#3020 = VECTOR('',#3021,1.);
#3021 = DIRECTION('',(1.,0.));
#3022 = ( GEOMETRIC_REPRESENTATION_CONTEXT(2) 
PARAMETRIC_REPRESENTATION_CONTEXT() REPRESENTATION_CONTEXT('2D SPACE',''
  ) );
#3023 = ORIENTED_EDGE('',*,*,#3024,.F.);
#3024 = EDGE_CURVE('',#2978,#3002,#3025,.T.);
#3025 = SURFACE_CURVE('',#3026,(#3030,#3037),.PCURVE_S1.);
#3026 = LINE('',#3027,#3028);
#3027 = CARTESIAN_POINT('',(-46.58,-66.38,6.95));
#3028 = VECTOR('',#3029,1.);
#3029 = DIRECTION('',(0.,0.,-1.));
#3030 = PCURVE('',#2936,#3031);
#3031 = DEFINITIONAL_REPRESENTATION('',(#3032),#3036);
#3032 = LINE('',#3033,#3034);
#3033 = CARTESIAN_POINT('',(0.,-3.92));
#3034 = VECTOR('',#3035,1.);
#3035 = DIRECTION('',(0.,1.));
#3036 = ( GEOMETRIC_REPRESENTATION_CONTEXT(2) 
PARAMETRIC_REPRESENTATION_CONTEXT() REPRESENTATION_CONTEXT('2D SPACE',''
  ) );
#3037 = PCURVE('',#3038,#3043);
#3038 = CYLINDRICAL_SURFACE('',#3039,2.38);
#3039 = AXIS2_PLACEMENT_3D('',#3040,#3041,#3042);
#3040 = CARTESIAN_POINT('',(-46.58,-64.,3.03));
#3041 = DIRECTION('',(-0.,-0.,-1.));
#3042 = DIRECTION('',(1.,0.,0.));
#3043 = DEFINITIONAL_REPRESENTATION('',(#3044),#3048);
#3044 = LINE('',#3045,#3046);
#3045 = CARTESIAN_POINT('',(1.570796326795,-3.92));
#3046 = VECTOR('',#3047,1.);
#3047 = DIRECTION('',(0.,1.));
#3048 = ( GEOMETRIC_REPRESENTATION_CONTEXT(2) 
PARAMETRIC_REPRESENTATION_CONTEXT() REPRESENTATION_CONTEXT('2D SPACE',''
  ) );
#3049 = ADVANCED_FACE('',(#3050),#3038,.F.);
#3050 = FACE_BOUND('',#3051,.F.);
#3051 = EDGE_LOOP('',(#3052,#3080,#3102,#3135,#3157,#3185,#3213,#3235));
#3052 = ORIENTED_EDGE('',*,*,#3053,.T.);
#3053 = EDGE_CURVE('',#2978,#3054,#3056,.T.);
#3054 = VERTEX_POINT('',#3055);
#3055 = CARTESIAN_POINT('',(-46.78,-66.37158175064,6.95));
#3056 = SURFACE_CURVE('',#3057,(#3062,#3069),.PCURVE_S1.);
#3057 = CIRCLE('',#3058,2.38);
#3058 = AXIS2_PLACEMENT_3D('',#3059,#3060,#3061);
#3059 = CARTESIAN_POINT('',(-46.58,-64.,6.95));
#3060 = DIRECTION('',(0.,0.,-1.));
#3061 = DIRECTION('',(1.,0.,0.));
#3062 = PCURVE('',#3038,#3063);
#3063 = DEFINITIONAL_REPRESENTATION('',(#3064),#3068);
#3064 = LINE('',#3065,#3066);
#3065 = CARTESIAN_POINT('',(-4.138911435803E-13,-3.92));
#3066 = VECTOR('',#3067,1.);
#3067 = DIRECTION('',(1.,-0.));
#3068 = ( GEOMETRIC_REPRESENTATION_CONTEXT(2) 
PARAMETRIC_REPRESENTATION_CONTEXT() REPRESENTATION_CONTEXT('2D SPACE',''
  ) );
#3069 = PCURVE('',#221,#3070);
#3070 = DEFINITIONAL_REPRESENTATION('',(#3071),#3079);
#3071 = ( BOUNDED_CURVE() B_SPLINE_CURVE(2,(#3072,#3073,#3074,#3075,
#3076,#3077,#3078),.UNSPECIFIED.,.T.,.F.) B_SPLINE_CURVE_WITH_KNOTS((1,2
    ,2,2,2,1),(-2.094395102393,0.,2.094395102393,4.188790204786,
6.28318530718,8.377580409573),.UNSPECIFIED.) CURVE() 
GEOMETRIC_REPRESENTATION_ITEM() RATIONAL_B_SPLINE_CURVE((1.,0.5,1.,0.5,
1.,0.5,1.)) REPRESENTATION_ITEM('') );
#3072 = CARTESIAN_POINT('',(3.28,-14.9));
#3073 = CARTESIAN_POINT('',(3.28,-19.02228092201));
#3074 = CARTESIAN_POINT('',(-0.29,-16.961140461));
#3075 = CARTESIAN_POINT('',(-3.86,-14.9));
#3076 = CARTESIAN_POINT('',(-0.29,-12.83885953899));
#3077 = CARTESIAN_POINT('',(3.28,-10.77771907798));
#3078 = CARTESIAN_POINT('',(3.28,-14.9));
#3079 = ( GEOMETRIC_REPRESENTATION_CONTEXT(2) 
PARAMETRIC_REPRESENTATION_CONTEXT() REPRESENTATION_CONTEXT('2D SPACE',''
  ) );
#3080 = ORIENTED_EDGE('',*,*,#3081,.F.);
#3081 = EDGE_CURVE('',#3082,#3054,#3084,.T.);
#3082 = VERTEX_POINT('',#3083);
#3083 = CARTESIAN_POINT('',(-46.78,-66.37158175064,7.55));
#3084 = SURFACE_CURVE('',#3085,(#3089,#3095),.PCURVE_S1.);
#3085 = LINE('',#3086,#3087);
#3086 = CARTESIAN_POINT('',(-46.78,-66.37158175064,3.03));
#3087 = VECTOR('',#3088,1.);
#3088 = DIRECTION('',(-0.,-0.,-1.));
#3089 = PCURVE('',#3038,#3090);
#3090 = DEFINITIONAL_REPRESENTATION('',(#3091),#3094);
#3091 = B_SPLINE_CURVE_WITH_KNOTS('',1,(#3092,#3093),.UNSPECIFIED.,.F.,
  .F.,(2,2),(-4.5200006,-3.71),.PIECEWISE_BEZIER_KNOTS.);
#3092 = CARTESIAN_POINT('',(1.654929158491,-4.5200006));
#3093 = CARTESIAN_POINT('',(1.654929158491,-3.71));
#3094 = ( GEOMETRIC_REPRESENTATION_CONTEXT(2) 
PARAMETRIC_REPRESENTATION_CONTEXT() REPRESENTATION_CONTEXT('2D SPACE',''
  ) );
#3095 = PCURVE('',#518,#3096);
#3096 = DEFINITIONAL_REPRESENTATION('',(#3097),#3101);
#3097 = LINE('',#3098,#3099);
#3098 = CARTESIAN_POINT('',(-3.92,-1.90841824936));
#3099 = VECTOR('',#3100,1.);
#3100 = DIRECTION('',(-1.,0.));
#3101 = ( GEOMETRIC_REPRESENTATION_CONTEXT(2) 
PARAMETRIC_REPRESENTATION_CONTEXT() REPRESENTATION_CONTEXT('2D SPACE',''
  ) );
#3102 = ORIENTED_EDGE('',*,*,#3103,.T.);
#3103 = EDGE_CURVE('',#3082,#3104,#3106,.T.);
#3104 = VERTEX_POINT('',#3105);
#3105 = CARTESIAN_POINT('',(-48.95158175064,-64.2,7.55));
#3106 = SURFACE_CURVE('',#3107,(#3112,#3119),.PCURVE_S1.);
#3107 = CIRCLE('',#3108,2.38);
#3108 = AXIS2_PLACEMENT_3D('',#3109,#3110,#3111);
#3109 = CARTESIAN_POINT('',(-46.58,-64.,7.55));
#3110 = DIRECTION('',(0.,0.,-1.));
#3111 = DIRECTION('',(1.,0.,0.));
#3112 = PCURVE('',#3038,#3113);
#3113 = DEFINITIONAL_REPRESENTATION('',(#3114),#3118);
#3114 = LINE('',#3115,#3116);
#3115 = CARTESIAN_POINT('',(-4.138911435803E-13,-4.52));
#3116 = VECTOR('',#3117,1.);
#3117 = DIRECTION('',(1.,-0.));
#3118 = ( GEOMETRIC_REPRESENTATION_CONTEXT(2) 
PARAMETRIC_REPRESENTATION_CONTEXT() REPRESENTATION_CONTEXT('2D SPACE',''
  ) );
#3119 = PCURVE('',#3120,#3125);
#3120 = PLANE('',#3121);
#3121 = AXIS2_PLACEMENT_3D('',#3122,#3123,#3124);
#3122 = CARTESIAN_POINT('',(-39.58,-57.,7.55));
#3123 = DIRECTION('',(0.,0.,1.));
#3124 = DIRECTION('',(1.,0.,-0.));
#3125 = DEFINITIONAL_REPRESENTATION('',(#3126),#3134);
#3126 = ( BOUNDED_CURVE() B_SPLINE_CURVE(2,(#3127,#3128,#3129,#3130,
#3131,#3132,#3133),.UNSPECIFIED.,.T.,.F.) B_SPLINE_CURVE_WITH_KNOTS((1,2
    ,2,2,2,1),(-2.094395102393,0.,2.094395102393,4.188790204786,
6.28318530718,8.377580409573),.UNSPECIFIED.) CURVE() 
GEOMETRIC_REPRESENTATION_ITEM() RATIONAL_B_SPLINE_CURVE((1.,0.5,1.,0.5,
1.,0.5,1.)) REPRESENTATION_ITEM('') );
#3127 = CARTESIAN_POINT('',(-4.62,-7.));
#3128 = CARTESIAN_POINT('',(-4.62,-11.12228092201));
#3129 = CARTESIAN_POINT('',(-8.19,-9.061140461007));
#3130 = CARTESIAN_POINT('',(-11.76,-7.));
#3131 = CARTESIAN_POINT('',(-8.19,-4.938859538993));
#3132 = CARTESIAN_POINT('',(-4.62,-2.877719077986));
#3133 = CARTESIAN_POINT('',(-4.62,-7.));
#3134 = ( GEOMETRIC_REPRESENTATION_CONTEXT(2) 
PARAMETRIC_REPRESENTATION_CONTEXT() REPRESENTATION_CONTEXT('2D SPACE',''
  ) );
#3135 = ORIENTED_EDGE('',*,*,#3136,.T.);
#3136 = EDGE_CURVE('',#3104,#3137,#3139,.T.);
#3137 = VERTEX_POINT('',#3138);
#3138 = CARTESIAN_POINT('',(-48.95158175064,-64.2,6.95));
#3139 = SURFACE_CURVE('',#3140,(#3144,#3150),.PCURVE_S1.);
#3140 = LINE('',#3141,#3142);
#3141 = CARTESIAN_POINT('',(-48.95158175064,-64.2,3.03));
#3142 = VECTOR('',#3143,1.);
#3143 = DIRECTION('',(-0.,-0.,-1.));
#3144 = PCURVE('',#3038,#3145);
#3145 = DEFINITIONAL_REPRESENTATION('',(#3146),#3149);
#3146 = B_SPLINE_CURVE_WITH_KNOTS('',1,(#3147,#3148),.UNSPECIFIED.,.F.,
  .F.,(2,2),(-4.5200006,-3.71),.PIECEWISE_BEZIER_KNOTS.);
#3147 = CARTESIAN_POINT('',(3.057459821895,-4.5200006));
#3148 = CARTESIAN_POINT('',(3.057459821895,-3.71));
#3149 = ( GEOMETRIC_REPRESENTATION_CONTEXT(2) 
PARAMETRIC_REPRESENTATION_CONTEXT() REPRESENTATION_CONTEXT('2D SPACE',''
  ) );
#3150 = PCURVE('',#490,#3151);
#3151 = DEFINITIONAL_REPRESENTATION('',(#3152),#3156);
#3152 = LINE('',#3153,#3154);
#3153 = CARTESIAN_POINT('',(-3.92,1.90841824936));
#3154 = VECTOR('',#3155,1.);
#3155 = DIRECTION('',(-1.,0.));
#3156 = ( GEOMETRIC_REPRESENTATION_CONTEXT(2) 
PARAMETRIC_REPRESENTATION_CONTEXT() REPRESENTATION_CONTEXT('2D SPACE',''
  ) );
#3157 = ORIENTED_EDGE('',*,*,#3158,.T.);
#3158 = EDGE_CURVE('',#3137,#3159,#3161,.T.);
#3159 = VERTEX_POINT('',#3160);
#3160 = CARTESIAN_POINT('',(-48.96,-64.,6.95));
#3161 = SURFACE_CURVE('',#3162,(#3167,#3174),.PCURVE_S1.);
#3162 = CIRCLE('',#3163,2.38);
#3163 = AXIS2_PLACEMENT_3D('',#3164,#3165,#3166);
#3164 = CARTESIAN_POINT('',(-46.58,-64.,6.95));
#3165 = DIRECTION('',(0.,0.,-1.));
#3166 = DIRECTION('',(1.,0.,0.));
#3167 = PCURVE('',#3038,#3168);
#3168 = DEFINITIONAL_REPRESENTATION('',(#3169),#3173);
#3169 = LINE('',#3170,#3171);
#3170 = CARTESIAN_POINT('',(-4.138911435803E-13,-3.92));
#3171 = VECTOR('',#3172,1.);
#3172 = DIRECTION('',(1.,-0.));
#3173 = ( GEOMETRIC_REPRESENTATION_CONTEXT(2) 
PARAMETRIC_REPRESENTATION_CONTEXT() REPRESENTATION_CONTEXT('2D SPACE',''
  ) );
#3174 = PCURVE('',#221,#3175);
#3175 = DEFINITIONAL_REPRESENTATION('',(#3176),#3184);
#3176 = ( BOUNDED_CURVE() B_SPLINE_CURVE(2,(#3177,#3178,#3179,#3180,
#3181,#3182,#3183),.UNSPECIFIED.,.T.,.F.) B_SPLINE_CURVE_WITH_KNOTS((1,2
    ,2,2,2,1),(-2.094395102393,0.,2.094395102393,4.188790204786,
6.28318530718,8.377580409573),.UNSPECIFIED.) CURVE() 
GEOMETRIC_REPRESENTATION_ITEM() RATIONAL_B_SPLINE_CURVE((1.,0.5,1.,0.5,
1.,0.5,1.)) REPRESENTATION_ITEM('') );
#3177 = CARTESIAN_POINT('',(3.28,-14.9));
#3178 = CARTESIAN_POINT('',(3.28,-19.02228092201));
#3179 = CARTESIAN_POINT('',(-0.29,-16.961140461));
#3180 = CARTESIAN_POINT('',(-3.86,-14.9));
#3181 = CARTESIAN_POINT('',(-0.29,-12.83885953899));
#3182 = CARTESIAN_POINT('',(3.28,-10.77771907798));
#3183 = CARTESIAN_POINT('',(3.28,-14.9));
#3184 = ( GEOMETRIC_REPRESENTATION_CONTEXT(2) 
PARAMETRIC_REPRESENTATION_CONTEXT() REPRESENTATION_CONTEXT('2D SPACE',''
  ) );
#3185 = ORIENTED_EDGE('',*,*,#3186,.T.);
#3186 = EDGE_CURVE('',#3159,#3187,#3189,.T.);
#3187 = VERTEX_POINT('',#3188);
#3188 = CARTESIAN_POINT('',(-48.96,-64.,2.));
#3189 = SURFACE_CURVE('',#3190,(#3194,#3201),.PCURVE_S1.);
#3190 = LINE('',#3191,#3192);
#3191 = CARTESIAN_POINT('',(-48.96,-64.,6.95));
#3192 = VECTOR('',#3193,1.);
#3193 = DIRECTION('',(0.,0.,-1.));
#3194 = PCURVE('',#3038,#3195);
#3195 = DEFINITIONAL_REPRESENTATION('',(#3196),#3200);
#3196 = LINE('',#3197,#3198);
#3197 = CARTESIAN_POINT('',(3.14159265359,-3.92));
#3198 = VECTOR('',#3199,1.);
#3199 = DIRECTION('',(0.,1.));
#3200 = ( GEOMETRIC_REPRESENTATION_CONTEXT(2) 
PARAMETRIC_REPRESENTATION_CONTEXT() REPRESENTATION_CONTEXT('2D SPACE',''
  ) );
#3201 = PCURVE('',#3202,#3207);
#3202 = PLANE('',#3203);
#3203 = AXIS2_PLACEMENT_3D('',#3204,#3205,#3206);
#3204 = CARTESIAN_POINT('',(-48.96,-64.,3.03));
#3205 = DIRECTION('',(-1.,0.,0.));
#3206 = DIRECTION('',(0.,1.,0.));
#3207 = DEFINITIONAL_REPRESENTATION('',(#3208),#3212);
#3208 = LINE('',#3209,#3210);
#3209 = CARTESIAN_POINT('',(0.,-3.92));
#3210 = VECTOR('',#3211,1.);
#3211 = DIRECTION('',(0.,1.));
#3212 = ( GEOMETRIC_REPRESENTATION_CONTEXT(2) 
PARAMETRIC_REPRESENTATION_CONTEXT() REPRESENTATION_CONTEXT('2D SPACE',''
  ) );
#3213 = ORIENTED_EDGE('',*,*,#3214,.F.);
#3214 = EDGE_CURVE('',#3002,#3187,#3215,.T.);
#3215 = SURFACE_CURVE('',#3216,(#3221,#3228),.PCURVE_S1.);
#3216 = CIRCLE('',#3217,2.38);
#3217 = AXIS2_PLACEMENT_3D('',#3218,#3219,#3220);
#3218 = CARTESIAN_POINT('',(-46.58,-64.,2.));
#3219 = DIRECTION('',(0.,0.,-1.));
#3220 = DIRECTION('',(1.,0.,0.));
#3221 = PCURVE('',#3038,#3222);
#3222 = DEFINITIONAL_REPRESENTATION('',(#3223),#3227);
#3223 = LINE('',#3224,#3225);
#3224 = CARTESIAN_POINT('',(-0.,1.03));
#3225 = VECTOR('',#3226,1.);
#3226 = DIRECTION('',(1.,-0.));
#3227 = ( GEOMETRIC_REPRESENTATION_CONTEXT(2) 
PARAMETRIC_REPRESENTATION_CONTEXT() REPRESENTATION_CONTEXT('2D SPACE',''
  ) );
#3228 = PCURVE('',#2861,#3229);
#3229 = DEFINITIONAL_REPRESENTATION('',(#3230),#3234);
#3230 = CIRCLE('',#3231,2.38);
#3231 = AXIS2_PLACEMENT_2D('',#3232,#3233);
#3232 = CARTESIAN_POINT('',(7.138291349891,-7.130676185619));
#3233 = DIRECTION('',(-1.,0.));
#3234 = ( GEOMETRIC_REPRESENTATION_CONTEXT(2) 
PARAMETRIC_REPRESENTATION_CONTEXT() REPRESENTATION_CONTEXT('2D SPACE',''
  ) );
#3235 = ORIENTED_EDGE('',*,*,#3024,.F.);
#3236 = ADVANCED_FACE('',(#3237),#3202,.F.);
#3237 = FACE_BOUND('',#3238,.F.);
#3238 = EDGE_LOOP('',(#3239,#3262,#3288,#3309));
#3239 = ORIENTED_EDGE('',*,*,#3240,.T.);
#3240 = EDGE_CURVE('',#3159,#3241,#3243,.T.);
#3241 = VERTEX_POINT('',#3242);
#3242 = CARTESIAN_POINT('',(-48.96,-51.31024885476,6.95));
#3243 = SURFACE_CURVE('',#3244,(#3248,#3255),.PCURVE_S1.);
#3244 = LINE('',#3245,#3246);
#3245 = CARTESIAN_POINT('',(-48.96,-64.1,6.95));
#3246 = VECTOR('',#3247,1.);
#3247 = DIRECTION('',(0.,1.,-0.));
#3248 = PCURVE('',#3202,#3249);
#3249 = DEFINITIONAL_REPRESENTATION('',(#3250),#3254);
#3250 = LINE('',#3251,#3252);
#3251 = CARTESIAN_POINT('',(-9.999999999999E-02,-3.92));
#3252 = VECTOR('',#3253,1.);
#3253 = DIRECTION('',(1.,0.));
#3254 = ( GEOMETRIC_REPRESENTATION_CONTEXT(2) 
PARAMETRIC_REPRESENTATION_CONTEXT() REPRESENTATION_CONTEXT('2D SPACE',''
  ) );
#3255 = PCURVE('',#221,#3256);
#3256 = DEFINITIONAL_REPRESENTATION('',(#3257),#3261);
#3257 = LINE('',#3258,#3259);
#3258 = CARTESIAN_POINT('',(-1.48,-15.));
#3259 = VECTOR('',#3260,1.);
#3260 = DIRECTION('',(0.,1.));
#3261 = ( GEOMETRIC_REPRESENTATION_CONTEXT(2) 
PARAMETRIC_REPRESENTATION_CONTEXT() REPRESENTATION_CONTEXT('2D SPACE',''
  ) );
#3262 = ORIENTED_EDGE('',*,*,#3263,.F.);
#3263 = EDGE_CURVE('',#3264,#3241,#3266,.T.);
#3264 = VERTEX_POINT('',#3265);
#3265 = CARTESIAN_POINT('',(-48.96,-51.31024885476,2.));
#3266 = SURFACE_CURVE('',#3267,(#3271,#3277),.PCURVE_S1.);
#3267 = LINE('',#3268,#3269);
#3268 = CARTESIAN_POINT('',(-48.96,-51.31024885476,0.));
#3269 = VECTOR('',#3270,1.);
#3270 = DIRECTION('',(0.,0.,1.));
#3271 = PCURVE('',#3202,#3272);
#3272 = DEFINITIONAL_REPRESENTATION('',(#3273),#3276);
#3273 = B_SPLINE_CURVE_WITH_KNOTS('',1,(#3274,#3275),.UNSPECIFIED.,.F.,
  .F.,(2,2),(1.505,6.9500006),.PIECEWISE_BEZIER_KNOTS.);
#3274 = CARTESIAN_POINT('',(12.689751145233,1.525));
#3275 = CARTESIAN_POINT('',(12.689751145233,-3.9200006));
#3276 = ( GEOMETRIC_REPRESENTATION_CONTEXT(2) 
PARAMETRIC_REPRESENTATION_CONTEXT() REPRESENTATION_CONTEXT('2D SPACE',''
  ) );
#3277 = PCURVE('',#3278,#3283);
#3278 = CYLINDRICAL_SURFACE('',#3279,2.66);
#3279 = AXIS2_PLACEMENT_3D('',#3280,#3281,#3282);
#3280 = CARTESIAN_POINT('',(-47.48,-49.1,0.));
#3281 = DIRECTION('',(0.,0.,1.));
#3282 = DIRECTION('',(1.,0.,-0.));
#3283 = DEFINITIONAL_REPRESENTATION('',(#3284),#3287);
#3284 = B_SPLINE_CURVE_WITH_KNOTS('',1,(#3285,#3286),.UNSPECIFIED.,.F.,
  .F.,(2,2),(1.505,6.9500006),.PIECEWISE_BEZIER_KNOTS.);
#3285 = CARTESIAN_POINT('',(4.122352931009,1.505));
#3286 = CARTESIAN_POINT('',(4.122352931009,6.9500006));
#3287 = ( GEOMETRIC_REPRESENTATION_CONTEXT(2) 
PARAMETRIC_REPRESENTATION_CONTEXT() REPRESENTATION_CONTEXT('2D SPACE',''
  ) );
#3288 = ORIENTED_EDGE('',*,*,#3289,.T.);
#3289 = EDGE_CURVE('',#3264,#3187,#3290,.T.);
#3290 = SURFACE_CURVE('',#3291,(#3295,#3302),.PCURVE_S1.);
#3291 = LINE('',#3292,#3293);
#3292 = CARTESIAN_POINT('',(-48.96,-60.5,2.));
#3293 = VECTOR('',#3294,1.);
#3294 = DIRECTION('',(0.,-1.,0.));
#3295 = PCURVE('',#3202,#3296);
#3296 = DEFINITIONAL_REPRESENTATION('',(#3297),#3301);
#3297 = LINE('',#3298,#3299);
#3298 = CARTESIAN_POINT('',(3.5,1.03));
#3299 = VECTOR('',#3300,1.);
#3300 = DIRECTION('',(-1.,0.));
#3301 = ( GEOMETRIC_REPRESENTATION_CONTEXT(2) 
PARAMETRIC_REPRESENTATION_CONTEXT() REPRESENTATION_CONTEXT('2D SPACE',''
  ) );
#3302 = PCURVE('',#2861,#3303);
#3303 = DEFINITIONAL_REPRESENTATION('',(#3304),#3308);
#3304 = LINE('',#3305,#3306);
#3305 = CARTESIAN_POINT('',(9.518291349891,-3.630676185619));
#3306 = VECTOR('',#3307,1.);
#3307 = DIRECTION('',(0.,-1.));
#3308 = ( GEOMETRIC_REPRESENTATION_CONTEXT(2) 
PARAMETRIC_REPRESENTATION_CONTEXT() REPRESENTATION_CONTEXT('2D SPACE',''
  ) );
#3309 = ORIENTED_EDGE('',*,*,#3186,.F.);
#3310 = ADVANCED_FACE('',(#3311),#3278,.F.);
#3311 = FACE_BOUND('',#3312,.F.);
#3312 = EDGE_LOOP('',(#3313,#3337,#3358,#3384));
#3313 = ORIENTED_EDGE('',*,*,#3314,.F.);
#3314 = EDGE_CURVE('',#3315,#3241,#3317,.T.);
#3315 = VERTEX_POINT('',#3316);
#3316 = CARTESIAN_POINT('',(-49.85,-50.30776653373,6.95));
#3317 = SURFACE_CURVE('',#3318,(#3323,#3330),.PCURVE_S1.);
#3318 = CIRCLE('',#3319,2.66);
#3319 = AXIS2_PLACEMENT_3D('',#3320,#3321,#3322);
#3320 = CARTESIAN_POINT('',(-47.48,-49.1,6.95));
#3321 = DIRECTION('',(0.,0.,1.));
#3322 = DIRECTION('',(1.,0.,-0.));
#3323 = PCURVE('',#3278,#3324);
#3324 = DEFINITIONAL_REPRESENTATION('',(#3325),#3329);
#3325 = LINE('',#3326,#3327);
#3326 = CARTESIAN_POINT('',(0.,6.95));
#3327 = VECTOR('',#3328,1.);
#3328 = DIRECTION('',(1.,0.));
#3329 = ( GEOMETRIC_REPRESENTATION_CONTEXT(2) 
PARAMETRIC_REPRESENTATION_CONTEXT() REPRESENTATION_CONTEXT('2D SPACE',''
  ) );
#3330 = PCURVE('',#221,#3331);
#3331 = DEFINITIONAL_REPRESENTATION('',(#3332),#3336);
#3332 = CIRCLE('',#3333,2.66);
#3333 = AXIS2_PLACEMENT_2D('',#3334,#3335);
#3334 = CARTESIAN_POINT('',(0.,0.));
#3335 = DIRECTION('',(1.,0.));
#3336 = ( GEOMETRIC_REPRESENTATION_CONTEXT(2) 
PARAMETRIC_REPRESENTATION_CONTEXT() REPRESENTATION_CONTEXT('2D SPACE',''
  ) );
#3337 = ORIENTED_EDGE('',*,*,#3338,.F.);
#3338 = EDGE_CURVE('',#3339,#3315,#3341,.T.);
#3339 = VERTEX_POINT('',#3340);
#3340 = CARTESIAN_POINT('',(-49.85,-50.30776653373,2.));
#3341 = SURFACE_CURVE('',#3342,(#3346,#3352),.PCURVE_S1.);
#3342 = LINE('',#3343,#3344);
#3343 = CARTESIAN_POINT('',(-49.85,-50.30776653373,0.));
#3344 = VECTOR('',#3345,1.);
#3345 = DIRECTION('',(0.,0.,1.));
#3346 = PCURVE('',#3278,#3347);
#3347 = DEFINITIONAL_REPRESENTATION('',(#3348),#3351);
#3348 = B_SPLINE_CURVE_WITH_KNOTS('',1,(#3349,#3350),.UNSPECIFIED.,.F.,
  .F.,(2,2),(1.295,6.9500006),.PIECEWISE_BEZIER_KNOTS.);
#3349 = CARTESIAN_POINT('',(3.612895603082,1.295));
#3350 = CARTESIAN_POINT('',(3.612895603082,6.9500006));
#3351 = ( GEOMETRIC_REPRESENTATION_CONTEXT(2) 
PARAMETRIC_REPRESENTATION_CONTEXT() REPRESENTATION_CONTEXT('2D SPACE',''
  ) );
#3352 = PCURVE('',#429,#3353);
#3353 = DEFINITIONAL_REPRESENTATION('',(#3354),#3357);
#3354 = B_SPLINE_CURVE_WITH_KNOTS('',1,(#3355,#3356),.UNSPECIFIED.,.F.,
  .F.,(2,2),(1.295,6.9500006),.PIECEWISE_BEZIER_KNOTS.);
#3355 = CARTESIAN_POINT('',(13.542233466269,1.355));
#3356 = CARTESIAN_POINT('',(13.542233466269,-4.3000006));
#3357 = ( GEOMETRIC_REPRESENTATION_CONTEXT(2) 
PARAMETRIC_REPRESENTATION_CONTEXT() REPRESENTATION_CONTEXT('2D SPACE',''
  ) );
#3358 = ORIENTED_EDGE('',*,*,#3359,.T.);
#3359 = EDGE_CURVE('',#3339,#3264,#3360,.T.);
#3360 = SURFACE_CURVE('',#3361,(#3366,#3373),.PCURVE_S1.);
#3361 = CIRCLE('',#3362,2.66);
#3362 = AXIS2_PLACEMENT_3D('',#3363,#3364,#3365);
#3363 = CARTESIAN_POINT('',(-47.48,-49.1,2.));
#3364 = DIRECTION('',(0.,0.,1.));
#3365 = DIRECTION('',(1.,0.,-0.));
#3366 = PCURVE('',#3278,#3367);
#3367 = DEFINITIONAL_REPRESENTATION('',(#3368),#3372);
#3368 = LINE('',#3369,#3370);
#3369 = CARTESIAN_POINT('',(0.,2.));
#3370 = VECTOR('',#3371,1.);
#3371 = DIRECTION('',(1.,0.));
#3372 = ( GEOMETRIC_REPRESENTATION_CONTEXT(2) 
PARAMETRIC_REPRESENTATION_CONTEXT() REPRESENTATION_CONTEXT('2D SPACE',''
  ) );
#3373 = PCURVE('',#2861,#3374);
#3374 = DEFINITIONAL_REPRESENTATION('',(#3375),#3383);
#3375 = ( BOUNDED_CURVE() B_SPLINE_CURVE(2,(#3376,#3377,#3378,#3379,
#3380,#3381,#3382),.UNSPECIFIED.,.T.,.F.) B_SPLINE_CURVE_WITH_KNOTS((1,2
    ,2,2,2,1),(-2.094395102393,0.,2.094395102393,4.188790204786,
6.28318530718,8.377580409573),.UNSPECIFIED.) CURVE() 
GEOMETRIC_REPRESENTATION_ITEM() RATIONAL_B_SPLINE_CURVE((1.,0.5,1.,0.5,
1.,0.5,1.)) REPRESENTATION_ITEM('') );
#3376 = CARTESIAN_POINT('',(5.378291349891,7.769323814381));
#3377 = CARTESIAN_POINT('',(5.378291349891,12.376578962514));
#3378 = CARTESIAN_POINT('',(9.368291349891,10.072951388448));
#3379 = CARTESIAN_POINT('',(13.358291349891,7.769323814381));
#3380 = CARTESIAN_POINT('',(9.368291349891,5.465696240315));
#3381 = CARTESIAN_POINT('',(5.378291349891,3.162068666248));
#3382 = CARTESIAN_POINT('',(5.378291349891,7.769323814381));
#3383 = ( GEOMETRIC_REPRESENTATION_CONTEXT(2) 
PARAMETRIC_REPRESENTATION_CONTEXT() REPRESENTATION_CONTEXT('2D SPACE',''
  ) );
#3384 = ORIENTED_EDGE('',*,*,#3263,.T.);
#3385 = ADVANCED_FACE('',(#3386),#3120,.T.);
#3386 = FACE_BOUND('',#3387,.T.);
#3387 = EDGE_LOOP('',(#3388,#3389,#3412,#3440));
#3388 = ORIENTED_EDGE('',*,*,#3103,.T.);
#3389 = ORIENTED_EDGE('',*,*,#3390,.T.);
#3390 = EDGE_CURVE('',#3104,#3391,#3393,.T.);
#3391 = VERTEX_POINT('',#3392);
#3392 = CARTESIAN_POINT('',(-49.83220046034,-64.2,7.55));
#3393 = SURFACE_CURVE('',#3394,(#3398,#3405),.PCURVE_S1.);
#3394 = LINE('',#3395,#3396);
#3395 = CARTESIAN_POINT('',(-45.22,-64.2,7.55));
#3396 = VECTOR('',#3397,1.);
#3397 = DIRECTION('',(-1.,0.,0.));
#3398 = PCURVE('',#3120,#3399);
#3399 = DEFINITIONAL_REPRESENTATION('',(#3400),#3404);
#3400 = LINE('',#3401,#3402);
#3401 = CARTESIAN_POINT('',(-5.64,-7.2));
#3402 = VECTOR('',#3403,1.);
#3403 = DIRECTION('',(-1.,0.));
#3404 = ( GEOMETRIC_REPRESENTATION_CONTEXT(2) 
PARAMETRIC_REPRESENTATION_CONTEXT() REPRESENTATION_CONTEXT('2D SPACE',''
  ) );
#3405 = PCURVE('',#490,#3406);
#3406 = DEFINITIONAL_REPRESENTATION('',(#3407),#3411);
#3407 = LINE('',#3408,#3409);
#3408 = CARTESIAN_POINT('',(0.6,5.64));
#3409 = VECTOR('',#3410,1.);
#3410 = DIRECTION('',(0.,-1.));
#3411 = ( GEOMETRIC_REPRESENTATION_CONTEXT(2) 
PARAMETRIC_REPRESENTATION_CONTEXT() REPRESENTATION_CONTEXT('2D SPACE',''
  ) );
#3412 = ORIENTED_EDGE('',*,*,#3413,.F.);
#3413 = EDGE_CURVE('',#3414,#3391,#3416,.T.);
#3414 = VERTEX_POINT('',#3415);
#3415 = CARTESIAN_POINT('',(-46.78,-67.27900860308,7.55));
#3416 = SURFACE_CURVE('',#3417,(#3422,#3433),.PCURVE_S1.);
#3417 = CIRCLE('',#3418,3.45);
#3418 = AXIS2_PLACEMENT_3D('',#3419,#3420,#3421);
#3419 = CARTESIAN_POINT('',(-46.4,-63.85,7.55));
#3420 = DIRECTION('',(0.,0.,-1.));
#3421 = DIRECTION('',(1.,0.,0.));
#3422 = PCURVE('',#3120,#3423);
#3423 = DEFINITIONAL_REPRESENTATION('',(#3424),#3432);
#3424 = ( BOUNDED_CURVE() B_SPLINE_CURVE(2,(#3425,#3426,#3427,#3428,
#3429,#3430,#3431),.UNSPECIFIED.,.T.,.F.) B_SPLINE_CURVE_WITH_KNOTS((1,2
    ,2,2,2,1),(-2.094395102393,0.,2.094395102393,4.188790204786,
6.28318530718,8.377580409573),.UNSPECIFIED.) CURVE() 
GEOMETRIC_REPRESENTATION_ITEM() RATIONAL_B_SPLINE_CURVE((1.,0.5,1.,0.5,
1.,0.5,1.)) REPRESENTATION_ITEM('') );
#3425 = CARTESIAN_POINT('',(-3.37,-6.85));
#3426 = CARTESIAN_POINT('',(-3.37,-12.82557528611));
#3427 = CARTESIAN_POINT('',(-8.545,-9.837787643056));
#3428 = CARTESIAN_POINT('',(-13.72,-6.85));
#3429 = CARTESIAN_POINT('',(-8.545,-3.862212356944));
#3430 = CARTESIAN_POINT('',(-3.37,-0.874424713887));
#3431 = CARTESIAN_POINT('',(-3.37,-6.85));
#3432 = ( GEOMETRIC_REPRESENTATION_CONTEXT(2) 
PARAMETRIC_REPRESENTATION_CONTEXT() REPRESENTATION_CONTEXT('2D SPACE',''
  ) );
#3433 = PCURVE('',#462,#3434);
#3434 = DEFINITIONAL_REPRESENTATION('',(#3435),#3439);
#3435 = LINE('',#3436,#3437);
#3436 = CARTESIAN_POINT('',(-4.138911435803E-13,-4.9));
#3437 = VECTOR('',#3438,1.);
#3438 = DIRECTION('',(1.,-0.));
#3439 = ( GEOMETRIC_REPRESENTATION_CONTEXT(2) 
PARAMETRIC_REPRESENTATION_CONTEXT() REPRESENTATION_CONTEXT('2D SPACE',''
  ) );
#3440 = ORIENTED_EDGE('',*,*,#3441,.T.);
#3441 = EDGE_CURVE('',#3414,#3082,#3442,.T.);
#3442 = SURFACE_CURVE('',#3443,(#3447,#3454),.PCURVE_S1.);
#3443 = LINE('',#3444,#3445);
#3444 = CARTESIAN_POINT('',(-46.78,-62.64,7.55));
#3445 = VECTOR('',#3446,1.);
#3446 = DIRECTION('',(0.,1.,0.));
#3447 = PCURVE('',#3120,#3448);
#3448 = DEFINITIONAL_REPRESENTATION('',(#3449),#3453);
#3449 = LINE('',#3450,#3451);
#3450 = CARTESIAN_POINT('',(-7.2,-5.64));
#3451 = VECTOR('',#3452,1.);
#3452 = DIRECTION('',(0.,1.));
#3453 = ( GEOMETRIC_REPRESENTATION_CONTEXT(2) 
PARAMETRIC_REPRESENTATION_CONTEXT() REPRESENTATION_CONTEXT('2D SPACE',''
  ) );
#3454 = PCURVE('',#518,#3455);
#3455 = DEFINITIONAL_REPRESENTATION('',(#3456),#3460);
#3456 = LINE('',#3457,#3458);
#3457 = CARTESIAN_POINT('',(0.6,-5.64));
#3458 = VECTOR('',#3459,1.);
#3459 = DIRECTION('',(0.,-1.));
#3460 = ( GEOMETRIC_REPRESENTATION_CONTEXT(2) 
PARAMETRIC_REPRESENTATION_CONTEXT() REPRESENTATION_CONTEXT('2D SPACE',''
  ) );
#3461 = ADVANCED_FACE('',(#3462),#2861,.T.);
#3462 = FACE_BOUND('',#3463,.T.);
#3463 = EDGE_LOOP('',(#3464,#3487,#3488,#3489,#3490,#3491,#3492,#3493));
#3464 = ORIENTED_EDGE('',*,*,#3465,.F.);
#3465 = EDGE_CURVE('',#3339,#3466,#3468,.T.);
#3466 = VERTEX_POINT('',#3467);
#3467 = CARTESIAN_POINT('',(-49.85,-63.85,2.));
#3468 = SURFACE_CURVE('',#3469,(#3473,#3480),.PCURVE_S1.);
#3469 = LINE('',#3470,#3471);
#3470 = CARTESIAN_POINT('',(-49.85,-60.425,2.));
#3471 = VECTOR('',#3472,1.);
#3472 = DIRECTION('',(0.,-1.,0.));
#3473 = PCURVE('',#2861,#3474);
#3474 = DEFINITIONAL_REPRESENTATION('',(#3475),#3479);
#3475 = LINE('',#3476,#3477);
#3476 = CARTESIAN_POINT('',(10.408291349891,-3.555676185619));
#3477 = VECTOR('',#3478,1.);
#3478 = DIRECTION('',(0.,-1.));
#3479 = ( GEOMETRIC_REPRESENTATION_CONTEXT(2) 
PARAMETRIC_REPRESENTATION_CONTEXT() REPRESENTATION_CONTEXT('2D SPACE',''
  ) );
#3480 = PCURVE('',#429,#3481);
#3481 = DEFINITIONAL_REPRESENTATION('',(#3482),#3486);
#3482 = LINE('',#3483,#3484);
#3483 = CARTESIAN_POINT('',(3.425,0.65));
#3484 = VECTOR('',#3485,1.);
#3485 = DIRECTION('',(-1.,0.));
#3486 = ( GEOMETRIC_REPRESENTATION_CONTEXT(2) 
PARAMETRIC_REPRESENTATION_CONTEXT() REPRESENTATION_CONTEXT('2D SPACE',''
  ) );
#3487 = ORIENTED_EDGE('',*,*,#3359,.T.);
#3488 = ORIENTED_EDGE('',*,*,#3289,.T.);
#3489 = ORIENTED_EDGE('',*,*,#3214,.F.);
#3490 = ORIENTED_EDGE('',*,*,#3001,.F.);
#3491 = ORIENTED_EDGE('',*,*,#2947,.T.);
#3492 = ORIENTED_EDGE('',*,*,#2845,.T.);
#3493 = ORIENTED_EDGE('',*,*,#3494,.T.);
#3494 = EDGE_CURVE('',#2846,#3466,#3495,.T.);
#3495 = SURFACE_CURVE('',#3496,(#3501,#3508),.PCURVE_S1.);
#3496 = CIRCLE('',#3497,3.45);
#3497 = AXIS2_PLACEMENT_3D('',#3498,#3499,#3500);
#3498 = CARTESIAN_POINT('',(-46.4,-63.85,2.));
#3499 = DIRECTION('',(0.,0.,-1.));
#3500 = DIRECTION('',(1.,0.,0.));
#3501 = PCURVE('',#2861,#3502);
#3502 = DEFINITIONAL_REPRESENTATION('',(#3503),#3507);
#3503 = CIRCLE('',#3504,3.45);
#3504 = AXIS2_PLACEMENT_2D('',#3505,#3506);
#3505 = CARTESIAN_POINT('',(6.958291349891,-6.980676185619));
#3506 = DIRECTION('',(-1.,0.));
#3507 = ( GEOMETRIC_REPRESENTATION_CONTEXT(2) 
PARAMETRIC_REPRESENTATION_CONTEXT() REPRESENTATION_CONTEXT('2D SPACE',''
  ) );
#3508 = PCURVE('',#462,#3509);
#3509 = DEFINITIONAL_REPRESENTATION('',(#3510),#3514);
#3510 = LINE('',#3511,#3512);
#3511 = CARTESIAN_POINT('',(-0.,0.65));
#3512 = VECTOR('',#3513,1.);
#3513 = DIRECTION('',(1.,-0.));
#3514 = ( GEOMETRIC_REPRESENTATION_CONTEXT(2) 
PARAMETRIC_REPRESENTATION_CONTEXT() REPRESENTATION_CONTEXT('2D SPACE',''
  ) );
#3515 = ADVANCED_FACE('',(#3516),#518,.F.);
#3516 = FACE_BOUND('',#3517,.F.);
#3517 = EDGE_LOOP('',(#3518,#3519,#3539,#3540,#3541,#3564));
#3518 = ORIENTED_EDGE('',*,*,#502,.F.);
#3519 = ORIENTED_EDGE('',*,*,#3520,.T.);
#3520 = EDGE_CURVE('',#503,#3414,#3521,.T.);
#3521 = SURFACE_CURVE('',#3522,(#3526,#3533),.PCURVE_S1.);
#3522 = LINE('',#3523,#3524);
#3523 = CARTESIAN_POINT('',(-46.78,-67.27900860308,2.65));
#3524 = VECTOR('',#3525,1.);
#3525 = DIRECTION('',(-0.,-0.,-1.));
#3526 = PCURVE('',#518,#3527);
#3527 = DEFINITIONAL_REPRESENTATION('',(#3528),#3532);
#3528 = LINE('',#3529,#3530);
#3529 = CARTESIAN_POINT('',(-4.3,-1.00099139692));
#3530 = VECTOR('',#3531,1.);
#3531 = DIRECTION('',(-1.,0.));
#3532 = ( GEOMETRIC_REPRESENTATION_CONTEXT(2) 
PARAMETRIC_REPRESENTATION_CONTEXT() REPRESENTATION_CONTEXT('2D SPACE',''
  ) );
#3533 = PCURVE('',#462,#3534);
#3534 = DEFINITIONAL_REPRESENTATION('',(#3535),#3538);
#3535 = B_SPLINE_CURVE_WITH_KNOTS('',1,(#3536,#3537),.UNSPECIFIED.,.F.,
  .F.,(2,2),(-6.61,-4.09),.PIECEWISE_BEZIER_KNOTS.);
#3536 = CARTESIAN_POINT('',(1.681165190346,-6.61));
#3537 = CARTESIAN_POINT('',(1.681165190346,-4.09));
#3538 = ( GEOMETRIC_REPRESENTATION_CONTEXT(2) 
PARAMETRIC_REPRESENTATION_CONTEXT() REPRESENTATION_CONTEXT('2D SPACE',''
  ) );
#3539 = ORIENTED_EDGE('',*,*,#3441,.T.);
#3540 = ORIENTED_EDGE('',*,*,#3081,.T.);
#3541 = ORIENTED_EDGE('',*,*,#3542,.T.);
#3542 = EDGE_CURVE('',#3054,#3543,#3545,.T.);
#3543 = VERTEX_POINT('',#3544);
#3544 = CARTESIAN_POINT('',(-46.78,-64.2,6.95));
#3545 = SURFACE_CURVE('',#3546,(#3550,#3557),.PCURVE_S1.);
#3546 = LINE('',#3547,#3548);
#3547 = CARTESIAN_POINT('',(-46.78,-68.28,6.95));
#3548 = VECTOR('',#3549,1.);
#3549 = DIRECTION('',(0.,1.,0.));
#3550 = PCURVE('',#518,#3551);
#3551 = DEFINITIONAL_REPRESENTATION('',(#3552),#3556);
#3552 = LINE('',#3553,#3554);
#3553 = CARTESIAN_POINT('',(0.,0.));
#3554 = VECTOR('',#3555,1.);
#3555 = DIRECTION('',(0.,-1.));
#3556 = ( GEOMETRIC_REPRESENTATION_CONTEXT(2) 
PARAMETRIC_REPRESENTATION_CONTEXT() REPRESENTATION_CONTEXT('2D SPACE',''
  ) );
#3557 = PCURVE('',#221,#3558);
#3558 = DEFINITIONAL_REPRESENTATION('',(#3559),#3563);
#3559 = LINE('',#3560,#3561);
#3560 = CARTESIAN_POINT('',(0.7,-19.18));
#3561 = VECTOR('',#3562,1.);
#3562 = DIRECTION('',(0.,1.));
#3563 = ( GEOMETRIC_REPRESENTATION_CONTEXT(2) 
PARAMETRIC_REPRESENTATION_CONTEXT() REPRESENTATION_CONTEXT('2D SPACE',''
  ) );
#3564 = ORIENTED_EDGE('',*,*,#3565,.F.);
#3565 = EDGE_CURVE('',#475,#3543,#3566,.T.);
#3566 = SURFACE_CURVE('',#3567,(#3571,#3578),.PCURVE_S1.);
#3567 = LINE('',#3568,#3569);
#3568 = CARTESIAN_POINT('',(-46.78,-64.2,6.95));
#3569 = VECTOR('',#3570,1.);
#3570 = DIRECTION('',(0.,0.,-1.));
#3571 = PCURVE('',#518,#3572);
#3572 = DEFINITIONAL_REPRESENTATION('',(#3573),#3577);
#3573 = LINE('',#3574,#3575);
#3574 = CARTESIAN_POINT('',(0.,-4.08));
#3575 = VECTOR('',#3576,1.);
#3576 = DIRECTION('',(-1.,0.));
#3577 = ( GEOMETRIC_REPRESENTATION_CONTEXT(2) 
PARAMETRIC_REPRESENTATION_CONTEXT() REPRESENTATION_CONTEXT('2D SPACE',''
  ) );
#3578 = PCURVE('',#490,#3579);
#3579 = DEFINITIONAL_REPRESENTATION('',(#3580),#3584);
#3580 = LINE('',#3581,#3582);
#3581 = CARTESIAN_POINT('',(0.,4.08));
#3582 = VECTOR('',#3583,1.);
#3583 = DIRECTION('',(-1.,0.));
#3584 = ( GEOMETRIC_REPRESENTATION_CONTEXT(2) 
PARAMETRIC_REPRESENTATION_CONTEXT() REPRESENTATION_CONTEXT('2D SPACE',''
  ) );
#3585 = ADVANCED_FACE('',(#3586),#490,.F.);
#3586 = FACE_BOUND('',#3587,.F.);
#3587 = EDGE_LOOP('',(#3588,#3609,#3610,#3611,#3631,#3632));
#3588 = ORIENTED_EDGE('',*,*,#3589,.F.);
#3589 = EDGE_CURVE('',#3137,#3543,#3590,.T.);
#3590 = SURFACE_CURVE('',#3591,(#3595,#3602),.PCURVE_S1.);
#3591 = LINE('',#3592,#3593);
#3592 = CARTESIAN_POINT('',(-50.86,-64.2,6.95));
#3593 = VECTOR('',#3594,1.);
#3594 = DIRECTION('',(1.,0.,0.));
#3595 = PCURVE('',#490,#3596);
#3596 = DEFINITIONAL_REPRESENTATION('',(#3597),#3601);
#3597 = LINE('',#3598,#3599);
#3598 = CARTESIAN_POINT('',(0.,0.));
#3599 = VECTOR('',#3600,1.);
#3600 = DIRECTION('',(0.,1.));
#3601 = ( GEOMETRIC_REPRESENTATION_CONTEXT(2) 
PARAMETRIC_REPRESENTATION_CONTEXT() REPRESENTATION_CONTEXT('2D SPACE',''
  ) );
#3602 = PCURVE('',#221,#3603);
#3603 = DEFINITIONAL_REPRESENTATION('',(#3604),#3608);
#3604 = LINE('',#3605,#3606);
#3605 = CARTESIAN_POINT('',(-3.38,-15.1));
#3606 = VECTOR('',#3607,1.);
#3607 = DIRECTION('',(1.,0.));
#3608 = ( GEOMETRIC_REPRESENTATION_CONTEXT(2) 
PARAMETRIC_REPRESENTATION_CONTEXT() REPRESENTATION_CONTEXT('2D SPACE',''
  ) );
#3609 = ORIENTED_EDGE('',*,*,#3136,.F.);
#3610 = ORIENTED_EDGE('',*,*,#3390,.T.);
#3611 = ORIENTED_EDGE('',*,*,#3612,.F.);
#3612 = EDGE_CURVE('',#442,#3391,#3613,.T.);
#3613 = SURFACE_CURVE('',#3614,(#3618,#3625),.PCURVE_S1.);
#3614 = LINE('',#3615,#3616);
#3615 = CARTESIAN_POINT('',(-49.83220046034,-64.2,2.65));
#3616 = VECTOR('',#3617,1.);
#3617 = DIRECTION('',(-0.,-0.,-1.));
#3618 = PCURVE('',#490,#3619);
#3619 = DEFINITIONAL_REPRESENTATION('',(#3620),#3624);
#3620 = LINE('',#3621,#3622);
#3621 = CARTESIAN_POINT('',(-4.3,1.02779953966));
#3622 = VECTOR('',#3623,1.);
#3623 = DIRECTION('',(-1.,0.));
#3624 = ( GEOMETRIC_REPRESENTATION_CONTEXT(2) 
PARAMETRIC_REPRESENTATION_CONTEXT() REPRESENTATION_CONTEXT('2D SPACE',''
  ) );
#3625 = PCURVE('',#462,#3626);
#3626 = DEFINITIONAL_REPRESENTATION('',(#3627),#3630);
#3627 = B_SPLINE_CURVE_WITH_KNOTS('',1,(#3628,#3629),.UNSPECIFIED.,.F.,
  .F.,(2,2),(-6.61,-4.09),.PIECEWISE_BEZIER_KNOTS.);
#3628 = CARTESIAN_POINT('',(3.039968548739,-6.61));
#3629 = CARTESIAN_POINT('',(3.039968548739,-4.09));
#3630 = ( GEOMETRIC_REPRESENTATION_CONTEXT(2) 
PARAMETRIC_REPRESENTATION_CONTEXT() REPRESENTATION_CONTEXT('2D SPACE',''
  ) );
#3631 = ORIENTED_EDGE('',*,*,#474,.T.);
#3632 = ORIENTED_EDGE('',*,*,#3565,.T.);
#3633 = ADVANCED_FACE('',(#3634),#462,.T.);
#3634 = FACE_BOUND('',#3635,.T.);
#3635 = EDGE_LOOP('',(#3636,#3637,#3638,#3639,#3640,#3641,#3662,#3663));
#3636 = ORIENTED_EDGE('',*,*,#530,.T.);
#3637 = ORIENTED_EDGE('',*,*,#3520,.T.);
#3638 = ORIENTED_EDGE('',*,*,#3413,.T.);
#3639 = ORIENTED_EDGE('',*,*,#3612,.F.);
#3640 = ORIENTED_EDGE('',*,*,#441,.T.);
#3641 = ORIENTED_EDGE('',*,*,#3642,.F.);
#3642 = EDGE_CURVE('',#3466,#414,#3643,.T.);
#3643 = SURFACE_CURVE('',#3644,(#3648,#3655),.PCURVE_S1.);
#3644 = LINE('',#3645,#3646);
#3645 = CARTESIAN_POINT('',(-49.85,-63.85,2.));
#3646 = VECTOR('',#3647,1.);
#3647 = DIRECTION('',(0.,0.,1.));
#3648 = PCURVE('',#462,#3649);
#3649 = DEFINITIONAL_REPRESENTATION('',(#3650),#3654);
#3650 = LINE('',#3651,#3652);
#3651 = CARTESIAN_POINT('',(3.14159265359,0.65));
#3652 = VECTOR('',#3653,1.);
#3653 = DIRECTION('',(0.,-1.));
#3654 = ( GEOMETRIC_REPRESENTATION_CONTEXT(2) 
PARAMETRIC_REPRESENTATION_CONTEXT() REPRESENTATION_CONTEXT('2D SPACE',''
  ) );
#3655 = PCURVE('',#429,#3656);
#3656 = DEFINITIONAL_REPRESENTATION('',(#3657),#3661);
#3657 = LINE('',#3658,#3659);
#3658 = CARTESIAN_POINT('',(0.,0.65));
#3659 = VECTOR('',#3660,1.);
#3660 = DIRECTION('',(0.,-1.));
#3661 = ( GEOMETRIC_REPRESENTATION_CONTEXT(2) 
PARAMETRIC_REPRESENTATION_CONTEXT() REPRESENTATION_CONTEXT('2D SPACE',''
  ) );
#3662 = ORIENTED_EDGE('',*,*,#3494,.F.);
#3663 = ORIENTED_EDGE('',*,*,#2873,.T.);
#3664 = ADVANCED_FACE('',(#3665),#429,.T.);
#3665 = FACE_BOUND('',#3666,.T.);
#3666 = EDGE_LOOP('',(#3667,#3668,#3691,#3719,#3747,#3767,#3768,#3769));
#3667 = ORIENTED_EDGE('',*,*,#413,.F.);
#3668 = ORIENTED_EDGE('',*,*,#3669,.F.);
#3669 = EDGE_CURVE('',#3670,#386,#3672,.T.);
#3670 = VERTEX_POINT('',#3671);
#3671 = CARTESIAN_POINT('',(-49.85,-49.8,7.55));
#3672 = SURFACE_CURVE('',#3673,(#3677,#3684),.PCURVE_S1.);
#3673 = LINE('',#3674,#3675);
#3674 = CARTESIAN_POINT('',(-49.85,-49.8,4.8));
#3675 = VECTOR('',#3676,1.);
#3676 = DIRECTION('',(0.,-0.,1.));
#3677 = PCURVE('',#429,#3678);
#3678 = DEFINITIONAL_REPRESENTATION('',(#3679),#3683);
#3679 = LINE('',#3680,#3681);
#3680 = CARTESIAN_POINT('',(14.05,-2.15));
#3681 = VECTOR('',#3682,1.);
#3682 = DIRECTION('',(0.,-1.));
#3683 = ( GEOMETRIC_REPRESENTATION_CONTEXT(2) 
PARAMETRIC_REPRESENTATION_CONTEXT() REPRESENTATION_CONTEXT('2D SPACE',''
  ) );
#3684 = PCURVE('',#401,#3685);
#3685 = DEFINITIONAL_REPRESENTATION('',(#3686),#3690);
#3686 = LINE('',#3687,#3688);
#3687 = CARTESIAN_POINT('',(-2.15,1.01));
#3688 = VECTOR('',#3689,1.);
#3689 = DIRECTION('',(1.,0.));
#3690 = ( GEOMETRIC_REPRESENTATION_CONTEXT(2) 
PARAMETRIC_REPRESENTATION_CONTEXT() REPRESENTATION_CONTEXT('2D SPACE',''
  ) );
#3691 = ORIENTED_EDGE('',*,*,#3692,.F.);
#3692 = EDGE_CURVE('',#3693,#3670,#3695,.T.);
#3693 = VERTEX_POINT('',#3694);
#3694 = CARTESIAN_POINT('',(-49.85,-48.54277661287,7.55));
#3695 = SURFACE_CURVE('',#3696,(#3700,#3707),.PCURVE_S1.);
#3696 = LINE('',#3697,#3698);
#3697 = CARTESIAN_POINT('',(-49.85,-60.425,7.55));
#3698 = VECTOR('',#3699,1.);
#3699 = DIRECTION('',(0.,-1.,0.));
#3700 = PCURVE('',#429,#3701);
#3701 = DEFINITIONAL_REPRESENTATION('',(#3702),#3706);
#3702 = LINE('',#3703,#3704);
#3703 = CARTESIAN_POINT('',(3.425,-4.9));
#3704 = VECTOR('',#3705,1.);
#3705 = DIRECTION('',(-1.,0.));
#3706 = ( GEOMETRIC_REPRESENTATION_CONTEXT(2) 
PARAMETRIC_REPRESENTATION_CONTEXT() REPRESENTATION_CONTEXT('2D SPACE',''
  ) );
#3707 = PCURVE('',#3708,#3713);
#3708 = PLANE('',#3709);
#3709 = AXIS2_PLACEMENT_3D('',#3710,#3711,#3712);
#3710 = CARTESIAN_POINT('',(-39.58,-57.,7.55));
#3711 = DIRECTION('',(0.,0.,1.));
#3712 = DIRECTION('',(1.,0.,-0.));
#3713 = DEFINITIONAL_REPRESENTATION('',(#3714),#3718);
#3714 = LINE('',#3715,#3716);
#3715 = CARTESIAN_POINT('',(-10.27,-3.425));
#3716 = VECTOR('',#3717,1.);
#3717 = DIRECTION('',(0.,-1.));
#3718 = ( GEOMETRIC_REPRESENTATION_CONTEXT(2) 
PARAMETRIC_REPRESENTATION_CONTEXT() REPRESENTATION_CONTEXT('2D SPACE',''
  ) );
#3719 = ORIENTED_EDGE('',*,*,#3720,.F.);
#3720 = EDGE_CURVE('',#3721,#3693,#3723,.T.);
#3721 = VERTEX_POINT('',#3722);
#3722 = CARTESIAN_POINT('',(-49.85,-48.54277661287,6.95));
#3723 = SURFACE_CURVE('',#3724,(#3728,#3735),.PCURVE_S1.);
#3724 = LINE('',#3725,#3726);
#3725 = CARTESIAN_POINT('',(-49.85,-48.54277661287,2.));
#3726 = VECTOR('',#3727,1.);
#3727 = DIRECTION('',(0.,0.,1.));
#3728 = PCURVE('',#429,#3729);
#3729 = DEFINITIONAL_REPRESENTATION('',(#3730),#3734);
#3730 = LINE('',#3731,#3732);
#3731 = CARTESIAN_POINT('',(15.30722338713,0.65));
#3732 = VECTOR('',#3733,1.);
#3733 = DIRECTION('',(0.,-1.));
#3734 = ( GEOMETRIC_REPRESENTATION_CONTEXT(2) 
PARAMETRIC_REPRESENTATION_CONTEXT() REPRESENTATION_CONTEXT('2D SPACE',''
  ) );
#3735 = PCURVE('',#3736,#3741);
#3736 = CYLINDRICAL_SURFACE('',#3737,3.58);
#3737 = AXIS2_PLACEMENT_3D('',#3738,#3739,#3740);
#3738 = CARTESIAN_POINT('',(-46.58,-50.,3.15));
#3739 = DIRECTION('',(-0.,-0.,-1.));
#3740 = DIRECTION('',(1.,0.,0.));
#3741 = DEFINITIONAL_REPRESENTATION('',(#3742),#3746);
#3742 = LINE('',#3743,#3744);
#3743 = CARTESIAN_POINT('',(3.560809937546,1.15));
#3744 = VECTOR('',#3745,1.);
#3745 = DIRECTION('',(-0.,-1.));
#3746 = ( GEOMETRIC_REPRESENTATION_CONTEXT(2) 
PARAMETRIC_REPRESENTATION_CONTEXT() REPRESENTATION_CONTEXT('2D SPACE',''
  ) );
#3747 = ORIENTED_EDGE('',*,*,#3748,.F.);
#3748 = EDGE_CURVE('',#3315,#3721,#3749,.T.);
#3749 = SURFACE_CURVE('',#3750,(#3754,#3760),.PCURVE_S1.);
#3750 = LINE('',#3751,#3752);
#3751 = CARTESIAN_POINT('',(-49.85,-56.475,6.95));
#3752 = VECTOR('',#3753,1.);
#3753 = DIRECTION('',(0.,1.,-0.));
#3754 = PCURVE('',#429,#3755);
#3755 = DEFINITIONAL_REPRESENTATION('',(#3756),#3759);
#3756 = B_SPLINE_CURVE_WITH_KNOTS('',1,(#3757,#3758),.UNSPECIFIED.,.F.,
  .F.,(2,2),(4.715,7.93222338713),.PIECEWISE_BEZIER_KNOTS.);
#3757 = CARTESIAN_POINT('',(12.09,-4.3));
#3758 = CARTESIAN_POINT('',(15.30722338713,-4.3));
#3759 = ( GEOMETRIC_REPRESENTATION_CONTEXT(2) 
PARAMETRIC_REPRESENTATION_CONTEXT() REPRESENTATION_CONTEXT('2D SPACE',''
  ) );
#3760 = PCURVE('',#221,#3761);
#3761 = DEFINITIONAL_REPRESENTATION('',(#3762),#3766);
#3762 = LINE('',#3763,#3764);
#3763 = CARTESIAN_POINT('',(-2.37,-7.375));
#3764 = VECTOR('',#3765,1.);
#3765 = DIRECTION('',(0.,1.));
#3766 = ( GEOMETRIC_REPRESENTATION_CONTEXT(2) 
PARAMETRIC_REPRESENTATION_CONTEXT() REPRESENTATION_CONTEXT('2D SPACE',''
  ) );
#3767 = ORIENTED_EDGE('',*,*,#3338,.F.);
#3768 = ORIENTED_EDGE('',*,*,#3465,.T.);
#3769 = ORIENTED_EDGE('',*,*,#3642,.T.);
#3770 = ADVANCED_FACE('',(#3771),#3708,.T.);
#3771 = FACE_BOUND('',#3772,.T.);
#3772 = EDGE_LOOP('',(#3773,#3796,#3817,#3839));
#3773 = ORIENTED_EDGE('',*,*,#3774,.F.);
#3774 = EDGE_CURVE('',#3775,#3670,#3777,.T.);
#3775 = VERTEX_POINT('',#3776);
#3776 = CARTESIAN_POINT('',(-49.75,-49.8,7.55));
#3777 = SURFACE_CURVE('',#3778,(#3782,#3789),.PCURVE_S1.);
#3778 = LINE('',#3779,#3780);
#3779 = CARTESIAN_POINT('',(-45.22,-49.8,7.55));
#3780 = VECTOR('',#3781,1.);
#3781 = DIRECTION('',(-1.,0.,0.));
#3782 = PCURVE('',#3708,#3783);
#3783 = DEFINITIONAL_REPRESENTATION('',(#3784),#3788);
#3784 = LINE('',#3785,#3786);
#3785 = CARTESIAN_POINT('',(-5.64,7.2));
#3786 = VECTOR('',#3787,1.);
#3787 = DIRECTION('',(-1.,0.));
#3788 = ( GEOMETRIC_REPRESENTATION_CONTEXT(2) 
PARAMETRIC_REPRESENTATION_CONTEXT() REPRESENTATION_CONTEXT('2D SPACE',''
  ) );
#3789 = PCURVE('',#401,#3790);
#3790 = DEFINITIONAL_REPRESENTATION('',(#3791),#3795);
#3791 = LINE('',#3792,#3793);
#3792 = CARTESIAN_POINT('',(0.6,5.64));
#3793 = VECTOR('',#3794,1.);
#3794 = DIRECTION('',(0.,-1.));
#3795 = ( GEOMETRIC_REPRESENTATION_CONTEXT(2) 
PARAMETRIC_REPRESENTATION_CONTEXT() REPRESENTATION_CONTEXT('2D SPACE',''
  ) );
#3796 = ORIENTED_EDGE('',*,*,#3797,.T.);
#3797 = EDGE_CURVE('',#3775,#3798,#3800,.T.);
#3798 = VERTEX_POINT('',#3799);
#3799 = CARTESIAN_POINT('',(-49.75,-48.33641952403,7.55));
#3800 = SURFACE_CURVE('',#3801,(#3805,#3811),.PCURVE_S1.);
#3801 = LINE('',#3802,#3803);
#3802 = CARTESIAN_POINT('',(-49.75,-62.1,7.55));
#3803 = VECTOR('',#3804,1.);
#3804 = DIRECTION('',(-0.,1.,0.));
#3805 = PCURVE('',#3708,#3806);
#3806 = DEFINITIONAL_REPRESENTATION('',(#3807),#3810);
#3807 = B_SPLINE_CURVE_WITH_KNOTS('',1,(#3808,#3809),.UNSPECIFIED.,.F.,
  .F.,(2,2),(12.3,14.047425415006),.PIECEWISE_BEZIER_KNOTS.);
#3808 = CARTESIAN_POINT('',(-10.17,7.2));
#3809 = CARTESIAN_POINT('',(-10.17,8.947425415006));
#3810 = ( GEOMETRIC_REPRESENTATION_CONTEXT(2) 
PARAMETRIC_REPRESENTATION_CONTEXT() REPRESENTATION_CONTEXT('2D SPACE',''
  ) );
#3811 = PCURVE('',#374,#3812);
#3812 = DEFINITIONAL_REPRESENTATION('',(#3813),#3816);
#3813 = B_SPLINE_CURVE_WITH_KNOTS('',1,(#3814,#3815),.UNSPECIFIED.,.F.,
  .F.,(2,2),(12.3,14.047425415006),.PIECEWISE_BEZIER_KNOTS.);
#3814 = CARTESIAN_POINT('',(7.55,-17.4));
#3815 = CARTESIAN_POINT('',(7.55,-19.147425415));
#3816 = ( GEOMETRIC_REPRESENTATION_CONTEXT(2) 
PARAMETRIC_REPRESENTATION_CONTEXT() REPRESENTATION_CONTEXT('2D SPACE',''
  ) );
#3817 = ORIENTED_EDGE('',*,*,#3818,.T.);
#3818 = EDGE_CURVE('',#3798,#3693,#3819,.T.);
#3819 = SURFACE_CURVE('',#3820,(#3825,#3832),.PCURVE_S1.);
#3820 = CIRCLE('',#3821,3.58);
#3821 = AXIS2_PLACEMENT_3D('',#3822,#3823,#3824);
#3822 = CARTESIAN_POINT('',(-46.58,-50.,7.55));
#3823 = DIRECTION('',(0.,0.,1.));
#3824 = DIRECTION('',(1.,0.,-0.));
#3825 = PCURVE('',#3708,#3826);
#3826 = DEFINITIONAL_REPRESENTATION('',(#3827),#3831);
#3827 = CIRCLE('',#3828,3.58);
#3828 = AXIS2_PLACEMENT_2D('',#3829,#3830);
#3829 = CARTESIAN_POINT('',(-7.,7.));
#3830 = DIRECTION('',(1.,0.));
#3831 = ( GEOMETRIC_REPRESENTATION_CONTEXT(2) 
PARAMETRIC_REPRESENTATION_CONTEXT() REPRESENTATION_CONTEXT('2D SPACE',''
  ) );
#3832 = PCURVE('',#3736,#3833);
#3833 = DEFINITIONAL_REPRESENTATION('',(#3834),#3838);
#3834 = LINE('',#3835,#3836);
#3835 = CARTESIAN_POINT('',(6.28318530718,-4.4));
#3836 = VECTOR('',#3837,1.);
#3837 = DIRECTION('',(-1.,0.));
#3838 = ( GEOMETRIC_REPRESENTATION_CONTEXT(2) 
PARAMETRIC_REPRESENTATION_CONTEXT() REPRESENTATION_CONTEXT('2D SPACE',''
  ) );
#3839 = ORIENTED_EDGE('',*,*,#3692,.T.);
#3840 = ADVANCED_FACE('',(#3841),#3736,.T.);
#3841 = FACE_BOUND('',#3842,.T.);
#3842 = EDGE_LOOP('',(#3843,#3844,#3865,#3891));
#3843 = ORIENTED_EDGE('',*,*,#3818,.F.);
#3844 = ORIENTED_EDGE('',*,*,#3845,.T.);
#3845 = EDGE_CURVE('',#3798,#3846,#3848,.T.);
#3846 = VERTEX_POINT('',#3847);
#3847 = CARTESIAN_POINT('',(-49.75,-48.33641952403,6.95));
#3848 = SURFACE_CURVE('',#3849,(#3853,#3859),.PCURVE_S1.);
#3849 = LINE('',#3850,#3851);
#3850 = CARTESIAN_POINT('',(-49.75,-48.33641952403,3.15));
#3851 = VECTOR('',#3852,1.);
#3852 = DIRECTION('',(-0.,-0.,-1.));
#3853 = PCURVE('',#3736,#3854);
#3854 = DEFINITIONAL_REPRESENTATION('',(#3855),#3858);
#3855 = B_SPLINE_CURVE_WITH_KNOTS('',1,(#3856,#3857),.UNSPECIFIED.,.F.,
  .F.,(2,2),(-5.9000006,-3.59),.PIECEWISE_BEZIER_KNOTS.);
#3856 = CARTESIAN_POINT('',(3.624874069911,-5.9000006));
#3857 = CARTESIAN_POINT('',(3.624874069911,-3.59));
#3858 = ( GEOMETRIC_REPRESENTATION_CONTEXT(2) 
PARAMETRIC_REPRESENTATION_CONTEXT() REPRESENTATION_CONTEXT('2D SPACE',''
  ) );
#3859 = PCURVE('',#374,#3860);
#3860 = DEFINITIONAL_REPRESENTATION('',(#3861),#3864);
#3861 = B_SPLINE_CURVE_WITH_KNOTS('',1,(#3862,#3863),.UNSPECIFIED.,.F.,
  .F.,(2,2),(-5.9000006,-3.59),.PIECEWISE_BEZIER_KNOTS.);
#3862 = CARTESIAN_POINT('',(9.0500006,-18.86358047596));
#3863 = CARTESIAN_POINT('',(6.74,-18.86358047596));
#3864 = ( GEOMETRIC_REPRESENTATION_CONTEXT(2) 
PARAMETRIC_REPRESENTATION_CONTEXT() REPRESENTATION_CONTEXT('2D SPACE',''
  ) );
#3865 = ORIENTED_EDGE('',*,*,#3866,.F.);
#3866 = EDGE_CURVE('',#3721,#3846,#3867,.T.);
#3867 = SURFACE_CURVE('',#3868,(#3873,#3880),.PCURVE_S1.);
#3868 = CIRCLE('',#3869,3.58);
#3869 = AXIS2_PLACEMENT_3D('',#3870,#3871,#3872);
#3870 = CARTESIAN_POINT('',(-46.58,-50.,6.95));
#3871 = DIRECTION('',(0.,0.,-1.));
#3872 = DIRECTION('',(1.,0.,0.));
#3873 = PCURVE('',#3736,#3874);
#3874 = DEFINITIONAL_REPRESENTATION('',(#3875),#3879);
#3875 = LINE('',#3876,#3877);
#3876 = CARTESIAN_POINT('',(-8.881784197001E-16,-3.8));
#3877 = VECTOR('',#3878,1.);
#3878 = DIRECTION('',(1.,0.));
#3879 = ( GEOMETRIC_REPRESENTATION_CONTEXT(2) 
PARAMETRIC_REPRESENTATION_CONTEXT() REPRESENTATION_CONTEXT('2D SPACE',''
  ) );
#3880 = PCURVE('',#221,#3881);
#3881 = DEFINITIONAL_REPRESENTATION('',(#3882),#3890);
#3882 = ( BOUNDED_CURVE() B_SPLINE_CURVE(2,(#3883,#3884,#3885,#3886,
#3887,#3888,#3889),.UNSPECIFIED.,.T.,.F.) B_SPLINE_CURVE_WITH_KNOTS((1,2
    ,2,2,2,1),(-2.094395102393,0.,2.094395102393,4.188790204786,
6.28318530718,8.377580409573),.UNSPECIFIED.) CURVE() 
GEOMETRIC_REPRESENTATION_ITEM() RATIONAL_B_SPLINE_CURVE((1.,0.5,1.,0.5,
1.,0.5,1.)) REPRESENTATION_ITEM('') );
#3883 = CARTESIAN_POINT('',(4.48,-0.9));
#3884 = CARTESIAN_POINT('',(4.48,-7.100741891097));
#3885 = CARTESIAN_POINT('',(-0.89,-4.000370945548));
#3886 = CARTESIAN_POINT('',(-6.26,-0.9));
#3887 = CARTESIAN_POINT('',(-0.89,2.200370945548));
#3888 = CARTESIAN_POINT('',(4.48,5.300741891097));
#3889 = CARTESIAN_POINT('',(4.48,-0.9));
#3890 = ( GEOMETRIC_REPRESENTATION_CONTEXT(2) 
PARAMETRIC_REPRESENTATION_CONTEXT() REPRESENTATION_CONTEXT('2D SPACE',''
  ) );
#3891 = ORIENTED_EDGE('',*,*,#3720,.T.);
#3892 = ADVANCED_FACE('',(#3893),#401,.T.);
#3893 = FACE_BOUND('',#3894,.T.);
#3894 = EDGE_LOOP('',(#3895,#3914,#3915,#3916));
#3895 = ORIENTED_EDGE('',*,*,#3896,.T.);
#3896 = EDGE_CURVE('',#359,#3775,#3897,.T.);
#3897 = SURFACE_CURVE('',#3898,(#3902,#3908),.PCURVE_S1.);
#3898 = LINE('',#3899,#3900);
#3899 = CARTESIAN_POINT('',(-49.75,-49.8,3.475));
#3900 = VECTOR('',#3901,1.);
#3901 = DIRECTION('',(-0.,0.,-1.));
#3902 = PCURVE('',#401,#3903);
#3903 = DEFINITIONAL_REPRESENTATION('',(#3904),#3907);
#3904 = B_SPLINE_CURVE_WITH_KNOTS('',1,(#3905,#3906),.UNSPECIFIED.,.F.,
  .F.,(2,2),(-5.575,-3.475),.PIECEWISE_BEZIER_KNOTS.);
#3905 = CARTESIAN_POINT('',(2.1,1.11));
#3906 = CARTESIAN_POINT('',(0.,1.11));
#3907 = ( GEOMETRIC_REPRESENTATION_CONTEXT(2) 
PARAMETRIC_REPRESENTATION_CONTEXT() REPRESENTATION_CONTEXT('2D SPACE',''
  ) );
#3908 = PCURVE('',#374,#3909);
#3909 = DEFINITIONAL_REPRESENTATION('',(#3910),#3913);
#3910 = B_SPLINE_CURVE_WITH_KNOTS('',1,(#3911,#3912),.UNSPECIFIED.,.F.,
  .F.,(2,2),(-5.575,-3.475),.PIECEWISE_BEZIER_KNOTS.);
#3911 = CARTESIAN_POINT('',(9.05,-17.4));
#3912 = CARTESIAN_POINT('',(6.95,-17.4));
#3913 = ( GEOMETRIC_REPRESENTATION_CONTEXT(2) 
PARAMETRIC_REPRESENTATION_CONTEXT() REPRESENTATION_CONTEXT('2D SPACE',''
  ) );
#3914 = ORIENTED_EDGE('',*,*,#3774,.T.);
#3915 = ORIENTED_EDGE('',*,*,#3669,.T.);
#3916 = ORIENTED_EDGE('',*,*,#385,.T.);
#3917 = ADVANCED_FACE('',(#3918),#374,.F.);
#3918 = FACE_BOUND('',#3919,.F.);
#3919 = EDGE_LOOP('',(#3920,#3921,#3943,#3962,#3963,#3964));
#3920 = ORIENTED_EDGE('',*,*,#3845,.T.);
#3921 = ORIENTED_EDGE('',*,*,#3922,.T.);
#3922 = EDGE_CURVE('',#3846,#3923,#3925,.T.);
#3923 = VERTEX_POINT('',#3924);
#3924 = CARTESIAN_POINT('',(-49.75,-48.05257458499,6.95));
#3925 = SURFACE_CURVE('',#3926,(#3930,#3936),.PCURVE_S1.);
#3926 = LINE('',#3927,#3928);
#3927 = CARTESIAN_POINT('',(-49.75,-58.15,6.95));
#3928 = VECTOR('',#3929,1.);
#3929 = DIRECTION('',(-0.,1.,0.));
#3930 = PCURVE('',#374,#3931);
#3931 = DEFINITIONAL_REPRESENTATION('',(#3932),#3935);
#3932 = B_SPLINE_CURVE_WITH_KNOTS('',1,(#3933,#3934),.UNSPECIFIED.,.F.,
  .F.,(2,2),(6.55,11.55),.PIECEWISE_BEZIER_KNOTS.);
#3933 = CARTESIAN_POINT('',(6.95,-15.6));
#3934 = CARTESIAN_POINT('',(6.95,-20.6));
#3935 = ( GEOMETRIC_REPRESENTATION_CONTEXT(2) 
PARAMETRIC_REPRESENTATION_CONTEXT() REPRESENTATION_CONTEXT('2D SPACE',''
  ) );
#3936 = PCURVE('',#221,#3937);
#3937 = DEFINITIONAL_REPRESENTATION('',(#3938),#3942);
#3938 = LINE('',#3939,#3940);
#3939 = CARTESIAN_POINT('',(-2.27,-9.05));
#3940 = VECTOR('',#3941,1.);
#3941 = DIRECTION('',(0.,1.));
#3942 = ( GEOMETRIC_REPRESENTATION_CONTEXT(2) 
PARAMETRIC_REPRESENTATION_CONTEXT() REPRESENTATION_CONTEXT('2D SPACE',''
  ) );
#3943 = ORIENTED_EDGE('',*,*,#3944,.T.);
#3944 = EDGE_CURVE('',#3923,#335,#3945,.T.);
#3945 = SURFACE_CURVE('',#3946,(#3950,#3956),.PCURVE_S1.);
#3946 = LINE('',#3947,#3948);
#3947 = CARTESIAN_POINT('',(-49.75,-48.05257458499,6.95));
#3948 = VECTOR('',#3949,1.);
#3949 = DIRECTION('',(0.,0.,1.));
#3950 = PCURVE('',#374,#3951);
#3951 = DEFINITIONAL_REPRESENTATION('',(#3952),#3955);
#3952 = B_SPLINE_CURVE_WITH_KNOTS('',1,(#3953,#3954),.UNSPECIFIED.,.F.,
  .F.,(2,2),(-5.999999999062E-07,2.1000006),.PIECEWISE_BEZIER_KNOTS.);
#3953 = CARTESIAN_POINT('',(6.9499994,-19.147425415));
#3954 = CARTESIAN_POINT('',(9.0500006,-19.147425415));
#3955 = ( GEOMETRIC_REPRESENTATION_CONTEXT(2) 
PARAMETRIC_REPRESENTATION_CONTEXT() REPRESENTATION_CONTEXT('2D SPACE',''
  ) );
#3956 = PCURVE('',#250,#3957);
#3957 = DEFINITIONAL_REPRESENTATION('',(#3958),#3961);
#3958 = B_SPLINE_CURVE_WITH_KNOTS('',1,(#3959,#3960),.UNSPECIFIED.,.F.,
  .F.,(2,2),(-5.999999999062E-07,2.1000006),.PIECEWISE_BEZIER_KNOTS.);
#3959 = CARTESIAN_POINT('',(2.709281809107,-5.999999999062E-07));
#3960 = CARTESIAN_POINT('',(2.709281809107,2.1000006));
#3961 = ( GEOMETRIC_REPRESENTATION_CONTEXT(2) 
PARAMETRIC_REPRESENTATION_CONTEXT() REPRESENTATION_CONTEXT('2D SPACE',''
  ) );
#3962 = ORIENTED_EDGE('',*,*,#358,.F.);
#3963 = ORIENTED_EDGE('',*,*,#3896,.T.);
#3964 = ORIENTED_EDGE('',*,*,#3797,.T.);
#3965 = ADVANCED_FACE('',(#3966),#133,.T.);
#3966 = FACE_BOUND('',#3967,.T.);
#3967 = EDGE_LOOP('',(#3968,#3969,#3970,#3971));
#3968 = ORIENTED_EDGE('',*,*,#117,.F.);
#3969 = ORIENTED_EDGE('',*,*,#876,.F.);
#3970 = ORIENTED_EDGE('',*,*,#2160,.T.);
#3971 = ORIENTED_EDGE('',*,*,#3972,.F.);
#3972 = EDGE_CURVE('',#118,#2161,#3973,.T.);
#3973 = SURFACE_CURVE('',#3974,(#3978,#3985),.PCURVE_S1.);
#3974 = LINE('',#3975,#3976);
#3975 = CARTESIAN_POINT('',(-39.58,-46.42,2.));
#3976 = VECTOR('',#3977,1.);
#3977 = DIRECTION('',(1.,0.,0.));
#3978 = PCURVE('',#133,#3979);
#3979 = DEFINITIONAL_REPRESENTATION('',(#3980),#3984);
#3980 = LINE('',#3981,#3982);
#3981 = CARTESIAN_POINT('',(7.,1.15));
#3982 = VECTOR('',#3983,1.);
#3983 = DIRECTION('',(1.,0.));
#3984 = ( GEOMETRIC_REPRESENTATION_CONTEXT(2) 
PARAMETRIC_REPRESENTATION_CONTEXT() REPRESENTATION_CONTEXT('2D SPACE',''
  ) );
#3985 = PCURVE('',#162,#3986);
#3986 = DEFINITIONAL_REPRESENTATION('',(#3987),#3991);
#3987 = LINE('',#3988,#3989);
#3988 = CARTESIAN_POINT('',(0.138291349891,10.449323814381));
#3989 = VECTOR('',#3990,1.);
#3990 = DIRECTION('',(-1.,0.));
#3991 = ( GEOMETRIC_REPRESENTATION_CONTEXT(2) 
PARAMETRIC_REPRESENTATION_CONTEXT() REPRESENTATION_CONTEXT('2D SPACE',''
  ) );
#3992 = ADVANCED_FACE('',(#3993),#162,.T.);
#3993 = FACE_BOUND('',#3994,.T.);
#3994 = EDGE_LOOP('',(#3995,#3996,#3997,#3998,#3999,#4000,#4001,#4002,
    #4003,#4004));
#3995 = ORIENTED_EDGE('',*,*,#145,.F.);
#3996 = ORIENTED_EDGE('',*,*,#3972,.T.);
#3997 = ORIENTED_EDGE('',*,*,#2211,.F.);
#3998 = ORIENTED_EDGE('',*,*,#2242,.F.);
#3999 = ORIENTED_EDGE('',*,*,#2289,.F.);
#4000 = ORIENTED_EDGE('',*,*,#2083,.T.);
#4001 = ORIENTED_EDGE('',*,*,#1987,.F.);
#4002 = ORIENTED_EDGE('',*,*,#1841,.F.);
#4003 = ORIENTED_EDGE('',*,*,#1895,.T.);
#4004 = ORIENTED_EDGE('',*,*,#4005,.T.);
#4005 = EDGE_CURVE('',#1896,#146,#4006,.T.);
#4006 = SURFACE_CURVE('',#4007,(#4012,#4023),.PCURVE_S1.);
#4007 = CIRCLE('',#4008,2.66);
#4008 = AXIS2_PLACEMENT_3D('',#4009,#4010,#4011);
#4009 = CARTESIAN_POINT('',(-47.48,-49.1,2.));
#4010 = DIRECTION('',(0.,0.,1.));
#4011 = DIRECTION('',(1.,0.,-0.));
#4012 = PCURVE('',#162,#4013);
#4013 = DEFINITIONAL_REPRESENTATION('',(#4014),#4022);
#4014 = ( BOUNDED_CURVE() B_SPLINE_CURVE(2,(#4015,#4016,#4017,#4018,
#4019,#4020,#4021),.UNSPECIFIED.,.T.,.F.) B_SPLINE_CURVE_WITH_KNOTS((1,2
    ,2,2,2,1),(-2.094395102393,0.,2.094395102393,4.188790204786,
6.28318530718,8.377580409573),.UNSPECIFIED.) CURVE() 
GEOMETRIC_REPRESENTATION_ITEM() RATIONAL_B_SPLINE_CURVE((1.,0.5,1.,0.5,
1.,0.5,1.)) REPRESENTATION_ITEM('') );
#4015 = CARTESIAN_POINT('',(5.378291349891,7.769323814381));
#4016 = CARTESIAN_POINT('',(5.378291349891,12.376578962514));
#4017 = CARTESIAN_POINT('',(9.368291349891,10.072951388448));
#4018 = CARTESIAN_POINT('',(13.358291349891,7.769323814381));
#4019 = CARTESIAN_POINT('',(9.368291349891,5.465696240315));
#4020 = CARTESIAN_POINT('',(5.378291349891,3.162068666248));
#4021 = CARTESIAN_POINT('',(5.378291349891,7.769323814381));
#4022 = ( GEOMETRIC_REPRESENTATION_CONTEXT(2) 
PARAMETRIC_REPRESENTATION_CONTEXT() REPRESENTATION_CONTEXT('2D SPACE',''
  ) );
#4023 = PCURVE('',#193,#4024);
#4024 = DEFINITIONAL_REPRESENTATION('',(#4025),#4029);
#4025 = LINE('',#4026,#4027);
#4026 = CARTESIAN_POINT('',(0.,2.));
#4027 = VECTOR('',#4028,1.);
#4028 = DIRECTION('',(1.,0.));
#4029 = ( GEOMETRIC_REPRESENTATION_CONTEXT(2) 
PARAMETRIC_REPRESENTATION_CONTEXT() REPRESENTATION_CONTEXT('2D SPACE',''
  ) );
#4030 = ADVANCED_FACE('',(#4031),#193,.F.);
#4031 = FACE_BOUND('',#4032,.F.);
#4032 = EDGE_LOOP('',(#4033,#4055,#4056,#4057));
#4033 = ORIENTED_EDGE('',*,*,#4034,.F.);
#4034 = EDGE_CURVE('',#1919,#179,#4035,.T.);
#4035 = SURFACE_CURVE('',#4036,(#4041,#4048),.PCURVE_S1.);
#4036 = CIRCLE('',#4037,2.66);
#4037 = AXIS2_PLACEMENT_3D('',#4038,#4039,#4040);
#4038 = CARTESIAN_POINT('',(-47.48,-49.1,6.95));
#4039 = DIRECTION('',(0.,0.,1.));
#4040 = DIRECTION('',(1.,0.,-0.));
#4041 = PCURVE('',#193,#4042);
#4042 = DEFINITIONAL_REPRESENTATION('',(#4043),#4047);
#4043 = LINE('',#4044,#4045);
#4044 = CARTESIAN_POINT('',(0.,6.95));
#4045 = VECTOR('',#4046,1.);
#4046 = DIRECTION('',(1.,0.));
#4047 = ( GEOMETRIC_REPRESENTATION_CONTEXT(2) 
PARAMETRIC_REPRESENTATION_CONTEXT() REPRESENTATION_CONTEXT('2D SPACE',''
  ) );
#4048 = PCURVE('',#221,#4049);
#4049 = DEFINITIONAL_REPRESENTATION('',(#4050),#4054);
#4050 = CIRCLE('',#4051,2.66);
#4051 = AXIS2_PLACEMENT_2D('',#4052,#4053);
#4052 = CARTESIAN_POINT('',(0.,0.));
#4053 = DIRECTION('',(1.,0.));
#4054 = ( GEOMETRIC_REPRESENTATION_CONTEXT(2) 
PARAMETRIC_REPRESENTATION_CONTEXT() REPRESENTATION_CONTEXT('2D SPACE',''
  ) );
#4055 = ORIENTED_EDGE('',*,*,#1918,.F.);
#4056 = ORIENTED_EDGE('',*,*,#4005,.T.);
#4057 = ORIENTED_EDGE('',*,*,#178,.F.);
#4058 = ADVANCED_FACE('',(#4059,#4108,#4111,#4119),#221,.F.);
#4059 = FACE_BOUND('',#4060,.F.);
#4060 = EDGE_LOOP('',(#4061,#4062,#4084,#4085,#4086,#4087,#4088,#4089,
    #4090,#4091,#4092,#4093,#4094,#4095,#4096,#4097,#4098,#4099,#4100,
    #4101,#4102,#4103,#4104,#4105,#4106,#4107));
#4061 = ORIENTED_EDGE('',*,*,#204,.F.);
#4062 = ORIENTED_EDGE('',*,*,#4063,.T.);
#4063 = EDGE_CURVE('',#205,#3923,#4064,.T.);
#4064 = SURFACE_CURVE('',#4065,(#4070,#4077),.PCURVE_S1.);
#4065 = CIRCLE('',#4066,2.5);
#4066 = AXIS2_PLACEMENT_3D('',#4067,#4068,#4069);
#4067 = CARTESIAN_POINT('',(-47.48,-49.1,6.95));
#4068 = DIRECTION('',(0.,0.,1.));
#4069 = DIRECTION('',(1.,0.,-0.));
#4070 = PCURVE('',#221,#4071);
#4071 = DEFINITIONAL_REPRESENTATION('',(#4072),#4076);
#4072 = CIRCLE('',#4073,2.5);
#4073 = AXIS2_PLACEMENT_2D('',#4074,#4075);
#4074 = CARTESIAN_POINT('',(0.,0.));
#4075 = DIRECTION('',(1.,0.));
#4076 = ( GEOMETRIC_REPRESENTATION_CONTEXT(2) 
PARAMETRIC_REPRESENTATION_CONTEXT() REPRESENTATION_CONTEXT('2D SPACE',''
  ) );
#4077 = PCURVE('',#250,#4078);
#4078 = DEFINITIONAL_REPRESENTATION('',(#4079),#4083);
#4079 = LINE('',#4080,#4081);
#4080 = CARTESIAN_POINT('',(0.,0.));
#4081 = VECTOR('',#4082,1.);
#4082 = DIRECTION('',(1.,0.));
#4083 = ( GEOMETRIC_REPRESENTATION_CONTEXT(2) 
PARAMETRIC_REPRESENTATION_CONTEXT() REPRESENTATION_CONTEXT('2D SPACE',''
  ) );
#4084 = ORIENTED_EDGE('',*,*,#3922,.F.);
#4085 = ORIENTED_EDGE('',*,*,#3866,.F.);
#4086 = ORIENTED_EDGE('',*,*,#3748,.F.);
#4087 = ORIENTED_EDGE('',*,*,#3314,.T.);
#4088 = ORIENTED_EDGE('',*,*,#3240,.F.);
#4089 = ORIENTED_EDGE('',*,*,#3158,.F.);
#4090 = ORIENTED_EDGE('',*,*,#3589,.T.);
#4091 = ORIENTED_EDGE('',*,*,#3542,.F.);
#4092 = ORIENTED_EDGE('',*,*,#3053,.F.);
#4093 = ORIENTED_EDGE('',*,*,#2977,.T.);
#4094 = ORIENTED_EDGE('',*,*,#2897,.T.);
#4095 = ORIENTED_EDGE('',*,*,#2797,.T.);
#4096 = ORIENTED_EDGE('',*,*,#2640,.F.);
#4097 = ORIENTED_EDGE('',*,*,#2543,.F.);
#4098 = ORIENTED_EDGE('',*,*,#2517,.T.);
#4099 = ORIENTED_EDGE('',*,*,#2389,.F.);
#4100 = ORIENTED_EDGE('',*,*,#2038,.T.);
#4101 = ORIENTED_EDGE('',*,*,#1963,.T.);
#4102 = ORIENTED_EDGE('',*,*,#1785,.F.);
#4103 = ORIENTED_EDGE('',*,*,#2112,.F.);
#4104 = ORIENTED_EDGE('',*,*,#1555,.T.);
#4105 = ORIENTED_EDGE('',*,*,#1733,.F.);
#4106 = ORIENTED_EDGE('',*,*,#1939,.F.);
#4107 = ORIENTED_EDGE('',*,*,#4034,.T.);
#4108 = FACE_BOUND('',#4109,.F.);
#4109 = EDGE_LOOP('',(#4110));
#4110 = ORIENTED_EDGE('',*,*,#1167,.F.);
#4111 = FACE_BOUND('',#4112,.F.);
#4112 = EDGE_LOOP('',(#4113,#4114,#4115,#4116,#4117,#4118));
#4113 = ORIENTED_EDGE('',*,*,#1243,.F.);
#4114 = ORIENTED_EDGE('',*,*,#1506,.F.);
#4115 = ORIENTED_EDGE('',*,*,#1478,.T.);
#4116 = ORIENTED_EDGE('',*,*,#1409,.F.);
#4117 = ORIENTED_EDGE('',*,*,#1384,.F.);
#4118 = ORIENTED_EDGE('',*,*,#1335,.T.);
#4119 = FACE_BOUND('',#4120,.F.);
#4120 = EDGE_LOOP('',(#4121));
#4121 = ORIENTED_EDGE('',*,*,#1217,.F.);
#4122 = ADVANCED_FACE('',(#4123),#250,.T.);
#4123 = FACE_BOUND('',#4124,.T.);
#4124 = EDGE_LOOP('',(#4125,#4126,#4127,#4149,#4150,#4151));
#4125 = ORIENTED_EDGE('',*,*,#334,.F.);
#4126 = ORIENTED_EDGE('',*,*,#287,.F.);
#4127 = ORIENTED_EDGE('',*,*,#4128,.T.);
#4128 = EDGE_CURVE('',#288,#24,#4129,.T.);
#4129 = SURFACE_CURVE('',#4130,(#4135,#4142),.PCURVE_S1.);
#4130 = CIRCLE('',#4131,2.5);
#4131 = AXIS2_PLACEMENT_3D('',#4132,#4133,#4134);
#4132 = CARTESIAN_POINT('',(-47.48,-49.1,7.55));
#4133 = DIRECTION('',(0.,0.,1.));
#4134 = DIRECTION('',(1.,0.,-0.));
#4135 = PCURVE('',#250,#4136);
#4136 = DEFINITIONAL_REPRESENTATION('',(#4137),#4141);
#4137 = LINE('',#4138,#4139);
#4138 = CARTESIAN_POINT('',(0.,0.6));
#4139 = VECTOR('',#4140,1.);
#4140 = DIRECTION('',(1.,0.));
#4141 = ( GEOMETRIC_REPRESENTATION_CONTEXT(2) 
PARAMETRIC_REPRESENTATION_CONTEXT() REPRESENTATION_CONTEXT('2D SPACE',''
  ) );
#4142 = PCURVE('',#45,#4143);
#4143 = DEFINITIONAL_REPRESENTATION('',(#4144),#4148);
#4144 = CIRCLE('',#4145,2.5);
#4145 = AXIS2_PLACEMENT_2D('',#4146,#4147);
#4146 = CARTESIAN_POINT('',(-7.9,7.9));
#4147 = DIRECTION('',(1.,0.));
#4148 = ( GEOMETRIC_REPRESENTATION_CONTEXT(2) 
PARAMETRIC_REPRESENTATION_CONTEXT() REPRESENTATION_CONTEXT('2D SPACE',''
  ) );
#4149 = ORIENTED_EDGE('',*,*,#237,.T.);
#4150 = ORIENTED_EDGE('',*,*,#4063,.T.);
#4151 = ORIENTED_EDGE('',*,*,#3944,.T.);
#4152 = ADVANCED_FACE('',(#4153),#45,.T.);
#4153 = FACE_BOUND('',#4154,.T.);
#4154 = EDGE_LOOP('',(#4155,#4156,#4157));
#4155 = ORIENTED_EDGE('',*,*,#4128,.F.);
#4156 = ORIENTED_EDGE('',*,*,#308,.T.);
#4157 = ORIENTED_EDGE('',*,*,#21,.T.);
#4158 = ( GEOMETRIC_REPRESENTATION_CONTEXT(3) 
GLOBAL_UNCERTAINTY_ASSIGNED_CONTEXT((#4162)) 
GLOBAL_UNIT_ASSIGNED_CONTEXT((#4159,#4160,#4161)) REPRESENTATION_CONTEXT
('Context #1','3D Context with UNIT and UNCERTAINTY') );
#4159 = ( LENGTH_UNIT() NAMED_UNIT(*) SI_UNIT(.MILLI.,.METRE.) );
#4160 = ( NAMED_UNIT(*) PLANE_ANGLE_UNIT() SI_UNIT($,.RADIAN.) );
#4161 = ( NAMED_UNIT(*) SI_UNIT($,.STERADIAN.) SOLID_ANGLE_UNIT() );
#4162 = UNCERTAINTY_MEASURE_WITH_UNIT(LENGTH_MEASURE(1.E-07),#4159,
  'distance_accuracy_value','confusion accuracy');
#4163 = PRODUCT_RELATED_PRODUCT_CATEGORY('part',$,(#7));
ENDSEC;
END-ISO-10303-21;
